9.000000000000000000e+01 -7.806899312141627606e-03
8.999546941857538229e+01 7.561165242612182848e-03
8.999093883715076458e+01 2.474739309919692445e-02
8.998640825572614688e+01 1.770551874516124516e-02
8.998187767430152917e+01 1.646792556372706287e-02
8.997734709287692567e+01 2.052819057006848719e-02
8.997281651145230796e+01 2.722322465907166950e-02
8.996828593002769026e+01 5.851893303410071745e-02
8.996375534860307255e+01 5.646243877972795949e-02
8.995922476717845484e+01 6.022642622135557233e-02
8.995469418575383713e+01 6.292548519637308768e-02
8.995016360432921942e+01 3.195386846264161584e-02
8.994563302290460172e+01 4.919752276412431985e-02
8.994110244147998401e+01 3.989525784949717740e-02
8.993657186005538051e+01 6.055126149525034279e-02
8.993204127863076280e+01 6.391512735224696984e-02
8.992751069720614510e+01 6.432393980165013181e-02
8.992298011578152739e+01 8.267169915033553695e-02
8.991844953435690968e+01 7.064197272782460346e-02
8.991391895293229197e+01 1.013391651982168545e-01
8.990938837150767426e+01 1.047639856834737399e-01
8.990485779008305656e+01 9.862183601582852344e-02
8.990032720865843885e+01 1.116451232478342936e-01
8.989579662723383535e+01 1.153883377971411106e-01
8.989126604580921764e+01 1.295471329994103693e-01
8.988673546438459994e+01 1.718274121624324413e-01
8.988220488295998223e+01 2.057123530044769333e-01
8.987767430153536452e+01 2.265473807415219476e-01
8.987314372011074681e+01 2.241598565026449719e-01
8.986861313868612910e+01 2.157596106114300916e-01
8.986408255726151140e+01 2.007647601031146978e-01
8.985955197583689369e+01 1.815459928146583579e-01
8.985502139441227598e+01 1.944292010470798082e-01
8.985049081298767248e+01 1.931421921225330018e-01
8.984596023156305478e+01 1.959630902479032322e-01
8.984142965013843707e+01 1.880219768423441185e-01
8.983689906871381936e+01 1.953292801126627898e-01
8.983236848728920165e+01 2.129026155895165362e-01
8.982783790586458395e+01 2.097043416213408562e-01
8.982330732443996624e+01 2.326262584270085143e-01
8.981877674301534853e+01 2.597590637912524647e-01
8.981424616159073082e+01 2.547710768991807151e-01
8.980971558016612732e+01 2.732212478983128690e-01
8.980518499874150962e+01 2.854853715053952690e-01
8.980065441731689191e+01 2.980748662948042305e-01
8.979612383589227420e+01 3.285685959489417773e-01
8.979159325446765649e+01 3.256215312003558626e-01
8.978706267304303879e+01 3.270809357733031053e-01
8.978253209161842108e+01 3.421908360374888436e-01
8.977800151019380337e+01 3.203699081548247452e-01
8.977347092876918566e+01 3.149348864314315266e-01
8.976894034734458216e+01 3.198972970833189322e-01
8.976440976591996446e+01 3.314055609640005340e-01
8.975987918449534675e+01 3.414437026195219493e-01
8.975534860307072904e+01 3.541267614809975317e-01
8.975081802164611133e+01 3.543523189340918034e-01
8.974628744022149363e+01 3.583868186460503202e-01
8.974175685879687592e+01 3.722258855600906191e-01
8.973722627737225821e+01 4.029992020778817019e-01
8.973269569594764050e+01 4.310361750141457615e-01
8.972816511452303700e+01 4.335411284338805404e-01
8.972363453309841930e+01 4.175369052170555539e-01
8.971910395167380159e+01 4.175479015581581299e-01
8.971457337024918388e+01 3.929652155499805954e-01
8.971004278882456617e+01 3.962211595772664463e-01
8.970551220739994847e+01 3.743282168047701863e-01
8.970098162597533076e+01 3.904707745921143225e-01
8.969645104455071305e+01 3.804105768632807250e-01
8.969192046312609534e+01 3.871607620473782041e-01
8.968738988170149184e+01 3.826550230676564746e-01
8.968285930027687414e+01 3.781991872732604065e-01
8.967832871885225643e+01 3.990793440385425606e-01
8.967379813742763872e+01 4.357379335258859676e-01
8.966926755600302101e+01 4.262856779853813061e-01
8.966473697457840331e+01 4.658674549599627346e-01
8.966020639315378560e+01 4.502178614085061703e-01
8.965567581172916789e+01 4.834006955741512179e-01
8.965114523030455018e+01 4.907099299849193574e-01
8.964661464887994669e+01 4.998545295468173610e-01
8.964208406745532898e+01 5.016014328300405500e-01
8.963755348603071127e+01 5.047319053678019918e-01
8.963302290460609356e+01 5.003585654390889648e-01
8.962849232318147585e+01 4.850443814554159516e-01
8.962396174175685815e+01 4.775307759386747675e-01
8.961943116033224044e+01 4.573530595452436898e-01
8.961490057890762273e+01 4.757699265256181698e-01
8.961036999748300502e+01 4.471317442359290517e-01
8.960583941605838731e+01 4.780981684059210646e-01
8.960130883463378382e+01 5.093847772968461696e-01
8.959677825320916611e+01 4.958190153224367736e-01
8.959224767178454840e+01 4.919336345388038989e-01
8.958771709035993069e+01 4.767621624056224694e-01
8.958318650893531299e+01 5.052060418614257031e-01
8.957865592751069528e+01 5.110758756941672365e-01
8.957412534608607757e+01 5.645853903296279563e-01
8.956959476466145986e+01 5.663113126113810125e-01
8.956506418323684215e+01 5.742566990051780618e-01
8.956053360181223866e+01 6.223504900410722351e-01
8.955600302038762095e+01 6.148740606743656745e-01
8.955147243896300324e+01 6.119732460223791248e-01
8.954694185753838553e+01 6.125336968283219274e-01
8.954241127611376783e+01 5.960076917945071884e-01
8.953788069468915012e+01 5.885822049401737699e-01
8.953335011326453241e+01 6.108774309225969423e-01
8.952881953183991470e+01 6.306650081054065993e-01
8.952428895041529699e+01 6.294156084398413453e-01
8.951975836899069350e+01 6.085172254594211072e-01
8.951522778756607579e+01 5.990626170088242386e-01
8.951069720614145808e+01 5.909698365147952881e-01
8.950616662471684037e+01 5.699109249409018974e-01
8.950163604329222267e+01 5.856140564486793654e-01
8.949710546186760496e+01 5.783928049434827745e-01
8.949257488044298725e+01 6.026902069834965125e-01
8.948804429901836954e+01 5.871446480438904381e-01
8.948351371759375184e+01 5.899574380844269106e-01
8.947898313616914834e+01 6.157336525638859026e-01
8.947445255474453063e+01 6.255064103832829181e-01
8.946992197331991292e+01 6.708635612899737088e-01
8.946539139189529521e+01 6.615246342011208425e-01
8.946086081047067751e+01 6.398917072801003636e-01
8.945633022904605980e+01 6.492759793593434470e-01
8.945179964762144209e+01 6.411885900656884019e-01
8.944726906619682438e+01 6.475147791773309125e-01
8.944273848477220668e+01 6.225156301594180208e-01
8.943820790334760318e+01 6.196594448254333365e-01
8.943367732192298547e+01 6.385749727386627050e-01
8.942914674049836776e+01 6.501599668598044834e-01
8.942461615907375005e+01 6.503818317320262388e-01
8.942008557764913235e+01 6.868090159718375221e-01
8.941555499622451464e+01 6.908392516458535804e-01
8.941102441479989693e+01 7.106719103471306198e-01
8.940649383337527922e+01 7.226476464644558950e-01
8.940196325195066152e+01 7.538974390770897260e-01
8.939743267052605802e+01 7.788944007861714480e-01
8.939290208910144031e+01 7.713061368957534469e-01
8.938837150767682260e+01 8.018725449099202152e-01
8.938384092625220489e+01 8.387644982133346527e-01
8.937931034482758719e+01 8.103839834860353530e-01
8.937477976340296948e+01 7.996125714175262855e-01
8.937024918197835177e+01 7.523604157058010333e-01
8.936571860055373406e+01 7.505845869666923909e-01
8.936118801912911636e+01 7.546928941468046270e-01
8.935665743770449865e+01 7.638510016457736862e-01
8.935212685627989515e+01 7.669155253150131690e-01
8.934759627485527744e+01 7.602533656356399439e-01
8.934306569343065973e+01 7.794426097429004718e-01
8.933853511200604203e+01 7.874356865230015545e-01
8.933400453058142432e+01 8.023565862689613359e-01
8.932947394915680661e+01 8.165972539310870637e-01
8.932494336773218890e+01 8.039232066099413210e-01
8.932041278630757120e+01 8.018758387246135433e-01
8.931588220488295349e+01 7.956602941683962316e-01
8.931135162345834999e+01 7.801344636047143899e-01
8.930682104203373228e+01 7.919127868665721826e-01
8.930229046060911458e+01 8.183852118022933997e-01
8.929775987918449687e+01 8.398862676275618000e-01
8.929322929775987916e+01 8.503352795650291895e-01
8.928869871633526145e+01 8.649124040059142926e-01
8.928416813491064374e+01 8.876984068464395250e-01
8.927963755348602604e+01 8.904917238017900916e-01
8.927510697206140833e+01 8.868650574254474117e-01
8.927057639063680483e+01 9.149109432304564082e-01
8.926604580921218712e+01 9.219935732106260273e-01
8.926151522778756942e+01 9.793050556832778586e-01
8.925698464636295171e+01 1.004912848898831479e+00
8.925245406493833400e+01 1.035565385045057463e+00
8.924792348351371629e+01 1.042934733765308986e+00
8.924339290208909858e+01 1.032685994803658858e+00
8.923886232066448088e+01 1.048505924919207466e+00
8.923433173923986317e+01 1.045923086571157734e+00
8.922980115781525967e+01 1.071054149692280522e+00
8.922527057639064196e+01 1.074606480074718151e+00
8.922073999496602426e+01 1.092251591338080807e+00
8.921620941354140655e+01 1.059828466099256961e+00
8.921167883211678884e+01 1.044675275715067464e+00
8.920714825069217113e+01 1.003298840607244724e+00
8.920261766926755342e+01 9.972194251682408028e-01
8.919808708784293572e+01 1.026715151449932639e+00
8.919355650641831801e+01 1.040296995003010094e+00
8.918902592499371451e+01 1.091806052483074385e+00
8.918449534356909680e+01 1.087338051019711482e+00
8.917996476214447910e+01 1.111950219038500220e+00
8.917543418071986139e+01 1.119993871256425466e+00
8.917090359929524368e+01 1.157947506466836751e+00
8.916637301787062597e+01 1.156704803171297646e+00
8.916184243644600826e+01 1.172260745282597272e+00
8.915731185502139056e+01 1.174424247513556008e+00
8.915278127359677285e+01 1.191138543956004714e+00
8.914825069217215514e+01 1.202588454256202199e+00
8.914372011074755164e+01 1.183263626800432400e+00
8.913918952932293394e+01 1.161556325703366310e+00
8.913465894789831623e+01 1.137023083768758269e+00
8.913012836647369852e+01 1.150206938343498297e+00
8.912559778504908081e+01 1.148142044221573732e+00
8.912106720362446310e+01 1.154666344467268457e+00
8.911653662219984540e+01 1.193925611369922590e+00
8.911200604077522769e+01 1.214070996616423148e+00
8.910747545935060998e+01 1.232628022976258952e+00
8.910294487792600648e+01 1.243941281885669881e+00
8.909841429650138878e+01 1.274894371505701063e+00
8.909388371507677107e+01 1.264075875707574514e+00
8.908935313365215336e+01 1.238984563741179823e+00
8.908482255222753565e+01 1.245236966562603520e+00
8.908029197080291794e+01 1.232199093037055215e+00
8.907576138937830024e+01 1.247147673382238864e+00
8.907123080795368253e+01 1.239991771746814520e+00
8.906670022652906482e+01 1.266863986148365040e+00
8.906216964510446132e+01 1.282764066618108378e+00
8.905763906367984362e+01 1.283158086028246547e+00
8.905310848225522591e+01 1.328949628373278680e+00
8.904857790083060820e+01 1.319994638089778016e+00
8.904404731940599049e+01 1.334577910932104317e+00
8.903951673798137278e+01 1.347531033288347890e+00
8.903498615655675508e+01 1.345271847819312860e+00
8.903045557513213737e+01 1.352927954816707468e+00
8.902592499370751966e+01 1.358984875150653027e+00
8.902139441228291616e+01 1.364761216494222440e+00
8.901686383085829846e+01 1.367488189373488261e+00
8.901233324943368075e+01 1.361209937368711431e+00
8.900780266800906304e+01 1.352189135221572913e+00
8.900327208658444533e+01 1.368986781359820437e+00
8.899874150515982762e+01 1.365339926976738338e+00
8.899421092373520992e+01 1.369890988848196045e+00
8.898968034231059221e+01 1.415915289926008569e+00
8.898514976088597450e+01 1.462982565073111640e+00
8.898061917946137100e+01 1.488167855867074563e+00
8.897608859803675330e+01 1.538437922663413504e+00
8.897155801661213559e+01 1.552134220088781769e+00
8.896702743518751788e+01 1.576681870931373908e+00
8.896249685376290017e+01 1.596055562114464310e+00
8.895796627233828247e+01 1.598361548006580035e+00
8.895343569091366476e+01 1.604023515532994493e+00
8.894890510948904705e+01 1.612453069196164490e+00
8.894437452806442934e+01 1.618373181022840335e+00
8.893984394663982584e+01 1.659126701008738269e+00
8.893531336521520814e+01 1.666485526951622331e+00
8.893078278379059043e+01 1.671403261047853972e+00
8.892625220236597272e+01 1.698050189564083379e+00
8.892172162094135501e+01 1.738979267338684798e+00
8.891719103951673731e+01 1.777387352223070538e+00
8.891266045809211960e+01 1.769950790755204562e+00
8.890812987666750189e+01 1.802446666615350024e+00
8.890359929524288418e+01 1.774407716354372333e+00
8.889906871381826647e+01 1.787694276882068722e+00
8.889453813239366298e+01 1.773420165055044517e+00
8.889000755096904527e+01 1.777894044520688555e+00
8.888547696954442756e+01 1.778669246802812465e+00
8.888094638811980985e+01 1.767498876217681980e+00
8.887641580669519215e+01 1.795338227643600515e+00
8.887188522527057444e+01 1.792810941248755396e+00
8.886735464384595673e+01 1.777070644427211965e+00
8.886282406242133902e+01 1.746269932980678119e+00
8.885829348099672131e+01 1.755407873971082111e+00
8.885376289957211782e+01 1.761384781318333648e+00
8.884923231814750011e+01 1.771750171896440795e+00
8.884470173672288240e+01 1.799341396815433480e+00
8.884017115529826469e+01 1.797159247918874492e+00
8.883564057387364699e+01 1.797513380053036514e+00
8.883110999244902928e+01 1.811692849100724922e+00
8.882657941102441157e+01 1.836020134429632078e+00
8.882204882959979386e+01 1.828668249383574640e+00
8.881751824817517615e+01 1.833209113622792152e+00
8.881298766675057266e+01 1.841019900958087208e+00
8.880845708532595495e+01 1.877938346667285208e+00
8.880392650390133724e+01 1.888044079911313844e+00
8.879939592247671953e+01 1.907472575378145851e+00
8.879486534105210183e+01 1.958870092678353325e+00
8.879033475962748412e+01 2.002867541932908946e+00
8.878580417820286641e+01 2.012230161060070355e+00
8.878127359677824870e+01 2.025291004733536848e+00
8.877674301535363099e+01 2.029660511981106197e+00
8.877221243392902750e+01 2.037043804463375185e+00
8.876768185250440979e+01 2.011994616190348584e+00
8.876315127107979208e+01 2.019988350087903672e+00
8.875862068965517437e+01 2.014243318482621170e+00
8.875409010823055667e+01 2.002893398689112647e+00
8.874955952680593896e+01 1.994536457889274583e+00
8.874502894538132125e+01 1.968011944005990888e+00
8.874049836395670354e+01 1.981326755089487301e+00
8.873596778253208583e+01 1.982076543281814374e+00
8.873143720110748234e+01 2.013201714199813530e+00
8.872690661968286463e+01 2.027598689842045054e+00
8.872237603825824692e+01 2.073518467300941470e+00
8.871784545683362921e+01 2.109177884782401424e+00
8.871331487540901151e+01 2.118497131050852023e+00
8.870878429398439380e+01 2.118978756708973510e+00
8.870425371255977609e+01 2.114677534077351151e+00
8.869972313113515838e+01 2.096674875272173111e+00
8.869519254971054067e+01 2.071441763520152080e+00
8.869066196828592297e+01 2.078648493332321490e+00
8.868613138686131947e+01 2.087125379584543250e+00
8.868160080543670176e+01 2.089439828629096940e+00
8.867707022401208405e+01 2.099513628755261152e+00
8.867253964258746635e+01 2.114565491963497745e+00
8.866800906116284864e+01 2.084290558780557578e+00
8.866347847973823093e+01 2.074863019110596785e+00
8.865894789831361322e+01 2.090095845489704285e+00
8.865441731688899552e+01 2.125251700380063724e+00
8.864988673546437781e+01 2.173901674929742622e+00
8.864535615403977431e+01 2.184468860887083252e+00
8.864082557261515660e+01 2.179820330964299391e+00
8.863629499119053889e+01 2.192517049058610112e+00
8.863176440976592119e+01 2.154465907263378277e+00
8.862723382834130348e+01 2.174174814828191415e+00
8.862270324691668577e+01 2.183420307587064624e+00
8.861817266549206806e+01 2.164050564790448661e+00
8.861364208406745036e+01 2.182238052815585583e+00
8.860911150264283265e+01 2.190106575598756322e+00
8.860458092121822915e+01 2.191235101979271072e+00
8.860005033979361144e+01 2.206052920643258641e+00
8.859551975836899373e+01 2.181881318159648586e+00
8.859098917694437603e+01 2.191335243915204067e+00
8.858645859551975832e+01 2.190919590067883060e+00
8.858192801409514061e+01 2.250554173270872038e+00
8.857739743267052290e+01 2.286014692654467328e+00
8.857286685124590520e+01 2.326696438332322092e+00
8.856833626982128749e+01 2.331401267567686286e+00
8.856380568839668399e+01 2.347701188998134736e+00
8.855927510697206628e+01 2.341597229980273642e+00
8.855474452554744857e+01 2.338390263901700905e+00
8.855021394412283087e+01 2.311951270770981282e+00
8.854568336269821316e+01 2.325475201883433041e+00
8.854115278127359545e+01 2.339335899635866411e+00
8.853662219984897774e+01 2.312213248239156194e+00
8.853209161842436004e+01 2.303924309215144905e+00
8.852756103699974233e+01 2.299398808014286200e+00
8.852303045557513883e+01 2.287197444010054426e+00
8.851849987415052112e+01 2.306796997192338328e+00
8.851396929272590341e+01 2.309450722415562929e+00
8.850943871130128571e+01 2.307396786115242904e+00
8.850490812987666800e+01 2.309826837399922006e+00
8.850037754845205029e+01 2.311982124346440237e+00
8.849584696702743258e+01 2.339053467186454682e+00
8.849131638560281488e+01 2.365193314531654600e+00
8.848678580417819717e+01 2.367717139985024311e+00
8.848225522275359367e+01 2.369316845610940359e+00
8.847772464132897596e+01 2.399354205496789127e+00
8.847319405990435826e+01 2.406759368179660630e+00
8.846866347847974055e+01 2.413171649405555730e+00
8.846413289705512284e+01 2.420487929137669969e+00
8.845960231563050513e+01 2.421896281810584028e+00
8.845507173420588742e+01 2.427260385183205749e+00
8.845054115278126972e+01 2.460399651173152069e+00
8.844601057135665201e+01 2.488296296280515740e+00
8.844147998993204851e+01 2.468266300295129501e+00
8.843694940850743080e+01 2.461105019273968519e+00
8.843241882708281310e+01 2.445806724030907375e+00
8.842788824565819539e+01 2.459006553918647420e+00
8.842335766423357768e+01 2.484750285935403369e+00
8.841882708280895997e+01 2.476535932052676525e+00
8.841429650138434226e+01 2.482001842372463685e+00
8.840976591995972456e+01 2.476037612952243450e+00
8.840523533853510685e+01 2.475295521430584511e+00
8.840070475711048914e+01 2.490176355071624048e+00
8.839617417568588564e+01 2.515735047885820030e+00
8.839164359426126794e+01 2.490361856409702757e+00
8.838711301283665023e+01 2.505548469805572775e+00
8.838258243141203252e+01 2.494258396217971185e+00
8.837805184998741481e+01 2.504520658864151095e+00
8.837352126856279710e+01 2.527277009879052905e+00
8.836899068713817940e+01 2.551253883570266279e+00
8.836446010571356169e+01 2.572618024521470037e+00
8.835992952428894398e+01 2.572914679688623085e+00
8.835539894286434048e+01 2.583085496536425829e+00
8.835086836143972278e+01 2.584558813210795947e+00
8.834633778001510507e+01 2.587080918176022593e+00
8.834180719859048736e+01 2.593248066957582143e+00
8.833727661716586965e+01 2.581609022523906560e+00
8.833274603574125194e+01 2.584762154747096030e+00
8.832821545431663424e+01 2.554885352951147492e+00
8.832368487289201653e+01 2.585289100143178143e+00
8.831915429146739882e+01 2.628327884072177323e+00
8.831462371004279532e+01 2.650934771804262624e+00
8.831009312861817762e+01 2.667857369638265919e+00
8.830556254719355991e+01 2.663932991037303299e+00
8.830103196576894220e+01 2.689053091067783896e+00
8.829650138434432449e+01 2.709412289730128265e+00
8.829197080291970678e+01 2.711303834407346791e+00
8.828744022149508908e+01 2.706057030052557266e+00
8.828290964007047137e+01 2.695439144513124052e+00
8.827837905864585366e+01 2.692645770281642204e+00
8.827384847722125016e+01 2.710043452113580553e+00
8.826931789579663246e+01 2.714560928970835896e+00
8.826478731437201475e+01 2.716253938349913355e+00
8.826025673294739704e+01 2.713931307633454360e+00
8.825572615152277933e+01 2.714971920685491646e+00
8.825119557009816162e+01 2.724587037753392060e+00
8.824666498867354392e+01 2.754742849890217560e+00
8.824213440724892621e+01 2.776746353136632983e+00
8.823760382582430850e+01 2.814064910722854584e+00
8.823307324439970500e+01 2.833315517330598166e+00
8.822854266297508730e+01 2.841770319401860867e+00
8.822401208155046959e+01 2.849540544303751144e+00
8.821948150012585188e+01 2.838652224948570613e+00
8.821495091870123417e+01 2.820033125494109782e+00
8.821042033727661646e+01 2.813417731887361661e+00
8.820588975585199876e+01 2.788868244522504813e+00
8.820135917442738105e+01 2.811950200670792821e+00
8.819682859300276334e+01 2.809872442443788199e+00
8.819229801157814563e+01 2.819059343993493894e+00
8.818776743015354214e+01 2.829794625360556370e+00
8.818323684872892443e+01 2.849463328548051511e+00
8.817870626730430672e+01 2.880274705750355491e+00
8.817417568587968901e+01 2.897045061138721511e+00
8.816964510445507130e+01 2.941393708999915813e+00
8.816511452303045360e+01 2.959790723097768694e+00
8.816058394160583589e+01 2.978579937369045805e+00
8.815605336018121818e+01 2.998368960801245819e+00
8.815152277875660047e+01 3.015983529830319032e+00
8.814699219733199698e+01 3.017879360133658206e+00
8.814246161590737927e+01 3.030306192982756830e+00
8.813793103448276156e+01 3.024127651830642360e+00
8.813340045305814385e+01 3.020339769535448138e+00
8.812886987163352615e+01 3.029607980409581458e+00
8.812433929020890844e+01 3.027029473436246398e+00
8.811980870878429073e+01 3.038884647745844880e+00
8.811527812735967302e+01 3.053473679905620131e+00
8.811074754593505531e+01 3.050967592034960152e+00
8.810621696451045182e+01 3.051403436842617278e+00
8.810168638308583411e+01 3.041717415117700885e+00
8.809715580166121640e+01 3.047482872559401201e+00
8.809262522023659869e+01 3.038898218984741995e+00
8.808809463881198099e+01 3.042189097628452021e+00
8.808356405738736328e+01 3.061845562898825257e+00
8.807903347596274557e+01 3.071670790171453280e+00
8.807450289453812786e+01 3.100773233906328308e+00
8.806997231311351015e+01 3.106761402702197916e+00
8.806544173168890666e+01 3.090939610041328223e+00
8.806091115026428895e+01 3.079749274725281261e+00
8.805638056883967124e+01 3.064684057676004603e+00
8.805184998741505353e+01 3.067952576188326397e+00
8.804731940599043583e+01 3.056921076607360455e+00
8.804278882456581812e+01 3.055474157318257777e+00
8.803825824314120041e+01 3.037283763928628311e+00
8.803372766171658270e+01 2.992670718776180738e+00
8.802919708029196499e+01 2.984609988338922548e+00
8.802466649886736150e+01 2.992853274064719571e+00
8.802013591744274379e+01 3.017367814821358962e+00
8.801560533601812608e+01 3.072186867232088670e+00
8.801107475459350837e+01 3.045223949713121048e+00
8.800654417316889067e+01 3.034377927458336899e+00
8.800201359174427296e+01 3.042719810655127421e+00
8.799748301031965525e+01 3.045680502433492087e+00
8.799295242889503754e+01 3.063821985876419518e+00
8.798842184747041983e+01 3.057441208007706912e+00
8.798389126604581634e+01 3.064716807826119549e+00
8.797936068462119863e+01 3.085018569492826046e+00
8.797483010319658092e+01 3.086703596556069407e+00
8.797029952177196321e+01 3.124989921933002179e+00
8.796576894034734551e+01 3.144450953147472028e+00
8.796123835892272780e+01 3.130748409429104928e+00
8.795670777749811009e+01 3.117616850312460386e+00
8.795217719607349238e+01 3.085289253864818004e+00
8.794764661464887467e+01 3.051906753551671958e+00
8.794311603322427118e+01 3.046628167118578201e+00
8.793858545179965347e+01 3.059322646553498615e+00
8.793405487037503576e+01 3.075868425606886891e+00
8.792952428895041805e+01 3.082550053079449182e+00
8.792499370752580035e+01 3.057874545545520739e+00
8.792046312610118264e+01 3.068133316139240563e+00
8.791593254467656493e+01 3.062078484690075264e+00
8.791140196325194722e+01 3.095080694075420968e+00
8.790687138182732951e+01 3.148796290495918804e+00
8.790234080040271181e+01 3.170986455549387184e+00
8.789781021897810831e+01 3.201013800488251793e+00
8.789327963755349060e+01 3.198572743084075132e+00
8.788874905612887289e+01 3.216476459669931121e+00
8.788421847470425519e+01 3.202358918306973390e+00
8.787968789327963748e+01 3.205214824465320245e+00
8.787515731185501977e+01 3.240450729176600042e+00
8.787062673043040206e+01 3.248607973281721240e+00
8.786609614900578435e+01 3.277803779023131359e+00
8.786156556758116665e+01 3.270032949829001723e+00
8.785703498615656315e+01 3.262149441195140831e+00
8.785250440473194544e+01 3.225899191314826719e+00
8.784797382330732773e+01 3.207936420609908801e+00
8.784344324188271003e+01 3.208120736558271346e+00
8.783891266045809232e+01 3.225050820189268919e+00
8.783438207903347461e+01 3.223919915508184797e+00
8.782985149760885690e+01 3.212994183186442587e+00
8.782532091618423919e+01 3.242272913202054685e+00
8.782079033475962149e+01 3.242062599641196030e+00
8.781625975333501799e+01 3.227907359115271380e+00
8.781172917191040028e+01 3.217646086853526377e+00
8.780719859048578257e+01 3.222708244248680298e+00
8.780266800906116487e+01 3.246521158608348223e+00
8.779813742763654716e+01 3.259959031443797173e+00
8.779360684621192945e+01 3.275671569052656551e+00
8.778907626478731174e+01 3.258792835790635056e+00
8.778454568336269404e+01 3.258558734866668694e+00
8.778001510193807633e+01 3.252750985644369486e+00
8.777548452051347283e+01 3.244584327240263910e+00
8.777095393908885512e+01 3.261643415289660730e+00
8.776642335766423741e+01 3.238419334846672992e+00
8.776189277623961971e+01 3.251121132073586217e+00
8.775736219481500200e+01 3.254056134254552202e+00
8.775283161339038429e+01 3.273042981882405833e+00
8.774830103196576658e+01 3.264128820859975466e+00
8.774377045054114888e+01 3.275856974214170325e+00
8.773923986911653117e+01 3.250437540457066898e+00
8.773470928769191346e+01 3.246154600146556213e+00
8.773017870626730996e+01 3.283301967937272359e+00
8.772564812484269225e+01 3.299273167653476335e+00
8.772111754341807455e+01 3.337412836439780150e+00
8.771658696199345684e+01 3.355787546034265656e+00
8.771205638056883913e+01 3.375053402741062136e+00
8.770752579914422142e+01 3.402431810158318193e+00
8.770299521771960372e+01 3.418399928163522006e+00
8.769846463629498601e+01 3.408762474552364363e+00
8.769393405487036830e+01 3.380561145220912334e+00
8.768940347344576480e+01 3.368548733055893862e+00
8.768487289202114709e+01 3.362799199594366240e+00
8.768034231059652939e+01 3.371552493495515446e+00
8.767581172917191168e+01 3.392510917344315757e+00
8.767128114774729397e+01 3.393238326757892942e+00
8.766675056632267626e+01 3.364591256084390913e+00
8.766221998489805856e+01 3.348779126442261944e+00
8.765768940347344085e+01 3.326844318470301598e+00
8.765315882204882314e+01 3.323494535389010185e+00
8.764862824062421964e+01 3.327453687439922536e+00
8.764409765919960194e+01 3.345005939989133648e+00
8.763956707777498423e+01 3.367251366096436271e+00
8.763503649635036652e+01 3.374733615209306592e+00
8.763050591492574881e+01 3.394034693959719906e+00
8.762597533350113110e+01 3.413321859729778751e+00
8.762144475207651340e+01 3.430545552251214048e+00
8.761691417065189569e+01 3.448094283232382651e+00
8.761238358922727798e+01 3.439869588340617845e+00
8.760785300780267448e+01 3.453877276791756490e+00
8.760332242637805678e+01 3.442275830723375840e+00
8.759879184495343907e+01 3.440189004988344568e+00
8.759426126352882136e+01 3.437147636614751534e+00
8.758973068210420365e+01 3.425828605500831348e+00
8.758520010067958594e+01 3.461125299838385683e+00
8.758066951925496824e+01 3.462312706805636964e+00
8.757613893783035053e+01 3.482426104759791308e+00
8.757160835640573282e+01 3.472059892124256919e+00
8.756707777498112932e+01 3.462646080470965781e+00
8.756254719355651162e+01 3.452183291459521186e+00
8.755801661213189391e+01 3.470792677479116239e+00
8.755348603070727620e+01 3.490977563576975307e+00
8.754895544928265849e+01 3.502211818639723973e+00
8.754442486785804078e+01 3.510665129625512471e+00
8.753989428643342308e+01 3.518714560453184870e+00
8.753536370500880537e+01 3.521180031519024478e+00
8.753083312358418766e+01 3.510809468466523864e+00
8.752630254215958416e+01 3.527493883218230319e+00
8.752177196073496646e+01 3.540778707737652464e+00
8.751724137931034875e+01 3.580373246041778756e+00
8.751271079788573104e+01 3.603083667586163052e+00
8.750818021646111333e+01 3.621759415048872111e+00
8.750364963503649562e+01 3.610220181629150371e+00
8.749911905361187792e+01 3.581121932585886292e+00
8.749458847218726021e+01 3.568653694237279961e+00
8.749005789076264250e+01 3.578589872034728447e+00
8.748552730933803900e+01 3.583664064499886504e+00
8.748099672791342130e+01 3.589216277633389574e+00
8.747646614648880359e+01 3.605055565786601246e+00
8.747193556506418588e+01 3.609927268780428022e+00
8.746740498363956817e+01 3.626697943686283399e+00
8.746287440221495046e+01 3.635893364257668292e+00
8.745834382079033276e+01 3.670483901442766594e+00
8.745381323936571505e+01 3.666673999731543621e+00
8.744928265794109734e+01 3.669739365714824064e+00
8.744475207651647963e+01 3.664707124927931936e+00
8.744022149509187614e+01 3.659258772058329612e+00
8.743569091366725843e+01 3.641755917877581350e+00
8.743116033224264072e+01 3.658608114656843213e+00
8.742662975081802301e+01 3.679653966078830774e+00
8.742209916939340530e+01 3.689601879656232430e+00
8.741756858796878760e+01 3.716674656574387114e+00
8.741303800654416989e+01 3.724789462440756704e+00
8.740850742511955218e+01 3.750630016545990486e+00
8.740397684369493447e+01 3.730747675931990859e+00
8.739944626227033098e+01 3.777947368812311080e+00
8.739491568084571327e+01 3.781837289801908586e+00
8.739038509942109556e+01 3.777077351196752364e+00
8.738585451799647785e+01 3.786111706887105299e+00
8.738132393657186014e+01 3.768122570462051790e+00
8.737679335514724244e+01 3.801201598650567615e+00
8.737226277372262473e+01 3.806343583526594632e+00
8.736773219229800702e+01 3.824044317273298521e+00
8.736320161087338931e+01 3.807767803206270951e+00
8.735867102944878582e+01 3.810674955343682946e+00
8.735414044802416811e+01 3.827852639079182051e+00
8.734960986659955040e+01 3.873541392408363926e+00
8.734507928517493269e+01 3.888377851013038899e+00
8.734054870375031498e+01 3.899204359872781467e+00
8.733601812232569728e+01 3.898440474549513812e+00
8.733148754090107957e+01 3.909160994372078424e+00
8.732695695947646186e+01 3.920318063829440369e+00
8.732242637805184415e+01 3.928166863063076164e+00
8.731789579662724066e+01 3.952809675828687475e+00
8.731336521520262295e+01 3.939492091917713434e+00
8.730883463377800524e+01 3.942184085619398815e+00
8.730430405235338753e+01 3.940247009537336975e+00
8.729977347092876983e+01 3.966947438997927122e+00
8.729524288950415212e+01 3.990057825589548024e+00
8.729071230807953441e+01 4.028371270245657776e+00
8.728618172665491670e+01 4.032367597458078379e+00
8.728165114523029899e+01 4.050919093157131279e+00
8.727712056380568129e+01 4.087734801631058623e+00
8.727258998238107779e+01 4.107640183725270511e+00
8.726805940095646008e+01 4.114762440441356084e+00
8.726352881953184237e+01 4.103730467931035797e+00
8.725899823810722467e+01 4.122606469279484820e+00
8.725446765668260696e+01 4.130288678584898676e+00
8.724993707525798925e+01 4.166659249141128285e+00
8.724540649383337154e+01 4.139050382428365538e+00
8.724087591240875383e+01 4.158140678904727494e+00
8.723634533098413613e+01 4.161890016995982045e+00
8.723181474955953263e+01 4.202861499644132692e+00
8.722728416813491492e+01 4.241213358287753366e+00
8.722275358671029721e+01 4.256374052965873567e+00
8.721822300528567951e+01 4.253583400137780579e+00
8.721369242386106180e+01 4.239672370602294293e+00
8.720916184243644409e+01 4.229010208607658861e+00
8.720463126101182638e+01 4.218567774369844869e+00
8.720010067958720867e+01 4.228979202835284390e+00
8.719557009816259097e+01 4.229482810800933024e+00
8.719103951673798747e+01 4.252961167788759766e+00
8.718650893531336976e+01 4.273916178044733449e+00
8.718197835388875205e+01 4.308490272174933189e+00
8.717744777246413435e+01 4.309694689578501325e+00
8.717291719103951664e+01 4.315640507488252453e+00
8.716838660961489893e+01 4.310903949102890209e+00
8.716385602819028122e+01 4.309950139590064566e+00
8.715932544676566351e+01 4.326740848832388409e+00
8.715479486534104581e+01 4.300298500920491485e+00
8.715026428391644231e+01 4.299511749956789863e+00
8.714573370249182460e+01 4.318494897298540636e+00
8.714120312106720689e+01 4.334632024813457107e+00
8.713667253964258919e+01 4.338766828580642887e+00
8.713214195821797148e+01 4.337869166901241691e+00
8.712761137679335377e+01 4.352770044593437859e+00
8.712308079536873606e+01 4.346618310037219324e+00
8.711855021394411835e+01 4.368443719005921544e+00
8.711401963251950065e+01 4.370504328993956911e+00
8.710948905109489715e+01 4.367231307899986703e+00
8.710495846967027944e+01 4.366424561527815662e+00
8.710042788824566173e+01 4.404050791813957311e+00
8.709589730682104403e+01 4.405476158851537427e+00
8.709136672539642632e+01 4.450775079163529213e+00
8.708683614397180861e+01 4.456387504541047484e+00
8.708230556254719090e+01 4.449766893719627525e+00
8.707777498112257319e+01 4.441074378229129316e+00
8.707324439969795549e+01 4.446348237751309718e+00
8.706871381827335199e+01 4.478035377599445255e+00
8.706418323684873428e+01 4.492047054649855653e+00
8.705965265542411657e+01 4.518739937854173050e+00
8.705512207399949887e+01 4.536618710402396282e+00
8.705059149257488116e+01 4.550959032246383096e+00
8.704606091115026345e+01 4.560173523614664326e+00
8.704153032972564574e+01 4.566277625994552558e+00
8.703699974830102803e+01 4.577408348446397213e+00
8.703246916687641033e+01 4.617247035176486492e+00
8.702793858545180683e+01 4.616939335117995924e+00
8.702340800402718912e+01 4.620579860644352443e+00
8.701887742260257141e+01 4.606992378867847293e+00
8.701434684117795371e+01 4.564378285606532692e+00
8.700981625975333600e+01 4.559032239209308557e+00
8.700528567832871829e+01 4.553915736376247025e+00
8.700075509690410058e+01 4.543783938730943994e+00
8.699622451547948287e+01 4.575730224035955196e+00
8.699169393405486517e+01 4.599178085451879561e+00
8.698716335263026167e+01 4.634608992983124232e+00
8.698263277120564396e+01 4.638817970058981999e+00
8.697810218978102625e+01 4.653437765665628945e+00
8.697357160835640855e+01 4.684467658426491710e+00
8.696904102693179084e+01 4.676982461472692698e+00
8.696451044550717313e+01 4.712030603646485183e+00
8.695997986408255542e+01 4.738873622771575533e+00
8.695544928265793772e+01 4.745862791361372679e+00
8.695091870123332001e+01 4.780319600235131361e+00
8.694638811980870230e+01 4.792596396901542377e+00
8.694185753838409880e+01 4.817703265873568341e+00
8.693732695695948109e+01 4.801920115815837775e+00
8.693279637553486339e+01 4.843471732090694815e+00
8.692826579411024568e+01 4.872722422228536132e+00
8.692373521268562797e+01 4.900452486000046015e+00
8.691920463126101026e+01 4.906380325573461931e+00
8.691467404983639256e+01 4.911285431311963379e+00
8.691014346841177485e+01 4.889193037568401401e+00
8.690561288698715714e+01 4.882308923666380807e+00
8.690108230556255364e+01 4.910743612621010001e+00
8.689655172413793593e+01 4.918758588993263459e+00
8.689202114271331823e+01 4.927086869677575365e+00
8.688749056128870052e+01 4.942843878866721496e+00
8.688295997986408281e+01 4.944080534121781056e+00
8.687842939843946510e+01 4.952382265346650492e+00
8.687389881701484740e+01 4.911723846320471765e+00
8.686936823559022969e+01 4.918379768975512434e+00
8.686483765416561198e+01 4.894963168903061046e+00
8.686030707274100848e+01 4.910301716379606773e+00
8.685577649131639077e+01 4.912042695228251432e+00
8.685124590989177307e+01 4.909092643767779762e+00
8.684671532846715536e+01 4.916724958631824016e+00
8.684218474704253765e+01 4.935667306052724967e+00
8.683765416561791994e+01 4.957735254546884462e+00
8.683312358419330224e+01 5.011281602780461419e+00
8.682859300276868453e+01 5.029612093425207320e+00
8.682406242134406682e+01 5.070711060737180809e+00
8.681953183991946332e+01 5.098307654204731421e+00
8.681500125849484562e+01 5.098583241419448520e+00
8.681047067707022791e+01 5.126493501473945003e+00
8.680594009564561020e+01 5.126910978357723359e+00
8.680140951422099249e+01 5.144279918717023392e+00
8.679687893279637478e+01 5.169601677820702790e+00
8.679234835137175708e+01 5.170256624804035361e+00
8.678781776994713937e+01 5.199577737702120395e+00
8.678328718852252166e+01 5.232938212956454116e+00
8.677875660709790395e+01 5.224411827685729648e+00
8.677422602567330046e+01 5.236259504876385584e+00
8.676969544424868275e+01 5.235130745857082601e+00
8.676516486282406504e+01 5.233449584388269571e+00
8.676063428139944733e+01 5.223566979560944290e+00
8.675610369997482962e+01 5.229188972481874309e+00
8.675157311855021192e+01 5.261360498906460847e+00
8.674704253712559421e+01 5.227804886379600724e+00
8.674251195570097650e+01 5.254051627493588228e+00
8.673798137427635879e+01 5.255006383836955841e+00
8.673345079285175530e+01 5.271939690976247483e+00
8.672892021142713759e+01 5.262689183515202096e+00
8.672438963000251988e+01 5.224259273279933780e+00
8.671985904857790217e+01 5.242794643731406801e+00
8.671532846715328446e+01 5.229350581603162240e+00
8.671079788572866676e+01 5.233805603331994405e+00
8.670626730430404905e+01 5.219212797776550339e+00
8.670173672287943134e+01 5.221323522447955945e+00
8.669720614145481363e+01 5.227117448642401243e+00
8.669267556003021014e+01 5.211593094796461934e+00
8.668814497860559243e+01 5.214338948576108024e+00
8.668361439718097472e+01 5.216798507459477818e+00
8.667908381575635701e+01 5.221398193851759295e+00
8.667455323433173930e+01 5.234145720128107193e+00
8.667002265290712160e+01 5.255681772365689675e+00
8.666549207148250389e+01 5.269760376129287494e+00
8.666096149005788618e+01 5.287521445350058968e+00
8.665643090863326847e+01 5.292897410935683666e+00
8.665190032720866498e+01 5.301964726154603014e+00
8.664736974578404727e+01 5.307354975926387830e+00
8.664283916435942956e+01 5.315694007503400265e+00
8.663830858293481185e+01 5.348809230814101312e+00
8.663377800151019414e+01 5.370543273496644510e+00
8.662924742008557644e+01 5.407366886281764984e+00
8.662471683866095873e+01 5.428072774951996138e+00
8.662018625723634102e+01 5.449779979386105921e+00
8.661565567581172331e+01 5.441333357525723891e+00
8.661112509438711982e+01 5.426867297005636637e+00
8.660659451296250211e+01 5.444186364907600328e+00
8.660206393153788440e+01 5.439907545939953515e+00
8.659753335011326669e+01 5.424781271274402350e+00
8.659300276868864898e+01 5.430482232833243827e+00
8.658847218726403128e+01 5.448032337312811002e+00
8.658394160583941357e+01 5.448853984389546490e+00
8.657941102441479586e+01 5.490910385842196817e+00
8.657488044299017815e+01 5.505536290633577856e+00
8.657034986156557466e+01 5.525743331388590640e+00
8.656581928014095695e+01 5.535679473135758144e+00
8.656128869871633924e+01 5.532404339498286028e+00
8.655675811729172153e+01 5.558450998035953994e+00
8.655222753586710382e+01 5.538167074718437277e+00
8.654769695444248612e+01 5.546546494473356681e+00
8.654316637301786841e+01 5.542320145459544989e+00
8.653863579159325070e+01 5.542345904727033812e+00
8.653410521016863299e+01 5.541686681383706237e+00
8.652957462874402950e+01 5.526090059884603001e+00
8.652504404731941179e+01 5.533483339848995541e+00
8.652051346589479408e+01 5.570652690060438950e+00
8.651598288447017637e+01 5.614370129329408599e+00
8.651145230304555866e+01 5.651715666762042289e+00
8.650692172162094096e+01 5.673618410903000786e+00
8.650239114019632325e+01 5.677912189313977009e+00
8.649786055877170554e+01 5.689083712187196440e+00
8.649332997734708783e+01 5.685593577230300788e+00
8.648879939592247013e+01 5.661139051871608707e+00
8.648426881449786663e+01 5.667167197767779996e+00
8.647973823307324892e+01 5.664170292528244666e+00
8.647520765164863121e+01 5.684012795981086441e+00
8.647067707022401351e+01 5.725069245539390117e+00
8.646614648879939580e+01 5.731360690305836947e+00
8.646161590737477809e+01 5.714773229853713943e+00
8.645708532595016038e+01 5.722314043168813313e+00
8.645255474452554267e+01 5.724662192573038766e+00
8.644802416310092497e+01 5.737883478818922356e+00
8.644349358167632147e+01 5.744706647149457446e+00
8.643896300025170376e+01 5.759564834126773114e+00
8.643443241882708605e+01 5.760102637191803154e+00
8.642990183740246835e+01 5.748704626455100275e+00
8.642537125597785064e+01 5.744582358238789155e+00
8.642084067455323293e+01 5.745067873324175345e+00
8.641631009312861522e+01 5.769514084087797201e+00
8.641177951170399751e+01 5.764576688418943995e+00
8.640724893027937981e+01 5.777267960314939721e+00
8.640271834885477631e+01 5.791867764410461916e+00
8.639818776743015860e+01 5.826773398449404340e+00
8.639365718600554089e+01 5.866371186396367676e+00
8.638912660458092319e+01 5.881370871721818716e+00
8.638459602315630548e+01 5.932329363903376063e+00
8.638006544173168777e+01 5.938063932052515703e+00
8.637553486030707006e+01 5.940408090474897485e+00
8.637100427888245235e+01 5.947533624007045994e+00
8.636647369745783465e+01 5.996041421822343231e+00
8.636194311603323115e+01 5.997428781353822735e+00
8.635741253460861344e+01 6.001109497031070994e+00
8.635288195318399573e+01 6.030362038514263112e+00
8.634835137175937803e+01 6.016237418246223712e+00
8.634382079033476032e+01 6.011424026660058040e+00
8.633929020891014261e+01 5.971870471868141905e+00
8.633475962748552490e+01 5.963342607185398769e+00
8.633022904606090719e+01 5.968975463417097060e+00
8.632569846463628949e+01 5.987996767951521804e+00
8.632116788321167178e+01 5.982880801340494159e+00
8.631663730178706828e+01 5.970061151844889835e+00
8.631210672036245057e+01 5.988664896576939789e+00
8.630757613893783287e+01 5.968448996175944821e+00
8.630304555751321516e+01 5.970451799949122673e+00
8.629851497608859745e+01 5.947417943973757559e+00
8.629398439466397974e+01 5.907958868312013223e+00
8.628945381323936203e+01 5.899650231419022006e+00
8.628492323181474433e+01 5.922060029683635207e+00
8.628039265039012662e+01 5.947701105417690925e+00
8.627586206896552312e+01 5.944145168939996005e+00
8.627133148754090541e+01 5.931807233446436456e+00
8.626680090611628771e+01 5.918818948318909534e+00
8.626227032469167000e+01 5.944862165634281048e+00
8.625773974326705229e+01 5.962104408603871697e+00
8.625320916184243458e+01 5.982379397414510080e+00
8.624867858041781687e+01 5.998895110154361276e+00
8.624414799899319917e+01 5.984004160367583758e+00
8.623961741756858146e+01 5.982773549700376670e+00
8.623508683614397796e+01 6.012090313623997595e+00
8.623055625471936025e+01 6.012469266375728871e+00
8.622602567329474255e+01 6.018032248641530302e+00
8.622149509187012484e+01 6.040578489787857386e+00
8.621696451044550713e+01 6.042843636835708132e+00
8.621243392902088942e+01 6.037201719436533054e+00
8.620790334759627171e+01 6.027201331196318179e+00
8.620337276617165401e+01 6.008642380795989446e+00
8.619884218474703630e+01 6.028094410092376343e+00
8.619431160332243280e+01 6.046877536630645977e+00
8.618978102189781509e+01 6.071007519599178615e+00
8.618525044047319739e+01 6.073191734292828770e+00
8.618071985904857968e+01 6.096967858292122067e+00
8.617618927762396197e+01 6.110680433303500969e+00
8.617165869619934426e+01 6.109928626386437855e+00
8.616712811477472655e+01 6.090915286322432287e+00
8.616259753335010885e+01 6.094975718463105707e+00
8.615806695192549114e+01 6.129027730375880445e+00
8.615353637050088764e+01 6.126966350456668486e+00
8.614900578907626993e+01 6.120853080846900163e+00
8.614447520765165223e+01 6.130291387850104634e+00
8.613994462622703452e+01 6.122232534369572932e+00
8.613541404480241681e+01 6.160005633832084548e+00
8.613088346337779910e+01 6.156894799819824904e+00
8.612635288195318140e+01 6.204139853403463967e+00
8.612182230052856369e+01 6.218149763385663498e+00
8.611729171910394598e+01 6.224686374375142606e+00
8.611276113767934248e+01 6.235610508111481209e+00
8.610823055625472477e+01 6.245616717335679802e+00
8.610369997483010707e+01 6.218879937095243449e+00
8.609916939340548936e+01 6.225193102322220895e+00
8.609463881198087165e+01 6.254416917264522091e+00
8.609010823055625394e+01 6.289110970149247137e+00
8.608557764913163624e+01 6.311585014195600252e+00
8.608104706770701853e+01 6.313322102077810527e+00
8.607651648628240082e+01 6.319137989743972561e+00
8.607198590485779732e+01 6.275917436299525143e+00
8.606745532343317961e+01 6.295616017662542419e+00
8.606292474200856191e+01 6.294263149661719403e+00
8.605839416058394420e+01 6.319736980785288338e+00
8.605386357915932649e+01 6.302123846654587247e+00
8.604933299773470878e+01 6.296182500792070869e+00
8.604480241631009108e+01 6.331622753174261931e+00
8.604027183488547337e+01 6.317290501575714146e+00
8.603574125346085566e+01 6.317345859186668910e+00
8.603121067203625216e+01 6.320839439191620279e+00
8.602668009061163445e+01 6.336369614384011584e+00
8.602214950918701675e+01 6.331477261380836552e+00
8.601761892776239904e+01 6.328751659764176196e+00
8.601308834633778133e+01 6.344831828708049848e+00
8.600855776491316362e+01 6.341104090830637752e+00
8.600402718348854592e+01 6.364425228060545336e+00
8.599949660206392821e+01 6.353345024411843234e+00
8.599496602063931050e+01 6.382110245771344559e+00
8.599043543921470700e+01 6.367288894768930341e+00
8.598590485779008930e+01 6.409870503931950125e+00
8.598137427636547159e+01 6.403508774969648876e+00
8.597684369494085388e+01 6.402726936053809936e+00
8.597231311351623617e+01 6.415816951914012023e+00
8.596778253209161846e+01 6.424616004806271263e+00
8.596325195066700076e+01 6.449717365898150589e+00
8.595872136924238305e+01 6.439388151754725342e+00
8.595419078781776534e+01 6.458501643152168903e+00
8.594966020639314763e+01 6.465791914493992820e+00
8.594512962496854414e+01 6.468626546537761257e+00
8.594059904354392643e+01 6.495920724641650601e+00
8.593606846211930872e+01 6.488499939861307020e+00
8.593153788069469101e+01 6.496805990292759958e+00
8.592700729927007330e+01 6.515944955155430485e+00
8.592247671784545560e+01 6.513727563694935441e+00
8.591794613642083789e+01 6.522234428777002435e+00
8.591341555499622018e+01 6.548486193529683419e+00
8.590888497357160247e+01 6.534017297373757138e+00
8.590435439214699898e+01 6.527394863503788613e+00
8.589982381072238127e+01 6.551269515677160982e+00
8.589529322929776356e+01 6.590058834847555502e+00
8.589076264787314585e+01 6.607858484923522013e+00
8.588623206644852814e+01 6.605950667243664753e+00
8.588170148502391044e+01 6.635736452237844141e+00
8.587717090359929273e+01 6.637620521348288172e+00
8.587264032217467502e+01 6.631967984502607827e+00
8.586810974075005731e+01 6.623711007684318197e+00
8.586357915932543960e+01 6.614795704062621517e+00
8.585904857790083611e+01 6.613642802946686494e+00
8.585451799647621840e+01 6.615298010352480773e+00
8.584998741505160069e+01 6.606575126015586719e+00
8.584545683362698298e+01 6.586548646985145972e+00
8.584092625220236528e+01 6.587570038918378224e+00
8.583639567077774757e+01 6.615962592186218849e+00
8.583186508935312986e+01 6.639932815023724011e+00
8.582733450792851215e+01 6.651666803705898801e+00
8.582280392650389444e+01 6.685455261442021069e+00
8.581827334507929095e+01 6.670139060737961145e+00
8.581374276365467324e+01 6.692480786874554610e+00
8.580921218223005553e+01 6.723405082805458122e+00
8.580468160080543782e+01 6.744391201890549858e+00
8.580015101938082012e+01 6.760974288075878746e+00
8.579562043795620241e+01 6.767868878398424215e+00
8.579108985653158470e+01 6.767902815966554186e+00
8.578655927510696699e+01 6.774899000809567973e+00
8.578202869368234929e+01 6.776403084825420642e+00
8.577749811225774579e+01 6.790560486098899950e+00
8.577296753083312808e+01 6.784441774347876652e+00
8.576843694940851037e+01 6.797998389928597618e+00
8.576390636798389266e+01 6.815252370503962709e+00
8.575937578655927496e+01 6.828548406327803910e+00
8.575484520513465725e+01 6.834050708203791125e+00
8.575031462371003954e+01 6.862160482088834890e+00
8.574578404228542183e+01 6.870996356039225539e+00
8.574125346086080413e+01 6.894023548015394631e+00
8.573672287943620063e+01 6.893713977241167967e+00
8.573219229801158292e+01 6.912100108346815652e+00
8.572766171658696521e+01 6.918267411370092823e+00
8.572313113516234750e+01 6.893414384373423687e+00
8.571860055373772980e+01 6.885545441122434163e+00
8.571406997231311209e+01 6.882499800344740848e+00
8.570953939088849438e+01 6.852161091878271826e+00
8.570500880946387667e+01 6.905057087552966877e+00
8.570047822803925897e+01 6.915456281605091959e+00
8.569594764661465547e+01 6.948945153482536163e+00
8.569141706519003776e+01 6.983154577144642161e+00
8.568688648376542005e+01 6.980815305614090249e+00
8.568235590234080234e+01 7.004650740701502620e+00
8.567782532091618464e+01 6.982564779090792761e+00
8.567329473949156693e+01 7.008759951584001335e+00
8.566876415806694922e+01 6.988833966149129218e+00
8.566423357664233151e+01 7.021840392775284379e+00
8.565970299521771381e+01 7.013661635967996411e+00
8.565517241379311031e+01 7.033975066677138344e+00
8.565064183236849260e+01 7.020366988846718392e+00
8.564611125094387489e+01 7.012285378858059026e+00
8.564158066951925719e+01 7.015875115326275058e+00
8.563705008809463948e+01 7.005930425535379591e+00
8.563251950667002177e+01 7.038347085919735235e+00
8.562798892524540406e+01 7.031863198551761229e+00
8.562345834382078635e+01 7.063386683922955989e+00
8.561892776239616865e+01 7.049625810752914390e+00
8.561439718097156515e+01 7.032874764018806957e+00
8.560986659954694744e+01 7.019052432962014088e+00
8.560533601812232973e+01 7.016207138650957909e+00
8.560080543669771203e+01 7.034366712700221846e+00
8.559627485527309432e+01 7.050085849392648818e+00
8.559174427384847661e+01 7.066417507044883806e+00
8.558721369242385890e+01 7.077362211952268112e+00
8.558268311099924119e+01 7.109132840238366668e+00
8.557815252957462349e+01 7.098758571235039838e+00
8.557362194815001999e+01 7.110676838350181050e+00
8.556909136672540228e+01 7.106843516324155452e+00
8.556456078530078457e+01 7.115400269745695283e+00
8.556003020387616687e+01 7.147706381508355911e+00
8.555549962245154916e+01 7.156725181891399501e+00
8.555096904102693145e+01 7.202859460434701155e+00
8.554643845960231374e+01 7.202260923949529214e+00
8.554190787817769603e+01 7.218475622476723252e+00
8.553737729675307833e+01 7.212736657839870169e+00
8.553284671532847483e+01 7.202525839613035608e+00
8.552831613390385712e+01 7.219680556089113743e+00
8.552378555247923941e+01 7.179555702831745378e+00
8.551925497105462171e+01 7.173693497096865990e+00
8.551472438963000400e+01 7.149703294618583449e+00
8.551019380820538629e+01 7.170226976289017173e+00
8.550566322678076858e+01 7.194184289712402425e+00
8.550113264535615087e+01 7.204037056026336927e+00
8.549660206393153317e+01 7.259974747940125539e+00
8.549207148250691546e+01 7.257307237457302662e+00
8.548754090108231196e+01 7.279314873957058118e+00
8.548301031965769425e+01 7.280624987185757568e+00
8.547847973823307655e+01 7.286897755102873298e+00
8.547394915680845884e+01 7.309816302447060821e+00
8.546941857538384113e+01 7.325321978148958024e+00
8.546488799395922342e+01 7.340479078840806970e+00
8.546035741253460571e+01 7.314863248098704140e+00
8.545582683110998801e+01 7.294718898402022589e+00
8.545129624968537030e+01 7.320483285026949005e+00
8.544676566826076680e+01 7.318455473508445941e+00
8.544223508683614909e+01 7.338141027665748162e+00
8.543770450541153139e+01 7.329132899376474164e+00
8.543317392398691368e+01 7.312142630791615083e+00
8.542864334256229597e+01 7.333762618373740771e+00
8.542411276113767826e+01 7.329411488686953469e+00
8.541958217971306055e+01 7.344445704159275223e+00
8.541505159828844285e+01 7.362145078638097750e+00
8.541052101686382514e+01 7.383260412779713455e+00
8.540599043543922164e+01 7.400873391215588626e+00
8.540145985401460393e+01 7.405909628954056245e+00
8.539692927258998623e+01 7.407722958161006233e+00
8.539239869116536852e+01 7.396602014751874954e+00
8.538786810974075081e+01 7.407489636263154154e+00
8.538333752831613310e+01 7.426459555988026651e+00
8.537880694689151539e+01 7.466535477074148552e+00
8.537427636546689769e+01 7.479176448176875880e+00
8.536974578404227998e+01 7.478214924016397092e+00
8.536521520261766227e+01 7.471566146195507407e+00
8.536068462119305877e+01 7.492478548213327372e+00
8.535615403976844107e+01 7.517965301817042700e+00
8.535162345834382336e+01 7.534722115749381999e+00
8.534709287691920565e+01 7.549257964713578239e+00
8.534256229549458794e+01 7.556510516167054270e+00
8.533803171406997023e+01 7.537089606049135249e+00
8.533350113264535253e+01 7.509977875293046168e+00
8.532897055122073482e+01 7.458881353875788989e+00
8.532443996979611711e+01 7.428000263267899861e+00
8.531990938837151361e+01 7.450509884628007562e+00
8.531537880694689591e+01 7.440775455112845549e+00
8.531084822552227820e+01 7.434537193238008435e+00
8.530631764409766049e+01 7.461128043964714962e+00
8.530178706267304278e+01 7.462145022631819558e+00
8.529725648124842508e+01 7.506622187662433277e+00
8.529272589982380737e+01 7.515381186356564491e+00
8.528819531839918966e+01 7.555159892091213969e+00
8.528366473697457195e+01 7.582804996030161782e+00
8.527913415554996845e+01 7.596859187200320385e+00
8.527460357412535075e+01 7.595985216495752645e+00
8.527007299270073304e+01 7.590304206397314069e+00
8.526554241127611533e+01 7.587187343468555945e+00
8.526101182985149762e+01 7.594218810399184783e+00
8.525648124842687992e+01 7.569539890395016180e+00
8.525195066700226221e+01 7.584091579473009936e+00
8.524742008557764450e+01 7.596071094357641051e+00
8.524288950415302679e+01 7.584170976867654623e+00
8.523835892272842329e+01 7.595689823814356423e+00
8.523382834130380559e+01 7.625226999108879689e+00
8.522929775987918788e+01 7.640960141928638372e+00
8.522476717845457017e+01 7.681877707956304313e+00
8.522023659702995246e+01 7.693770352962993719e+00
8.521570601560533476e+01 7.705131030404808179e+00
8.521117543418071705e+01 7.689595947394548325e+00
8.520664485275609934e+01 7.672396354899115423e+00
8.520211427133148163e+01 7.677208390693241569e+00
8.519758368990687813e+01 7.657427480655273122e+00
8.519305310848226043e+01 7.681947423681476650e+00
8.518852252705764272e+01 7.680572573116696056e+00
8.518399194563302501e+01 7.661214162862576060e+00
8.517946136420840730e+01 7.641508833049619476e+00
8.517493078278378960e+01 7.639456546934496828e+00
8.517040020135917189e+01 7.640653155487711956e+00
8.516586961993455418e+01 7.649199934543824853e+00
8.516133903850993647e+01 7.674167804315234598e+00
8.515680845708533298e+01 7.661298920194057338e+00
8.515227787566071527e+01 7.673103098870864613e+00
8.514774729423609756e+01 7.708316088859521464e+00
8.514321671281147985e+01 7.749785332976045993e+00
8.513868613138686214e+01 7.782133856632715840e+00
8.513415554996224444e+01 7.803381807204632814e+00
8.512962496853762673e+01 7.826484925383312863e+00
8.512509438711300902e+01 7.838331200904065099e+00
8.512056380568839131e+01 7.869400181809846906e+00
8.511603322426378782e+01 7.880155350450492868e+00
8.511150264283917011e+01 7.898242384037283514e+00
8.510697206141455240e+01 7.910300060829932534e+00
8.510244147998993469e+01 7.929539008306288217e+00
8.509791089856531698e+01 7.956099812725160092e+00
8.509338031714069928e+01 7.999062698037297636e+00
8.508884973571608157e+01 7.999446907813558383e+00
8.508431915429146386e+01 8.007380821451434372e+00
8.507978857286684615e+01 7.998893597866791438e+00
8.507525799144224266e+01 7.992926871533251543e+00
8.507072741001762495e+01 8.009794712687387630e+00
8.506619682859300724e+01 8.021862294176417052e+00
8.506166624716838953e+01 8.031669819402056376e+00
8.505713566574377182e+01 7.999779740736185474e+00
8.505260508431915412e+01 8.027576736990383210e+00
8.504807450289453641e+01 8.028223422632374096e+00
8.504354392146991870e+01 8.022613760497634416e+00
8.503901334004530099e+01 8.002313993077089904e+00
8.503448275862069750e+01 8.017639130974769657e+00
8.502995217719607979e+01 8.043157093556835946e+00
8.502542159577146208e+01 8.069599866338887040e+00
8.502089101434684437e+01 8.088932469976771955e+00
8.501636043292222666e+01 8.076778934451956715e+00
8.501182985149760896e+01 8.074150045465771086e+00
8.500729927007299125e+01 8.101030316566154355e+00
8.500276868864837354e+01 8.121373262866207199e+00
8.499823810722375583e+01 8.128738641970066681e+00
8.499370752579913812e+01 8.140315550147553481e+00
8.498917694437453463e+01 8.141607241558705965e+00
8.498464636294991692e+01 8.152098356691896086e+00
8.498011578152529921e+01 8.206438997117032841e+00
8.497558520010068150e+01 8.231290158616280550e+00
8.497105461867606380e+01 8.260709072965829236e+00
8.496652403725144609e+01 8.259932329077381397e+00
8.496199345582682838e+01 8.269074190148211656e+00
8.495746287440221067e+01 8.278996758996242988e+00
8.495293229297759297e+01 8.289595599180309193e+00
8.494840171155298947e+01 8.301592172310412465e+00
8.494387113012837176e+01 8.288746532642186082e+00
8.493934054870375405e+01 8.282711361190623123e+00
8.493480996727913634e+01 8.267690596351233268e+00
8.493027938585451864e+01 8.245870492086160297e+00
8.492574880442990093e+01 8.243992085227986877e+00
8.492121822300528322e+01 8.236460407745450851e+00
8.491668764158066551e+01 8.217205477646258416e+00
8.491215706015604781e+01 8.202532890945244404e+00
8.490762647873143010e+01 8.206452476444102473e+00
8.490309589730682660e+01 8.223407836914027769e+00
8.489856531588220889e+01 8.251563227160421121e+00
8.489403473445759118e+01 8.287835892548816474e+00
8.488950415303297348e+01 8.305705640315421689e+00
8.488497357160835577e+01 8.346838063657035178e+00
8.488044299018373806e+01 8.365547767351314334e+00
8.487591240875912035e+01 8.385523853191829247e+00
8.487138182733450265e+01 8.388194481061399088e+00
8.486685124590988494e+01 8.401038630827988740e+00
8.486232066448528144e+01 8.395961545883531940e+00
8.485779008306066373e+01 8.417299095410371024e+00
8.485325950163604602e+01 8.439212426512902709e+00
8.484872892021142832e+01 8.458746917662663733e+00
8.484419833878681061e+01 8.462392550823411241e+00
8.483966775736219290e+01 8.465277421486241849e+00
8.483513717593757519e+01 8.483997521026976685e+00
8.483060659451295749e+01 8.502978846969067916e+00
8.482607601308833978e+01 8.487402886512402489e+00
8.482154543166373628e+01 8.488130731259282413e+00
8.481701485023911857e+01 8.467115235102784965e+00
8.481248426881450087e+01 8.471909593781338899e+00
8.480795368738988316e+01 8.491336000417087249e+00
8.480342310596526545e+01 8.501787734324805612e+00
8.479889252454064774e+01 8.502569836149410420e+00
8.479436194311603003e+01 8.495943135919709732e+00
8.478983136169141233e+01 8.509361400870554704e+00
8.478530078026679462e+01 8.525302637462313982e+00
8.478077019884219112e+01 8.562486086337544933e+00
8.477623961741757341e+01 8.549648527129861009e+00
8.477170903599295571e+01 8.561879854703498438e+00
8.476717845456833800e+01 8.591519732827785916e+00
8.476264787314372029e+01 8.589931366445661354e+00
8.475811729171910258e+01 8.587861366585940459e+00
8.475358671029448487e+01 8.541310950637663879e+00
8.474905612886986717e+01 8.541658841204410990e+00
8.474452554744524946e+01 8.552764635172675156e+00
8.473999496602064596e+01 8.589764532524233331e+00
8.473546438459602825e+01 8.601551320139465773e+00
8.473093380317141055e+01 8.581951277442696480e+00
8.472640322174679284e+01 8.574865049874713208e+00
8.472187264032217513e+01 8.563047946087168683e+00
8.471734205889755742e+01 8.574945405571636314e+00
8.471281147747293971e+01 8.583550861792472730e+00
8.470828089604832201e+01 8.573339569788592129e+00
8.470375031462370430e+01 8.597465918419455733e+00
8.469921973319910080e+01 8.632060382221515837e+00
8.469468915177448309e+01 8.680579017727367841e+00
8.469015857034986539e+01 8.687929841894295180e+00
8.468562798892524768e+01 8.727648220976053750e+00
8.468109740750062997e+01 8.762049231649642778e+00
8.467656682607601226e+01 8.820607774965843362e+00
8.467203624465139455e+01 8.838376447251150125e+00
8.466750566322677685e+01 8.869299219709855464e+00
8.466297508180215914e+01 8.872056274025586831e+00
8.465844450037755564e+01 8.859796809757089164e+00
8.465391391895293793e+01 8.880712707559219155e+00
8.464938333752832023e+01 8.869874262481866722e+00
8.464485275610370252e+01 8.888829590703430483e+00
8.464032217467908481e+01 8.881229905683539982e+00
8.463579159325446710e+01 8.900876880267935221e+00
8.463126101182984939e+01 8.933813487579776336e+00
8.462673043040523169e+01 8.967877455635733241e+00
8.462219984898061398e+01 8.976915793308053892e+00
8.461766926755601048e+01 8.977486854025846341e+00
8.461313868613139277e+01 8.956704373748261006e+00
8.460860810470677507e+01 8.959347257886586036e+00
8.460407752328215736e+01 8.982195160473551709e+00
8.459954694185753965e+01 8.994395568439461641e+00
8.459501636043292194e+01 9.005426196406620676e+00
8.459048577900830423e+01 9.020711225302612490e+00
8.458595519758368653e+01 9.027590611496895789e+00
8.458142461615906882e+01 9.035623335796241662e+00
8.457689403473446532e+01 9.002197988597041345e+00
8.457236345330984761e+01 9.051087988540542639e+00
8.456783287188522991e+01 9.061096073387895800e+00
8.456330229046061220e+01 9.079282620883484256e+00
8.455877170903599449e+01 9.092469466245351128e+00
8.455424112761137678e+01 9.085852080835461919e+00
8.454971054618675907e+01 9.055732978688524781e+00
8.454517996476214137e+01 9.066154752135330952e+00
8.454064938333752366e+01 9.062102369831981363e+00
8.453611880191290595e+01 9.116272833241405138e+00
8.453158822048830245e+01 9.117734854444002224e+00
8.452705763906368475e+01 9.130814076708221094e+00
8.452252705763906704e+01 9.134207135287923052e+00
8.451799647621444933e+01 9.132854875679040418e+00
8.451346589478983162e+01 9.130215737739833415e+00
8.450893531336521391e+01 9.092662476353927659e+00
8.450440473194059621e+01 9.104643152367566827e+00
8.449987415051597850e+01 9.153617738103450918e+00
8.449534356909136079e+01 9.180392227849241138e+00
8.449081298766675729e+01 9.208478475679543251e+00
8.448628240624213959e+01 9.225105191124702841e+00
8.448175182481752188e+01 9.259414785919522828e+00
8.447722124339290417e+01 9.296982906721776629e+00
8.447269066196828646e+01 9.314708517852476888e+00
8.446816008054366876e+01 9.342233994739570946e+00
8.446362949911905105e+01 9.348110231797233993e+00
8.445909891769443334e+01 9.344898259992042711e+00
8.445456833626981563e+01 9.350607609144404364e+00
8.445003775484521213e+01 9.387594492134102353e+00
8.444550717342059443e+01 9.391160665291833354e+00
8.444097659199597672e+01 9.369646377535202575e+00
8.443644601057135901e+01 9.361633210901315394e+00
8.443191542914674130e+01 9.373553179131937085e+00
8.442738484772212360e+01 9.381760901273304754e+00
8.442285426629750589e+01 9.406092429984346026e+00
8.441832368487288818e+01 9.430990195454528546e+00
8.441379310344827047e+01 9.445335884322062725e+00
8.440926252202365276e+01 9.448146904558715420e+00
8.440473194059904927e+01 9.463977353625741884e+00
8.440020135917443156e+01 9.475227520265484316e+00
8.439567077774981385e+01 9.465468135859781640e+00
8.439114019632519614e+01 9.513246200376428874e+00
8.438660961490057844e+01 9.545731849561073901e+00
8.438207903347596073e+01 9.564786767299912285e+00
8.437754845205134302e+01 9.591863291221988774e+00
8.437301787062672531e+01 9.631832615796227515e+00
8.436848728920210760e+01 9.648201757439627713e+00
8.436395670777750411e+01 9.657935690894975167e+00
8.435942612635288640e+01 9.669797715673857041e+00
8.435489554492826869e+01 9.706621303314536320e+00
8.435036496350365098e+01 9.720124964732548278e+00
8.434583438207903328e+01 9.732241236926681083e+00
8.434130380065441557e+01 9.750258180747454873e+00
8.433677321922979786e+01 9.728748527893671394e+00
8.433224263780518015e+01 9.735912703237442400e+00
8.432771205638056244e+01 9.691264131188326303e+00
8.432318147495595895e+01 9.687724865142088859e+00
8.431865089353134124e+01 9.680010549455673186e+00
8.431412031210672353e+01 9.660643980463035518e+00
8.430958973068210582e+01 9.691969682024753396e+00
8.430505914925748812e+01 9.724760088352443432e+00
8.430052856783287041e+01 9.755932137653013925e+00
8.429599798640825270e+01 9.767302834857609639e+00
8.429146740498363499e+01 9.768575006896771384e+00
8.428693682355901728e+01 9.777298985265838738e+00
8.428240624213441379e+01 9.796014447251199186e+00
8.427787566070979608e+01 9.807274097855941619e+00
8.427334507928517837e+01 9.840121121846056695e+00
8.426881449786056066e+01 9.870920137781563852e+00
8.426428391643594296e+01 9.900514681289179109e+00
8.425975333501132525e+01 9.899313196662683723e+00
8.425522275358670754e+01 9.881497629947997297e+00
8.425069217216208983e+01 9.861586374441353442e+00
8.424616159073747212e+01 9.831963804838954601e+00
8.424163100931286863e+01 9.848912143906101591e+00
8.423710042788825092e+01 9.883876140635569740e+00
8.423256984646363321e+01 9.901974242056857278e+00
8.422803926503901550e+01 9.914254853708541759e+00
8.422350868361439780e+01 9.921640551641795369e+00
8.421897810218978009e+01 9.919067940669618721e+00
8.421444752076516238e+01 9.941954073302738948e+00
8.420991693934054467e+01 9.935913688941825583e+00
8.420538635791592696e+01 9.962087604626901793e+00
8.420085577649132347e+01 9.964448027809639896e+00
8.419632519506670576e+01 9.984243883774365003e+00
8.419179461364208805e+01 1.002507716395666648e+01
8.418726403221747034e+01 1.001864777733160317e+01
8.418273345079285264e+01 9.995252592522836821e+00
8.417820286936823493e+01 9.982963229253652315e+00
8.417367228794361722e+01 9.985953081736546721e+00
8.416914170651899951e+01 1.001953056237188733e+01
8.416461112509438180e+01 1.005512212556436324e+01
8.416008054366977831e+01 1.007800970505937421e+01
8.415554996224516060e+01 1.008600822345309211e+01
8.415101938082054289e+01 1.007826396121535062e+01
8.414648879939592518e+01 1.011398687874630298e+01
8.414195821797130748e+01 1.015038147432015592e+01
8.413742763654668977e+01 1.015053348923205156e+01
8.413289705512207206e+01 1.020337570818232642e+01
8.412836647369745435e+01 1.021656777028144347e+01
8.412383589227283665e+01 1.027441659961299791e+01
8.411930531084823315e+01 1.030544387921552740e+01
8.411477472942361544e+01 1.033941959147943024e+01
8.411024414799899773e+01 1.035557377256377976e+01
8.410571356657438002e+01 1.035548000516444667e+01
8.410118298514976232e+01 1.038052117654588180e+01
8.409665240372514461e+01 1.038943237602835801e+01
8.409212182230052690e+01 1.036937942543793767e+01
8.408759124087590919e+01 1.034184804724634077e+01
8.408306065945129149e+01 1.038213441109871660e+01
8.407853007802668799e+01 1.040584367376363772e+01
8.407399949660207028e+01 1.045485899593550450e+01
8.406946891517745257e+01 1.046507739305218365e+01
8.406493833375283486e+01 1.047700662394430715e+01
8.406040775232821716e+01 1.045647237012993713e+01
8.405587717090359945e+01 1.047919371724415782e+01
8.405134658947898174e+01 1.051029081409669352e+01
8.404681600805436403e+01 1.051517727974733418e+01
8.404228542662974633e+01 1.051750112052280706e+01
8.403775484520512862e+01 1.052255075168489462e+01
8.403322426378052512e+01 1.055765589637799806e+01
8.402869368235590741e+01 1.059019286343478150e+01
8.402416310093128970e+01 1.060433142070368184e+01
8.401963251950667200e+01 1.059280356763080810e+01
8.401510193808205429e+01 1.060347544985675938e+01
8.401057135665743658e+01 1.062505023685447902e+01
8.400604077523281887e+01 1.062116468864874008e+01
8.400151019380820117e+01 1.063836146935056526e+01
8.399697961238358346e+01 1.066090076384767116e+01
8.399244903095897996e+01 1.069568251532260028e+01
8.398791844953436225e+01 1.073283758990587344e+01
8.398338786810974455e+01 1.074929660538758114e+01
8.397885728668512684e+01 1.075559871146864310e+01
8.397432670526050913e+01 1.076918709280599451e+01
8.396979612383589142e+01 1.077706181467610413e+01
8.396526554241127371e+01 1.079516991684217508e+01
8.396073496098665601e+01 1.080461196454570683e+01
8.395620437956203830e+01 1.081685176584878150e+01
8.395167379813742059e+01 1.081958058829787639e+01
8.394714321671281709e+01 1.083227936760354027e+01
8.394261263528819939e+01 1.084227612574058597e+01
8.393808205386358168e+01 1.080775704479638399e+01
8.393355147243896397e+01 1.081337446065540142e+01
8.392902089101434626e+01 1.082953702456661560e+01
8.392449030958972855e+01 1.085806273709753711e+01
8.391995972816511085e+01 1.088312529172244325e+01
8.391542914674049314e+01 1.093415020910873281e+01
8.391089856531587543e+01 1.095680408938431150e+01
8.390636798389127193e+01 1.093549845068911175e+01
8.390183740246665423e+01 1.093399798103213172e+01
8.389730682104203652e+01 1.095316371604662464e+01
8.389277623961741881e+01 1.097117448163832876e+01
8.388824565819280110e+01 1.095500198054327079e+01
8.388371507676818339e+01 1.098055151186533784e+01
8.387918449534356569e+01 1.101705605164592860e+01
8.387465391391894798e+01 1.103523653709266839e+01
8.387012333249433027e+01 1.106366401511797903e+01
8.386559275106972677e+01 1.107856919321550038e+01
8.386106216964510907e+01 1.110013765433798660e+01
8.385653158822049136e+01 1.110207316893327167e+01
8.385200100679587365e+01 1.111556726894735192e+01
8.384747042537125594e+01 1.114317087649160065e+01
8.384293984394663823e+01 1.114937259438163863e+01
8.383840926252202053e+01 1.114064558934739502e+01
8.383387868109740282e+01 1.115424256526623026e+01
8.382934809967278511e+01 1.116635973258122583e+01
8.382481751824818161e+01 1.117049153428098585e+01
8.382028693682356391e+01 1.118807322547969463e+01
8.381575635539894620e+01 1.121032064655450711e+01
8.381122577397432849e+01 1.120248910578688317e+01
8.380669519254971078e+01 1.121248662865834689e+01
8.380216461112509307e+01 1.124215462546231237e+01
8.379763402970047537e+01 1.126241634400602010e+01
8.379310344827585766e+01 1.129408994202031735e+01
8.378857286685123995e+01 1.132911622404179042e+01
8.378404228542663645e+01 1.134571288239659026e+01
8.377951170400201875e+01 1.134718368796826660e+01
8.377498112257740104e+01 1.136466632224594520e+01
8.377045054115278333e+01 1.137055939019528417e+01
8.376591995972816562e+01 1.138054887818648808e+01
8.376138937830354791e+01 1.136355905728223270e+01
8.375685879687893021e+01 1.136120026137923666e+01
8.375232821545431250e+01 1.136476526715881441e+01
8.374779763402969479e+01 1.135691941045381625e+01
8.374326705260509129e+01 1.137987696795270232e+01
8.373873647118047359e+01 1.138090886527382928e+01
8.373420588975585588e+01 1.138514528653635161e+01
8.372967530833123817e+01 1.139731546900381787e+01
8.372514472690662046e+01 1.137758838751591028e+01
8.372061414548200275e+01 1.139624052507189766e+01
8.371608356405738505e+01 1.139606440824337774e+01
8.371155298263276734e+01 1.138777359979962434e+01
8.370702240120814963e+01 1.139739409927935654e+01
8.370249181978354613e+01 1.138701633711080952e+01
8.369796123835892843e+01 1.141461001204983994e+01
8.369343065693431072e+01 1.140167697417473214e+01
8.368890007550969301e+01 1.140891814590822761e+01
8.368436949408507530e+01 1.139743755584516904e+01
8.367983891266045759e+01 1.139702395087127584e+01
8.367530833123583989e+01 1.141142932405673704e+01
8.367077774981122218e+01 1.141019061770697007e+01
8.366624716838660447e+01 1.142804879154290632e+01
8.366171658696200097e+01 1.145494492152929489e+01
8.365718600553738327e+01 1.149970193435799537e+01
8.365265542411276556e+01 1.149637272524608456e+01
8.364812484268814785e+01 1.150933114505700061e+01
8.364359426126353014e+01 1.150943268983075285e+01
8.363906367983891244e+01 1.149947971283168968e+01
8.363453309841429473e+01 1.148615614640810989e+01
8.363000251698967702e+01 1.147662956422207436e+01
8.362547193556505931e+01 1.149934706523102079e+01
8.362094135414045581e+01 1.148583000248240715e+01
8.361641077271583811e+01 1.148953481679678035e+01
8.361188019129122040e+01 1.151034673267231945e+01
8.360734960986660269e+01 1.151015019119975591e+01
8.360281902844198498e+01 1.152273350744781943e+01
8.359828844701736728e+01 1.154388367156357909e+01
8.359375786559274957e+01 1.154980775837917584e+01
8.358922728416813186e+01 1.155578580632750274e+01
8.358469670274351415e+01 1.154938883840144115e+01
8.358016612131889644e+01 1.157731438697700099e+01
8.357563553989429295e+01 1.157193280623659071e+01
8.357110495846967524e+01 1.156786011718676477e+01
8.356657437704505753e+01 1.158553056495301981e+01
8.356204379562043982e+01 1.161022898141280635e+01
8.355751321419582212e+01 1.163667249271184723e+01
8.355298263277120441e+01 1.170316292144865500e+01
8.354845205134658670e+01 1.171527638387997783e+01
8.354392146992196899e+01 1.174283333011704933e+01
8.353939088849735128e+01 1.176097542917117700e+01
8.353486030707274779e+01 1.178950032270086190e+01
8.353032972564813008e+01 1.180756794742226745e+01
8.352579914422351237e+01 1.180508421804172059e+01
8.352126856279889466e+01 1.185292959268264568e+01
8.351673798137427696e+01 1.186277512804755219e+01
8.351220739994965925e+01 1.184605518075933084e+01
8.350767681852504154e+01 1.183724742047643197e+01
8.350314623710042383e+01 1.179524233189445148e+01
8.349861565567580612e+01 1.176828338585138845e+01
8.349408507425120263e+01 1.177930791857271764e+01
8.348955449282658492e+01 1.178808371971185132e+01
8.348502391140196721e+01 1.178618766995432132e+01
8.348049332997734950e+01 1.180110247637901644e+01
8.347596274855273180e+01 1.182946281690438539e+01
8.347143216712811409e+01 1.187941586016989959e+01
8.346690158570349638e+01 1.190074893705589787e+01
8.346237100427887867e+01 1.192263796328755987e+01
8.345784042285426096e+01 1.194534739878392315e+01
8.345330984142964326e+01 1.196054624803211652e+01
8.344877926000503976e+01 1.197900205870432444e+01
8.344424867858042205e+01 1.202405152763474128e+01
8.343971809715580434e+01 1.203147853486072982e+01
8.343518751573118664e+01 1.202344928416987990e+01
8.343065693430656893e+01 1.202799570141051788e+01
8.342612635288195122e+01 1.203796348848292652e+01
8.342159577145733351e+01 1.208984630624273748e+01
8.341706519003271580e+01 1.214192015130681490e+01
8.341253460860809810e+01 1.219369590814268101e+01
8.340800402718349460e+01 1.220150232627338305e+01
8.340347344575887689e+01 1.222954785437329761e+01
8.339894286433425918e+01 1.226943453629182379e+01
8.339441228290964148e+01 1.226395737643588468e+01
8.338988170148502377e+01 1.225430282192274056e+01
8.338535112006040606e+01 1.226733819189804464e+01
8.338082053863578835e+01 1.231783635724912429e+01
8.337628995721117064e+01 1.232764116893860340e+01
8.337175937578655294e+01 1.234585021968421437e+01
8.336722879436194944e+01 1.236218199423447395e+01
8.336269821293733173e+01 1.238052272242206797e+01
8.335816763151271402e+01 1.240819565135430835e+01
8.335363705008809632e+01 1.242387605523543748e+01
8.334910646866347861e+01 1.242500748043636882e+01
8.334457588723886090e+01 1.242661526192522459e+01
8.334004530581424319e+01 1.243608950858145334e+01
8.333551472438962548e+01 1.246253003583985652e+01
8.333098414296500778e+01 1.247708297132298938e+01
8.332645356154040428e+01 1.250219819745105809e+01
8.332192298011578657e+01 1.251251996175349213e+01
8.331739239869116886e+01 1.252613724152558206e+01
8.331286181726655116e+01 1.252197398171873921e+01
8.330833123584193345e+01 1.254259650757085787e+01
8.330380065441731574e+01 1.255034738794391558e+01
8.329927007299269803e+01 1.252660882562306988e+01
8.329473949156808033e+01 1.255042340311815963e+01
8.329020891014346262e+01 1.254592395985748432e+01
8.328567832871885912e+01 1.255977848195412783e+01
8.328114774729424141e+01 1.256806150263245847e+01
8.327661716586962370e+01 1.257779390819426624e+01
8.327208658444500600e+01 1.259268494934755367e+01
8.326755600302038829e+01 1.258016373723533121e+01
8.326302542159577058e+01 1.262332739682086213e+01
8.325849484017115287e+01 1.261431349640999144e+01
8.325396425874653517e+01 1.265649572839490489e+01
8.324943367732191746e+01 1.267985678122768789e+01
8.324490309589731396e+01 1.269128826096634199e+01
8.324037251447269625e+01 1.272304324698835032e+01
8.323584193304807854e+01 1.273047279247003871e+01
8.323131135162346084e+01 1.272966592868571034e+01
8.322678077019884313e+01 1.276294916051297434e+01
8.322225018877422542e+01 1.278726907929923762e+01
8.321771960734960771e+01 1.281250113463782370e+01
8.321318902592499001e+01 1.281969159791027302e+01
8.320865844450037230e+01 1.282657735125322418e+01
8.320412786307576880e+01 1.286295375892719584e+01
8.319959728165115109e+01 1.288072420497609905e+01
8.319506670022653338e+01 1.288716364183689400e+01
8.319053611880191568e+01 1.292149984409681451e+01
8.318600553737729797e+01 1.289215256207794091e+01
8.318147495595268026e+01 1.294141128697449084e+01
8.317694437452806255e+01 1.292303751706768900e+01
8.317241379310344485e+01 1.292432382911436939e+01
8.316788321167882714e+01 1.295416478624902012e+01
8.316335263025422364e+01 1.298264898108553922e+01
8.315882204882960593e+01 1.300429438617626587e+01
8.315429146740498823e+01 1.302323708679921133e+01
8.314976088598037052e+01 1.304341756085571014e+01
8.314523030455575281e+01 1.303585559074727129e+01
8.314069972313113510e+01 1.303577513369730490e+01
8.313616914170651739e+01 1.302539602785161321e+01
8.313163856028189969e+01 1.307145042058340501e+01
8.312710797885728198e+01 1.307347892782314780e+01
8.312257739743267848e+01 1.309391055135269433e+01
8.311804681600806077e+01 1.312311603546512195e+01
8.311351623458344307e+01 1.313314291031088032e+01
8.310898565315882536e+01 1.316890143236111221e+01
8.310445507173420765e+01 1.317504888090433646e+01
8.309992449030958994e+01 1.318550971261889160e+01
8.309539390888497223e+01 1.319518675001930497e+01
8.309086332746035453e+01 1.320588496833118874e+01
8.308633274603573682e+01 1.318875026659241634e+01
8.308180216461111911e+01 1.318034876794936139e+01
8.307727158318651561e+01 1.317115998672702304e+01
8.307274100176189791e+01 1.320598493828223852e+01
8.306821042033728020e+01 1.321876237850160507e+01
8.306367983891266249e+01 1.324799863400018829e+01
8.305914925748804478e+01 1.326400530396005450e+01
8.305461867606342707e+01 1.328258078686453203e+01
8.305008809463880937e+01 1.331142091140917039e+01
8.304555751321419166e+01 1.331428140596349508e+01
8.304102693178957395e+01 1.333135291137020317e+01
8.303649635036497045e+01 1.332815072564646997e+01
8.303196576894035275e+01 1.332742331334139863e+01
8.302743518751573504e+01 1.332621160575171437e+01
8.302290460609111733e+01 1.333710134898544375e+01
8.301837402466649962e+01 1.332708039474246853e+01
8.301384344324188191e+01 1.333917226424586921e+01
8.300931286181726421e+01 1.337032956255319682e+01
8.300478228039264650e+01 1.337770154491263597e+01
8.300025169896802879e+01 1.339132699521541525e+01
8.299572111754341108e+01 1.341356648474216584e+01
8.299119053611880759e+01 1.340948183848849951e+01
8.298665995469418988e+01 1.342163715808270119e+01
8.298212937326957217e+01 1.341205846495885901e+01
8.297759879184495446e+01 1.340051498238421956e+01
8.297306821042033675e+01 1.342477140986071937e+01
8.296853762899571905e+01 1.345633973923880156e+01
8.296400704757110134e+01 1.346575494396285499e+01
8.295947646614648363e+01 1.346093765091890404e+01
8.295494588472186592e+01 1.346870543017533528e+01
8.295041530329726243e+01 1.351275045537887998e+01
8.294588472187264472e+01 1.351289292540443654e+01
8.294135414044802701e+01 1.352340854352925881e+01
8.293682355902340930e+01 1.354439534600005679e+01
8.293229297759879159e+01 1.352563121098343757e+01
8.292776239617417389e+01 1.353408506202094408e+01
8.292323181474955618e+01 1.355960759325987830e+01
8.291870123332493847e+01 1.357510643496362590e+01
8.291417065190032076e+01 1.359188258912015534e+01
8.290964007047571727e+01 1.362504447869967095e+01
8.290510948905109956e+01 1.365777750070535568e+01
8.290057890762648185e+01 1.368132283277286732e+01
8.289604832620186414e+01 1.368371270709855558e+01
8.289151774477724643e+01 1.371055653567239929e+01
8.288698716335262873e+01 1.370651454770233713e+01
8.288245658192801102e+01 1.373913054382866861e+01
8.287792600050339331e+01 1.373862538110848774e+01
8.287339541907877560e+01 1.377029102615954059e+01
8.286886483765417211e+01 1.378924341090247729e+01
8.286433425622955440e+01 1.380455973941564274e+01
8.285980367480493669e+01 1.381921473029019332e+01
8.285527309338031898e+01 1.380321839831480091e+01
8.285074251195570127e+01 1.380031888515126326e+01
8.284621193053108357e+01 1.378340753078824399e+01
8.284168134910646586e+01 1.381578232277504092e+01
8.283715076768184815e+01 1.385733302934865563e+01
8.283262018625723044e+01 1.390988560684684394e+01
8.282808960483262695e+01 1.393506532091906891e+01
8.282355902340800924e+01 1.393658627783200643e+01
8.281902844198339153e+01 1.394234939935079076e+01
8.281449786055877382e+01 1.393064763954293284e+01
8.280996727913415612e+01 1.392282671203596323e+01
8.280543669770953841e+01 1.392089212106430374e+01
8.280090611628492070e+01 1.391530165191635504e+01
8.279637553486030299e+01 1.392716821798921067e+01
8.279184495343568528e+01 1.390930397597837676e+01
8.278731437201108179e+01 1.389552843922678882e+01
8.278278379058646408e+01 1.386467261636407144e+01
8.277825320916184637e+01 1.384709996384157904e+01
8.277372262773722866e+01 1.383688728441708804e+01
8.276919204631261096e+01 1.382952140022947951e+01
8.276466146488799325e+01 1.384927988006843869e+01
8.276013088346337554e+01 1.385446869615684662e+01
8.275560030203875783e+01 1.385913901743492360e+01
8.275106972061414012e+01 1.385400471771094644e+01
8.274653913918953663e+01 1.383505048913628954e+01
8.274200855776491892e+01 1.384172273151945376e+01
8.273747797634030121e+01 1.385072583093532828e+01
8.273294739491568350e+01 1.384147566153026965e+01
8.272841681349106580e+01 1.385591266026997559e+01
8.272388623206644809e+01 1.386163612713557569e+01
8.271935565064183038e+01 1.387660710923398888e+01
8.271482506921721267e+01 1.387892581704969786e+01
8.271029448779259496e+01 1.390140132714221188e+01
8.270576390636799147e+01 1.390055977981158186e+01
8.270123332494337376e+01 1.389392658289264837e+01
8.269670274351875605e+01 1.390121420440732436e+01
8.269217216209413834e+01 1.389994727469042068e+01
8.268764158066952064e+01 1.392579984160736117e+01
8.268311099924490293e+01 1.392107086956634809e+01
8.267858041782028522e+01 1.392793519028870008e+01
8.267404983639566751e+01 1.394671624452665526e+01
8.266951925497104980e+01 1.394834071040352086e+01
8.266498867354644631e+01 1.394420118270871356e+01
8.266045809212182860e+01 1.396243612566589398e+01
8.265592751069721089e+01 1.395966470669333148e+01
8.265139692927259318e+01 1.396623546944846694e+01
8.264686634784797548e+01 1.395633522636342505e+01
8.264233576642335777e+01 1.398176278271119166e+01
8.263780518499874006e+01 1.397076166965112698e+01
8.263327460357412235e+01 1.398426358528258895e+01
8.262874402214950464e+01 1.400907036259246929e+01
8.262421344072488694e+01 1.401269059900968728e+01
8.261968285930028344e+01 1.401382075557535067e+01
8.261515227787566573e+01 1.402527184229194468e+01
8.261062169645104802e+01 1.398993908661022090e+01
8.260609111502643032e+01 1.402232689202647720e+01
8.260156053360181261e+01 1.401045219146932475e+01
8.259702995217719490e+01 1.404562033451435177e+01
8.259249937075257719e+01 1.404226938508415046e+01
8.258796878932795948e+01 1.407943477979562452e+01
8.258343820790334178e+01 1.409768990188340254e+01
8.257890762647873828e+01 1.409292670754363463e+01
8.257437704505412057e+01 1.411167338173278374e+01
8.256984646362950286e+01 1.411699462459196219e+01
8.256531588220488516e+01 1.413979168557865052e+01
8.256078530078026745e+01 1.416678881199599260e+01
8.255625471935564974e+01 1.418538613017284611e+01
8.255172413793103203e+01 1.419937868189667185e+01
8.254719355650641432e+01 1.420004990421053925e+01
8.254266297508179662e+01 1.418971646550329879e+01
8.253813239365719312e+01 1.418861944066182801e+01
8.253360181223257541e+01 1.420588064517097493e+01
8.252907123080795770e+01 1.419488633814555101e+01
8.252454064938334000e+01 1.419801182255142180e+01
8.252001006795872229e+01 1.419781790525006748e+01
8.251547948653410458e+01 1.420634837300929476e+01
8.251094890510948687e+01 1.419706865724130829e+01
8.250641832368486916e+01 1.419349609445609417e+01
8.250188774226025146e+01 1.416951668738724379e+01
8.249735716083563375e+01 1.417342784452028503e+01
8.249282657941103025e+01 1.417977137627269002e+01
8.248829599798641254e+01 1.420822242278001646e+01
8.248376541656179484e+01 1.423962127241514430e+01
8.247923483513717713e+01 1.423738073595907494e+01
8.247470425371255942e+01 1.425848222206066218e+01
8.247017367228794171e+01 1.425215562023120519e+01
8.246564309086332401e+01 1.427976583637070362e+01
8.246111250943870630e+01 1.429662786793298856e+01
8.245658192801408859e+01 1.432496315666911713e+01
8.245205134658948509e+01 1.433747348982550562e+01
8.244752076516486738e+01 1.436915109132294255e+01
8.244299018374024968e+01 1.438675892664432965e+01
8.243845960231563197e+01 1.440945635871729813e+01
8.243392902089101426e+01 1.447516385526469662e+01
8.242939843946639655e+01 1.447745768837028102e+01
8.242486785804177885e+01 1.448963248282618999e+01
8.242033727661716114e+01 1.447280819262521767e+01
8.241580669519254343e+01 1.450651069099522239e+01
8.241127611376793993e+01 1.452647661510248511e+01
8.240674553234332222e+01 1.454929140770046558e+01
8.240221495091870452e+01 1.457871547530777612e+01
8.239768436949408681e+01 1.457405862083450110e+01
8.239315378806946910e+01 1.457814842558441271e+01
8.238862320664485139e+01 1.458182717811737028e+01
8.238409262522023369e+01 1.462166731488029470e+01
8.237956204379561598e+01 1.462121685338453325e+01
8.237503146237099827e+01 1.461482930593133744e+01
8.237050088094639477e+01 1.463114586193428579e+01
8.236597029952177706e+01 1.462331040920200209e+01
8.236143971809715936e+01 1.464597245233456846e+01
8.235690913667254165e+01 1.460138531002873030e+01
8.235237855524792394e+01 1.463702948287495076e+01
8.234784797382330623e+01 1.466363347735103417e+01
8.234331739239868853e+01 1.466928445549210558e+01
8.233878681097407082e+01 1.471721284573565924e+01
8.233425622954945311e+01 1.472693486409166042e+01
8.232972564812484961e+01 1.473854395622420022e+01
8.232519506670023191e+01 1.475270184491664516e+01
8.232066448527561420e+01 1.476469001763549116e+01
8.231613390385099649e+01 1.480167282214701352e+01
8.231160332242637878e+01 1.483219345057724858e+01
8.230707274100176107e+01 1.485429554097619409e+01
8.230254215957714337e+01 1.484957526566028818e+01
8.229801157815252566e+01 1.486842800255490005e+01
8.229348099672790795e+01 1.487112282129530882e+01
8.228895041530330445e+01 1.488865538504699870e+01
8.228441983387868675e+01 1.491428309215264392e+01
8.227988925245406904e+01 1.493631434498485255e+01
8.227535867102945133e+01 1.495775309422339561e+01
8.227082808960483362e+01 1.496412046622696046e+01
8.226629750818021591e+01 1.497491540262100784e+01
8.226176692675559821e+01 1.499622590403063604e+01
8.225723634533098050e+01 1.503323216271574836e+01
8.225270576390636279e+01 1.506543481093261683e+01
8.224817518248175929e+01 1.511429839510918427e+01
8.224364460105714159e+01 1.512245541503486912e+01
8.223911401963252388e+01 1.514478202343038404e+01
8.223458343820790617e+01 1.514450469289648105e+01
8.223005285678328846e+01 1.516387600416936543e+01
8.222552227535867075e+01 1.519413659500091107e+01
8.222099169393405305e+01 1.520393467099445850e+01
8.221646111250943534e+01 1.520872390748786529e+01
8.221193053108481763e+01 1.525405939625145102e+01
8.220739994966021413e+01 1.527860193337496852e+01
8.220286936823559643e+01 1.531423900898259127e+01
8.219833878681097872e+01 1.533274527697120249e+01
8.219380820538636101e+01 1.534273473565069601e+01
8.218927762396174330e+01 1.534562271485774154e+01
8.218474704253712559e+01 1.540139704492097117e+01
8.218021646111250789e+01 1.545242484449343223e+01
8.217568587968789018e+01 1.545319867485834209e+01
8.217115529826327247e+01 1.545417197686636790e+01
8.216662471683866897e+01 1.551119209619618111e+01
8.216209413541405127e+01 1.552133111085712613e+01
8.215756355398943356e+01 1.553915526882355813e+01
8.215303297256481585e+01 1.554952223803178590e+01
8.214850239114019814e+01 1.554329232016134199e+01
8.214397180971558043e+01 1.554405120830133136e+01
8.213944122829096273e+01 1.559444206717605219e+01
8.213491064686634502e+01 1.564064620923655013e+01
8.213038006544172731e+01 1.567343331376779147e+01
8.212584948401710960e+01 1.570917079070938094e+01
8.212131890259250611e+01 1.573038741397248863e+01
8.211678832116788840e+01 1.576444360308332904e+01
8.211225773974327069e+01 1.577115753062676795e+01
8.210772715831865298e+01 1.578180978522444633e+01
8.210319657689403527e+01 1.575320989291121698e+01
8.209866599546941757e+01 1.577994779269826253e+01
8.209413541404479986e+01 1.577571142014933336e+01
8.208960483262018215e+01 1.581028020973042558e+01
8.208507425119556444e+01 1.581289863392002637e+01
8.208054366977096095e+01 1.584058136287622176e+01
8.207601308834634324e+01 1.586786106078963599e+01
8.207148250692172553e+01 1.591056342247468258e+01
8.206695192549710782e+01 1.597357022214150390e+01
8.206242134407249011e+01 1.597139137869073089e+01
8.205789076264787241e+01 1.599922935593322570e+01
8.205336018122325470e+01 1.599710152350653303e+01
8.204882959979863699e+01 1.601283220640003790e+01
8.204429901837401928e+01 1.604351548721172449e+01
8.203976843694940158e+01 1.607452972381094725e+01
8.203523785552479808e+01 1.608654787757870963e+01
8.203070727410018037e+01 1.610089312872110412e+01
8.202617669267556266e+01 1.611974856377683096e+01
8.202164611125094495e+01 1.615893873141044068e+01
8.201711552982632725e+01 1.616235486589444648e+01
8.201258494840170954e+01 1.621083181183163546e+01
8.200805436697709183e+01 1.622603816818824640e+01
8.200352378555247412e+01 1.623847920071587936e+01
8.199899320412785642e+01 1.623654867148177061e+01
8.199446262270325292e+01 1.622847434459758631e+01
8.198993204127863521e+01 1.622596045082499927e+01
8.198540145985401750e+01 1.626922398625215038e+01
8.198087087842939980e+01 1.630713218083155525e+01
8.197634029700478209e+01 1.633268633778369505e+01
8.197180971558016438e+01 1.632948025850112828e+01
8.196727913415554667e+01 1.635869348021261160e+01
8.196274855273092896e+01 1.634721462763875977e+01
8.195821797130631126e+01 1.638643140520428432e+01
8.195368738988170776e+01 1.639075658460622265e+01
8.194915680845709005e+01 1.643031398819645261e+01
8.194462622703247234e+01 1.647061071602769999e+01
8.194009564560785464e+01 1.649620474724910224e+01
8.193556506418323693e+01 1.655462573235181623e+01
8.193103448275861922e+01 1.657736588567643210e+01
8.192650390133400151e+01 1.660018503064526030e+01
8.192197331990938380e+01 1.659688695647436774e+01
8.191744273848476610e+01 1.662945614994033861e+01
8.191291215706016260e+01 1.666164410480469726e+01
8.190838157563554489e+01 1.668006106142560085e+01
8.190385099421092718e+01 1.669233105711910170e+01
8.189932041278630948e+01 1.668409724237052671e+01
8.189478983136169177e+01 1.670377542293807949e+01
8.189025924993707406e+01 1.672161926512042385e+01
8.188572866851245635e+01 1.676835135770896912e+01
8.188119808708783864e+01 1.676443620759529551e+01
8.187666750566322094e+01 1.678863157389559646e+01
8.187213692423861744e+01 1.681419197446939862e+01
8.186760634281399973e+01 1.683010892145930981e+01
8.186307576138938202e+01 1.690196804275840137e+01
8.185854517996476432e+01 1.691957636540556109e+01
8.185401459854014661e+01 1.696915929147592195e+01
8.184948401711552890e+01 1.698623772711686186e+01
8.184495343569091119e+01 1.704291978795211193e+01
8.184042285426629348e+01 1.705423487486554279e+01
8.183589227284167578e+01 1.707605784885674893e+01
8.183136169141707228e+01 1.709988974653635196e+01
8.182683110999245457e+01 1.712289713784701206e+01
8.182230052856783686e+01 1.712441514064056491e+01
8.181776994714321916e+01 1.710477246461077527e+01
8.181323936571860145e+01 1.712746060069543219e+01
8.180870878429398374e+01 1.711036551807974249e+01
8.180417820286936603e+01 1.717847470062278603e+01
8.179964762144474832e+01 1.717967079362928118e+01
8.179511704002013062e+01 1.719035314014783822e+01
8.179058645859552712e+01 1.718915978391786226e+01
8.178605587717090941e+01 1.720069686996178149e+01
8.178152529574629170e+01 1.720831492124533568e+01
8.177699471432167400e+01 1.722909402599791662e+01
8.177246413289705629e+01 1.726436501911318189e+01
8.176793355147243858e+01 1.728000754223153024e+01
8.176340297004782087e+01 1.729728122920529643e+01
8.175887238862320316e+01 1.732250703654132451e+01
8.175434180719858546e+01 1.735307996415301446e+01
8.174981122577398196e+01 1.738704885515426213e+01
8.174528064434936425e+01 1.741882949946034742e+01
8.174075006292474654e+01 1.745697306271972238e+01
8.173621948150012884e+01 1.748615894856412822e+01
8.173168890007551113e+01 1.751810025750001643e+01
8.172715831865089342e+01 1.753910870950481282e+01
8.172262773722627571e+01 1.758148276247082720e+01
8.171809715580165800e+01 1.759325784068237652e+01
8.171356657437704030e+01 1.763281648566951887e+01
8.170903599295243680e+01 1.767799029919597231e+01
8.170450541152781909e+01 1.769312067805057609e+01
8.169997483010320138e+01 1.772573682965141728e+01
8.169544424867858368e+01 1.772077285092437648e+01
8.169091366725396597e+01 1.772786046604953825e+01
8.168638308582934826e+01 1.772483235213842789e+01
8.168185250440473055e+01 1.773347746077577014e+01
8.167732192298011284e+01 1.771707109711012151e+01
8.167279134155549514e+01 1.774704054631292038e+01
8.166826076013089164e+01 1.777471525008190767e+01
8.166373017870627393e+01 1.780486825101626636e+01
8.165919959728165622e+01 1.785556476324492792e+01
8.165466901585703852e+01 1.785079909565468625e+01
8.165013843443242081e+01 1.786284564065098834e+01
8.164560785300780310e+01 1.788526468370537970e+01
8.164107727158318539e+01 1.788532054460809562e+01
8.163654669015856769e+01 1.793247220028041866e+01
8.163201610873394998e+01 1.793480521775024528e+01
8.162748552730934648e+01 1.797152011415979800e+01
8.162295494588471456e+01 1.801371522548857484e+01
8.161842436446011106e+01 1.803585676058248310e+01
8.161389378303549336e+01 1.808988481109802393e+01
8.160936320161087565e+01 1.810683856847888862e+01
8.160483262018625794e+01 1.813847397712601150e+01
8.160030203876164023e+01 1.815147004059065949e+01
8.159577145733702253e+01 1.813658731484814624e+01
8.159124087591240482e+01 1.812334457986201741e+01
8.158671029448778711e+01 1.812996240495346356e+01
8.158217971306316940e+01 1.816081937550784886e+01
8.157764913163856590e+01 1.822322007037730884e+01
8.157311855021394820e+01 1.827060012533127775e+01
8.156858796878933049e+01 1.833074402940810899e+01
8.156405738736471278e+01 1.837512827222608536e+01
8.155952680594009507e+01 1.840873050750894890e+01
8.155499622451547737e+01 1.845267602622246628e+01
8.155046564309085966e+01 1.845645588116727609e+01
8.154593506166624195e+01 1.845639301873260152e+01
8.154140448024162424e+01 1.845858323154782710e+01
8.153687389881702074e+01 1.845552896925768493e+01
8.153234331739240304e+01 1.849400473298274861e+01
8.152781273596778533e+01 1.850602831056517061e+01
8.152328215454316762e+01 1.852189390538386604e+01
8.151875157311854991e+01 1.852133438195800963e+01
8.151422099169393221e+01 1.856573406154110017e+01
8.150969041026931450e+01 1.861246834670636474e+01
8.150515982884469679e+01 1.863320560093117351e+01
8.150062924742007908e+01 1.866355159280825760e+01
8.149609866599547559e+01 1.865667730473806074e+01
8.149156808457085788e+01 1.869017975137616361e+01
8.148703750314624017e+01 1.869238138781847169e+01
8.148250692172162246e+01 1.870383431171823219e+01
8.147797634029700475e+01 1.869753227850768695e+01
8.147344575887238705e+01 1.873929815728877202e+01
8.146891517744776934e+01 1.873395551002799309e+01
8.146438459602315163e+01 1.877744133331931309e+01
8.145985401459853392e+01 1.883281415005078685e+01
8.145532343317393043e+01 1.892232660257880639e+01
8.145079285174931272e+01 1.896161397986192654e+01
8.144626227032469501e+01 1.900215829320657690e+01
8.144173168890007730e+01 1.899753253614754911e+01
8.143720110747545959e+01 1.901469723132507639e+01
8.143267052605084189e+01 1.899457542088654094e+01
8.142813994462622418e+01 1.901733985419826567e+01
8.142360936320160647e+01 1.903615276372056897e+01
8.141907878177698876e+01 1.903495215305015975e+01
8.141454820035238527e+01 1.904724835670223015e+01
8.141001761892776756e+01 1.903582458224052942e+01
8.140548703750314985e+01 1.903413419920601157e+01
8.140095645607853214e+01 1.906009311630229419e+01
8.139642587465391443e+01 1.909569526517611848e+01
8.139189529322929673e+01 1.913077465556785128e+01
8.138736471180467902e+01 1.914973682011744316e+01
8.138283413038006131e+01 1.918381164948357309e+01
8.137830354895544360e+01 1.920306882810283255e+01
8.137377296753084011e+01 1.922849964276365498e+01
8.136924238610622240e+01 1.923606330781082363e+01
8.136471180468160469e+01 1.928471497828940073e+01
8.136018122325698698e+01 1.932874440227551460e+01
8.135565064183236927e+01 1.939062599003332821e+01
8.135112006040775157e+01 1.942475213355617214e+01
8.134658947898313386e+01 1.941835822174984472e+01
8.134205889755851615e+01 1.945205686258492861e+01
8.133752831613389844e+01 1.944815509120539687e+01
8.133299773470929495e+01 1.947172332581178367e+01
8.132846715328467724e+01 1.947509671735328496e+01
8.132393657186005953e+01 1.947780118769164304e+01
8.131940599043544182e+01 1.946668697337727849e+01
8.131487540901082411e+01 1.945273240407363957e+01
8.131034482758620641e+01 1.944372241341215712e+01
8.130581424616158870e+01 1.947184490965223347e+01
8.130128366473697099e+01 1.948078332284637071e+01
8.129675308331235328e+01 1.952596502783417520e+01
8.129222250188774979e+01 1.958973723831885039e+01
8.128769192046313208e+01 1.967199961363437311e+01
8.128316133903851437e+01 1.970810330584192727e+01
8.127863075761389666e+01 1.974492330485255565e+01
8.127410017618927895e+01 1.975902048653355081e+01
8.126956959476466125e+01 1.976619787502788483e+01
8.126503901334004354e+01 1.979253034443641823e+01
8.126050843191542583e+01 1.982976149189477155e+01
8.125597785049080812e+01 1.985038406886781814e+01
8.125144726906620463e+01 1.984626064959270053e+01
8.124691668764158692e+01 1.982751098729068318e+01
8.124238610621696921e+01 1.985203212193248490e+01
8.123785552479235150e+01 1.985155760739732855e+01
8.123332494336773379e+01 1.989801552271350715e+01
8.122879436194311609e+01 1.991520659729397380e+01
8.122426378051849838e+01 1.995390874034480433e+01
8.121973319909388067e+01 1.994874703148414952e+01
8.121520261766926296e+01 1.997760003445896260e+01
8.121067203624465947e+01 1.997898886570865074e+01
8.120614145482004176e+01 2.000913552011413543e+01
8.120161087339542405e+01 1.998747958589809315e+01
8.119708029197080634e+01 2.002049136102763782e+01
8.119254971054618863e+01 2.005235713886007787e+01
8.118801912912157093e+01 2.008793346933497048e+01
8.118348854769695322e+01 2.011080799352580684e+01
8.117895796627233551e+01 2.012999357624283547e+01
8.117442738484771780e+01 2.016804814713988137e+01
8.116989680342311431e+01 2.020651876870645935e+01
8.116536622199849660e+01 2.023551776618610276e+01
8.116083564057387889e+01 2.026707245108551803e+01
8.115630505914926118e+01 2.030013649629426098e+01
8.115177447772464348e+01 2.031112532463465215e+01
8.114724389630002577e+01 2.030929864912592464e+01
8.114271331487540806e+01 2.032582142108562095e+01
8.113818273345079035e+01 2.032179258493012952e+01
8.113365215202617264e+01 2.034979324956604785e+01
8.112912157060156915e+01 2.034983486611901071e+01
8.112459098917693723e+01 2.040914799132426793e+01
8.112006040775233373e+01 2.040576639610204523e+01
8.111552982632771602e+01 2.043919492639748370e+01
8.111099924490309832e+01 2.044819167760652334e+01
8.110646866347848061e+01 2.044735295886401971e+01
8.110193808205386290e+01 2.048295772828220507e+01
8.109740750062924519e+01 2.049878061990299116e+01
8.109287691920462748e+01 2.050840387853346058e+01
8.108834633778000978e+01 2.053079357078304668e+01
8.108381575635539207e+01 2.053876862847950235e+01
8.107928517493078857e+01 2.057250360558149538e+01
8.107475459350617086e+01 2.057935076190348056e+01
8.107022401208155316e+01 2.058865621176844130e+01
8.106569343065693545e+01 2.061520900134160428e+01
8.106116284923231774e+01 2.063928302048977059e+01
8.105663226780770003e+01 2.064343222869183236e+01
8.105210168638308232e+01 2.065426940503268938e+01
8.104757110495846462e+01 2.068952748152821286e+01
8.104304052353384691e+01 2.069258487389108936e+01
8.103850994210924341e+01 2.070318278781363830e+01
8.103397936068462570e+01 2.071670517353495455e+01
8.102944877926000800e+01 2.074262842431112475e+01
8.102491819783539029e+01 2.075405746956056774e+01
8.102038761641077258e+01 2.075649372217303679e+01
8.101585703498615487e+01 2.079128978022831831e+01
8.101132645356153716e+01 2.080635663755272802e+01
8.100679587213691946e+01 2.082990541084761915e+01
8.100226529071230175e+01 2.082613510548399205e+01
8.099773470928769825e+01 2.087124908657012057e+01
8.099320412786308054e+01 2.088097064555915239e+01
8.098867354643846284e+01 2.089164404382466600e+01
8.098414296501384513e+01 2.094248647360841176e+01
8.097961238358922742e+01 2.096880116005731054e+01
8.097508180216460971e+01 2.101028650684169108e+01
8.097055122073999200e+01 2.099730280121840309e+01
8.096602063931537430e+01 2.101147489557917325e+01
8.096149005789075659e+01 2.103695408044190174e+01
8.095695947646615309e+01 2.105020568643887913e+01
8.095242889504153538e+01 2.106770470258425121e+01
8.094789831361691768e+01 2.107612468065639888e+01
8.094336773219229997e+01 2.111575906547431458e+01
8.093883715076768226e+01 2.114458438717634792e+01
8.093430656934306455e+01 2.119822077367259894e+01
8.092977598791844684e+01 2.122440597221353542e+01
8.092524540649382914e+01 2.127267755040578479e+01
8.092071482506921143e+01 2.130695674319340327e+01
8.091618424364460793e+01 2.134123221567607587e+01
8.091165366221999022e+01 2.139384182988191085e+01
8.090712308079537252e+01 2.139719186054332312e+01
8.090259249937075481e+01 2.143264264910716221e+01
8.089806191794613710e+01 2.137564779421634498e+01
8.089353133652151939e+01 2.140364570382703135e+01
8.088900075509690168e+01 2.140435271664811268e+01
8.088447017367228398e+01 2.144681910946694359e+01
8.087993959224766627e+01 2.148342751454950772e+01
8.087540901082306277e+01 2.149982786864809370e+01
8.087087842939844506e+01 2.156836522013830404e+01
8.086634784797382736e+01 2.155751528673588524e+01
8.086181726654920965e+01 2.159786897553188112e+01
8.085728668512459194e+01 2.160602247937686116e+01
8.085275610369997423e+01 2.162745281347987714e+01
8.084822552227535652e+01 2.167557443391197936e+01
8.084369494085073882e+01 2.170300214353791901e+01
8.083916435942612111e+01 2.175186441389134018e+01
8.083463377800151761e+01 2.177539261206128174e+01
8.083010319657689990e+01 2.181954670233227489e+01
8.082557261515228220e+01 2.184144473537161346e+01
8.082104203372766449e+01 2.186317332494402521e+01
8.081651145230304678e+01 2.188174921834272268e+01
8.081198087087842907e+01 2.191091771627914753e+01
8.080745028945381137e+01 2.193208885719177914e+01
8.080291970802919366e+01 2.197106098260588425e+01
8.079838912660457595e+01 2.198345617902281646e+01
8.079385854517997245e+01 2.199092608029292961e+01
8.078932796375535474e+01 2.200350153455949709e+01
8.078479738233073704e+01 2.200074422730191870e+01
8.078026680090611933e+01 2.203946948091671487e+01
8.077573621948150162e+01 2.200768616998945149e+01
8.077120563805688391e+01 2.205247783870145284e+01
8.076667505663226621e+01 2.206661876290037583e+01
8.076214447520764850e+01 2.205908038789803527e+01
8.075761389378303079e+01 2.207681825690327670e+01
8.075308331235842729e+01 2.205807078180317404e+01
8.074855273093380958e+01 2.209123316302490636e+01
8.074402214950919188e+01 2.209450739299813904e+01
8.073949156808457417e+01 2.207905055603538003e+01
8.073496098665995646e+01 2.211021150820774039e+01
8.073043040523533875e+01 2.215160847024895574e+01
8.072589982381072105e+01 2.220070617115401035e+01
8.072136924238610334e+01 2.223376433977554711e+01
8.071683866096148563e+01 2.226183854572943233e+01
8.071230807953688213e+01 2.228444600094440275e+01
8.070777749811226442e+01 2.230120582347598202e+01
8.070324691668764672e+01 2.231412121927498049e+01
8.069871633526302901e+01 2.232971555344479597e+01
8.069418575383841130e+01 2.232103899588042850e+01
8.068965517241379359e+01 2.231693428317885974e+01
8.068512459098917589e+01 2.229708789427212068e+01
8.068059400956455818e+01 2.232119408378281733e+01
8.067606342813994047e+01 2.238794528911359905e+01
8.067153284671533697e+01 2.240727607968042179e+01
8.066700226529070505e+01 2.243356321887113225e+01
8.066247168386610156e+01 2.243388034239290008e+01
8.065794110244148385e+01 2.244645231309195665e+01
8.065341052101686614e+01 2.247390205531321428e+01
8.064887993959224843e+01 2.250637043021382055e+01
8.064434935816763073e+01 2.254059549608668078e+01
8.063981877674301302e+01 2.258412382998913515e+01
8.063528819531839531e+01 2.264832252671381596e+01
8.063075761389377760e+01 2.267405828923522648e+01
8.062622703246915989e+01 2.269954528277803973e+01
8.062169645104455640e+01 2.271668042504286333e+01
8.061716586961993869e+01 2.275806836149432399e+01
8.061263528819532098e+01 2.276620074722533360e+01
8.060810470677070327e+01 2.280216358210978811e+01
8.060357412534608557e+01 2.281179316782635880e+01
8.059904354392146786e+01 2.282931681889573028e+01
8.059451296249685015e+01 2.287663527245252837e+01
8.058998238107223244e+01 2.289729453099270273e+01
8.058545179964761473e+01 2.292003549415985830e+01
8.058092121822301124e+01 2.293545848664398790e+01
8.057639063679839353e+01 2.296071385196470516e+01
8.057186005537377582e+01 2.299174963594922616e+01
8.056732947394915811e+01 2.300032661858578464e+01
8.056279889252454041e+01 2.300509673332130234e+01
8.055826831109992270e+01 2.301588135645579669e+01
8.055373772967530499e+01 2.305705252328330701e+01
8.054920714825068728e+01 2.307446293272516158e+01
8.054467656682606957e+01 2.311335226344863258e+01
8.054014598540146608e+01 2.314743891141663568e+01
8.053561540397684837e+01 2.319014717341242360e+01
8.053108482255223066e+01 2.321939196772268943e+01
8.052655424112761295e+01 2.321368141959528586e+01
8.052202365970299525e+01 2.325312870757997175e+01
8.051749307827837754e+01 2.326847985988984391e+01
8.051296249685375983e+01 2.330331807681408307e+01
8.050843191542914212e+01 2.330833208560450487e+01
8.050390133400452441e+01 2.334546926779216136e+01
8.049937075257992092e+01 2.335263329906383944e+01
8.049484017115530321e+01 2.335866035708032129e+01
8.049030958973068550e+01 2.339606620501568912e+01
8.048577900830606779e+01 2.339140369614073123e+01
8.048124842688145009e+01 2.343796118477159496e+01
8.047671784545683238e+01 2.344002114279681237e+01
8.047218726403221467e+01 2.346701317249943486e+01
8.046765668260759696e+01 2.347061281821010326e+01
8.046312610118297926e+01 2.349921058655323236e+01
8.045859551975837576e+01 2.352415375010986054e+01
8.045406493833375805e+01 2.353015475780168941e+01
8.044953435690914034e+01 2.354357192534162380e+01
8.044500377548452263e+01 2.357578854362881771e+01
8.044047319405990493e+01 2.359685671183353151e+01
8.043594261263528722e+01 2.361030239622612115e+01
8.043141203121066951e+01 2.364068963385735955e+01
8.042688144978605180e+01 2.363623889792587107e+01
8.042235086836143410e+01 2.367341506482167901e+01
8.041782028693683060e+01 2.369966244373684816e+01
8.041328970551221289e+01 2.373809914778979291e+01
8.040875912408759518e+01 2.377534143022688795e+01
8.040422854266297747e+01 2.378530225641477713e+01
8.039969796123835977e+01 2.381760637918421963e+01
8.039516737981374206e+01 2.384972945501430885e+01
8.039063679838912435e+01 2.387364734223974594e+01
8.038610621696450664e+01 2.391884636452279977e+01
8.038157563553988894e+01 2.393838283765260400e+01
8.037704505411528544e+01 2.397001483937286181e+01
8.037251447269066773e+01 2.398145585024948900e+01
8.036798389126605002e+01 2.397510378599389469e+01
8.036345330984143231e+01 2.400490605333495253e+01
8.035892272841681461e+01 2.399018809079610648e+01
8.035439214699219690e+01 2.402872654509585004e+01
8.034986156556757919e+01 2.407906903988060776e+01
8.034533098414296148e+01 2.413863030514836083e+01
8.034080040271834378e+01 2.417538363309971317e+01
8.033626982129374028e+01 2.420176696083637324e+01
8.033173923986912257e+01 2.421240237358689384e+01
8.032720865844450486e+01 2.424507486873519113e+01
8.032267807701988716e+01 2.424417226807135606e+01
8.031814749559526945e+01 2.427804790155324000e+01
8.031361691417065174e+01 2.431265486346876159e+01
8.030908633274603403e+01 2.431239262116572419e+01
8.030455575132141632e+01 2.432552767482876277e+01
8.030002516989679862e+01 2.433502580944774962e+01
8.029549458847219512e+01 2.438467258615665045e+01
8.029096400704757741e+01 2.438301715444056939e+01
8.028643342562295970e+01 2.438762629980425345e+01
8.028190284419834200e+01 2.439294948438860899e+01
8.027737226277372429e+01 2.443109209109948665e+01
8.027284168134910658e+01 2.447349865598258845e+01
8.026831109992448887e+01 2.446860601762704235e+01
8.026378051849987116e+01 2.448465094838109479e+01
8.025924993707525346e+01 2.446610381973732729e+01
8.025471935565064996e+01 2.447052150954688088e+01
8.025018877422603225e+01 2.448455911978232535e+01
8.024565819280141454e+01 2.450887187035682047e+01
8.024112761137679684e+01 2.453925622583929567e+01
8.023659702995217913e+01 2.455520515265390458e+01
8.023206644852756142e+01 2.456455348626624868e+01
8.022753586710294371e+01 2.459794769448314256e+01
8.022300528567832600e+01 2.465568197002677664e+01
8.021847470425370830e+01 2.468579350199281208e+01
8.021394412282910480e+01 2.474748906282539096e+01
8.020941354140448709e+01 2.475794687366839497e+01
8.020488295997986938e+01 2.479569460027820327e+01
8.020035237855525168e+01 2.481748493011792434e+01
8.019582179713063397e+01 2.482514760648895447e+01
8.019129121570601626e+01 2.484228009954714977e+01
8.018676063428139855e+01 2.484981356618070691e+01
8.018223005285678084e+01 2.486716119182843698e+01
8.017769947143216314e+01 2.486943426545873947e+01
8.017316889000755964e+01 2.490441308997856851e+01
8.016863830858292772e+01 2.491727187299392199e+01
8.016410772715832422e+01 2.494522286511166342e+01
8.015957714573370652e+01 2.495598588715930433e+01
8.015504656430908881e+01 2.499013208238233474e+01
8.015051598288447110e+01 2.499540215543920496e+01
8.014598540145985339e+01 2.497518319032111833e+01
8.014145482003523568e+01 2.497845655199213155e+01
8.013692423861061798e+01 2.499225308944234314e+01
8.013239365718600027e+01 2.500275765812115125e+01
8.012786307576138256e+01 2.498895572436393664e+01
8.012333249433677906e+01 2.501944062630408538e+01
8.011880191291216136e+01 2.505445269627637117e+01
8.011427133148754365e+01 2.509779395963137816e+01
8.010974075006292594e+01 2.514472630885541449e+01
8.010521016863830823e+01 2.518504548340808569e+01
8.010067958721369052e+01 2.522599351726558581e+01
8.009614900578907282e+01 2.525313191664047352e+01
8.009161842436445511e+01 2.527061004958613566e+01
8.008708784293983740e+01 2.530305776927789196e+01
8.008255726151523390e+01 2.533632617195384285e+01
8.007802668009061620e+01 2.537049569253171910e+01
8.007349609866599849e+01 2.540500849219167989e+01
8.006896551724138078e+01 2.541906693442831511e+01
8.006443493581676307e+01 2.541494876077227616e+01
8.005990435439214536e+01 2.539782667740517397e+01
8.005537377296752766e+01 2.540459680358981132e+01
8.005084319154290995e+01 2.542269106849357385e+01
8.004631261011829224e+01 2.542402625024099905e+01
8.004178202869368874e+01 2.546151309412195118e+01
8.003725144726907104e+01 2.548878988768892029e+01
8.003272086584445333e+01 2.551394992835584219e+01
8.002819028441983562e+01 2.551984618654652692e+01
8.002365970299521791e+01 2.554178129100149519e+01
8.001912912157060020e+01 2.555847132278804779e+01
8.001459854014598250e+01 2.560375646536793681e+01
8.001006795872136479e+01 2.562920261168359204e+01
8.000553737729674708e+01 2.565468045226124616e+01
8.000100679587214358e+01 2.568504513541354584e+01
7.999647621444752588e+01 2.567561082844510878e+01
7.999194563302290817e+01 2.572067523516884435e+01
7.998741505159829046e+01 2.573250081527527655e+01
7.998288447017367275e+01 2.576893312323186080e+01
7.997835388874905505e+01 2.579362827620114729e+01
7.997382330732443734e+01 2.584389540409379649e+01
7.996929272589981963e+01 2.587639622126062022e+01
7.996476214447520192e+01 2.589101190060684488e+01
7.996023156305059842e+01 2.589551926044824981e+01
7.995570098162598072e+01 2.593096899693653512e+01
7.995117040020136301e+01 2.597273964016788383e+01
7.994663981877674530e+01 2.600611146225033110e+01
7.994210923735212759e+01 2.605257171111011161e+01
7.993757865592750989e+01 2.609132360625235236e+01
7.993304807450289218e+01 2.613939637155479190e+01
7.992851749307827447e+01 2.614099561121502902e+01
7.992398691165365676e+01 2.617236902952451061e+01
7.991945633022905326e+01 2.616985581708011921e+01
7.991492574880443556e+01 2.619051581100387338e+01
7.991039516737981785e+01 2.617849548036326368e+01
7.990586458595520014e+01 2.617149050636906793e+01
7.990133400453058243e+01 2.616601975882410613e+01
7.989680342310596473e+01 2.620061868644813430e+01
7.989227284168134702e+01 2.623497139120650701e+01
7.988774226025672931e+01 2.629569952634893326e+01
7.988321167883211160e+01 2.633867513343808398e+01
7.987868109740750810e+01 2.638148579575869235e+01
7.987415051598289040e+01 2.643477466823238942e+01
7.986961993455827269e+01 2.646343484764455667e+01
7.986508935313365498e+01 2.648552102667490260e+01
7.986055877170903727e+01 2.648755472034325464e+01
7.985602819028441957e+01 2.649941196608477512e+01
7.985149760885980186e+01 2.652260003952899936e+01
7.984696702743518415e+01 2.653321245479586210e+01
7.984243644601056644e+01 2.657329829414191735e+01
7.983790586458596295e+01 2.658310569374092580e+01
7.983337528316134524e+01 2.657548670851154782e+01
7.982884470173672753e+01 2.658852086313741481e+01
7.982431412031210982e+01 2.658168075900585592e+01
7.981978353888749211e+01 2.661579120714479885e+01
7.981525295746287441e+01 2.660030422014370899e+01
7.981072237603825670e+01 2.659788651550029215e+01
7.980619179461363899e+01 2.662402989194132985e+01
7.980166121318902128e+01 2.663969279069920049e+01
7.979713063176441779e+01 2.667428739572988761e+01
7.979260005033980008e+01 2.668101680092234673e+01
7.978806946891518237e+01 2.668583294822731489e+01
7.978353888749056466e+01 2.672059667215380685e+01
7.977900830606594695e+01 2.673574168500035242e+01
7.977447772464132925e+01 2.679020694048265838e+01
7.976994714321671154e+01 2.681788352425460431e+01
7.976541656179209383e+01 2.685794070264126532e+01
7.976088598036747612e+01 2.686840416088352868e+01
7.975635539894287263e+01 2.688789512976980944e+01
7.975182481751825492e+01 2.691311620759662304e+01
7.974729423609363721e+01 2.694001404922961029e+01
7.974276365466901950e+01 2.695444110254571868e+01
7.973823307324440179e+01 2.699799805950347320e+01
7.973370249181978409e+01 2.701999944854927094e+01
7.972917191039516638e+01 2.707656689206415379e+01
7.972464132897054867e+01 2.709500646063768414e+01
7.972011074754593096e+01 2.715083166170086670e+01
7.971558016612132747e+01 2.718675061436525198e+01
7.971104958469669555e+01 2.720011254362458430e+01
7.970651900327209205e+01 2.721030930268401704e+01
7.970198842184747434e+01 2.723708044569674414e+01
7.969745784042285663e+01 2.726312911400037819e+01
7.969292725899823893e+01 2.726679765190470661e+01
7.968839667757362122e+01 2.728631131377556684e+01
7.968386609614900351e+01 2.730836187235578194e+01
7.967933551472438580e+01 2.730366895338990574e+01
7.967480493329976809e+01 2.732064124654634796e+01
7.967027435187515039e+01 2.731230938384800311e+01
7.966574377045054689e+01 2.732754139605804866e+01
7.966121318902592918e+01 2.733645206091772906e+01
7.965668260760131147e+01 2.735374424621002021e+01
7.965215202617669377e+01 2.741094496866780972e+01
7.964762144475207606e+01 2.743300774395668640e+01
7.964309086332745835e+01 2.743673958323988060e+01
7.963856028190284064e+01 2.745491043788792851e+01
7.963402970047822294e+01 2.748408119827729479e+01
7.962949911905360523e+01 2.750848727204014921e+01
7.962496853762900173e+01 2.753718181936595855e+01
7.962043795620438402e+01 2.759857422676439143e+01
7.961590737477976631e+01 2.761828946454695455e+01
7.961137679335514861e+01 2.761199348355424732e+01
7.960684621193053090e+01 2.761393320536998885e+01
7.960231563050591319e+01 2.764932389580567929e+01
7.959778504908129548e+01 2.766665348489012999e+01
7.959325446765667778e+01 2.771121599967021609e+01
7.958872388623206007e+01 2.771857796217849668e+01
7.958419330480745657e+01 2.774279573922836306e+01
7.957966272338283886e+01 2.773700579816350853e+01
7.957513214195822115e+01 2.775976728315673370e+01
7.957060156053360345e+01 2.774735174855962683e+01
7.956607097910898574e+01 2.773948777740207206e+01
7.956154039768436803e+01 2.773566620683483208e+01
7.955700981625975032e+01 2.776869951304593442e+01
7.955247923483513262e+01 2.780878264649610188e+01
7.954794865341051491e+01 2.785709505284052057e+01
7.954341807198591141e+01 2.791617008659684984e+01
7.953888749056129370e+01 2.795481964579552780e+01
7.953435690913667599e+01 2.803423059654320326e+01
7.952982632771205829e+01 2.803400440874391109e+01
7.952529574628744058e+01 2.806011743773977329e+01
7.952076516486282287e+01 2.808255103209645043e+01
7.951623458343820516e+01 2.808854067850250402e+01
7.951170400201358746e+01 2.812683529946378513e+01
7.950717342058896975e+01 2.813526368597439387e+01
7.950264283916436625e+01 2.816066327696794858e+01
7.949811225773974854e+01 2.815673530386477452e+01
7.949358167631513084e+01 2.815793747844241324e+01
7.948905109489051313e+01 2.818218290394369774e+01
7.948452051346589542e+01 2.821205415540436334e+01
7.947998993204127771e+01 2.825956481025256295e+01
7.947545935061666000e+01 2.829085186109875139e+01
7.947092876919204230e+01 2.830850285914132058e+01
7.946639818776742459e+01 2.834291103855797544e+01
7.946186760634282109e+01 2.836653350212077029e+01
7.945733702491820338e+01 2.837651071115977430e+01
7.945280644349358568e+01 2.840253863050618932e+01
7.944827586206896797e+01 2.842248215509980369e+01
7.944374528064435026e+01 2.843476726965877788e+01
7.943921469921973255e+01 2.844347483442408731e+01
7.943468411779511484e+01 2.844082036086422249e+01
7.943015353637049714e+01 2.847317973562063642e+01
7.942562295494587943e+01 2.847119325662455225e+01
7.942109237352127593e+01 2.849566604692171268e+01
7.941656179209665822e+01 2.853832660095173779e+01
7.941203121067204052e+01 2.857020755699344861e+01
7.940750062924742281e+01 2.859056408234535596e+01
7.940297004782280510e+01 2.861199123188984217e+01
7.939843946639818739e+01 2.861931706502272377e+01
7.939390888497356968e+01 2.863342146938871124e+01
7.938937830354895198e+01 2.867436485205622532e+01
7.938484772212433427e+01 2.871128836794699524e+01
7.938031714069973077e+01 2.874879615349569306e+01
7.937578655927511306e+01 2.876333744904150436e+01
7.937125597785049536e+01 2.878488870205916328e+01
7.936672539642587765e+01 2.880090555769085015e+01
7.936219481500125994e+01 2.882843217093070010e+01
7.935766423357664223e+01 2.886443593191956225e+01
7.935313365215202452e+01 2.888632716397273370e+01
7.934860307072740682e+01 2.892256188207976919e+01
7.934407248930278911e+01 2.895184915748435728e+01
7.933954190787818561e+01 2.900287806568551119e+01
7.933501132645356790e+01 2.903245458833000825e+01
7.933048074502895020e+01 2.908318951846725398e+01
7.932595016360433249e+01 2.908956408755863876e+01
7.932141958217971478e+01 2.910847097985952914e+01
7.931688900075509707e+01 2.910850380588768971e+01
7.931235841933047936e+01 2.912080121402119204e+01
7.930782783790586166e+01 2.914526975435577683e+01
7.930329725648124395e+01 2.913661566633026467e+01
7.929876667505664045e+01 2.916392573719233283e+01
7.929423609363202274e+01 2.919484543782226282e+01
7.928970551220740504e+01 2.924137999987960157e+01
7.928517493078278733e+01 2.925176901980138666e+01
7.928064434935816962e+01 2.929213560271776018e+01
7.927611376793355191e+01 2.930509147940943393e+01
7.927158318650893420e+01 2.934455943932846012e+01
7.926705260508431650e+01 2.939841958213103723e+01
7.926252202365969879e+01 2.942358459350464273e+01
7.925799144223509529e+01 2.944382445996627240e+01
7.925346086081047758e+01 2.943240849976916351e+01
7.924893027938585988e+01 2.946949990479087589e+01
7.924439969796124217e+01 2.946133023811912466e+01
7.923986911653662446e+01 2.947974140054247272e+01
7.923533853511200675e+01 2.948599687090868571e+01
7.923080795368738904e+01 2.951103892444477594e+01
7.922627737226277134e+01 2.954020767600774988e+01
7.922174679083815363e+01 2.954926555066736427e+01
7.921721620941355013e+01 2.957359165871617535e+01
7.921268562798891821e+01 2.955150003378381030e+01
7.920815504656431472e+01 2.958037893430982024e+01
7.920362446513969701e+01 2.959637798975520440e+01
7.919909388371507930e+01 2.962015603530176477e+01
7.919456330229046159e+01 2.962940464055584044e+01
7.919003272086584388e+01 2.966476657311535092e+01
7.918550213944122618e+01 2.966409462729022906e+01
7.918097155801660847e+01 2.969124948370982864e+01
7.917644097659199076e+01 2.974741529515241112e+01
7.917191039516737305e+01 2.977584034370865140e+01
7.916737981374276956e+01 2.983068251714195540e+01
7.916284923231815185e+01 2.985321169784065631e+01
7.915831865089353414e+01 2.989055454173086090e+01
7.915378806946891643e+01 2.992162748284907892e+01
7.914925748804429873e+01 2.993760319097017231e+01
7.914472690661968102e+01 2.995654852512043931e+01
7.914019632519506331e+01 2.997249730262686640e+01
7.913566574377044560e+01 3.000949264320835042e+01
7.913113516234582789e+01 3.002710679756792800e+01
7.912660458092122440e+01 3.007559982799814691e+01
7.912207399949660669e+01 3.009044804211179525e+01
7.911754341807198898e+01 3.011709513770506774e+01
7.911301283664737127e+01 3.010370861052663827e+01
7.910848225522275357e+01 3.014003442114167441e+01
7.910395167379813586e+01 3.019072726054501032e+01
7.909942109237351815e+01 3.026966452575292621e+01
7.909489051094890044e+01 3.032157059752517014e+01
7.909035992952428273e+01 3.035735706771211895e+01
7.908582934809967924e+01 3.038781097018560118e+01
7.908129876667506153e+01 3.041897562962416401e+01
7.907676818525044382e+01 3.044606958568292754e+01
7.907223760382582611e+01 3.045887957083146702e+01
7.906770702240120841e+01 3.050952329919679329e+01
7.906317644097659070e+01 3.050898179124376242e+01
7.905864585955197299e+01 3.051309605806422454e+01
7.905411527812735528e+01 3.050912016352377520e+01
7.904958469670273757e+01 3.051309606553927267e+01
7.904505411527813408e+01 3.052523344665451077e+01
7.904052353385351637e+01 3.050427468987740198e+01
7.903599295242889866e+01 3.056482682098723913e+01
7.903146237100428095e+01 3.060075221642670940e+01
7.902693178957966325e+01 3.062621677215071969e+01
7.902240120815504554e+01 3.062195647676998433e+01
7.901787062673042783e+01 3.065532434095964121e+01
7.901334004530581012e+01 3.065754582344326451e+01
7.900880946388119241e+01 3.069131995829620152e+01
7.900427888245658892e+01 3.070552976014007029e+01
7.899974830103197121e+01 3.073839674970115610e+01
7.899521771960735350e+01 3.077105196332836812e+01
7.899068713818273579e+01 3.080438866067815695e+01
7.898615655675811809e+01 3.085161219495867968e+01
7.898162597533350038e+01 3.084471471221166183e+01
7.897709539390888267e+01 3.086708022465318280e+01
7.897256481248426496e+01 3.088357142834457747e+01
7.896803423105964725e+01 3.090419362477862819e+01
7.896350364963504376e+01 3.095297325441352143e+01
7.895897306821042605e+01 3.099904510895468235e+01
7.895444248678580834e+01 3.103847702269307618e+01
7.894991190536119063e+01 3.103959247878188066e+01
7.894538132393657293e+01 3.106213555500528400e+01
7.894085074251195522e+01 3.108010715777616539e+01
7.893632016108733751e+01 3.108975832104477277e+01
7.893178957966271980e+01 3.111519596812202693e+01
7.892725899823810209e+01 3.114452219851331805e+01
7.892272841681349860e+01 3.116551123178079052e+01
7.891819783538888089e+01 3.119360992616686801e+01
7.891366725396426318e+01 3.120389929285134301e+01
7.890913667253964547e+01 3.121400313179906760e+01
7.890460609111502777e+01 3.124702069891253942e+01
7.890007550969041006e+01 3.125325130793156703e+01
7.889554492826579235e+01 3.128610691632043483e+01
7.889101434684117464e+01 3.130665816629772635e+01
7.888648376541655693e+01 3.132528676949854329e+01
7.888195318399195344e+01 3.135952152217716815e+01
7.887742260256733573e+01 3.142764939466496088e+01
7.887289202114271802e+01 3.144216945522114059e+01
7.886836143971810031e+01 3.148481653076924047e+01
7.886383085829348261e+01 3.150855207494589649e+01
7.885930027686886490e+01 3.154915712159138153e+01
7.885476969544424719e+01 3.156915912415025360e+01
7.885023911401962948e+01 3.162015142501570963e+01
7.884570853259501177e+01 3.163767749161183218e+01
7.884117795117040828e+01 3.165160402088890734e+01
7.883664736974579057e+01 3.168085938059989104e+01
7.883211678832117286e+01 3.171636283800820166e+01
7.882758620689655515e+01 3.175881856574220308e+01
7.882305562547193745e+01 3.177220510064842074e+01
7.881852504404731974e+01 3.181096420791903157e+01
7.881399446262270203e+01 3.185000569094757239e+01
7.880946388119808432e+01 3.189247012049352037e+01
7.880493329977346662e+01 3.190619669172397010e+01
7.880040271834886312e+01 3.192710199485595979e+01
7.879587213692424541e+01 3.195198903322118156e+01
7.879134155549962770e+01 3.197996479491334654e+01
7.878681097407500999e+01 3.200420677732407171e+01
7.878228039265039229e+01 3.202941848234449651e+01
7.877774981122577458e+01 3.207012053832635701e+01
7.877321922980115687e+01 3.209215296221324820e+01
7.876868864837653916e+01 3.212830383876164575e+01
7.876415806695192146e+01 3.216626070786945490e+01
7.875962748552731796e+01 3.216266998201470528e+01
7.875509690410268604e+01 3.217301322830466859e+01
7.875056632267808254e+01 3.220870056540604764e+01
7.874603574125346483e+01 3.222030106016485007e+01
7.874150515982884713e+01 3.223330730100131802e+01
7.873697457840422942e+01 3.228222240043402280e+01
7.873244399697961171e+01 3.233221600501895665e+01
7.872791341555499400e+01 3.238705208611077069e+01
7.872338283413037630e+01 3.244494279890794530e+01
7.871885225270575859e+01 3.249039583915851637e+01
7.871432167128114088e+01 3.250863332571779551e+01
7.870979108985653738e+01 3.251662971312974548e+01
7.870526050843191967e+01 3.251185670190972132e+01
7.870072992700730197e+01 3.253888608636714963e+01
7.869619934558268426e+01 3.254070068720191955e+01
7.869166876415806655e+01 3.255213426802119159e+01
7.868713818273344884e+01 3.256971067546928111e+01
7.868260760130883114e+01 3.258324775107653437e+01
7.867807701988421343e+01 3.262741995164813602e+01
7.867354643845959572e+01 3.265310509015173324e+01
7.866901585703499222e+01 3.270950534974658552e+01
7.866448527561037452e+01 3.273633275328263181e+01
7.865995469418575681e+01 3.279380048485016630e+01
7.865542411276113910e+01 3.282474471926378357e+01
7.865089353133652139e+01 3.284187274664228795e+01
7.864636294991190368e+01 3.288399135282427466e+01
7.864183236848728598e+01 3.289087441711203041e+01
7.863730178706266827e+01 3.291540061264792882e+01
7.863277120563805056e+01 3.292822539586127562e+01
7.862824062421344706e+01 3.293828019334891621e+01
7.862371004278882936e+01 3.293433873938594303e+01
7.861917946136421165e+01 3.291067961806053432e+01
7.861464887993959394e+01 3.298347125963118032e+01
7.861011829851497623e+01 3.296959186628377125e+01
7.860558771709035852e+01 3.305038815067402425e+01
7.860105713566574082e+01 3.309203060453284451e+01
7.859652655424112311e+01 3.316071830883250726e+01
7.859199597281650540e+01 3.321669033387100001e+01
7.858746539139190190e+01 3.323197325608444430e+01
7.858293480996728420e+01 3.327169362885559423e+01
7.857840422854266649e+01 3.326802503820105983e+01
7.857387364711804878e+01 3.330437385050724686e+01
7.856934306569343107e+01 3.333452848444179750e+01
7.856481248426881336e+01 3.334347658572386308e+01
7.856028190284419566e+01 3.336028384592456320e+01
7.855575132141957795e+01 3.336744911003221148e+01
7.855122073999496024e+01 3.342676231248641017e+01
7.854669015857035674e+01 3.344430492178469194e+01
7.854215957714573904e+01 3.348350469356926595e+01
7.853762899572112133e+01 3.350255226307301371e+01
7.853309841429650362e+01 3.353194427145371037e+01
7.852856783287188591e+01 3.357255580051781862e+01
7.852403725144726820e+01 3.361990553749171085e+01
7.851950667002265050e+01 3.363805794804913774e+01
7.851497608859803279e+01 3.367529150462116405e+01
7.851044550717341508e+01 3.372401385417914810e+01
7.850591492574881158e+01 3.376193717976710928e+01
7.850138434432419388e+01 3.381844386210650555e+01
7.849685376289957617e+01 3.382857315839520140e+01
7.849232318147495846e+01 3.383742840913345873e+01
7.848779260005034075e+01 3.384497041608674550e+01
7.848326201862572304e+01 3.388116185627311694e+01
7.847873143720110534e+01 3.392943473413512123e+01
7.847420085577648763e+01 3.396718885251763709e+01
7.846967027435186992e+01 3.399490858284364947e+01
7.846513969292726642e+01 3.399937716772503649e+01
7.846060911150264872e+01 3.403029427254627848e+01
7.845607853007803101e+01 3.406721335911295512e+01
7.845154794865341330e+01 3.411592891007369843e+01
7.844701736722879559e+01 3.414452706304724217e+01
7.844248678580417788e+01 3.414326986395860786e+01
7.843795620437956018e+01 3.418794987202208802e+01
7.843342562295494247e+01 3.419321367133915146e+01
7.842889504153032476e+01 3.421296465816409693e+01
7.842436446010572126e+01 3.421927285524775186e+01
7.841983387868110356e+01 3.424971441173114783e+01
7.841530329725648585e+01 3.428210169337788216e+01
7.841077271583186814e+01 3.432582813911388087e+01
7.840624213440725043e+01 3.436337034130889379e+01
7.840171155298263272e+01 3.435383507929761748e+01
7.839718097155801502e+01 3.438122379527150230e+01
7.839265039013339731e+01 3.440196328156334715e+01
7.838811980870877960e+01 3.447349385109188802e+01
7.838358922728417610e+01 3.450681397662086880e+01
7.837905864585955840e+01 3.455715349735898201e+01
7.837452806443494069e+01 3.460697051945841451e+01
7.836999748301032298e+01 3.463758834780108486e+01
7.836546690158570527e+01 3.470196359355394833e+01
7.836093632016108756e+01 3.471817351759072068e+01
7.835640573873646986e+01 3.474434656572652358e+01
7.835187515731185215e+01 3.472032608772246220e+01
7.834734457588723444e+01 3.475036076943484886e+01
7.834281399446263094e+01 3.476691997862898376e+01
7.833828341303801324e+01 3.477999083279789971e+01
7.833375283161339553e+01 3.480088654591983044e+01
7.832922225018877782e+01 3.478515943941147981e+01
7.832469166876416011e+01 3.480440899158909218e+01
7.832016108733954241e+01 3.483235524713877851e+01
7.831563050591492470e+01 3.482825589750434148e+01
7.831109992449030699e+01 3.483368183212444080e+01
7.830656934306568928e+01 3.484423071214328615e+01
7.830203876164108578e+01 3.487424915085493637e+01
7.829750818021646808e+01 3.489729404675757962e+01
7.829297759879185037e+01 3.491364327292917125e+01
7.828844701736723266e+01 3.493572168092882890e+01
7.828391643594261495e+01 3.495312662243402713e+01
7.827938585451799725e+01 3.498665650589435216e+01
7.827485527309337954e+01 3.501803390476533906e+01
7.827032469166876183e+01 3.506225257095094605e+01
7.826579411024414412e+01 3.510792402600871753e+01
7.826126352881954062e+01 3.513335710461685579e+01
7.825673294739490871e+01 3.517745368542157536e+01
7.825220236597030521e+01 3.518228603914484864e+01
7.824767178454568750e+01 3.518553465045721396e+01
7.824314120312106979e+01 3.519617459518551783e+01
7.823861062169645209e+01 3.521884553824180841e+01
7.823408004027183438e+01 3.527638993410349144e+01
7.822954945884721667e+01 3.529143776849745251e+01
7.822501887742259896e+01 3.532421925990014699e+01
7.822048829599798125e+01 3.537148228909165226e+01
7.821595771457336355e+01 3.541652570336443517e+01
7.821142713314876005e+01 3.546194748793773499e+01
7.820689655172414234e+01 3.548312268184851348e+01
7.820236597029952463e+01 3.551467229665752257e+01
7.819783538887490693e+01 3.553546030418592494e+01
7.819330480745028922e+01 3.556777682843878097e+01
7.818877422602567151e+01 3.559863154051283374e+01
7.818424364460105380e+01 3.563825681483783825e+01
7.817971306317643609e+01 3.566117513669559713e+01
7.817518248175181839e+01 3.571481296763042224e+01
7.817065190032721489e+01 3.574585908048641159e+01
7.816612131890259718e+01 3.577319975524811468e+01
7.816159073747797947e+01 3.579881587138506660e+01
7.815706015605336177e+01 3.581234508112203230e+01
7.815252957462874406e+01 3.584820043466957173e+01
7.814799899320412635e+01 3.585281909707387626e+01
7.814346841177950864e+01 3.587467200762566222e+01
7.813893783035489093e+01 3.589442177419974200e+01
7.813440724893027323e+01 3.593498021711729962e+01
7.812987666750566973e+01 3.596298181401130023e+01
7.812534608608105202e+01 3.596909327161270653e+01
7.812081550465643431e+01 3.601660225998338660e+01
7.811628492323181661e+01 3.608630424188811503e+01
7.811175434180719890e+01 3.612690559656905975e+01
7.810722376038258119e+01 3.614638042044399668e+01
7.810269317895796348e+01 3.614225054911288026e+01
7.809816259753334577e+01 3.616422792642364925e+01
7.809363201610872807e+01 3.617703123548178468e+01
7.808910143468412457e+01 3.621047254343704935e+01
7.808457085325950686e+01 3.622735526118223959e+01
7.808004027183488915e+01 3.623935383729364901e+01
7.807550969041027145e+01 3.624271437224040682e+01
7.807097910898565374e+01 3.626761468283315537e+01
7.806644852756103603e+01 3.630665302879550183e+01
7.806191794613641832e+01 3.632286854173980117e+01
7.805738736471180061e+01 3.634399994861381344e+01
7.805285678328718291e+01 3.634173128567691435e+01
7.804832620186257941e+01 3.637797093813075833e+01
7.804379562043796170e+01 3.637852497838827759e+01
7.803926503901334399e+01 3.638878714255481839e+01
7.803473445758872629e+01 3.640822789107786406e+01
7.803020387616410858e+01 3.642281096631787563e+01
7.802567329473949087e+01 3.644254977282211172e+01
7.802114271331487316e+01 3.646403692992157630e+01
7.801661213189025545e+01 3.645542639664544993e+01
7.801208155046563775e+01 3.645803207818072877e+01
7.800755096904103425e+01 3.648648735339497762e+01
7.800302038761641654e+01 3.652562282615979683e+01
7.799848980619179883e+01 3.656917893649386997e+01
7.799395922476718113e+01 3.658401358147855120e+01
7.798942864334256342e+01 3.658323578177022739e+01
7.798489806191794571e+01 3.657236275681672311e+01
7.798036748049332800e+01 3.658133858066082666e+01
7.797583689906871030e+01 3.658530342651209111e+01
7.797130631764409259e+01 3.656803812093654926e+01
7.796677573621948909e+01 3.657322640098050215e+01
7.796224515479487138e+01 3.659174996810936165e+01
7.795771457337025367e+01 3.660919083095006954e+01
7.795318399194563597e+01 3.664341640226433583e+01
7.794865341052101826e+01 3.667023015760356230e+01
7.794412282909640055e+01 3.670790540952873471e+01
7.793959224767178284e+01 3.674416935690774721e+01
7.793506166624716514e+01 3.678275840351129489e+01
7.793053108482254743e+01 3.680304497609120062e+01
7.792600050339794393e+01 3.682814367504818875e+01
7.792146992197332622e+01 3.681992616807460195e+01
7.791693934054870851e+01 3.683882156690822995e+01
7.791240875912409081e+01 3.684144953812890577e+01
7.790787817769947310e+01 3.684905227224530933e+01
7.790334759627485539e+01 3.686572790801037769e+01
7.789881701485023768e+01 3.687575138571776989e+01
7.789428643342561998e+01 3.687644580626092505e+01
7.788975585200100227e+01 3.690323899236607019e+01
7.788522527057639877e+01 3.694360580807602901e+01
7.788069468915178106e+01 3.696996439751863051e+01
7.787616410772716335e+01 3.697373935946139767e+01
7.787163352630254565e+01 3.697657010657708554e+01
7.786710294487792794e+01 3.698558832846496358e+01
7.786257236345331023e+01 3.702710993288040697e+01
7.785804178202869252e+01 3.704509913414977973e+01
7.785351120060407482e+01 3.708979233102650142e+01
7.784898061917945711e+01 3.709894928740191489e+01
7.784445003775485361e+01 3.712689251243609334e+01
7.783991945633023590e+01 3.715958119403288862e+01
7.783538887490561820e+01 3.717043532152442253e+01
7.783085829348100049e+01 3.719347724416200407e+01
7.782632771205638278e+01 3.716483730019433551e+01
7.782179713063176507e+01 3.717253587484781718e+01
7.781726654920714736e+01 3.721671105939739732e+01
7.781273596778252966e+01 3.725922106726711291e+01
7.780820538635791195e+01 3.727959162176677665e+01
7.780367480493330845e+01 3.733116301245149771e+01
7.779914422350867653e+01 3.733985381137669890e+01
7.779461364208407304e+01 3.734252004613346543e+01
7.779008306065945533e+01 3.735644749690406741e+01
7.778555247923483762e+01 3.738462522544129740e+01
7.778102189781021991e+01 3.737566576803968132e+01
7.777649131638560220e+01 3.738746891086912427e+01
7.777196073496098450e+01 3.737427129093468636e+01
7.776743015353636679e+01 3.742099130095094495e+01
7.776289957211174908e+01 3.740929369134727267e+01
7.775836899068713137e+01 3.740095425548457087e+01
7.775383840926252788e+01 3.740661925697811085e+01
7.774930782783791017e+01 3.737794705471316803e+01
7.774477724641329246e+01 3.738806774406278066e+01
7.774024666498867475e+01 3.737148668152793363e+01
7.773571608356405704e+01 3.739631815866032127e+01
7.773118550213943934e+01 3.739649685908714360e+01
7.772665492071482163e+01 3.741885576555967674e+01
7.772212433929020392e+01 3.747180113972047621e+01
7.771759375786558621e+01 3.749025601823068854e+01
7.771306317644098272e+01 3.752760787324935166e+01
7.770853259501636501e+01 3.755658263311569556e+01
7.770400201359174730e+01 3.758672616509034015e+01
7.769947143216712959e+01 3.757650173366692314e+01
7.769494085074251188e+01 3.755533392815011240e+01
7.769041026931789418e+01 3.755985253242558741e+01
7.768587968789327647e+01 3.756646911217845997e+01
7.768134910646865876e+01 3.760009940201566536e+01
7.767681852504404105e+01 3.759773459922740813e+01
7.767228794361943756e+01 3.763771994710887725e+01
7.766775736219481985e+01 3.762396199805274222e+01
7.766322678077020214e+01 3.765302795555395221e+01
7.765869619934558443e+01 3.767522615229125904e+01
7.765416561792096672e+01 3.768822882236362659e+01
7.764963503649634902e+01 3.770351627819171370e+01
7.764510445507173131e+01 3.773037023543412261e+01
7.764057387364711360e+01 3.778719335752523278e+01
7.763604329222249589e+01 3.779930865796664108e+01
7.763151271079789240e+01 3.782997627873905344e+01
7.762698212937327469e+01 3.785499862154403417e+01
7.762245154794865698e+01 3.786094856289020072e+01
7.761792096652403927e+01 3.786712478277907223e+01
7.761339038509942156e+01 3.786581034497486087e+01
7.760885980367480386e+01 3.791741923774706891e+01
7.760432922225018615e+01 3.790043804137442152e+01
7.759979864082556844e+01 3.787157328492677522e+01
7.759526805940095073e+01 3.790128068384409943e+01
7.759073747797634724e+01 3.791764509626612067e+01
7.758620689655172953e+01 3.794387361184559637e+01
7.758167631512711182e+01 3.795647703090509850e+01
7.757714573370249411e+01 3.796244214362151581e+01
7.757261515227787640e+01 3.798022790458614395e+01
7.756808457085325870e+01 3.802637145859259249e+01
7.756355398942864099e+01 3.804222579354948408e+01
7.755902340800402328e+01 3.807979672206806754e+01
7.755449282657940557e+01 3.808033318658474542e+01
7.754996224515480208e+01 3.812528043877129136e+01
7.754543166373018437e+01 3.813576455182859348e+01
7.754090108230556666e+01 3.815796440831318392e+01
7.753637050088094895e+01 3.816442297534312189e+01
7.753183991945633124e+01 3.817117036491155346e+01
7.752730933803171354e+01 3.819998486449172503e+01
7.752277875660709583e+01 3.822273453267700205e+01
7.751824817518247812e+01 3.823536766387071850e+01
7.751371759375786041e+01 3.826518685759544525e+01
7.750918701233325692e+01 3.829621641965574241e+01
7.750465643090863921e+01 3.832584059097043649e+01
7.750012584948402150e+01 3.833816109079966594e+01
7.749559526805940379e+01 3.835918193448704017e+01
7.749106468663478609e+01 3.837703301177641890e+01
7.748653410521016838e+01 3.842068343205040293e+01
7.748200352378555067e+01 3.842054174564670177e+01
7.747747294236093296e+01 3.844396533104961122e+01
7.747294236093631525e+01 3.846070070785334138e+01
7.746841177951171176e+01 3.846550502561505880e+01
7.746388119808709405e+01 3.844810638411379244e+01
7.745935061666247634e+01 3.847855622356501470e+01
7.745482003523785863e+01 3.848894184951726771e+01
7.745028945381324093e+01 3.850547949016630866e+01
7.744575887238862322e+01 3.852107379639825524e+01
7.744122829096400551e+01 3.850654150633399553e+01
7.743669770953938780e+01 3.852448202266833732e+01
7.743216712811477009e+01 3.854577890308179633e+01
7.742763654669016660e+01 3.858293255740360195e+01
7.742310596526554889e+01 3.860092982934271078e+01
7.741857538384093118e+01 3.862237265412488085e+01
7.741404480241631347e+01 3.865109735100389798e+01
7.740951422099169577e+01 3.865912469502223558e+01
7.740498363956707806e+01 3.866848375987454034e+01
7.740045305814246035e+01 3.869951132458316323e+01
7.739592247671784264e+01 3.873189827827942366e+01
7.739139189529322493e+01 3.874991407663621601e+01
7.738686131386862144e+01 3.878428813135896291e+01
7.738233073244400373e+01 3.882047534562068591e+01
7.737780015101938602e+01 3.881232972793554126e+01
7.737326956959476831e+01 3.881054065305190193e+01
7.736873898817015061e+01 3.880072496206463484e+01
7.736420840674553290e+01 3.885408357958787207e+01
7.735967782532091519e+01 3.886515773371078097e+01
7.735514724389629748e+01 3.889779631533266979e+01
7.735061666247167977e+01 3.889673867711426425e+01
7.734608608104707628e+01 3.886419684983090406e+01
7.734155549962245857e+01 3.884239846062364876e+01
7.733702491819784086e+01 3.883926772333699518e+01
7.733249433677322315e+01 3.879593473858641772e+01
7.732796375534860545e+01 3.881913933618408663e+01
7.732343317392398774e+01 3.881699335503096648e+01
7.731890259249937003e+01 3.883263611277766358e+01
7.731437201107475232e+01 3.884882330471378253e+01
7.730984142965013461e+01 3.889749370302243392e+01
7.730531084822553112e+01 3.893457757506376993e+01
7.730078026680089920e+01 3.900323396091722117e+01
7.729624968537629570e+01 3.900755153034851475e+01
7.729171910395167799e+01 3.904890504366854032e+01
7.728718852252706029e+01 3.906800710525975262e+01
7.728265794110244258e+01 3.907707845739175667e+01
7.727812735967782487e+01 3.907287597741801477e+01
7.727359677825320716e+01 3.907904015729468483e+01
7.726906619682858945e+01 3.908082491413619408e+01
7.726453561540397175e+01 3.909966847516080435e+01
7.726000503397935404e+01 3.913926343248642326e+01
7.725547445255475054e+01 3.915234188559889361e+01
7.725094387113013283e+01 3.914217665154916403e+01
7.724641328970551513e+01 3.912771021018036066e+01
7.724188270828089742e+01 3.913075066312594430e+01
7.723735212685627971e+01 3.914131472470051420e+01
7.723282154543166200e+01 3.915797835699210339e+01
7.722829096400704429e+01 3.918725479040217863e+01
7.722376038258242659e+01 3.923281957767597561e+01
7.721922980115780888e+01 3.926187585940920854e+01
7.721469921973320538e+01 3.928395847379857742e+01
7.721016863830858767e+01 3.929880230661628815e+01
7.720563805688396997e+01 3.931106868253480258e+01
7.720110747545935226e+01 3.932013212140586944e+01
7.719657689403473455e+01 3.934872321282641394e+01
7.719204631261011684e+01 3.935155976201573935e+01
7.718751573118549913e+01 3.938144213112834535e+01
7.718298514976088143e+01 3.938538179261430372e+01
7.717845456833626372e+01 3.938751495272048686e+01
7.717392398691166022e+01 3.939823370401825287e+01
7.716939340548704251e+01 3.941949390737999437e+01
7.716486282406242481e+01 3.943564198671462151e+01
7.716033224263780710e+01 3.943631154912596060e+01
7.715580166121318939e+01 3.948646461029181154e+01
7.715127107978857168e+01 3.947106530762191312e+01
7.714674049836395398e+01 3.950775173129613194e+01
7.714220991693933627e+01 3.951033576551758841e+01
7.713767933551471856e+01 3.951287974436162642e+01
7.713314875409011506e+01 3.952399010372025145e+01
7.712861817266549735e+01 3.957014320509672700e+01
7.712408759124087965e+01 3.956886203127615431e+01
7.711955700981626194e+01 3.960970765354172585e+01
7.711502642839164423e+01 3.959488987511642222e+01
7.711049584696702652e+01 3.960535121720006657e+01
7.710596526554240882e+01 3.958249333473074216e+01
7.710143468411779111e+01 3.962578649575600309e+01
7.709690410269317340e+01 3.966609836839361236e+01
7.709237352126856990e+01 3.967749109411069952e+01
7.708784293984395219e+01 3.971397717075151235e+01
7.708331235841933449e+01 3.971847556306867943e+01
7.707878177699471678e+01 3.975577337762006636e+01
7.707425119557009907e+01 3.979137527242712480e+01
7.706972061414548136e+01 3.981663460297203727e+01
7.706519003272086366e+01 3.983672139916789234e+01
7.706065945129624595e+01 3.983188377483546816e+01
7.705612886987162824e+01 3.982882872414766240e+01
7.705159828844702474e+01 3.982994934806016829e+01
7.704706770702240703e+01 3.985849849986613691e+01
7.704253712559778933e+01 3.987730183846986165e+01
7.703800654417317162e+01 3.989163106660035396e+01
7.703347596274855391e+01 3.989166415106411279e+01
7.702894538132393620e+01 3.992903410397306629e+01
7.702441479989931850e+01 3.996810142703893831e+01
7.701988421847470079e+01 3.999394514279637036e+01
7.701535363705008308e+01 4.002199040414361519e+01
7.701082305562547958e+01 4.002225806213057524e+01
7.700629247420086188e+01 4.004012190284512940e+01
7.700176189277624417e+01 4.007502067964054504e+01
7.699723131135162646e+01 4.008277727945406355e+01
7.699270072992700875e+01 4.009737643543626007e+01
7.698817014850239104e+01 4.010699344684196888e+01
7.698363956707777334e+01 4.013006543928939607e+01
7.697910898565315563e+01 4.013367590167026577e+01
7.697457840422853792e+01 4.015690451193983534e+01
7.697004782280393442e+01 4.018614604205165364e+01
7.696551724137931672e+01 4.019267148019886804e+01
7.696098665995469901e+01 4.019402309734432066e+01
7.695645607853008130e+01 4.019928492067941050e+01
7.695192549710546359e+01 4.020994012099103543e+01
7.694739491568084588e+01 4.024865515475471511e+01
7.694286433425622818e+01 4.025936000880413701e+01
7.693833375283161047e+01 4.027114345672464424e+01
7.693380317140699276e+01 4.025358369735825903e+01
7.692927258998238926e+01 4.025804868925635560e+01
7.692474200855777156e+01 4.026792156856811999e+01
7.692021142713315385e+01 4.030268084071184376e+01
7.691568084570853614e+01 4.031773717251197553e+01
7.691115026428391843e+01 4.035300004718978784e+01
7.690661968285930072e+01 4.037282526526371385e+01
7.690208910143468302e+01 4.040673925497277708e+01
7.689755852001006531e+01 4.044265035103177297e+01
7.689302793858544760e+01 4.044982547968992748e+01
7.688849735716084410e+01 4.048521372584423261e+01
7.688396677573622640e+01 4.052366481494145489e+01
7.687943619431160869e+01 4.056084108537424981e+01
7.687490561288699098e+01 4.057694532350905092e+01
7.687037503146237327e+01 4.059536770925822680e+01
7.686584445003775556e+01 4.062255460781707939e+01
7.686131386861313786e+01 4.061733095789833925e+01
7.685678328718852015e+01 4.062161425724393382e+01
7.685225270576390244e+01 4.062511918166743641e+01
7.684772212433929894e+01 4.060393903891409195e+01
7.684319154291466702e+01 4.063422622943591733e+01
7.683866096149006353e+01 4.066370155528927199e+01
7.683413038006544582e+01 4.067564584969357355e+01
7.682959979864082811e+01 4.067473127650337261e+01
7.682506921721621040e+01 4.072028764641241594e+01
7.682053863579159270e+01 4.072511915287736173e+01
7.681600805436697499e+01 4.075125685726573721e+01
7.681147747294235728e+01 4.079605138567906408e+01
7.680694689151773957e+01 4.082983472996811969e+01
7.680241631009312187e+01 4.088141484736495102e+01
7.679788572866851837e+01 4.089961566342657306e+01
7.679335514724390066e+01 4.091790310995701674e+01
7.678882456581928295e+01 4.092834030274348578e+01
7.678429398439466524e+01 4.094489048063501713e+01
7.677976340297004754e+01 4.098419247517225728e+01
7.677523282154542983e+01 4.100476873176642556e+01
7.677070224012081212e+01 4.102202933797948248e+01
7.676617165869619441e+01 4.103939138110946061e+01
7.676164107727157671e+01 4.102679961563224964e+01
7.675711049584697321e+01 4.103672358520481112e+01
7.675257991442235550e+01 4.107042313386531873e+01
7.674804933299773779e+01 4.111645318040655894e+01
7.674351875157312008e+01 4.116720017618043670e+01
7.673898817014850238e+01 4.118204805160441140e+01
7.673445758872388467e+01 4.123226073791578017e+01
7.672992700729926696e+01 4.124486938245325263e+01
7.672539642587464925e+01 4.127246037827306679e+01
7.672086584445003155e+01 4.129737431445575879e+01
7.671633526302542805e+01 4.130492286943844960e+01
7.671180468160081034e+01 4.131940667597405081e+01
7.670727410017619263e+01 4.133814327774982189e+01
7.670274351875157492e+01 4.137381788386820602e+01
7.669821293732695722e+01 4.137774136929638047e+01
7.669368235590233951e+01 4.139730713074896329e+01
7.668915177447772180e+01 4.143798826970595428e+01
7.668462119305310409e+01 4.146473946705205549e+01
7.668009061162848639e+01 4.149031499689243674e+01
7.667556003020388289e+01 4.152454614679354705e+01
7.667102944877926518e+01 4.157361345671362329e+01
7.666649886735464747e+01 4.159733040969529583e+01
7.666196828593002977e+01 4.160026805815929407e+01
7.665743770450541206e+01 4.165319902743673453e+01
7.665290712308079435e+01 4.168684532544622101e+01
7.664837654165617664e+01 4.170844487721943494e+01
7.664384596023155893e+01 4.175832312189751150e+01
7.663931537880694123e+01 4.180316919437373713e+01
7.663478479738233773e+01 4.183224644738408671e+01
7.663025421595772002e+01 4.188915634630551210e+01
7.662572363453310231e+01 4.193648904788202714e+01
7.662119305310848461e+01 4.197597651519610906e+01
7.661666247168386690e+01 4.200061474880849488e+01
7.661213189025924919e+01 4.203563826773088863e+01
7.660760130883463148e+01 4.205054337691120736e+01
7.660307072741001377e+01 4.208550148963350068e+01
7.659854014598539607e+01 4.208635607445504689e+01
7.659400956456079257e+01 4.213290941112328625e+01
7.658947898313617486e+01 4.217152349741675010e+01
7.658494840171155715e+01 4.221748233862498267e+01
7.658041782028693945e+01 4.226617358347503739e+01
7.657588723886232174e+01 4.232468954136848538e+01
7.657135665743770403e+01 4.232694687629683017e+01
7.656682607601308632e+01 4.236639163554823995e+01
7.656229549458846861e+01 4.239802342950068947e+01
7.655776491316385091e+01 4.244986648985690891e+01
7.655323433173924741e+01 4.248123504130907691e+01
7.654870375031462970e+01 4.250930928304550349e+01
7.654417316889001199e+01 4.254566743002466467e+01
7.653964258746539429e+01 4.255685319570315528e+01
7.653511200604077658e+01 4.261157302221991472e+01
7.653058142461615887e+01 4.267182505396244352e+01
7.652605084319154116e+01 4.270565154523517748e+01
7.652152026176692345e+01 4.275156677030183516e+01
7.651698968034230575e+01 4.276396763826642911e+01
7.651245909891770225e+01 4.279529224202858728e+01
7.650792851749308454e+01 4.280060958306965091e+01
7.650339793606846683e+01 4.282282786101222172e+01
7.649886735464384913e+01 4.286660094795839626e+01
7.649433677321923142e+01 4.287836590111980684e+01
7.648980619179461371e+01 4.291394945847090270e+01
7.648527561036999600e+01 4.294785930093803472e+01
7.648074502894537829e+01 4.296961070971454433e+01
7.647621444752076059e+01 4.300462353363362666e+01
7.647168386609615709e+01 4.305119432740418972e+01
7.646715328467153938e+01 4.309599099620142226e+01
7.646262270324692167e+01 4.313980051226832302e+01
7.645809212182230397e+01 4.317493572507732580e+01
7.645356154039768626e+01 4.321241166990457572e+01
7.644903095897306855e+01 4.323486280493710154e+01
7.644450037754845084e+01 4.326842425115136592e+01
7.643996979612383313e+01 4.328107772072580417e+01
7.643543921469921543e+01 4.335212193740151321e+01
7.643090863327461193e+01 4.337891138955277626e+01
7.642637805184999422e+01 4.344066370234155272e+01
7.642184747042537651e+01 4.346359231751598884e+01
7.641731688900075881e+01 4.348179194815092075e+01
7.641278630757614110e+01 4.351384130197591560e+01
7.640825572615152339e+01 4.353437225744261951e+01
7.640372514472690568e+01 4.358634938687371374e+01
7.639919456330228797e+01 4.362057874776611754e+01
7.639466398187767027e+01 4.369867208118474622e+01
7.639013340045306677e+01 4.372929169217059808e+01
7.638560281902844906e+01 4.377275317892510742e+01
7.638107223760383135e+01 4.385666344102948244e+01
7.637654165617921365e+01 4.391270651874452113e+01
7.637201107475459594e+01 4.393987761498018330e+01
7.636748049332997823e+01 4.396463767610231343e+01
7.636294991190536052e+01 4.399632207057005928e+01
7.635841933048074281e+01 4.404288964590697475e+01
7.635388874905612511e+01 4.407259586651392169e+01
7.634935816763152161e+01 4.408741554743377122e+01
7.634482758620688969e+01 4.411768703681333648e+01
7.634029700478228619e+01 4.413764033253492158e+01
7.633576642335766849e+01 4.416281857412612766e+01
7.633123584193305078e+01 4.420386729580760488e+01
7.632670526050843307e+01 4.428009548711990817e+01
7.632217467908381536e+01 4.434119687701337398e+01
7.631764409765919766e+01 4.438069519575036281e+01
7.631311351623457995e+01 4.442932398781179870e+01
7.630858293480996224e+01 4.446022148748228631e+01
7.630405235338534453e+01 4.452140988536114463e+01
7.629952177196074103e+01 4.455413996208270788e+01
7.629499119053612333e+01 4.457392636503831795e+01
7.629046060911150562e+01 4.460374752185514069e+01
7.628593002768688791e+01 4.462313220784736956e+01
7.628139944626227020e+01 4.466010856923907824e+01
7.627686886483765250e+01 4.466190913237209514e+01
7.627233828341303479e+01 4.469630082301549123e+01
7.626780770198841708e+01 4.475481998918804294e+01
7.626327712056379937e+01 4.479790861628817566e+01
7.625874653913919587e+01 4.482798804229860679e+01
7.625421595771457817e+01 4.484975523391296548e+01
7.624968537628996046e+01 4.488791604511496303e+01
7.624515479486534275e+01 4.494196225766205544e+01
7.624062421344072504e+01 4.498665895605218878e+01
7.623609363201610734e+01 4.504609624380857724e+01
7.623156305059148963e+01 4.509617414068642205e+01
7.622703246916687192e+01 4.515879925158662900e+01
7.622250188774225421e+01 4.518088954409191160e+01
7.621797130631765071e+01 4.520799303478740683e+01
7.621344072489303301e+01 4.523523940469230809e+01
7.620891014346841530e+01 4.523813869149652334e+01
7.620437956204379759e+01 4.525091465410120861e+01
7.619984898061917988e+01 4.527481012208529876e+01
7.619531839919456218e+01 4.528936044926384596e+01
7.619078781776994447e+01 4.533472095048269779e+01
7.618625723634532676e+01 4.534015069617988303e+01
7.618172665492070905e+01 4.538031373569882732e+01
7.617719607349610556e+01 4.539886056855915797e+01
7.617266549207148785e+01 4.544557516358669602e+01
7.616813491064687014e+01 4.548759402032679589e+01
7.616360432922225243e+01 4.554209266915665211e+01
7.615907374779763472e+01 4.561419379237801763e+01
7.615454316637301702e+01 4.567084615532256464e+01
7.615001258494839931e+01 4.571526316564693815e+01
7.614548200352378160e+01 4.573963581884402885e+01
7.614095142209916389e+01 4.579014333323058850e+01
7.613642084067456040e+01 4.579021587977894114e+01
7.613189025924994269e+01 4.585168719416352445e+01
7.612735967782532498e+01 4.588340463666658309e+01
7.612282909640070727e+01 4.593644865151389922e+01
7.611829851497608956e+01 4.596837722159417439e+01
7.611376793355147186e+01 4.600487793342139042e+01
7.610923735212685415e+01 4.604383305209097443e+01
7.610470677070223644e+01 4.606397478421831693e+01
7.610017618927761873e+01 4.608423707939468272e+01
7.609564560785301524e+01 4.614914078303137046e+01
7.609111502642839753e+01 4.619741853237806595e+01
7.608658444500377982e+01 4.621384535797186999e+01
7.608205386357916211e+01 4.623179402742628241e+01
7.607752328215454440e+01 4.623352117227746305e+01
7.607299270072992670e+01 4.626926549128156552e+01
7.606846211930530899e+01 4.630848991095249545e+01
7.606393153788069128e+01 4.635195647494828108e+01
7.605940095645607357e+01 4.641675500820230127e+01
7.605487037503147008e+01 4.644576668347356474e+01
7.605033979360685237e+01 4.647829997785492395e+01
7.604580921218223466e+01 4.652483899788485644e+01
7.604127863075761695e+01 4.656205449666707352e+01
7.603674804933299924e+01 4.659129185374944626e+01
7.603221746790838154e+01 4.662482289313675921e+01
7.602768688648376383e+01 4.667141070937842784e+01
7.602315630505914612e+01 4.671908291888115627e+01
7.601862572363452841e+01 4.678438199474495462e+01
7.601409514220992492e+01 4.686800750041945918e+01
7.600956456078530721e+01 4.689528346938382697e+01
7.600503397936068950e+01 4.696241736381308129e+01
7.600050339793607179e+01 4.695551633777798628e+01
7.599597281651145408e+01 4.702555252284801668e+01
7.599144223508683638e+01 4.706166226765571281e+01
7.598691165366221867e+01 4.710487519743867324e+01
7.598238107223760096e+01 4.713236664010464949e+01
7.597785049081298325e+01 4.714561545529402764e+01
7.597331990938837976e+01 4.719055473390908162e+01
7.596878932796376205e+01 4.720760666467099043e+01
7.596425874653914434e+01 4.726217926458637208e+01
7.595972816511452663e+01 4.728090476569691702e+01
7.595519758368990892e+01 4.731670337259734538e+01
7.595066700226529122e+01 4.732530107993165558e+01
7.594613642084067351e+01 4.737615535860268778e+01
7.594160583941605580e+01 4.739636384110934131e+01
7.593707525799143809e+01 4.738951971375735184e+01
7.593254467656683460e+01 4.744948916086557489e+01
7.592801409514221689e+01 4.750130566886469552e+01
7.592348351371759918e+01 4.757175053061812520e+01
7.591895293229298147e+01 4.762527622944751471e+01
7.591442235086836376e+01 4.764754964134876758e+01
7.590989176944374606e+01 4.768268935657054186e+01
7.590536118801912835e+01 4.770956404652542204e+01
7.590083060659451064e+01 4.775300363382240931e+01
7.589630002516989293e+01 4.782038850409696806e+01
7.589176944374528944e+01 4.786223014798439124e+01
7.588723886232065752e+01 4.791264344132292052e+01
7.588270828089605402e+01 4.793953261442303670e+01
7.587817769947143631e+01 4.798699849422263242e+01
7.587364711804681860e+01 4.804431310989240700e+01
7.586911653662220090e+01 4.806734136413729885e+01
7.586458595519758319e+01 4.812079744800188053e+01
7.586005537377296548e+01 4.815227753194490390e+01
7.585552479234834777e+01 4.817917775393006252e+01
7.585099421092373007e+01 4.820557380626564736e+01
7.584646362949911236e+01 4.821649160598106931e+01
7.584193304807450886e+01 4.824346961020986413e+01
7.583740246664989115e+01 4.828486312063011354e+01
7.583287188522527345e+01 4.832284674687033998e+01
7.582834130380065574e+01 4.834993383369981501e+01
7.582381072237603803e+01 4.840846615284641530e+01
7.581928014095142032e+01 4.844662356275803461e+01
7.581474955952680261e+01 4.850931337135792631e+01
7.581021897810218491e+01 4.854304092877027443e+01
7.580568839667756720e+01 4.859428193496086834e+01
7.580115781525296370e+01 4.862756641680821446e+01
7.579662723382834599e+01 4.869092406992630373e+01
7.579209665240372829e+01 4.872398663001985852e+01
7.578756607097911058e+01 4.875276975556212022e+01
7.578303548955449287e+01 4.877987512098917477e+01
7.577850490812987516e+01 4.881606595053746389e+01
7.577397432670525745e+01 4.884351437941573693e+01
7.576944374528063975e+01 4.886424564367572998e+01
7.576491316385602204e+01 4.891365752805825196e+01
7.576038258243141854e+01 4.895150364081526817e+01
7.575585200100680083e+01 4.898316408826769219e+01
7.575132141958218313e+01 4.902800983414687153e+01
7.574679083815756542e+01 4.905306334246921551e+01
7.574226025673294771e+01 4.908767351807586010e+01
7.573772967530833000e+01 4.908811681164578289e+01
7.573319909388371229e+01 4.912819026247417753e+01
7.572866851245909459e+01 4.916368792417753752e+01
7.572413793103447688e+01 4.921158972916815344e+01
7.571960734960987338e+01 4.926690668966880793e+01
7.571507676818525567e+01 4.931666008958556802e+01
7.571054618676063797e+01 4.938488042218869367e+01
7.570601560533602026e+01 4.943895959636089543e+01
7.570148502391140255e+01 4.947853830286641141e+01
7.569695444248678484e+01 4.949323352450962687e+01
7.569242386106216713e+01 4.951618938970015904e+01
7.568789327963754943e+01 4.952542314850874305e+01
7.568336269821293172e+01 4.954089764455094524e+01
7.567883211678832822e+01 4.958786965932279855e+01
7.567430153536371051e+01 4.963772041730132401e+01
7.566977095393909281e+01 4.966413226026890726e+01
7.566524037251447510e+01 4.971104674599185103e+01
7.566070979108985739e+01 4.975591481131056781e+01
7.565617920966523968e+01 4.979330551377277203e+01
7.565164862824062197e+01 4.983180373640988137e+01
7.564711804681600427e+01 4.988265971550170974e+01
7.564258746539138656e+01 4.994764852758052598e+01
7.563805688396678306e+01 4.997565081645155516e+01
7.563352630254216535e+01 5.000643804534198722e+01
7.562899572111754765e+01 5.002752406307054400e+01
7.562446513969292994e+01 5.003527619411720906e+01
7.561993455826831223e+01 5.004241099012745053e+01
7.561540397684369452e+01 5.004043094511141732e+01
7.561087339541907681e+01 5.007039346671173519e+01
7.560634281399445911e+01 5.008737940781975340e+01
7.560181223256984140e+01 5.013521701612081216e+01
7.559728165114523790e+01 5.017130685586877803e+01
7.559275106972062019e+01 5.025091426674779171e+01
7.558822048829600249e+01 5.028845441917016501e+01
7.558368990687138478e+01 5.035222793468489044e+01
7.557915932544676707e+01 5.041555313754881240e+01
7.557462874402214936e+01 5.044802283538997045e+01
7.557009816259753165e+01 5.047574128031815377e+01
7.556556758117291395e+01 5.050555096324067961e+01
7.556103699974829624e+01 5.053743813442324750e+01
7.555650641832369274e+01 5.056272262525978078e+01
7.555197583689907503e+01 5.057101850131979148e+01
7.554744525547445733e+01 5.064380054728858482e+01
7.554291467404983962e+01 5.068382338581756130e+01
7.553838409262522191e+01 5.074687719460904134e+01
7.553385351120060420e+01 5.079567958933337479e+01
7.552932292977598649e+01 5.080207361508620778e+01
7.552479234835136879e+01 5.083386966838786947e+01
7.552026176692675108e+01 5.087123946055115198e+01
7.551573118550214758e+01 5.090286541746208826e+01
7.551120060407752987e+01 5.092539059734333051e+01
7.550667002265291217e+01 5.093159637122477079e+01
7.550213944122829446e+01 5.097323686300698142e+01
7.549760885980367675e+01 5.100303069003471279e+01
7.549307827837905904e+01 5.105167644729220200e+01
7.548854769695444134e+01 5.107854491511783834e+01
7.548401711552982363e+01 5.114044239516783819e+01
7.547948653410520592e+01 5.116536839995462316e+01
7.547495595268060242e+01 5.123000526404585742e+01
7.547042537125598471e+01 5.123589120397897290e+01
7.546589478983136701e+01 5.127956288370962312e+01
7.546136420840674930e+01 5.130325611135737063e+01
7.545683362698213159e+01 5.134760053090364806e+01
7.545230304555751388e+01 5.139839417621484330e+01
7.544777246413289618e+01 5.144660148796238985e+01
7.544324188270827847e+01 5.149716318500637158e+01
7.543871130128366076e+01 5.151093189158483909e+01
7.543418071985905726e+01 5.155139771620976319e+01
7.542965013843443955e+01 5.158388993412651757e+01
7.542511955700982185e+01 5.162423325888064340e+01
7.542058897558520414e+01 5.165873100446365385e+01
7.541605839416058643e+01 5.165764542012018978e+01
7.541152781273596872e+01 5.167106854878463906e+01
7.540699723131135102e+01 5.169253244815195814e+01
7.540246664988673331e+01 5.173875776823402362e+01
7.539793606846211560e+01 5.177903351331183046e+01
7.539340548703751210e+01 5.186558045067924638e+01
7.538887490561288018e+01 5.191619793533762817e+01
7.538434432418827669e+01 5.197816503582716763e+01
7.537981374276365898e+01 5.199757272471065761e+01
7.537528316133904127e+01 5.204453468140675909e+01
7.537075257991442356e+01 5.206120974390300660e+01
7.536622199848980586e+01 5.208462896633170658e+01
7.536169141706518815e+01 5.213038663222268099e+01
7.535716083564057044e+01 5.216689700383784611e+01
7.535263025421595273e+01 5.219855990240764498e+01
7.534809967279133502e+01 5.220077277602788257e+01
7.534356909136673153e+01 5.224329489419667283e+01
7.533903850994211382e+01 5.224622387947972868e+01
7.533450792851749611e+01 5.229612082716666066e+01
7.532997734709287840e+01 5.233268650812743772e+01
7.532544676566826070e+01 5.237245654330892819e+01
7.532091618424364299e+01 5.243815164864803080e+01
7.531638560281902528e+01 5.245352800943093285e+01
7.531185502139440757e+01 5.249042414743431806e+01
7.530732443996978986e+01 5.248717893246288213e+01
7.530279385854518637e+01 5.252245793504280869e+01
7.529826327712056866e+01 5.255405880689301057e+01
7.529373269569595095e+01 5.259051106859906355e+01
7.528920211427133324e+01 5.263972058362293893e+01
7.528467153284671554e+01 5.271449511954140377e+01
7.528014095142209783e+01 5.276964623701274348e+01
7.527561036999748012e+01 5.282249500958974409e+01
7.527107978857286241e+01 5.284151705860693227e+01
7.526654920714824470e+01 5.287725277562113035e+01
7.526201862572364121e+01 5.289932902228173361e+01
7.525748804429902350e+01 5.292679336689107572e+01
7.525295746287440579e+01 5.294314992826573985e+01
7.524842688144978808e+01 5.297562747426204766e+01
7.524389630002517038e+01 5.301398132407682340e+01
7.523936571860055267e+01 5.305893270591468536e+01
7.523483513717593496e+01 5.310954768144353011e+01
7.523030455575131725e+01 5.315543299521247178e+01
7.522577397432669954e+01 5.320750005429257357e+01
7.522124339290209605e+01 5.321656948072593707e+01
7.521671281147747834e+01 5.325308964979900850e+01
7.521218223005286063e+01 5.330319302916436186e+01
7.520765164862824292e+01 5.331805665734050592e+01
7.520312106720362522e+01 5.336336224723445554e+01
7.519859048577900751e+01 5.339387804905302204e+01
7.519405990435438980e+01 5.343984317037064358e+01
7.518952932292977209e+01 5.348025205644269420e+01
7.518499874150515438e+01 5.351081887556208727e+01
7.518046816008055089e+01 5.356621703839832094e+01
7.517593757865593318e+01 5.358785870382883587e+01
7.517140699723131547e+01 5.362808880758721841e+01
7.516687641580669776e+01 5.366892196949640237e+01
7.516234583438208006e+01 5.367797874993797080e+01
7.515781525295746235e+01 5.369229477925535576e+01
7.515328467153284464e+01 5.370259204220893423e+01
7.514875409010822693e+01 5.375438943157667637e+01
7.514422350868360923e+01 5.377943124269533115e+01
7.513969292725900573e+01 5.379736724169043072e+01
7.513516234583438802e+01 5.382738020581145122e+01
7.513063176440977031e+01 5.386645721072466131e+01
7.512610118298515260e+01 5.392450887679652993e+01
7.512157060156053490e+01 5.395445776750148070e+01
7.511704002013591719e+01 5.403789818950289003e+01
7.511250943871129948e+01 5.405916219612895901e+01
7.510797885728668177e+01 5.412970622619401695e+01
7.510344827586206407e+01 5.417002152050969954e+01
7.509891769443746057e+01 5.421954603040558851e+01
7.509438711301284286e+01 5.422585475240223474e+01
7.508985653158822515e+01 5.423052475036443099e+01
7.508532595016360744e+01 5.428911609896994150e+01
7.508079536873898974e+01 5.432707031429129074e+01
7.507626478731437203e+01 5.440604367495720339e+01
7.507173420588975432e+01 5.444788971585175830e+01
7.506720362446513661e+01 5.444721402383780173e+01
7.506267304304051891e+01 5.447545300798849865e+01
7.505814246161591541e+01 5.449245171545118893e+01
7.505361188019129770e+01 5.457370790632432289e+01
7.504908129876667999e+01 5.460605935591603810e+01
7.504455071734206228e+01 5.464105926706390903e+01
7.504002013591744458e+01 5.472380501247773310e+01
7.503548955449282687e+01 5.476692933723830947e+01
7.503095897306820916e+01 5.483897728305443309e+01
7.502642839164359145e+01 5.486204377253467612e+01
7.502189781021897375e+01 5.489651395532240485e+01
7.501736722879437025e+01 5.491494345364962726e+01
7.501283664736975254e+01 5.494123747121396661e+01
7.500830606594513483e+01 5.497138236441681869e+01
7.500377548452051713e+01 5.501034199928599122e+01
7.499924490309589942e+01 5.504672838499798360e+01
7.499471432167128171e+01 5.507299368472380507e+01
7.499018374024666400e+01 5.508805340871007417e+01
7.498565315882204629e+01 5.512623436276578559e+01
7.498112257739742859e+01 5.515157454471385989e+01
7.497659199597282509e+01 5.517628908568261892e+01
7.497206141454820738e+01 5.520868388315101072e+01
7.496753083312358967e+01 5.523837097430387644e+01
7.496300025169897197e+01 5.527189202446903238e+01
7.495846967027435426e+01 5.529858152871359778e+01
7.495393908884973655e+01 5.532178403892235252e+01
7.494940850742511884e+01 5.535141237538654480e+01
7.494487792600050113e+01 5.539313242687204308e+01
7.494034734457588343e+01 5.542310541755261255e+01
7.493581676315127993e+01 5.548038160059483204e+01
7.493128618172666222e+01 5.550084893858744550e+01
7.492675560030204451e+01 5.550446048269287047e+01
7.492222501887742681e+01 5.555671647418697034e+01
7.491769443745280910e+01 5.560921648894870373e+01
7.491316385602819139e+01 5.564776745585174922e+01
7.490863327460357368e+01 5.570899479448739555e+01
7.490410269317895597e+01 5.577164694203879947e+01
7.489957211175433827e+01 5.582524573976795779e+01
7.489504153032972056e+01 5.587199891110481786e+01
7.489051094890510285e+01 5.590348692659873109e+01
7.488598036748049935e+01 5.591297431209915914e+01
7.488144978605588165e+01 5.592840813727487159e+01
7.487691920463126394e+01 5.596069755880063923e+01
7.487238862320664623e+01 5.599961886649471410e+01
7.486785804178202852e+01 5.604267882836050774e+01
7.486332746035741081e+01 5.608361081069745069e+01
7.485879687893279311e+01 5.614846046797178047e+01
7.485426629750817540e+01 5.620596834690366705e+01
7.484973571608355769e+01 5.627193789166096849e+01
7.484520513465895419e+01 5.630866882064747614e+01
7.484067455323433649e+01 5.634493102263973441e+01
7.483614397180971878e+01 5.636647767830325506e+01
7.483161339038510107e+01 5.639442178607150424e+01
7.482708280896048336e+01 5.643620283296267104e+01
7.482255222753586565e+01 5.645658544918929778e+01
7.481802164611124795e+01 5.649702140177564047e+01
7.481349106468663024e+01 5.654653239036900914e+01
7.480896048326201253e+01 5.656574392354962555e+01
7.480442990183740903e+01 5.659641229033942267e+01
7.479989932041279133e+01 5.660064072212417585e+01
7.479536873898817362e+01 5.664095228099866830e+01
7.479083815756355591e+01 5.668081858788253413e+01
7.478630757613893820e+01 5.672727872301859264e+01
7.478177699471432049e+01 5.675580322213313877e+01
7.477724641328970279e+01 5.677425000078605422e+01
7.477271583186508508e+01 5.677985834549723876e+01
7.476818525044046737e+01 5.681817081478232012e+01
7.476365466901586387e+01 5.686363878396118565e+01
7.475912408759124617e+01 5.690761160921514517e+01
7.475459350616662846e+01 5.696233558328955127e+01
7.475006292474201075e+01 5.702011512354269485e+01
7.474553234331739304e+01 5.708661240902408451e+01
7.474100176189277533e+01 5.713428877924103233e+01
7.473647118046815763e+01 5.715112711345303609e+01
7.473194059904353992e+01 5.718608225295432135e+01
7.472741001761892221e+01 5.721156826659134254e+01
7.472287943619431871e+01 5.726068362397496969e+01
7.471834885476970101e+01 5.729880704015967297e+01
7.471381827334508330e+01 5.738035730554585712e+01
7.470928769192046559e+01 5.743534743157673716e+01
7.470475711049584788e+01 5.748240736676312679e+01
7.470022652907123017e+01 5.754122699996018753e+01
7.469569594764661247e+01 5.759227441138335735e+01
7.469116536622199476e+01 5.763832529810956373e+01
7.468663478479737705e+01 5.763925744579578492e+01
7.468210420337277355e+01 5.767671452488389150e+01
7.467757362194815585e+01 5.770268098058411255e+01
7.467304304052353814e+01 5.771966989782782775e+01
7.466851245909892043e+01 5.775626264226140449e+01
7.466398187767430272e+01 5.779463776914731454e+01
7.465945129624968502e+01 5.781509650847245041e+01
7.465492071482506731e+01 5.785866786360092817e+01
7.465039013340044960e+01 5.787522963168588319e+01
7.464585955197583189e+01 5.791333064021057453e+01
7.464132897055122839e+01 5.794367147525299089e+01
7.463679838912661069e+01 5.796877272123148117e+01
7.463226780770199298e+01 5.802150150117412153e+01
7.462773722627737527e+01 5.806220777104871900e+01
7.462320664485275756e+01 5.808790216706105269e+01
7.461867606342813986e+01 5.810403957516886209e+01
7.461414548200352215e+01 5.814196482794451981e+01
7.460961490057890444e+01 5.820387686419475415e+01
7.460508431915428673e+01 5.825255211201185546e+01
7.460055373772968323e+01 5.829101155570275949e+01
7.459602315630506553e+01 5.832558285438116030e+01
7.459149257488044782e+01 5.835805625285004794e+01
7.458696199345583011e+01 5.839622211540865493e+01
7.458243141203121240e+01 5.840987155950265475e+01
7.457790083060659470e+01 5.845685412801633163e+01
7.457337024918197699e+01 5.850692905742651817e+01
7.456883966775735928e+01 5.857523646592133559e+01
7.456430908633274157e+01 5.866429080792863004e+01
7.455977850490813807e+01 5.872492896261207562e+01
7.455524792348352037e+01 5.877534575790991767e+01
7.455071734205890266e+01 5.881640439309249047e+01
7.454618676063428495e+01 5.881741002240439542e+01
7.454165617920966724e+01 5.883860697978373366e+01
7.453712559778504954e+01 5.883564673768227493e+01
7.453259501636043183e+01 5.885856994249749619e+01
7.452806443493581412e+01 5.889590095158652616e+01
7.452353385351119641e+01 5.891471761760093528e+01
7.451900327208659292e+01 5.896059218691634385e+01
7.451447269066197521e+01 5.899434350210164268e+01
7.450994210923735750e+01 5.903480270120394380e+01
7.450541152781273979e+01 5.907850630609085840e+01
7.450088094638812208e+01 5.910262994991395402e+01
7.449635036496350438e+01 5.912274937382164097e+01
7.449181978353888667e+01 5.911150020056883392e+01
7.448728920211426896e+01 5.915072183834693931e+01
7.448275862068965125e+01 5.919658252053046965e+01
7.447822803926504776e+01 5.921533086541675317e+01
7.447369745784043005e+01 5.924155140371062345e+01
7.446916687641581234e+01 5.925233778647459815e+01
7.446463629499119463e+01 5.929114163134568827e+01
7.446010571356657692e+01 5.935323731275897075e+01
7.445557513214195922e+01 5.939489892496203538e+01
7.445104455071734151e+01 5.942020561329132278e+01
7.444651396929272380e+01 5.943977438191645746e+01
7.444198338786810609e+01 5.946644424197741330e+01
7.443745280644350260e+01 5.952374259407003620e+01
7.443292222501887068e+01 5.957573765966641588e+01
7.442839164359426718e+01 5.961097787689853789e+01
7.442386106216964947e+01 5.963149051423749825e+01
7.441933048074503176e+01 5.966469029715432271e+01
7.441479989932041406e+01 5.972899428849336800e+01
7.441026931789579635e+01 5.978887500665341292e+01
7.440573873647117864e+01 5.982253998761477476e+01
7.440120815504656093e+01 5.985864767094101069e+01
7.439667757362194322e+01 5.990190442363485346e+01
7.439214699219732552e+01 5.993202392624436214e+01
7.438761641077272202e+01 5.997059561244711290e+01
7.438308582934810431e+01 6.001271987362319038e+01
7.437855524792348660e+01 6.004984704098042414e+01
7.437402466649886890e+01 6.007288485237793196e+01
7.436949408507425119e+01 6.012542986954017010e+01
7.436496350364963348e+01 6.018629636136689243e+01
7.436043292222501577e+01 6.021546786317318833e+01
7.435590234080039806e+01 6.025520821583331355e+01
7.435137175937578036e+01 6.027060294790885564e+01
7.434684117795117686e+01 6.031416870520052953e+01
7.434231059652655915e+01 6.033277485604367740e+01
7.433778001510194144e+01 6.034894278523758970e+01
7.433324943367732374e+01 6.039103124346132745e+01
7.432871885225270603e+01 6.041426433969750320e+01
7.432418827082808832e+01 6.049001608946817043e+01
7.431965768940347061e+01 6.050864854275816640e+01
7.431512710797885291e+01 6.055146415860095743e+01
7.431059652655423520e+01 6.057519039957318085e+01
7.430606594512963170e+01 6.057818432705091283e+01
7.430153536370501399e+01 6.060281556020166249e+01
7.429700478228039628e+01 6.062697211617739157e+01
7.429247420085577858e+01 6.068265875605438708e+01
7.428794361943116087e+01 6.069230267880701746e+01
7.428341303800654316e+01 6.075557824488060987e+01
7.427888245658192545e+01 6.080933765364303412e+01
7.427435187515730775e+01 6.087592172024415760e+01
7.426982129373269004e+01 6.092662334309685690e+01
7.426529071230808654e+01 6.096540266905461891e+01
7.426076013088346883e+01 6.099356491753650289e+01
7.425622954945885112e+01 6.102310302263934005e+01
7.425169896803423342e+01 6.105276604040034272e+01
7.424716838660961571e+01 6.110595425446562956e+01
7.424263780518499800e+01 6.112182548878846688e+01
7.423810722376038029e+01 6.113135429980251700e+01
7.423357664233576259e+01 6.118673649232108147e+01
7.422904606091114488e+01 6.122630216614904697e+01
7.422451547948654138e+01 6.128203856285161777e+01
7.421998489806192367e+01 6.132209807743929275e+01
7.421545431663730596e+01 6.138069149301055205e+01
7.421092373521268826e+01 6.143766526995591448e+01
7.420639315378807055e+01 6.149805507123232218e+01
7.420186257236345284e+01 6.156325191818006459e+01
7.419733199093883513e+01 6.160450290695020925e+01
7.419280140951421743e+01 6.163423695267734814e+01
7.418827082808959972e+01 6.168704593127964841e+01
7.418374024666499622e+01 6.173857262268329293e+01
7.417920966524037851e+01 6.180733771122099540e+01
7.417467908381576081e+01 6.184047567432285319e+01
7.417014850239114310e+01 6.190743039296147998e+01
7.416561792096652539e+01 6.197145549739930459e+01
7.416108733954190768e+01 6.201731963315968699e+01
7.415655675811728997e+01 6.203123060417541268e+01
7.415202617669267227e+01 6.204580025910728835e+01
7.414749559526805456e+01 6.205195228094046911e+01
7.414296501384345106e+01 6.208809894668602425e+01
7.413843443241883335e+01 6.212965486679161842e+01
7.413390385099421565e+01 6.217864071940005743e+01
7.412937326956959794e+01 6.222469812295887692e+01
7.412484268814498023e+01 6.227991864514142151e+01
7.412031210672036252e+01 6.236302855531742040e+01
7.411578152529574481e+01 6.241434770814790056e+01
7.411125094387112711e+01 6.245310483129660639e+01
7.410672036244650940e+01 6.246861447052435778e+01
7.410218978102190590e+01 6.249691385854524839e+01
7.409765919959728819e+01 6.251185223423880188e+01
7.409312861817267049e+01 6.255878132670092384e+01
7.408859803674805278e+01 6.259320045235275387e+01
7.408406745532343507e+01 6.261039651191765643e+01
7.407953687389881736e+01 6.265857315503822633e+01
7.407500629247419965e+01 6.269071449496941995e+01
7.407047571104958195e+01 6.272609811351743758e+01
7.406594512962496424e+01 6.277337405204988130e+01
7.406141454820036074e+01 6.279364773958018731e+01
7.405688396677574303e+01 6.283016068740246141e+01
7.405235338535112533e+01 6.285517695089558998e+01
7.404782280392650762e+01 6.290042259040765771e+01
7.404329222250188991e+01 6.292855594455856760e+01
7.403876164107727220e+01 6.294678936791255808e+01
7.403423105965265449e+01 6.298332025722987737e+01
7.402970047822803679e+01 6.299716737948656231e+01
7.402516989680341908e+01 6.301915291897562810e+01
7.402063931537881558e+01 6.306392949195002728e+01
7.401610873395419787e+01 6.315040985785783789e+01
7.401157815252958017e+01 6.321958809376786803e+01
7.400704757110496246e+01 6.324753691778520448e+01
7.400251698968034475e+01 6.329585312798509733e+01
7.399798640825572704e+01 6.332496211778541095e+01
7.399345582683110933e+01 6.334392591703011988e+01
7.398892524540649163e+01 6.336725180457917617e+01
7.398439466398187392e+01 6.341415032168939092e+01
7.397986408255727042e+01 6.345794677794360439e+01
7.397533350113263850e+01 6.348714243128856083e+01
7.397080291970803501e+01 6.352931114219946096e+01
7.396627233828341730e+01 6.358726898942946093e+01
7.396174175685879959e+01 6.363769684317404796e+01
7.395721117543418188e+01 6.366923257495160016e+01
7.395268059400956417e+01 6.371444664911530253e+01
7.394815001258494647e+01 6.373569896687165937e+01
7.394361943116032876e+01 6.379089150457086532e+01
7.393908884973572526e+01 6.380651128940436223e+01
7.393455826831109334e+01 6.386230430911990652e+01
7.393002768688648985e+01 6.389185114886460326e+01
7.392549710546187214e+01 6.392008792617456692e+01
7.392096652403725443e+01 6.396434085809196546e+01
7.391643594261263672e+01 6.401958218475786566e+01
7.391190536118801901e+01 6.405996792682304886e+01
7.390737477976340131e+01 6.410459915107738027e+01
7.390284419833878360e+01 6.417159441517507901e+01
7.389831361691418010e+01 6.421246962970717220e+01
7.389378303548954818e+01 6.429299803476104103e+01
7.388925245406494469e+01 6.435571095310824319e+01
7.388472187264032698e+01 6.442071496293391419e+01
7.388019129121570927e+01 6.444981622678800193e+01
7.387566070979109156e+01 6.450142262618436462e+01
7.387113012836647385e+01 6.454603514850514046e+01
7.386659954694185615e+01 6.456529078027104163e+01
7.386206896551723844e+01 6.459934187095460345e+01
7.385753838409263494e+01 6.463688709797891363e+01
7.385300780266800302e+01 6.467389500635549382e+01
7.384847722124339953e+01 6.471836908826051626e+01
7.384394663981878182e+01 6.474173503892916415e+01
7.383941605839416411e+01 6.475367538777393861e+01
7.383488547696954640e+01 6.478171186931784575e+01
7.383035489554492870e+01 6.480592826578956078e+01
7.382582431412031099e+01 6.482412180682133851e+01
7.382129373269569328e+01 6.485957215677304077e+01
7.381676315127108978e+01 6.489220743296873195e+01
7.381223256984645786e+01 6.493264523298954316e+01
7.380770198842185437e+01 6.497081036921190389e+01
7.380317140699723666e+01 6.503655239530431231e+01
7.379864082557261895e+01 6.510141408726636314e+01
7.379411024414800124e+01 6.513664152248659889e+01
7.378957966272338354e+01 6.519467033891756103e+01
7.378504908129876583e+01 6.524756502265358904e+01
7.378051849987414812e+01 6.530407459900321498e+01
7.377598791844953041e+01 6.535509968246489620e+01
7.377145733702491270e+01 6.538771696452477045e+01
7.376692675560030921e+01 6.540981802306816917e+01
7.376239617417569150e+01 6.544321982916426350e+01
7.375786559275107379e+01 6.545934319614264041e+01
7.375333501132645608e+01 6.547976390178520489e+01
7.374880442990183838e+01 6.550497227656320831e+01
7.374427384847722067e+01 6.554254569599999058e+01
7.373974326705260296e+01 6.558476398608600277e+01
7.373521268562798525e+01 6.566087127345605268e+01
7.373068210420336754e+01 6.568347047309991638e+01
7.372615152277876405e+01 6.572655551796172801e+01
7.372162094135414634e+01 6.576126043412754996e+01
7.371709035992952863e+01 6.582253180018888372e+01
7.371255977850491092e+01 6.585887567735086634e+01
7.370802919708029322e+01 6.589696091244988452e+01
7.370349861565567551e+01 6.594502486864284663e+01
7.369896803423105780e+01 6.596672315208984116e+01
7.369443745280644009e+01 6.602628842007725041e+01
7.368990687138182238e+01 6.606455724426183451e+01
7.368537628995721889e+01 6.610346866245797059e+01
7.368084570853260118e+01 6.613970056444453860e+01
7.367631512710798347e+01 6.620243918430831798e+01
7.367178454568336576e+01 6.621861350208801866e+01
7.366725396425874806e+01 6.625090093198096497e+01
7.366272338283413035e+01 6.627954716620473619e+01
7.365819280140951264e+01 6.630947803871491431e+01
7.365366221998489493e+01 6.635614140835166097e+01
7.364913163856027722e+01 6.639265185599197139e+01
7.364460105713567373e+01 6.646722557400013898e+01
7.364007047571105602e+01 6.652178304777260109e+01
7.363553989428643831e+01 6.656810901129389890e+01
7.363100931286182060e+01 6.663864183145128095e+01
7.362647873143720290e+01 6.668159991731805292e+01
7.362194815001258519e+01 6.671278698654154482e+01
7.361741756858796748e+01 6.674504062538964888e+01
7.361288698716334977e+01 6.677176226324907304e+01
7.360835640573873206e+01 6.679362150289563260e+01
7.360382582431412857e+01 6.680515277941827890e+01
7.359929524288949665e+01 6.681824442535291553e+01
7.359476466146489315e+01 6.685489410875038629e+01
7.359023408004027544e+01 6.688224979853234231e+01
7.358570349861565774e+01 6.695202083623100009e+01
7.358117291719104003e+01 6.697120406475085019e+01
7.357664233576642232e+01 6.701452244570054972e+01
7.357211175434180461e+01 6.704085719578934288e+01
7.356758117291718690e+01 6.708967778690377770e+01
7.356305059149258341e+01 6.713571964653812074e+01
7.355852001006795149e+01 6.715508438396162205e+01
7.355398942864334799e+01 6.719898424556332373e+01
7.354945884721873028e+01 6.721994886640042921e+01
7.354492826579411258e+01 6.728547407591116780e+01
7.354039768436949487e+01 6.728499611584173579e+01
7.353586710294487716e+01 6.730936892740881206e+01
7.353133652152025945e+01 6.731694007054778695e+01
7.352680594009564174e+01 6.734347077847914420e+01
7.352227535867103825e+01 6.736546126062710016e+01
7.351774477724640633e+01 6.740625205549889642e+01
7.351321419582180283e+01 6.743616910558164079e+01
7.350868361439718512e+01 6.746114852143371365e+01
7.350415303297256742e+01 6.747361711894633629e+01
7.349962245154794971e+01 6.751020410272612082e+01
7.349509187012333200e+01 6.755105123994432859e+01
7.349056128869871429e+01 6.755068716499216919e+01
7.348603070727409659e+01 6.758698658275606874e+01
7.348150012584949309e+01 6.763631754515063221e+01
7.347696954442486117e+01 6.767844671842138382e+01
7.347243896300025767e+01 6.773672325417456364e+01
7.346790838157563996e+01 6.778243404631660951e+01
7.346337780015102226e+01 6.782974965156122948e+01
7.345884721872640455e+01 6.785357318926702419e+01
7.345431663730178684e+01 6.789163914673473244e+01
7.344978605587716913e+01 6.789685532520918798e+01
7.344525547445255143e+01 6.790532633217540592e+01
7.344072489302794793e+01 6.792358371779202741e+01
7.343619431160331601e+01 6.795123690505745628e+01
7.343166373017871251e+01 6.794995391230415294e+01
7.342713314875409480e+01 6.798524981157001434e+01
7.342260256732947710e+01 6.804121846246660255e+01
7.341807198590485939e+01 6.807591239028134567e+01
7.341354140448024168e+01 6.812483646610279209e+01
7.340901082305562397e+01 6.817675579772109984e+01
7.340448024163100627e+01 6.823275298186979398e+01
7.339994966020640277e+01 6.824996454325230388e+01
7.339541907878177085e+01 6.827994555158295498e+01
7.339088849735716735e+01 6.833352682977530890e+01
7.338635791593254964e+01 6.837078393816595678e+01
7.338182733450793194e+01 6.841098882920144320e+01
7.337729675308331423e+01 6.844452320961647729e+01
7.337276617165869652e+01 6.845982747753399167e+01
7.336823559023407881e+01 6.853118807418022129e+01
7.336370500880946111e+01 6.853878995796527818e+01
7.335917442738485761e+01 6.860525078082936545e+01
7.335464384596022569e+01 6.863005942321512975e+01
7.335011326453562219e+01 6.866062954689792264e+01
7.334558268311100448e+01 6.867859367798968151e+01
7.334105210168638678e+01 6.869487750502304380e+01
7.333652152026176907e+01 6.872911708815972531e+01
7.333199093883715136e+01 6.870823008750897998e+01
7.332746035741253365e+01 6.872513001386099063e+01
7.332292977598791595e+01 6.872880218169247257e+01
7.331839919456329824e+01 6.873522873244185405e+01
7.331386861313868053e+01 6.876875695877426153e+01
7.330933803171407703e+01 6.878395379133309007e+01
7.330480745028945933e+01 6.880016914534468242e+01
7.330027686886484162e+01 6.883177605084595996e+01
7.329574628744022391e+01 6.887236445354953673e+01
7.329121570601560620e+01 6.891857728103956049e+01
7.328668512459098849e+01 6.892969065141407725e+01
7.328215454316637079e+01 6.897156895732577198e+01
7.327762396174175308e+01 6.897947161343324751e+01
7.327309338031713537e+01 6.901724529219580972e+01
7.326856279889253187e+01 6.906576502055159494e+01
7.326403221746791417e+01 6.908586472337287887e+01
7.325950163604329646e+01 6.912449843567458174e+01
7.325497105461867875e+01 6.914342237272120428e+01
7.325044047319406104e+01 6.918745144900303501e+01
7.324590989176944333e+01 6.920844511200229476e+01
7.324137931034482563e+01 6.923986661298356182e+01
7.323684872892020792e+01 6.929522103120154952e+01
7.323231814749559021e+01 6.929924431705553900e+01
7.322778756607098671e+01 6.934565715545039666e+01
7.322325698464636901e+01 6.935657926149619357e+01
7.321872640322175130e+01 6.937284660726669472e+01
7.321419582179713359e+01 6.940855477343730229e+01
7.320966524037251588e+01 6.944510042609294942e+01
7.320513465894789817e+01 6.949401540796468169e+01
7.320060407752328047e+01 6.951340261991197167e+01
7.319607349609866276e+01 6.953586491094949906e+01
7.319154291467404505e+01 6.957116131518183977e+01
7.318701233324944155e+01 6.960025324735597962e+01
7.318248175182482385e+01 6.963271951944280147e+01
7.317795117040020614e+01 6.966099916078789533e+01
7.317342058897558843e+01 6.969298965008536584e+01
7.316889000755097072e+01 6.972450116049752467e+01
7.316435942612635301e+01 6.971993378135510966e+01
7.315982884470173531e+01 6.974737188569656610e+01
7.315529826327711760e+01 6.976651542114238680e+01
7.315076768185249989e+01 6.979432082332400000e+01
7.314623710042789639e+01 6.981239990497226700e+01
7.314170651900326448e+01 6.981634017517518487e+01
7.313717593757866098e+01 6.982362315448669676e+01
7.313264535615404327e+01 6.986410901405612606e+01
7.312811477472942556e+01 6.988854001436500596e+01
7.312358419330480785e+01 6.991588233637529015e+01
7.311905361188019015e+01 6.993083313335955609e+01
7.311452303045557244e+01 6.995645338234413657e+01
7.310999244903095473e+01 6.998784292959211939e+01
7.310546186760635123e+01 7.001367421050122175e+01
7.310093128618171932e+01 7.003629277771254635e+01
7.309640070475711582e+01 7.006999044816994626e+01
7.309187012333249811e+01 7.009731277305560582e+01
7.308733954190788040e+01 7.011305906640977526e+01
7.308280896048326269e+01 7.013975506077849786e+01
7.307827837905864499e+01 7.017243020880346194e+01
7.307374779763402728e+01 7.020614393354551908e+01
7.306921721620940957e+01 7.024040306132270928e+01
7.306468663478480607e+01 7.025744043467103950e+01
7.306015605336017416e+01 7.029322459693867131e+01
7.305562547193557066e+01 7.033666532542859784e+01
7.305109489051095295e+01 7.035489383220522086e+01
7.304656430908633524e+01 7.040562121327809564e+01
7.304203372766171753e+01 7.044246653889783261e+01
7.303750314623709983e+01 7.050967161258284932e+01
7.303297256481248212e+01 7.053787659070229665e+01
7.302844198338786441e+01 7.055743140688532833e+01
7.302391140196326091e+01 7.059069498531579256e+01
7.301938082053862900e+01 7.061266169436461837e+01
7.301485023911402550e+01 7.064939182789397876e+01
7.301031965768940779e+01 7.067384907123887672e+01
7.300578907626479008e+01 7.071161119049644128e+01
7.300125849484017238e+01 7.075448553199048263e+01
7.299672791341555467e+01 7.082050673945468588e+01
7.299219733199093696e+01 7.086231895378409718e+01
7.298766675056631925e+01 7.089339589880519554e+01
7.298313616914171575e+01 7.091725113358803867e+01
7.297860558771708384e+01 7.096895683474521377e+01
7.297407500629248034e+01 7.098742978109528678e+01
7.296954442486786263e+01 7.101585371326663676e+01
7.296501384344324492e+01 7.103189362905256132e+01
7.296048326201862722e+01 7.103496929721929121e+01
7.295595268059400951e+01 7.104766814584459667e+01
7.295142209916939180e+01 7.109090147652646863e+01
7.294689151774477409e+01 7.114582073838876397e+01
7.294236093632017059e+01 7.117308306221482894e+01
7.293783035489553868e+01 7.119622201376429871e+01
7.293329977347093518e+01 7.124301298003972249e+01
7.292876919204631747e+01 7.126966425107181635e+01
7.292423861062169976e+01 7.129990574133655912e+01
7.291970802919708206e+01 7.131667285863970562e+01
7.291517744777246435e+01 7.135945085704652513e+01
7.291064686634784664e+01 7.139315428232534089e+01
7.290611628492322893e+01 7.145195845530352585e+01
7.290158570349862543e+01 7.148022397473782519e+01
7.289705512207399352e+01 7.149376236101277016e+01
7.289252454064939002e+01 7.148471539988570100e+01
7.288799395922477231e+01 7.151553040707345588e+01
7.288346337780015460e+01 7.153398080403646020e+01
7.287893279637553690e+01 7.157452605603421603e+01
7.287440221495091919e+01 7.162410234602731407e+01
7.286987163352630148e+01 7.167191262074018709e+01
7.286534105210168377e+01 7.170204408199141710e+01
7.286081047067708027e+01 7.172109936731108348e+01
7.285627988925244836e+01 7.173525567501739886e+01
7.285174930782784486e+01 7.174620329629087223e+01
7.284721872640322715e+01 7.180264792803832563e+01
7.284268814497860944e+01 7.184456434419003301e+01
7.283815756355399174e+01 7.186980318652959454e+01
7.283362698212937403e+01 7.192326208839813262e+01
7.282909640070475632e+01 7.195443326496551606e+01
7.282456581928013861e+01 7.199905917511225084e+01
7.282003523785552090e+01 7.202442584670231440e+01
7.281550465643090320e+01 7.203958478821736833e+01
7.281097407500629970e+01 7.208863437063034496e+01
7.280644349358168199e+01 7.213555569362593189e+01
7.280191291215706428e+01 7.218824700459585131e+01
7.279738233073244658e+01 7.224829107541137319e+01
7.279285174930782887e+01 7.228788792544985142e+01
7.278832116788321116e+01 7.229645194816592380e+01
7.278379058645859345e+01 7.228620819414145160e+01
7.277926000503397574e+01 7.230809710201275209e+01
7.277472942360935804e+01 7.229280568444760036e+01
7.277019884218475454e+01 7.230007480211084214e+01
7.276566826076013683e+01 7.228546218541795554e+01
7.276113767933551912e+01 7.228367171271257519e+01
7.275660709791090142e+01 7.228017683515923864e+01
7.275207651648628371e+01 7.230553328526600865e+01
7.274754593506166600e+01 7.233318782568200334e+01
7.274301535363704829e+01 7.234885054520296421e+01
7.273848477221243058e+01 7.235126486513040334e+01
7.273395419078781288e+01 7.239530740054388502e+01
7.272942360936320938e+01 7.242163783155069723e+01
7.272489302793859167e+01 7.246582437082598460e+01
7.272036244651397396e+01 7.247279150805988479e+01
7.271583186508935626e+01 7.248144761644401513e+01
7.271130128366473855e+01 7.249941994311929250e+01
7.270677070224012084e+01 7.254950207724304789e+01
7.270224012081550313e+01 7.256845298429577440e+01
7.269770953939088542e+01 7.260114591155446817e+01
7.269317895796626772e+01 7.262467520975931734e+01
7.268864837654166422e+01 7.265372496611624342e+01
7.268411779511704651e+01 7.269238176164326148e+01
7.267958721369242880e+01 7.272199341755312219e+01
7.267505663226781110e+01 7.273846021057259748e+01
7.267052605084319339e+01 7.273642018391531394e+01
7.266599546941857568e+01 7.280158673956604787e+01
7.266146488799395797e+01 7.282447229679891620e+01
7.265693430656934027e+01 7.283439068385440862e+01
7.265240372514472256e+01 7.284780578435827181e+01
7.264787314372011906e+01 7.287913057597678801e+01
7.264334256229548714e+01 7.287791825042791061e+01
7.263881198087088364e+01 7.293863190016412545e+01
7.263428139944626594e+01 7.294129665961683884e+01
7.262975081802164823e+01 7.295875055576313173e+01
7.262522023659703052e+01 7.296236272477536033e+01
7.262068965517241281e+01 7.298230467863449178e+01
7.261615907374779511e+01 7.301624139965173299e+01
7.261162849232317740e+01 7.300166672040884919e+01
7.260709791089857390e+01 7.303042885657131933e+01
7.260256732947394198e+01 7.303169276507948382e+01
7.259803674804933848e+01 7.306390999914458462e+01
7.259350616662472078e+01 7.306494288171268181e+01
7.258897558520010307e+01 7.310236034965348040e+01
7.258444500377548536e+01 7.310893203359415793e+01
7.257991442235086765e+01 7.312499126901766999e+01
7.257538384092624995e+01 7.316459741629094538e+01
7.257085325950163224e+01 7.318562105860247868e+01
7.256632267807702874e+01 7.324211659137544927e+01
7.256179209665239682e+01 7.324534216415959520e+01
7.255726151522779332e+01 7.327216002249359406e+01
7.255273093380317562e+01 7.329091781862312871e+01
7.254820035237855791e+01 7.332746720257905793e+01
7.254366977095394020e+01 7.333773107260098811e+01
7.253913918952932249e+01 7.334798459243475577e+01
7.253460860810470479e+01 7.337944528037758118e+01
7.253007802668008708e+01 7.342785118597396377e+01
7.252554744525548358e+01 7.345429709947309505e+01
7.252101686383085166e+01 7.345832369311422383e+01
7.251648628240624816e+01 7.346196183084194331e+01
7.251195570098163046e+01 7.348613147682861779e+01
7.250742511955701275e+01 7.352024253990634861e+01
7.250289453813239504e+01 7.352248545398066426e+01
7.249836395670777733e+01 7.352956984980455957e+01
7.249383337528315963e+01 7.354074434411562322e+01
7.248930279385854192e+01 7.356998625093623900e+01
7.248477221243393842e+01 7.358506794085921854e+01
7.248024163100930650e+01 7.363135677194306083e+01
7.247571104958470301e+01 7.364447414645077572e+01
7.247118046816008530e+01 7.366617754375090499e+01
7.246664988673546759e+01 7.370776679487494221e+01
7.246211930531084988e+01 7.372625535049090217e+01
7.245758872388623217e+01 7.370647459496117904e+01
7.245305814246161447e+01 7.372455918848504552e+01
7.244852756103699676e+01 7.374519119656747534e+01
7.244399697961239326e+01 7.381448863540464345e+01
7.243946639818776134e+01 7.384917736656404941e+01
7.243493581676315785e+01 7.389673846084855313e+01
7.243040523533854014e+01 7.389574858394134083e+01
7.242587465391392243e+01 7.392518989481170877e+01
7.242134407248930472e+01 7.400145954171331653e+01
7.241681349106468701e+01 7.403251442669153448e+01
7.241228290964006931e+01 7.408360032429233399e+01
7.240775232821545160e+01 7.410605979584738634e+01
7.240322174679084810e+01 7.412908639157173241e+01
7.239869116536621618e+01 7.412900743684819815e+01
7.239416058394161269e+01 7.412125489419265989e+01
7.238963000251699498e+01 7.412112624007694706e+01
7.238509942109237727e+01 7.413261442137010704e+01
7.238056883966775956e+01 7.414905431136919844e+01
7.237603825824314185e+01 7.416608961177979609e+01
7.237150767681852415e+01 7.416786222567083087e+01
7.236697709539390644e+01 7.419252095970387018e+01
7.236244651396928873e+01 7.419092206433445824e+01
7.235791593254467102e+01 7.421109170765731733e+01
7.235338535112006753e+01 7.424779730149423074e+01
7.234885476969544982e+01 7.424623916238282106e+01
7.234432418827083211e+01 7.424842558121495983e+01
7.233979360684621440e+01 7.426600813609317697e+01
7.233526302542159669e+01 7.424920189121414182e+01
7.233073244399697899e+01 7.429331391835202680e+01
7.232620186257236128e+01 7.431533694951635027e+01
7.232167128114774357e+01 7.434020178531778811e+01
7.231714069972312586e+01 7.436942227579848463e+01
7.231261011829852237e+01 7.436477007729487809e+01
7.230807953687390466e+01 7.438990027779159675e+01
7.230354895544928695e+01 7.439283149177846610e+01
7.229901837402466924e+01 7.442265728735785046e+01
7.229448779260005153e+01 7.445598721081073279e+01
7.228995721117543383e+01 7.445354133422453913e+01
7.228542662975081612e+01 7.449296385533193643e+01
7.228089604832619841e+01 7.454691643352657593e+01
7.227636546690158070e+01 7.456182680947000563e+01
7.227183488547697721e+01 7.460674312138654329e+01
7.226730430405235950e+01 7.462031672568863883e+01
7.226277372262774179e+01 7.464897110396859148e+01
7.225824314120312408e+01 7.468904904388300281e+01
7.225371255977850637e+01 7.471711223279585568e+01
7.224918197835388867e+01 7.473614874976279054e+01
7.224465139692927096e+01 7.475544242495598724e+01
7.224012081550465325e+01 7.479026677940012746e+01
7.223559023408003554e+01 7.479957433334404016e+01
7.223105965265543205e+01 7.481311240115340411e+01
7.222652907123081434e+01 7.482474444426834737e+01
7.222199848980619663e+01 7.482007043144062663e+01
7.221746790838157892e+01 7.485039751872636771e+01
7.221293732695696121e+01 7.485012478652012646e+01
7.220840674553234351e+01 7.487365342029585236e+01
7.220387616410772580e+01 7.488176985922839890e+01
7.219934558268310809e+01 7.492166638079920915e+01
7.219481500125849038e+01 7.494196735131414755e+01
7.219028441983388689e+01 7.497710885057384189e+01
7.218575383840925497e+01 7.501644162343637845e+01
7.218122325698465147e+01 7.506434331099930546e+01
7.217669267556003376e+01 7.508828701872491251e+01
7.217216209413541605e+01 7.514122488683632639e+01
7.216763151271079835e+01 7.516501602825532302e+01
7.216310093128618064e+01 7.518684036024177431e+01
7.215857034986156293e+01 7.520676764680146675e+01
7.215403976843694522e+01 7.522828223502591527e+01
7.214950918701234173e+01 7.527571477258757682e+01
7.214497860558770981e+01 7.531691190274972314e+01
7.214044802416310631e+01 7.534590041845859787e+01
7.213591744273848860e+01 7.537162399981417593e+01
7.213138686131387090e+01 7.539418499978521027e+01
7.212685627988925319e+01 7.539471034734705768e+01
7.212232569846463548e+01 7.542626448924167448e+01
7.211779511704001777e+01 7.545401824512248368e+01
7.211326453561540006e+01 7.550175506262554848e+01
7.210873395419079657e+01 7.555491329190357419e+01
7.210420337276616465e+01 7.556699477744788851e+01
7.209967279134156115e+01 7.558336235095234201e+01
7.209514220991694344e+01 7.558108202811814635e+01
7.209061162849232574e+01 7.560086147276997792e+01
7.208608104706770803e+01 7.561961681967322590e+01
7.208155046564309032e+01 7.566897225646978598e+01
7.207701988421847261e+01 7.570933783922214388e+01
7.207248930279385490e+01 7.573866879632035420e+01
7.206795872136925141e+01 7.578291118599662468e+01
7.206342813994461949e+01 7.582798021244279596e+01
7.205889755852001599e+01 7.585551176142685392e+01
7.205436697709539828e+01 7.589087462370491721e+01
7.204983639567078058e+01 7.594150588331318374e+01
7.204530581424616287e+01 7.595461271118007573e+01
7.204077523282154516e+01 7.601494155651539586e+01
7.203624465139692745e+01 7.605110962626915239e+01
7.203171406997230974e+01 7.606760376612201924e+01
7.202718348854770625e+01 7.611000835607103454e+01
7.202265290712307433e+01 7.616875165860520269e+01
7.201812232569847083e+01 7.620087208462931017e+01
7.201359174427385312e+01 7.623513211715643934e+01
7.200906116284923542e+01 7.628843856104502663e+01
7.200453058142461771e+01 7.630791512817573619e+01
7.200000000000000000e+01 7.634707842965718783e+01
7.199546941857538229e+01 7.640930118604660493e+01
7.199093883715076458e+01 7.641248033483670099e+01
7.198640825572616109e+01 7.649497592624965137e+01
7.198187767430152917e+01 7.649884815983425312e+01
7.197734709287692567e+01 7.652185309801269852e+01
7.197281651145230796e+01 7.654881865245313577e+01
7.196828593002769026e+01 7.655495082001533547e+01
7.196375534860307255e+01 7.660680693004682951e+01
7.195922476717845484e+01 7.661783353961394027e+01
7.195469418575383713e+01 7.665924113269805673e+01
7.195016360432921942e+01 7.665912333776911680e+01
7.194563302290461593e+01 7.669861673283546111e+01
7.194110244147998401e+01 7.672427324242504199e+01
7.193657186005538051e+01 7.677884630430257573e+01
7.193204127863076280e+01 7.680507599121139606e+01
7.192751069720614510e+01 7.682495826297527231e+01
7.192298011578152739e+01 7.685393133290922663e+01
7.191844953435690968e+01 7.691654861069993387e+01
7.191391895293229197e+01 7.695100592677151496e+01
7.190938837150767426e+01 7.694770488018863830e+01
7.190485779008307077e+01 7.698026683657336378e+01
7.190032720865843885e+01 7.698835882782383067e+01
7.189579662723383535e+01 7.701043463552095147e+01
7.189126604580921764e+01 7.707397579524315745e+01
7.188673546438459994e+01 7.709062384081423147e+01
7.188220488295998223e+01 7.712596445399920242e+01
7.187767430153536452e+01 7.714480518846205825e+01
7.187314372011074681e+01 7.718078022965322305e+01
7.186861313868612910e+01 7.721622664925230595e+01
7.186408255726151140e+01 7.725547509545739899e+01
7.185955197583689369e+01 7.728679119846529488e+01
7.185502139441229019e+01 7.731452635048600541e+01
7.185049081298767248e+01 7.736993752446657879e+01
7.184596023156305478e+01 7.741839838385565997e+01
7.184142965013843707e+01 7.743251860634568118e+01
7.183689906871381936e+01 7.746025720791661229e+01
7.183236848728920165e+01 7.745316286053630961e+01
7.182783790586458395e+01 7.747627451088018802e+01
7.182330732443996624e+01 7.752475174205029873e+01
7.181877674301534853e+01 7.756445108862355653e+01
7.181424616159074503e+01 7.759777618553449940e+01
7.180971558016612732e+01 7.763645828223437206e+01
7.180518499874150962e+01 7.767410939210651577e+01
7.180065441731689191e+01 7.768683982661119103e+01
7.179612383589227420e+01 7.770632138189185412e+01
7.179159325446765649e+01 7.775446839383729980e+01
7.178706267304303879e+01 7.776410391696011004e+01
7.178253209161842108e+01 7.777962567834235585e+01
7.177800151019380337e+01 7.779384538969040364e+01
7.177347092876919987e+01 7.781853222757429478e+01
7.176894034734458216e+01 7.784304618123017860e+01
7.176440976591996446e+01 7.786951516320975486e+01
7.175987918449534675e+01 7.792321815826646514e+01
7.175534860307072904e+01 7.796320088324883102e+01
7.175081802164611133e+01 7.803902399835533288e+01
7.174628744022149363e+01 7.808056961276062680e+01
7.174175685879687592e+01 7.812834000086792230e+01
7.173722627737225821e+01 7.814648299899350548e+01
7.173269569594765471e+01 7.815239941092086440e+01
7.172816511452303700e+01 7.816767278334896218e+01
7.172363453309841930e+01 7.818686046575882642e+01
7.171910395167380159e+01 7.819509208901595798e+01
7.171457337024918388e+01 7.821772105516514273e+01
7.171004278882456617e+01 7.823441100587918129e+01
7.170551220739994847e+01 7.826765516955583735e+01
7.170098162597533076e+01 7.829623542806798753e+01
7.169645104455071305e+01 7.831493727271147520e+01
7.169192046312610955e+01 7.834684160202718317e+01
7.168738988170147763e+01 7.835368976597570168e+01
7.168285930027687414e+01 7.839096430293771789e+01
7.167832871885225643e+01 7.841383294224812062e+01
7.167379813742763872e+01 7.843038786090217229e+01
7.166926755600302101e+01 7.847627668149424096e+01
7.166473697457840331e+01 7.849123739630142893e+01
7.166020639315378560e+01 7.853044319823588637e+01
7.165567581172916789e+01 7.853323759928537129e+01
7.165114523030456439e+01 7.857759404066125342e+01
7.164661464887993247e+01 7.860334717419787864e+01
7.164208406745532898e+01 7.862173092787325857e+01
7.163755348603071127e+01 7.866475678607277189e+01
7.163302290460609356e+01 7.869443823354939127e+01
7.162849232318147585e+01 7.871975826765311979e+01
7.162396174175685815e+01 7.874783793490797734e+01
7.161943116033224044e+01 7.875338573241664619e+01
7.161490057890762273e+01 7.878944325270403226e+01
7.161036999748301923e+01 7.882999597066761055e+01
7.160583941605838731e+01 7.885673230753583596e+01
7.160130883463378382e+01 7.891038517267300278e+01
7.159677825320916611e+01 7.895264817938981139e+01
7.159224767178454840e+01 7.900241896803163399e+01
7.158771709035993069e+01 7.903627124558038020e+01
7.158318650893531299e+01 7.904957856692251994e+01
7.157865592751069528e+01 7.907182314286106362e+01
7.157412534608607757e+01 7.906316590420037471e+01
7.156959476466147407e+01 7.909502009631651731e+01
7.156506418323684215e+01 7.909085080996463546e+01
7.156053360181223866e+01 7.908792705010451130e+01
7.155600302038762095e+01 7.911210796014356106e+01
7.155147243896300324e+01 7.910500550533183173e+01
7.154694185753838553e+01 7.913298537282859968e+01
7.154241127611376783e+01 7.916901120731264996e+01
7.153788069468915012e+01 7.918675597147083067e+01
7.153335011326453241e+01 7.920865368469873147e+01
7.152881953183992891e+01 7.924159749893725291e+01
7.152428895041529699e+01 7.926520715069710832e+01
7.151975836899069350e+01 7.932658885150034678e+01
7.151522778756607579e+01 7.936823959546475749e+01
7.151069720614145808e+01 7.942141418445567069e+01
7.150616662471684037e+01 7.945219641195495797e+01
7.150163604329222267e+01 7.946768234079199544e+01
7.149710546186760496e+01 7.948877385395584838e+01
7.149257488044298725e+01 7.949148091889078671e+01
7.148804429901838375e+01 7.949636145845344970e+01
7.148351371759375184e+01 7.951856859039706649e+01
7.147898313616914834e+01 7.955564078696657759e+01
7.147445255474453063e+01 7.960404046583066417e+01
7.146992197331991292e+01 7.964861037654492293e+01
7.146539139189529521e+01 7.964566414456257348e+01
7.146086081047067751e+01 7.969349942347274407e+01
7.145633022904605980e+01 7.970965582559517770e+01
7.145179964762144209e+01 7.974521992803741455e+01
7.144726906619683859e+01 7.979388132682920798e+01
7.144273848477220668e+01 7.982227551111192554e+01
7.143820790334760318e+01 7.983856136868882913e+01
7.143367732192298547e+01 7.986991855956127040e+01
7.142914674049836776e+01 7.988592502397590067e+01
7.142461615907375005e+01 7.988679151816111812e+01
7.142008557764913235e+01 7.993435682313173629e+01
7.141555499622451464e+01 7.995907739976995288e+01
7.141102441479989693e+01 8.000466144238572497e+01
7.140649383337527922e+01 8.003267442394141540e+01
7.140196325195066152e+01 8.007076325795681271e+01
7.139743267052605802e+01 8.010721666665315865e+01
7.139290208910144031e+01 8.015958519581721475e+01
7.138837150767682260e+01 8.019785607996578847e+01
7.138384092625220489e+01 8.026407436598434231e+01
7.137931034482758719e+01 8.031651592668656292e+01
7.137477976340296948e+01 8.035744206030270220e+01
7.137024918197835177e+01 8.038339087374677661e+01
7.136571860055373406e+01 8.038826927861319405e+01
7.136118801912911636e+01 8.042961362476728482e+01
7.135665743770451286e+01 8.047287179244385413e+01
7.135212685627989515e+01 8.049634465396835026e+01
7.134759627485527744e+01 8.050646213789815420e+01
7.134306569343065973e+01 8.049788127867178389e+01
7.133853511200604203e+01 8.054609642713437268e+01
7.133400453058142432e+01 8.057833847565379415e+01
7.132947394915680661e+01 8.060247347393460871e+01
7.132494336773218890e+01 8.063544391123747346e+01
7.132041278630757120e+01 8.065353510861267239e+01
7.131588220488296770e+01 8.069193904064653111e+01
7.131135162345834999e+01 8.071824095671368582e+01
7.130682104203373228e+01 8.075731700482532460e+01
7.130229046060911458e+01 8.076514630253930704e+01
7.129775987918449687e+01 8.077345559084321280e+01
7.129322929775987916e+01 8.079362632725636217e+01
7.128869871633526145e+01 8.082418121304624492e+01
7.128416813491064374e+01 8.085081582755570651e+01
7.127963755348602604e+01 8.088570853072766909e+01
7.127510697206142254e+01 8.090142418008628056e+01
7.127057639063680483e+01 8.092041773891780565e+01
7.126604580921218712e+01 8.092422662480241513e+01
7.126151522778756942e+01 8.093836479123602601e+01
7.125698464636295171e+01 8.094571529444671398e+01
7.125245406493833400e+01 8.099966640473745372e+01
7.124792348351371629e+01 8.103435651644724658e+01
7.124339290208909858e+01 8.110617612860066572e+01
7.123886232066448088e+01 8.115334061935352850e+01
7.123433173923987738e+01 8.120905049278090360e+01
7.122980115781524546e+01 8.122524014435322215e+01
7.122527057639064196e+01 8.125167354663345520e+01
7.122073999496602426e+01 8.127874314002920642e+01
7.121620941354140655e+01 8.130088692140937212e+01
7.121167883211678884e+01 8.134316396199022847e+01
7.120714825069217113e+01 8.138444940766470381e+01
7.120261766926755342e+01 8.141931470825774397e+01
7.119808708784293572e+01 8.145176650636524585e+01
7.119355650641833222e+01 8.146713753396136326e+01
7.118902592499370030e+01 8.149015310294086589e+01
7.118449534356909680e+01 8.154853980835122229e+01
7.117996476214447910e+01 8.155918581180817739e+01
7.117543418071986139e+01 8.160305342465316869e+01
7.117090359929524368e+01 8.161735271280166160e+01
7.116637301787062597e+01 8.165341594245391832e+01
7.116184243644600826e+01 8.165445926805404042e+01
7.115731185502139056e+01 8.168780340816638841e+01
7.115278127359678706e+01 8.173310070519661963e+01
7.114825069217215514e+01 8.176123840617015048e+01
7.114372011074755164e+01 8.178000476734442259e+01
7.113918952932293394e+01 8.179542987269265097e+01
7.113465894789831623e+01 8.182923688195035083e+01
7.113012836647369852e+01 8.184534303291171398e+01
7.112559778504908081e+01 8.190254665273272394e+01
7.112106720362446310e+01 8.195124356148168943e+01
7.111653662219984540e+01 8.202027117411870449e+01
7.111200604077524190e+01 8.204602107994206506e+01
7.110747545935060998e+01 8.206801519604324824e+01
7.110294487792600648e+01 8.208981571209530159e+01
7.109841429650138878e+01 8.210741618180728096e+01
7.109388371507677107e+01 8.212648121158051140e+01
7.108935313365215336e+01 8.213950854054209572e+01
7.108482255222753565e+01 8.218983992129618343e+01
7.108029197080291794e+01 8.221435088904382837e+01
7.107576138937830024e+01 8.225151876366693671e+01
7.107123080795369674e+01 8.226708889027399607e+01
7.106670022652906482e+01 8.228509986267019372e+01
7.106216964510446132e+01 8.231779468279771095e+01
7.105763906367984362e+01 8.231603767795792237e+01
7.105310848225522591e+01 8.235076799463685404e+01
7.104857790083060820e+01 8.233982438586684793e+01
7.104404731940599049e+01 8.237139294834345549e+01
7.103951673798137278e+01 8.237605706572685449e+01
7.103498615655675508e+01 8.240013803477729937e+01
7.103045557513215158e+01 8.241710080324497767e+01
7.102592499370751966e+01 8.244817016075629112e+01
7.102139441228291616e+01 8.248859662075064136e+01
7.101686383085829846e+01 8.247803550142674567e+01
7.101233324943368075e+01 8.249817034963396623e+01
7.100780266800906304e+01 8.251645627041192199e+01
7.100327208658444533e+01 8.255453871114239917e+01
7.099874150515982762e+01 8.258061759997700335e+01
7.099421092373520992e+01 8.263821966680619369e+01
7.098968034231060642e+01 8.266586173340823507e+01
7.098514976088597450e+01 8.274249950252007579e+01
7.098061917946137100e+01 8.276660835344173961e+01
7.097608859803675330e+01 8.280635199797720247e+01
7.097155801661213559e+01 8.282510498122853448e+01
7.096702743518751788e+01 8.288063482693964090e+01
7.096249685376290017e+01 8.291160977360566164e+01
7.095796627233828247e+01 8.298254570193658708e+01
7.095343569091366476e+01 8.301319707074731014e+01
7.094890510948906126e+01 8.305064123689048472e+01
7.094437452806442934e+01 8.308264706686887280e+01
7.093984394663982584e+01 8.312047524213275551e+01
7.093531336521520814e+01 8.315525178665996009e+01
7.093078278379059043e+01 8.317781067505568160e+01
7.092625220236597272e+01 8.319362723453494368e+01
7.092172162094135501e+01 8.322335257558636101e+01
7.091719103951673731e+01 8.329031197358710870e+01
7.091266045809211960e+01 8.331793384181248996e+01
7.090812987666750189e+01 8.336159505189750973e+01
7.090359929524288418e+01 8.337072903464301987e+01
7.089906871381828068e+01 8.338162181482928759e+01
7.089453813239366298e+01 8.340521483723820495e+01
7.089000755096904527e+01 8.345292124703384218e+01
7.088547696954442756e+01 8.348042088844071884e+01
7.088094638811980985e+01 8.351882657217029760e+01
7.087641580669519215e+01 8.353988920528078665e+01
7.087188522527057444e+01 8.358097138303564577e+01
7.086735464384595673e+01 8.361857993444026249e+01
7.086282406242133902e+01 8.366523831033951808e+01
7.085829348099673552e+01 8.369338987971738675e+01
7.085376289957211782e+01 8.375084457516109637e+01
7.084923231814750011e+01 8.379539224900410943e+01
7.084470173672288240e+01 8.383033587768818506e+01
7.084017115529826469e+01 8.385898975777526232e+01
7.083564057387364699e+01 8.390170945180877027e+01
7.083110999244902928e+01 8.392600231737526428e+01
7.082657941102441157e+01 8.396021440207439923e+01
7.082204882959979386e+01 8.399159965632226488e+01
7.081751824817519037e+01 8.406080952516481375e+01
7.081298766675057266e+01 8.407920734470228297e+01
7.080845708532595495e+01 8.416303718577466952e+01
7.080392650390133724e+01 8.417583177381553128e+01
7.079939592247671953e+01 8.423286963707431596e+01
7.079486534105210183e+01 8.428037868929764898e+01
7.079033475962748412e+01 8.428365355153498228e+01
7.078580417820286641e+01 8.431850746097485683e+01
7.078127359677824870e+01 8.433390404001389129e+01
7.077674301535364521e+01 8.434288397299346229e+01
7.077221243392902750e+01 8.436642787521165587e+01
7.076768185250440979e+01 8.438549932904072648e+01
7.076315127107979208e+01 8.442152369870377981e+01
7.075862068965517437e+01 8.444731184196706408e+01
7.075409010823055667e+01 8.451969686551315419e+01
7.074955952680593896e+01 8.455689046521862906e+01
7.074502894538132125e+01 8.460831566983364382e+01
7.074049836395670354e+01 8.466469332981434093e+01
7.073596778253210005e+01 8.467067125749819922e+01
7.073143720110746813e+01 8.470933876083705627e+01
7.072690661968286463e+01 8.473257572788382674e+01
7.072237603825824692e+01 8.476775369104942115e+01
7.071784545683362921e+01 8.478268360926857383e+01
7.071331487540901151e+01 8.480469623516485456e+01
7.070878429398439380e+01 8.481912590880668290e+01
7.070425371255977609e+01 8.484338440218455446e+01
7.069972313113515838e+01 8.488935441905240964e+01
7.069519254971055489e+01 8.493150511003716474e+01
7.069066196828592297e+01 8.497999396519679749e+01
7.068613138686131947e+01 8.500503269431318643e+01
7.068160080543670176e+01 8.506936912637620196e+01
7.067707022401208405e+01 8.511942927418228066e+01
7.067253964258746635e+01 8.515521308508769494e+01
7.066800906116284864e+01 8.521572796632048608e+01
7.066347847973823093e+01 8.525574621772814510e+01
7.065894789831361322e+01 8.529678054886201721e+01
7.065441731688900973e+01 8.532138323171903949e+01
7.064988673546437781e+01 8.537005030386180238e+01
7.064535615403977431e+01 8.538605666134161254e+01
7.064082557261515660e+01 8.541128653427787754e+01
7.063629499119053889e+01 8.541966043169446721e+01
7.063176440976592119e+01 8.542548095147903098e+01
7.062723382834130348e+01 8.544201863296650856e+01
7.062270324691668577e+01 8.544400345201633229e+01
7.061817266549206806e+01 8.548765548981261020e+01
7.061364208406746457e+01 8.552556072411589128e+01
7.060911150264283265e+01 8.559001338374800127e+01
7.060458092121822915e+01 8.561982481463523698e+01
7.060005033979361144e+01 8.564731881424528126e+01
7.059551975836899373e+01 8.570222842971699606e+01
7.059098917694437603e+01 8.571702542667964053e+01
7.058645859551975832e+01 8.574987278470442220e+01
7.058192801409514061e+01 8.578360009739543557e+01
7.057739743267052290e+01 8.581987192099643380e+01
7.057286685124591941e+01 8.587066145041971765e+01
7.056833626982128749e+01 8.591287867681367629e+01
7.056380568839668399e+01 8.595379425278495944e+01
7.055927510697206628e+01 8.599489093641459192e+01
7.055474452554744857e+01 8.602899428699838325e+01
7.055021394412283087e+01 8.604533454231584244e+01
7.054568336269821316e+01 8.606402572416645569e+01
7.054115278127359545e+01 8.610576611295665828e+01
7.053662219984897774e+01 8.612725533260346822e+01
7.053209161842437425e+01 8.618107407930726538e+01
7.052756103699974233e+01 8.621402573423705462e+01
7.052303045557513883e+01 8.625044742639634876e+01
7.051849987415052112e+01 8.629518159594525173e+01
7.051396929272590341e+01 8.630067616892335991e+01
7.050943871130128571e+01 8.631740171104229375e+01
7.050490812987666800e+01 8.633909612331744654e+01
7.050037754845205029e+01 8.638403467889258991e+01
7.049584696702743258e+01 8.643059251816117694e+01
7.049131638560282909e+01 8.647701258745578912e+01
7.048678580417819717e+01 8.652665685185871780e+01
7.048225522275359367e+01 8.651647802583038072e+01
7.047772464132897596e+01 8.654442808579453583e+01
7.047319405990435826e+01 8.657182420822960012e+01
7.046866347847974055e+01 8.662382052134461219e+01
7.046413289705512284e+01 8.668449452949077738e+01
7.045960231563050513e+01 8.673441184124318681e+01
7.045507173420588742e+01 8.675282156101198439e+01
7.045054115278126972e+01 8.678548812619456498e+01
7.044601057135665201e+01 8.680091366465339320e+01
7.044147998993204851e+01 8.678733191850821527e+01
7.043694940850743080e+01 8.680721022735173165e+01
7.043241882708281310e+01 8.683378800090507355e+01
7.042788824565819539e+01 8.685642250777486595e+01
7.042335766423357768e+01 8.690344923362380314e+01
7.041882708280895997e+01 8.693304827508988808e+01
7.041429650138434226e+01 8.700196106793303841e+01
7.040976591995972456e+01 8.702141250938551309e+01
7.040523533853510685e+01 8.704948892982986308e+01
7.040070475711050335e+01 8.707080767737775773e+01
7.039617417568588564e+01 8.707182326162711661e+01
7.039164359426126794e+01 8.710154516800331237e+01
7.038711301283665023e+01 8.712306972280123318e+01
7.038258243141203252e+01 8.714973918623921634e+01
7.037805184998741481e+01 8.717550618993332989e+01
7.037352126856279710e+01 8.720602305402422871e+01
7.036899068713817940e+01 8.723655370452009095e+01
7.036446010571356169e+01 8.729217195340409319e+01
7.035992952428895819e+01 8.734764825419900092e+01
7.035539894286434048e+01 8.742704754213214358e+01
7.035086836143972278e+01 8.745169437640007004e+01
7.034633778001510507e+01 8.751272263758721692e+01
7.034180719859048736e+01 8.756834192623773561e+01
7.033727661716586965e+01 8.760624952063555781e+01
7.033274603574125194e+01 8.764853797446491512e+01
7.032821545431663424e+01 8.765465985361086609e+01
7.032368487289201653e+01 8.768535352786304315e+01
7.031915429146741303e+01 8.770041936171479335e+01
7.031462371004279532e+01 8.773713830493765897e+01
7.031009312861817762e+01 8.775160241794078786e+01
7.030556254719355991e+01 8.778262113449086712e+01
7.030103196576894220e+01 8.782473492813514326e+01
7.029650138434432449e+01 8.786346180970748776e+01
7.029197080291970678e+01 8.792216485150474625e+01
7.028744022149508908e+01 8.797681579499391091e+01
7.028290964007047137e+01 8.802631202223814455e+01
7.027837905864586787e+01 8.806634507950364821e+01
7.027384847722123595e+01 8.813798913115628864e+01
7.026931789579663246e+01 8.817952561156464242e+01
7.026478731437201475e+01 8.820789343999652488e+01
7.026025673294739704e+01 8.821845818075958334e+01
7.025572615152277933e+01 8.821248483408945162e+01
7.025119557009816162e+01 8.821459902305842604e+01
7.024666498867354392e+01 8.823686554111496605e+01
7.024213440724892621e+01 8.826629562468713175e+01
7.023760382582432271e+01 8.828818770889947132e+01
7.023307324439969079e+01 8.832767040442013240e+01
7.022854266297508730e+01 8.836089425945662867e+01
7.022401208155046959e+01 8.840061810765804751e+01
7.021948150012585188e+01 8.843457216097766604e+01
7.021495091870123417e+01 8.846522971015593839e+01
7.021042033727661646e+01 8.853923276093441075e+01
7.020588975585199876e+01 8.859846979329283556e+01
7.020135917442738105e+01 8.863616255737494498e+01
7.019682859300277755e+01 8.867455893240931175e+01
7.019229801157814563e+01 8.871330605523097290e+01
7.018776743015354214e+01 8.876147939177323565e+01
7.018323684872892443e+01 8.880470716354761862e+01
7.017870626730430672e+01 8.884312515096924301e+01
7.017417568587968901e+01 8.886154976826404095e+01
7.016964510445507130e+01 8.888704987513274602e+01
7.016511452303045360e+01 8.893814808837548469e+01
7.016058394160583589e+01 8.896639398455936032e+01
7.015605336018123239e+01 8.901725374682814618e+01
7.015152277875660047e+01 8.906377482456127836e+01
7.014699219733199698e+01 8.908988056661388555e+01
7.014246161590737927e+01 8.914112055478724983e+01
7.013793103448276156e+01 8.915413782130775644e+01
7.013340045305814385e+01 8.918081139047565387e+01
7.012886987163352615e+01 8.921526665531372657e+01
7.012433929020890844e+01 8.925389220942147972e+01
7.011980870878429073e+01 8.928219826645747048e+01
7.011527812735968723e+01 8.931932947664994060e+01
7.011074754593505531e+01 8.933546007180882498e+01
7.010621696451045182e+01 8.938902240108934905e+01
7.010168638308583411e+01 8.942611188265091471e+01
7.009715580166121640e+01 8.949661638887563697e+01
7.009262522023659869e+01 8.953736373604925802e+01
7.008809463881198099e+01 8.957630482548857742e+01
7.008356405738736328e+01 8.960290539876717730e+01
7.007903347596274557e+01 8.960575217051625430e+01
7.007450289453814207e+01 8.962857543706148533e+01
7.006997231311351015e+01 8.965757875603287630e+01
7.006544173168890666e+01 8.966875365701073974e+01
7.006091115026428895e+01 8.970665105535650241e+01
7.005638056883967124e+01 8.974268939556526448e+01
7.005184998741505353e+01 8.980502318042520926e+01
7.004731940599043583e+01 8.984394315339504544e+01
7.004278882456581812e+01 8.987274146456890378e+01
7.003825824314120041e+01 8.990267750356976251e+01
7.003372766171659691e+01 8.991320858797985238e+01
7.002919708029196499e+01 8.994113746409543353e+01
7.002466649886736150e+01 8.995085882237242458e+01
7.002013591744274379e+01 8.997611926455621756e+01
7.001560533601812608e+01 9.000858706397961839e+01
7.001107475459350837e+01 9.004049252436141160e+01
7.000654417316889067e+01 9.007874579736559895e+01
7.000201359174427296e+01 9.013309542428987697e+01
6.999748301031965525e+01 9.016113156604002654e+01
6.999295242889505175e+01 9.020184207026395029e+01
6.998842184747041983e+01 9.021490430267327554e+01
6.998389126604581634e+01 9.024272505783470422e+01
6.997936068462119863e+01 9.025034460844052830e+01
6.997483010319658092e+01 9.028030280832490462e+01
6.997029952177196321e+01 9.031467002999886518e+01
6.996576894034734551e+01 9.036886103492351197e+01
6.996123835892272780e+01 9.041241278035938933e+01
6.995670777749811009e+01 9.043167127900927937e+01
6.995217719607349238e+01 9.046704761836713260e+01
6.994764661464887467e+01 9.046557312365433745e+01
6.994311603322427118e+01 9.049346651196924540e+01
6.993858545179965347e+01 9.052092792125152698e+01
6.993405487037503576e+01 9.055854637680980090e+01
6.992952428895041805e+01 9.058685225749297842e+01
6.992499370752580035e+01 9.063009720398042646e+01
6.992046312610118264e+01 9.066785005607326298e+01
6.991593254467656493e+01 9.069291074476592485e+01
6.991140196325194722e+01 9.072859966077260196e+01
6.990687138182732951e+01 9.077984057853579714e+01
6.990234080040272602e+01 9.080848831222725437e+01
6.989781021897810831e+01 9.083784467917428174e+01
6.989327963755349060e+01 9.090441117305346097e+01
6.988874905612887289e+01 9.093619464914185357e+01
6.988421847470425519e+01 9.098335957199584811e+01
6.987968789327963748e+01 9.100166727809880740e+01
6.987515731185501977e+01 9.101321659866748348e+01
6.987062673043040206e+01 9.105542916973881518e+01
6.986609614900578435e+01 9.112355750699587986e+01
6.986156556758118086e+01 9.116171568642317879e+01
6.985703498615656315e+01 9.120422147864510976e+01
6.985250440473194544e+01 9.120930843392306997e+01
6.984797382330732773e+01 9.123286718979512955e+01
6.984344324188271003e+01 9.126744412777966886e+01
6.983891266045809232e+01 9.127950058139552425e+01
6.983438207903347461e+01 9.131732812492620610e+01
6.982985149760885690e+01 9.133812713854898391e+01
6.982532091618423919e+01 9.139726322710058071e+01
6.982079033475963570e+01 9.144457314824852290e+01
6.981625975333501799e+01 9.151524031818183857e+01
6.981172917191040028e+01 9.153357162537911051e+01
6.980719859048578257e+01 9.157043386777093019e+01
6.980266800906116487e+01 9.158116733143950228e+01
6.979813742763654716e+01 9.161179769546086504e+01
6.979360684621192945e+01 9.160835934220928323e+01
6.978907626478731174e+01 9.165614079419013649e+01
6.978454568336269404e+01 9.166214558814627367e+01
6.978001510193809054e+01 9.169698394101774852e+01
6.977548452051345862e+01 9.171116607502430895e+01
6.977095393908885512e+01 9.175754409591401384e+01
6.976642335766423741e+01 9.177900700227233699e+01
6.976189277623961971e+01 9.181844039155538439e+01
6.975736219481500200e+01 9.186664095513549455e+01
6.975283161339038429e+01 9.191648509888804597e+01
6.974830103196576658e+01 9.197672040269749516e+01
6.974377045054114888e+01 9.201742394628193722e+01
6.973923986911654538e+01 9.204739288138441111e+01
6.973470928769191346e+01 9.207180196718266529e+01
6.973017870626730996e+01 9.210002881649596418e+01
6.972564812484269225e+01 9.215424139287051730e+01
6.972111754341807455e+01 9.218517562822924560e+01
6.971658696199345684e+01 9.222005679599350003e+01
6.971205638056883913e+01 9.223618642325749306e+01
6.970752579914422142e+01 9.224886048633455005e+01
6.970299521771960372e+01 9.226850604470439521e+01
6.969846463629500022e+01 9.229751707909471747e+01
6.969393405487036830e+01 9.234395083087528633e+01
6.968940347344576480e+01 9.235661679464973872e+01
6.968487289202114709e+01 9.238280855241750089e+01
6.968034231059652939e+01 9.240857966004590196e+01
6.967581172917191168e+01 9.243698832373503649e+01
6.967128114774729397e+01 9.247688659661803001e+01
6.966675056632267626e+01 9.251524910874907448e+01
6.966221998489805856e+01 9.255501814287862317e+01
6.965768940347345506e+01 9.260566928158658584e+01
6.965315882204882314e+01 9.260906373865010721e+01
6.964862824062421964e+01 9.263892421311824421e+01
6.964409765919960194e+01 9.263995754909652192e+01
6.963956707777498423e+01 9.268747960418289722e+01
6.963503649635036652e+01 9.269752734720509579e+01
6.963050591492574881e+01 9.275991152044662158e+01
6.962597533350113110e+01 9.280718580234947979e+01
6.962144475207651340e+01 9.285882173132768003e+01
6.961691417065190990e+01 9.287500649678970888e+01
6.961238358922727798e+01 9.292118107436196794e+01
6.960785300780267448e+01 9.297707916899157965e+01
6.960332242637805678e+01 9.300825928443863688e+01
6.959879184495343907e+01 9.305690407954736543e+01
6.959426126352882136e+01 9.304079861932562778e+01
6.958973068210420365e+01 9.306209984863995999e+01
6.958520010067958594e+01 9.307042421828224121e+01
6.958066951925496824e+01 9.312428841967691540e+01
6.957613893783036474e+01 9.315110346684116394e+01
6.957160835640573282e+01 9.319269091025482510e+01
6.956707777498112932e+01 9.324030095571671950e+01
6.956254719355651162e+01 9.327468666703177291e+01
6.955801661213189391e+01 9.330291241901048238e+01
6.955348603070727620e+01 9.334617874616171207e+01
6.954895544928265849e+01 9.337008267851007304e+01
6.954442486785804078e+01 9.338174321180190418e+01
6.953989428643342308e+01 9.342637900420659491e+01
6.953536370500881958e+01 9.345277270988403018e+01
6.953083312358418766e+01 9.349883186362654897e+01
6.952630254215958416e+01 9.352354359615517865e+01
6.952177196073496646e+01 9.358022259524310016e+01
6.951724137931034875e+01 9.364622280423805023e+01
6.951271079788573104e+01 9.367414110998220167e+01
6.950818021646111333e+01 9.369050301203105846e+01
6.950364963503649562e+01 9.372932728008585457e+01
6.949911905361187792e+01 9.372924214896296746e+01
6.949458847218726021e+01 9.375023836359943630e+01
6.949005789076264250e+01 9.379820982458606693e+01
6.948552730933803900e+01 9.384011107842979982e+01
6.948099672791342130e+01 9.387426284468070037e+01
6.947646614648880359e+01 9.391810675421976384e+01
6.947193556506418588e+01 9.396263031062198934e+01
6.946740498363956817e+01 9.400578395281559096e+01
6.946287440221495046e+01 9.402040262602940857e+01
6.945834382079033276e+01 9.404802880434691303e+01
6.945381323936571505e+01 9.403599200061420049e+01
6.944928265794109734e+01 9.403043615556401846e+01
6.944475207651649384e+01 9.405491054982985588e+01
6.944022149509187614e+01 9.405827409644294335e+01
6.943569091366725843e+01 9.405674643893500786e+01
6.943116033224264072e+01 9.406975843582678465e+01
6.942662975081802301e+01 9.409900038331876715e+01
6.942209916939340530e+01 9.415107300337710683e+01
6.941756858796878760e+01 9.419101161761315666e+01
6.941303800654416989e+01 9.422785930125645848e+01
6.940850742511955218e+01 9.425690866928577805e+01
6.940397684369494868e+01 9.431072193691628058e+01
6.939944626227033098e+01 9.435814780639461219e+01
6.939491568084571327e+01 9.441534018780583892e+01
6.939038509942109556e+01 9.444585189808401537e+01
6.938585451799647785e+01 9.444933159461793082e+01
6.938132393657186014e+01 9.448045609233524544e+01
6.937679335514724244e+01 9.451959367059981787e+01
6.937226277372262473e+01 9.454998243582917894e+01
6.936773219229800702e+01 9.457255023985166531e+01
6.936320161087340352e+01 9.458936928884978101e+01
6.935867102944878582e+01 9.464393509432646567e+01
6.935414044802416811e+01 9.470055610689739467e+01
6.934960986659955040e+01 9.474723561068888955e+01
6.934507928517493269e+01 9.478923587017246177e+01
6.934054870375031498e+01 9.485866682438559394e+01
6.933601812232569728e+01 9.489856150498856380e+01
6.933148754090107957e+01 9.495246768257560177e+01
6.932695695947646186e+01 9.495702616381463201e+01
6.932242637805185836e+01 9.495044878752236173e+01
6.931789579662724066e+01 9.493261220574441950e+01
6.931336521520262295e+01 9.495316139265361244e+01
6.930883463377800524e+01 9.497184751661771429e+01
6.930430405235338753e+01 9.500364085564984862e+01
6.929977347092876983e+01 9.501055229511986511e+01
6.929524288950415212e+01 9.502902133472773016e+01
6.929071230807953441e+01 9.505374618099044426e+01
6.928618172665491670e+01 9.508723235797457107e+01
6.928165114523031320e+01 9.512208585448347264e+01
6.927712056380568129e+01 9.517962842866528206e+01
6.927258998238107779e+01 9.520678624270962587e+01
6.926805940095646008e+01 9.526112756750342214e+01
6.926352881953184237e+01 9.529366145684244316e+01
6.925899823810722467e+01 9.535853325603457620e+01
6.925446765668260696e+01 9.538672294630737269e+01
6.924993707525798925e+01 9.543890245251922977e+01
6.924540649383337154e+01 9.544941428075009071e+01
6.924087591240876804e+01 9.547381502724090296e+01
6.923634533098413613e+01 9.550181397982980513e+01
6.923181474955953263e+01 9.551040533833143797e+01
6.922728416813491492e+01 9.554630503650322737e+01
6.922275358671029721e+01 9.557135170216818665e+01
6.921822300528567951e+01 9.562718198334887632e+01
6.921369242386106180e+01 9.564332412011924589e+01
6.920916184243644409e+01 9.569795036582426917e+01
6.920463126101182638e+01 9.574596513721147062e+01
6.920010067958722288e+01 9.580604078448371297e+01
6.919557009816259097e+01 9.585089592337904207e+01
6.919103951673798747e+01 9.589041030808516552e+01
6.918650893531336976e+01 9.594915000127906524e+01
6.918197835388875205e+01 9.598464460048391800e+01
6.917744777246413435e+01 9.602193854746299451e+01
6.917291719103951664e+01 9.609032997213839167e+01
6.916838660961489893e+01 9.612907682679220045e+01
6.916385602819028122e+01 9.615678478950444230e+01
6.915932544676567773e+01 9.616994026045024668e+01
6.915479486534104581e+01 9.617755384426669707e+01
6.915026428391644231e+01 9.619056041144095559e+01
6.914573370249182460e+01 9.621512303011097345e+01
6.914120312106720689e+01 9.624666124171756110e+01
6.913667253964258919e+01 9.626461288193753774e+01
6.913214195821797148e+01 9.631109575261203304e+01
6.912761137679335377e+01 9.633507428764013980e+01
6.912308079536873606e+01 9.640120368023673336e+01
6.911855021394413257e+01 9.643152956366066064e+01
6.911401963251950065e+01 9.644516192260195453e+01
6.910948905109489715e+01 9.648567890669083624e+01
6.910495846967027944e+01 9.650508774626700870e+01
6.910042788824566173e+01 9.654878242509293784e+01
6.909589730682104403e+01 9.659038213270109452e+01
6.909136672539642632e+01 9.663902491572405040e+01
6.908683614397180861e+01 9.669360443561733121e+01
6.908230556254719090e+01 9.674054431876793103e+01
6.907777498112258741e+01 9.678078788900532459e+01
6.907324439969795549e+01 9.681807769709263312e+01
6.906871381827335199e+01 9.685080831681544566e+01
6.906418323684873428e+01 9.685966124107031305e+01
6.905965265542411657e+01 9.690505519937960344e+01
6.905512207399949887e+01 9.692190564958779930e+01
6.905059149257488116e+01 9.696782478957528895e+01
6.904606091115026345e+01 9.697905819141854522e+01
6.904153032972564574e+01 9.702973736574550401e+01
6.903699974830104225e+01 9.706660240103333592e+01
6.903246916687641033e+01 9.710791930843210196e+01
6.902793858545180683e+01 9.713155390914484144e+01
6.902340800402718912e+01 9.713719427673063933e+01
6.901887742260257141e+01 9.717109028831643514e+01
6.901434684117795371e+01 9.718441177773739525e+01
6.900981625975333600e+01 9.724521796597467471e+01
6.900528567832871829e+01 9.727967034348395714e+01
6.900075509690410058e+01 9.730841170646287708e+01
6.899622451547948287e+01 9.735161019748692013e+01
6.899169393405486517e+01 9.736572699887167914e+01
6.898716335263026167e+01 9.738869498144744341e+01
6.898263277120564396e+01 9.741736365749218862e+01
6.897810218978102625e+01 9.745016496488656799e+01
6.897357160835640855e+01 9.749045816574428613e+01
6.896904102693179084e+01 9.751922277237568437e+01
6.896451044550717313e+01 9.754914479416204642e+01
6.895997986408255542e+01 9.759046018507243048e+01
6.895544928265793772e+01 9.764575868812498527e+01
6.895091870123332001e+01 9.766983637860721501e+01
6.894638811980871651e+01 9.772394638189582849e+01
6.894185753838409880e+01 9.775075607548676260e+01
6.893732695695948109e+01 9.778332530038794346e+01
6.893279637553486339e+01 9.781253099888473912e+01
6.892826579411024568e+01 9.783740544843679743e+01
6.892373521268562797e+01 9.788886007380304477e+01
6.891920463126101026e+01 9.793034132543667170e+01
6.891467404983639256e+01 9.797710752534473500e+01
6.891014346841177485e+01 9.801010523896685811e+01
6.890561288698717135e+01 9.804927092744523520e+01
6.890108230556255364e+01 9.812132006085481351e+01
6.889655172413793593e+01 9.814710176430493505e+01
6.889202114271331823e+01 9.817739562169788314e+01
6.888749056128870052e+01 9.816659306493826875e+01
6.888295997986408281e+01 9.819387910087719717e+01
6.887842939843946510e+01 9.820737056931326947e+01
6.887389881701484740e+01 9.824121101164567449e+01
6.886936823559022969e+01 9.825835040345700122e+01
6.886483765416562619e+01 9.826957347954751754e+01
6.886030707274100848e+01 9.830346095887037450e+01
6.885577649131639077e+01 9.834950925795627086e+01
6.885124590989177307e+01 9.837610908974970414e+01
6.884671532846715536e+01 9.842855361572232198e+01
6.884218474704253765e+01 9.844520460460753952e+01
6.883765416561791994e+01 9.850260028696857262e+01
6.883312358419330224e+01 9.855336048504089774e+01
6.882859300276868453e+01 9.862832514434201414e+01
6.882406242134408103e+01 9.867911281026339054e+01
6.881953183991944911e+01 9.868811185415862042e+01
6.881500125849484562e+01 9.875058762604483320e+01
6.881047067707022791e+01 9.875429264234558957e+01
6.880594009564561020e+01 9.880521768361154500e+01
6.880140951422099249e+01 9.884037510390439252e+01
6.879687893279637478e+01 9.883974638369804211e+01
6.879234835137175708e+01 9.889069962547286252e+01
6.878781776994713937e+01 9.891650061119874238e+01
6.878328718852253587e+01 9.894754963108654522e+01
6.877875660709790395e+01 9.898904380397003422e+01
6.877422602567330046e+01 9.899352741288244317e+01
6.876969544424868275e+01 9.903561923409183976e+01
6.876516486282406504e+01 9.904011690514879263e+01
6.876063428139944733e+01 9.907726009846041393e+01
6.875610369997482962e+01 9.909043163255192610e+01
6.875157311855021192e+01 9.911848827049301747e+01
6.874704253712559421e+01 9.918028840606926622e+01
6.874251195570099071e+01 9.918473655933618716e+01
6.873798137427635879e+01 9.925268219869784048e+01
6.873345079285175530e+01 9.925105170817565181e+01
6.872892021142713759e+01 9.928625287045660741e+01
6.872438963000251988e+01 9.931653016219593155e+01
6.871985904857790217e+01 9.934727776679811484e+01
6.871532846715328446e+01 9.936701672697577692e+01
6.871079788572866676e+01 9.939995144684756667e+01
6.870626730430404905e+01 9.943359054242456807e+01
6.870173672287944555e+01 9.950048069285836050e+01
6.869720614145481363e+01 9.957611225243769582e+01
6.869267556003021014e+01 9.962010246688589632e+01
6.868814497860559243e+01 9.966914416434812551e+01
6.868361439718097472e+01 9.968264680803412148e+01
6.867908381575635701e+01 9.971790402692788291e+01
6.867455323433173930e+01 9.975505737731164402e+01
6.867002265290712160e+01 9.979525101790829922e+01
6.866549207148250389e+01 9.981486277222327885e+01
6.866096149005790039e+01 9.983884656712527317e+01
6.865643090863326847e+01 9.986876347903698559e+01
6.865190032720866498e+01 9.991559549227528692e+01
6.864736974578404727e+01 9.994535831692834904e+01
6.864283916435942956e+01 9.999200836391933933e+01
6.863830858293481185e+01 1.000140419149983444e+02
6.863377800151019414e+01 1.000594555071529186e+02
6.862924742008557644e+01 1.001004451001968363e+02
6.862471683866095873e+01 1.001558433309957223e+02
6.862018625723635523e+01 1.002184173043128510e+02
6.861565567581172331e+01 1.002742025647017101e+02
6.861112509438711982e+01 1.002979921830762748e+02
6.860659451296250211e+01 1.003572249908943519e+02
6.860206393153788440e+01 1.003930851647087934e+02
6.859753335011326669e+01 1.004407897771771019e+02
6.859300276868864898e+01 1.004900184269696837e+02
6.858847218726403128e+01 1.005277655893849413e+02
6.858394160583941357e+01 1.005839050731547815e+02
6.857941102441481007e+01 1.006110024319058454e+02
6.857488044299017815e+01 1.006565399557792233e+02
6.857034986156557466e+01 1.006662362095676855e+02
6.856581928014095695e+01 1.007029276133986571e+02
6.856128869871633924e+01 1.007275782144335210e+02
6.855675811729172153e+01 1.007593928658429689e+02
6.855222753586710382e+01 1.007873997695067487e+02
6.854769695444248612e+01 1.008205275970505284e+02
6.854316637301786841e+01 1.008735371325640671e+02
6.853863579159325070e+01 1.009437665729638525e+02
6.853410521016863299e+01 1.009748364412425303e+02
6.852957462874402950e+01 1.010221004099018671e+02
6.852504404731941179e+01 1.010539408274774189e+02
6.852051346589479408e+01 1.010989453708738068e+02
6.851598288447017637e+01 1.011150520109524820e+02
6.851145230304555866e+01 1.011309964373980819e+02
6.850692172162094096e+01 1.011311650521299867e+02
6.850239114019632325e+01 1.011560869352478846e+02
6.849786055877170554e+01 1.011759589569625319e+02
6.849332997734708783e+01 1.012212153354399078e+02
6.848879939592248434e+01 1.012854584639422768e+02
6.848426881449786663e+01 1.013071349561045054e+02
6.847973823307324892e+01 1.013496815776913422e+02
6.847520765164863121e+01 1.013997777129251148e+02
6.847067707022401351e+01 1.014737812480391455e+02
6.846614648879939580e+01 1.015158261935791586e+02
6.846161590737477809e+01 1.015630990432501477e+02
6.845708532595016038e+01 1.016008758451694263e+02
6.845255474452554267e+01 1.016236445192140252e+02
6.844802416310093918e+01 1.016672418998156644e+02
6.844349358167632147e+01 1.016810299522636001e+02
6.843896300025170376e+01 1.017348110522414402e+02
6.843443241882708605e+01 1.018101693296878238e+02
6.842990183740246835e+01 1.018402944644336401e+02
6.842537125597785064e+01 1.018949335850834217e+02
6.842084067455323293e+01 1.019396133218822911e+02
6.841631009312861522e+01 1.019789236779734409e+02
6.841177951170399751e+01 1.020180699555958341e+02
6.840724893027939402e+01 1.020742465974920634e+02
6.840271834885477631e+01 1.020980201364131972e+02
6.839818776743015860e+01 1.021319807569120712e+02
6.839365718600554089e+01 1.021575293675602154e+02
6.838912660458092319e+01 1.022002465005735274e+02
6.838459602315630548e+01 1.022453827187909070e+02
6.838006544173168777e+01 1.022856456505081866e+02
6.837553486030707006e+01 1.023289781306994257e+02
6.837100427888245235e+01 1.023819363687120472e+02
6.836647369745784886e+01 1.024017094259614566e+02
6.836194311603323115e+01 1.024447129375973446e+02
6.835741253460861344e+01 1.024649726549235709e+02
6.835288195318399573e+01 1.025406214170310335e+02
6.834835137175937803e+01 1.025749800650202275e+02
6.834382079033476032e+01 1.026136328327268359e+02
6.833929020891014261e+01 1.026406770904812902e+02
6.833475962748552490e+01 1.026690416636966887e+02
6.833022904606090719e+01 1.027171576474498806e+02
6.832569846463630370e+01 1.027571915105261979e+02
6.832116788321167178e+01 1.027719125710623871e+02
6.831663730178706828e+01 1.027886767395875154e+02
6.831210672036245057e+01 1.028102600536896745e+02
6.830757613893783287e+01 1.028338997036899798e+02
6.830304555751321516e+01 1.028586210962416203e+02
6.829851497608859745e+01 1.028966873687014640e+02
6.829398439466397974e+01 1.028989817636064430e+02
6.828945381323936203e+01 1.029443365108417225e+02
6.828492323181475854e+01 1.029492852072824149e+02
6.828039265039012662e+01 1.029791552597595512e+02
6.827586206896552312e+01 1.030102450709944861e+02
6.827133148754090541e+01 1.030456084323591739e+02
6.826680090611628771e+01 1.030847435426256880e+02
6.826227032469167000e+01 1.031466389997168989e+02
6.825773974326705229e+01 1.031808247583852278e+02
6.825320916184243458e+01 1.032406378314728244e+02
6.824867858041781687e+01 1.033013917800758890e+02
6.824414799899321338e+01 1.033055146315962673e+02
6.823961741756858146e+01 1.033629585953090810e+02
6.823508683614397796e+01 1.034030802930971475e+02
6.823055625471936025e+01 1.034208893767083737e+02
6.822602567329474255e+01 1.034567640113932043e+02
6.822149509187012484e+01 1.034631745037106469e+02
6.821696451044550713e+01 1.035048909831934196e+02
6.821243392902088942e+01 1.035305207210472815e+02
6.820790334759627171e+01 1.035556458778676188e+02
6.820337276617166822e+01 1.035879368462743457e+02
6.819884218474703630e+01 1.036065352410463305e+02
6.819431160332243280e+01 1.036448457794976008e+02
6.818978102189781509e+01 1.036785421263498961e+02
6.818525044047319739e+01 1.036960204414704521e+02
6.818071985904857968e+01 1.037201175200999188e+02
6.817618927762396197e+01 1.037525411874546677e+02
6.817165869619934426e+01 1.037846319399461805e+02
6.816712811477472655e+01 1.038565390486505322e+02
6.816259753335012306e+01 1.038899810161759092e+02
6.815806695192549114e+01 1.039475559997045053e+02
6.815353637050088764e+01 1.039670399618279788e+02
6.814900578907626993e+01 1.039892492820535068e+02
6.814447520765165223e+01 1.040268613818119547e+02
6.813994462622703452e+01 1.040461719576219792e+02
6.813541404480241681e+01 1.041003778140486133e+02
6.813088346337779910e+01 1.041274305004870797e+02
6.812635288195318140e+01 1.041503819792811072e+02
6.812182230052857790e+01 1.041864657211417153e+02
6.811729171910394598e+01 1.042348620912551951e+02
6.811276113767934248e+01 1.042758942690063151e+02
6.810823055625472477e+01 1.043134432950483017e+02
6.810369997483010707e+01 1.043764798599314219e+02
6.809916939340548936e+01 1.043997984204438438e+02
6.809463881198087165e+01 1.044321383479925487e+02
6.809010823055625394e+01 1.044628019299947397e+02
6.808557764913163624e+01 1.045018775925263270e+02
6.808104706770703274e+01 1.045310873284783497e+02
6.807651648628240082e+01 1.045690799600617567e+02
6.807198590485779732e+01 1.045627301430869949e+02
6.806745532343317961e+01 1.045463345106027901e+02
6.806292474200856191e+01 1.045590166988145597e+02
6.805839416058394420e+01 1.045654072010039357e+02
6.805386357915932649e+01 1.045992391152849734e+02
6.804933299773470878e+01 1.046354308522083869e+02
6.804480241631009108e+01 1.046838514357476697e+02
6.804027183488547337e+01 1.047401089237910554e+02
6.803574125346085566e+01 1.047893770055540443e+02
6.803121067203625216e+01 1.048408288894591180e+02
6.802668009061163445e+01 1.048890797330360130e+02
6.802214950918701675e+01 1.049268036082801814e+02
6.801761892776239904e+01 1.049856206015440279e+02
6.801308834633778133e+01 1.050097725993075528e+02
6.800855776491316362e+01 1.050500638017781370e+02
6.800402718348854592e+01 1.050732584601703365e+02
6.799949660206392821e+01 1.051080752481737477e+02
6.799496602063931050e+01 1.051659108994581260e+02
6.799043543921470700e+01 1.052093013371210191e+02
6.798590485779008930e+01 1.052790460612542915e+02
6.798137427636547159e+01 1.053223876189454273e+02
6.797684369494085388e+01 1.053818495556197092e+02
6.797231311351623617e+01 1.054210736412318283e+02
6.796778253209161846e+01 1.054718724822765665e+02
6.796325195066700076e+01 1.055137811060115922e+02
6.795872136924238305e+01 1.055497138966944846e+02
6.795419078781776534e+01 1.055725757390669912e+02
6.794966020639316184e+01 1.055764985836262184e+02
6.794512962496854414e+01 1.055777337602629160e+02
6.794059904354392643e+01 1.055785428446150576e+02
6.793606846211930872e+01 1.056122962421239606e+02
6.793153788069469101e+01 1.056276491244041864e+02
6.792700729927007330e+01 1.056771685521762549e+02
6.792247671784545560e+01 1.057333599490584817e+02
6.791794613642083789e+01 1.057636034753057146e+02
6.791341555499622018e+01 1.058192190215561510e+02
6.790888497357161668e+01 1.058939496827517672e+02
6.790435439214699898e+01 1.059354404846161515e+02
6.789982381072238127e+01 1.059878279039091638e+02
6.789529322929776356e+01 1.060283425663569830e+02
6.789076264787314585e+01 1.060583156411597798e+02
6.788623206644852814e+01 1.060808828122718097e+02
6.788170148502391044e+01 1.061293401500115579e+02
6.787717090359929273e+01 1.061524256380562861e+02
6.787264032217467502e+01 1.061759208272898718e+02
6.786810974075007152e+01 1.062062598902131469e+02
6.786357915932543960e+01 1.062462098704956759e+02
6.785904857790083611e+01 1.063017846490834160e+02
6.785451799647621840e+01 1.063233923690742699e+02
6.784998741505160069e+01 1.063840930573703076e+02
6.784545683362698298e+01 1.064182367050709388e+02
6.784092625220236528e+01 1.064752022272562186e+02
6.783639567077774757e+01 1.065382910721525889e+02
6.783186508935312986e+01 1.065632669863268802e+02
6.782733450792852636e+01 1.066025697708172117e+02
6.782280392650389444e+01 1.066239440068844999e+02
6.781827334507929095e+01 1.066568879717996481e+02
6.781374276365467324e+01 1.066928608022949874e+02
6.780921218223005553e+01 1.067381287941835950e+02
6.780468160080543782e+01 1.067600045924220495e+02
6.780015101938082012e+01 1.067974273255504158e+02
6.779562043795620241e+01 1.068257009018740007e+02
6.779108985653158470e+01 1.068473135006302783e+02
6.778655927510698120e+01 1.068816067231405924e+02
6.778202869368234929e+01 1.069235476305792361e+02
6.777749811225774579e+01 1.069870455781360050e+02
6.777296753083312808e+01 1.070249969086989239e+02
6.776843694940851037e+01 1.070944529010921968e+02
6.776390636798389266e+01 1.071273447396548306e+02
6.775937578655927496e+01 1.071638563981767476e+02
6.775484520513465725e+01 1.071962128609730911e+02
6.775031462371003954e+01 1.072276791748457043e+02
6.774578404228543604e+01 1.072918616888507444e+02
6.774125346086080413e+01 1.073312018413855640e+02
6.773672287943620063e+01 1.073670914671112087e+02
6.773219229801158292e+01 1.073962050066385530e+02
6.772766171658696521e+01 1.074327039816435274e+02
6.772313113516234750e+01 1.074502195053333651e+02
6.771860055373772980e+01 1.074918573970962825e+02
6.771406997231311209e+01 1.075162986438301687e+02
6.770953939088849438e+01 1.075501761912363747e+02
6.770500880946389088e+01 1.076031584505869461e+02
6.770047822803925897e+01 1.076323643555520420e+02
6.769594764661465547e+01 1.076897931680887126e+02
6.769141706519003776e+01 1.077226146483028799e+02
6.768688648376542005e+01 1.077859354385675346e+02
6.768235590234080234e+01 1.078403095590287961e+02
6.767782532091618464e+01 1.078680488683298648e+02
6.767329473949156693e+01 1.079222264314796718e+02
6.766876415806694922e+01 1.079605823655181638e+02
6.766423357664234572e+01 1.079807572255689365e+02
6.765970299521771381e+01 1.080217935242720131e+02
6.765517241379311031e+01 1.080832912191517607e+02
6.765064183236849260e+01 1.081309941750131998e+02
6.764611125094387489e+01 1.081644010111149470e+02
6.764158066951925719e+01 1.082114984824613657e+02
6.763705008809463948e+01 1.082412377847481508e+02
6.763251950667002177e+01 1.082974753094880356e+02
6.762798892524540406e+01 1.083386380773940800e+02
6.762345834382080056e+01 1.083851859213737328e+02
6.761892776239616865e+01 1.084351006314322916e+02
6.761439718097156515e+01 1.084473052879234416e+02
6.760986659954694744e+01 1.084917558405924467e+02
6.760533601812232973e+01 1.085064294692456599e+02
6.760080543669771203e+01 1.085175694953905037e+02
6.759627485527309432e+01 1.085577847363913975e+02
6.759174427384847661e+01 1.085934001534547804e+02
6.758721369242385890e+01 1.086377881165070676e+02
6.758268311099925540e+01 1.086601959767258734e+02
6.757815252957462349e+01 1.087047150600438670e+02
6.757362194815001999e+01 1.087450611534214460e+02
6.756909136672540228e+01 1.088001051683284714e+02
6.756456078530078457e+01 1.088641354079162369e+02
6.756003020387616687e+01 1.089223191456019890e+02
6.755549962245154916e+01 1.089579660883393899e+02
6.755096904102693145e+01 1.089712308916904817e+02
6.754643845960231374e+01 1.090078272698846291e+02
6.754190787817769603e+01 1.090333230114543568e+02
6.753737729675307833e+01 1.090704867424148432e+02
6.753284671532847483e+01 1.091412060014351084e+02
6.752831613390385712e+01 1.091859912123170773e+02
6.752378555247923941e+01 1.092305178199664653e+02
6.751925497105462171e+01 1.092572941698969089e+02
6.751472438963000400e+01 1.092995352623318723e+02
6.751019380820538629e+01 1.093329688162866518e+02
6.750566322678076858e+01 1.093921519943929042e+02
6.750113264535615087e+01 1.094474352503075494e+02
6.749660206393153317e+01 1.094978498829486995e+02
6.749207148250692967e+01 1.095468556057510625e+02
6.748754090108231196e+01 1.095855326864343056e+02
6.748301031965769425e+01 1.096410565345846777e+02
6.747847973823307655e+01 1.096777162731701480e+02
6.747394915680845884e+01 1.097177790467135452e+02
6.746941857538384113e+01 1.097702525446842401e+02
6.746488799395922342e+01 1.098273812183404630e+02
6.746035741253460571e+01 1.098496657222825093e+02
6.745582683110998801e+01 1.098819618089359125e+02
6.745129624968538451e+01 1.098907022213652454e+02
6.744676566826076680e+01 1.099436562299128184e+02
6.744223508683614909e+01 1.099980570025897038e+02
6.743770450541153139e+01 1.100587333942181658e+02
6.743317392398691368e+01 1.101127672287298225e+02
6.742864334256229597e+01 1.101398714809953248e+02
6.742411276113767826e+01 1.101746152547615765e+02
6.741958217971306055e+01 1.102200796366410884e+02
6.741505159828844285e+01 1.102591942198115476e+02
6.741052101686383935e+01 1.102950907165529344e+02
6.740599043543922164e+01 1.103364664666785302e+02
6.740145985401460393e+01 1.103957760653487981e+02
6.739692927258998623e+01 1.104582334113953266e+02
6.739239869116536852e+01 1.104896841010471604e+02
6.738786810974075081e+01 1.105425342953031702e+02
6.738333752831613310e+01 1.105885992036275951e+02
6.737880694689151539e+01 1.106454871999289793e+02
6.737427636546689769e+01 1.107029002487928437e+02
6.736974578404229419e+01 1.107394966338177937e+02
6.736521520261766227e+01 1.107654604621081802e+02
6.736068462119305877e+01 1.107759030432040817e+02
6.735615403976844107e+01 1.107718953024036921e+02
6.735162345834382336e+01 1.108199528583334228e+02
6.734709287691920565e+01 1.108355430568799989e+02
6.734256229549458794e+01 1.109100037400606169e+02
6.733803171406997023e+01 1.109418460886041231e+02
6.733350113264535253e+01 1.109864635705912548e+02
6.732897055122074903e+01 1.110246893136826429e+02
6.732443996979611711e+01 1.110722449969757690e+02
6.731990938837151361e+01 1.111097824717622444e+02
6.731537880694689591e+01 1.111472778626050228e+02
6.731084822552227820e+01 1.112027025007665628e+02
6.730631764409766049e+01 1.112255994676271627e+02
6.730178706267304278e+01 1.112682261724749253e+02
6.729725648124842508e+01 1.113010002503977347e+02
6.729272589982380737e+01 1.113285333196105427e+02
6.728819531839920387e+01 1.113748806971637322e+02
6.728366473697457195e+01 1.114405151961007334e+02
6.727913415554996845e+01 1.114794468537997716e+02
6.727460357412535075e+01 1.115314061010544293e+02
6.727007299270073304e+01 1.115921972728979199e+02
6.726554241127611533e+01 1.116187930564475579e+02
6.726101182985149762e+01 1.116327141646119827e+02
6.725648124842687992e+01 1.116667155310637725e+02
6.725195066700226221e+01 1.116897688992414146e+02
6.724742008557765871e+01 1.117320097924434918e+02
6.724288950415302679e+01 1.117872419704290650e+02
6.723835892272842329e+01 1.118151536983799019e+02
6.723382834130380559e+01 1.118776425989497625e+02
6.722929775987918788e+01 1.119283898678750404e+02
6.722476717845457017e+01 1.119790690283236216e+02
6.722023659702995246e+01 1.120336974529159022e+02
6.721570601560533476e+01 1.120765094069154912e+02
6.721117543418071705e+01 1.121028804197425188e+02
6.720664485275611355e+01 1.121539247721515267e+02
6.720211427133148163e+01 1.121764296268058700e+02
6.719758368990687813e+01 1.122076548298651772e+02
6.719305310848226043e+01 1.122007900256928110e+02
6.718852252705764272e+01 1.122359259926145683e+02
6.718399194563302501e+01 1.122582957330812548e+02
6.717946136420840730e+01 1.122825794380436406e+02
6.717493078278378960e+01 1.123376673247737330e+02
6.717040020135917189e+01 1.123643962731343322e+02
6.716586961993456839e+01 1.124257353798404182e+02
6.716133903850993647e+01 1.124800924786589889e+02
6.715680845708533298e+01 1.125174894976776727e+02
6.715227787566071527e+01 1.125656715842620059e+02
6.714774729423609756e+01 1.125972883911117748e+02
6.714321671281147985e+01 1.126367482337856387e+02
6.713868613138686214e+01 1.126743769541825344e+02
6.713415554996224444e+01 1.126857147040388014e+02
6.712962496853762673e+01 1.127527578290178525e+02
6.712509438711302323e+01 1.127773482314104143e+02
6.712056380568839131e+01 1.128402030898682540e+02
6.711603322426378782e+01 1.128795275128893394e+02
6.711150264283917011e+01 1.129459648297187471e+02
6.710697206141455240e+01 1.129975654263107288e+02
6.710244147998993469e+01 1.130516957517824466e+02
6.709791089856531698e+01 1.130975720387648664e+02
6.709338031714069928e+01 1.131451199752019505e+02
6.708884973571608157e+01 1.132116839465388125e+02
6.708431915429146386e+01 1.132630397906610540e+02
6.707978857286684615e+01 1.133013450008945426e+02
6.707525799144224266e+01 1.133450632112319880e+02
6.707072741001762495e+01 1.133661500643010811e+02
6.706619682859300724e+01 1.133940233198810290e+02
6.706166624716838953e+01 1.134221617519451968e+02
6.705713566574377182e+01 1.134382662598812175e+02
6.705260508431915412e+01 1.134822229342317996e+02
6.704807450289453641e+01 1.135231498482283001e+02
6.704354392146991870e+01 1.135531346289394605e+02
6.703901334004530099e+01 1.135648145254481562e+02
6.703448275862069750e+01 1.136085125673497487e+02
6.702995217719607979e+01 1.136449596911491540e+02
6.702542159577146208e+01 1.136799203831039051e+02
6.702089101434684437e+01 1.137423726828340307e+02
6.701636043292222666e+01 1.137986114861657967e+02
6.701182985149760896e+01 1.138443813067145243e+02
6.700729927007299125e+01 1.138934238512940169e+02
6.700276868864837354e+01 1.139415459393785994e+02
6.699823810722375583e+01 1.139819734021015876e+02
6.699370752579915234e+01 1.140449728859566534e+02
6.698917694437453463e+01 1.140790203389238542e+02
6.698464636294991692e+01 1.141253580369465652e+02
6.698011578152529921e+01 1.141429540371181446e+02
6.697558520010068150e+01 1.141911683977688341e+02
6.697105461867606380e+01 1.142061377899421615e+02
6.696652403725144609e+01 1.142147936435183340e+02
6.696199345582682838e+01 1.142933119902884300e+02
6.695746287440221067e+01 1.143338466482962730e+02
6.695293229297760718e+01 1.143913226521161448e+02
6.694840171155298947e+01 1.144358427354354717e+02
6.694387113012837176e+01 1.144750360541841303e+02
6.693934054870375405e+01 1.145387602811199201e+02
6.693480996727913634e+01 1.145813713376187479e+02
6.693027938585451864e+01 1.146104475579500530e+02
6.692574880442990093e+01 1.146607745558308125e+02
6.692121822300528322e+01 1.147223808179725211e+02
6.691668764158066551e+01 1.147525214150903849e+02
6.691215706015606202e+01 1.147998908485160712e+02
6.690762647873143010e+01 1.148682566709676252e+02
6.690309589730682660e+01 1.148998859887098121e+02
6.689856531588220889e+01 1.149753653322579794e+02
6.689403473445759118e+01 1.149878593435739162e+02
6.688950415303297348e+01 1.150626933895336066e+02
6.688497357160835577e+01 1.150877366614237474e+02
6.688044299018373806e+01 1.151262990629728193e+02
6.687591240875912035e+01 1.151693196672522390e+02
6.687138182733451686e+01 1.151900047650673002e+02
6.686685124590988494e+01 1.152210800220686480e+02
6.686232066448528144e+01 1.152206050141565044e+02
6.685779008306066373e+01 1.152724922898700584e+02
6.685325950163604602e+01 1.153060883880337286e+02
6.684872892021142832e+01 1.153422548118155788e+02
6.684419833878681061e+01 1.153670378549222875e+02
6.683966775736219290e+01 1.154462813813349840e+02
6.683513717593757519e+01 1.155014902496142497e+02
6.683060659451297170e+01 1.155711597061394826e+02
6.682607601308833978e+01 1.156326304874418724e+02
6.682154543166373628e+01 1.157026711174378164e+02
6.681701485023911857e+01 1.157428238219454499e+02
6.681248426881450087e+01 1.158057269650371666e+02
6.680795368738988316e+01 1.158288187252220922e+02
6.680342310596526545e+01 1.158623316257720006e+02
6.679889252454064774e+01 1.158812654041630879e+02
6.679436194311603003e+01 1.159088199629435820e+02
6.678983136169142654e+01 1.159103887453829458e+02
6.678530078026679462e+01 1.159325654780058414e+02
6.678077019884219112e+01 1.159475908194019524e+02
6.677623961741757341e+01 1.159669991492061740e+02
6.677170903599295571e+01 1.160032428213539220e+02
6.676717845456833800e+01 1.160315495463842268e+02
6.676264787314372029e+01 1.160832593134916380e+02
6.675811729171910258e+01 1.161397328781247467e+02
6.675358671029448487e+01 1.161781319635790624e+02
6.674905612886988138e+01 1.162300437057174918e+02
6.674452554744524946e+01 1.162520135024682730e+02
6.673999496602064596e+01 1.162985209727968083e+02
6.673546438459602825e+01 1.163609154273541435e+02
6.673093380317141055e+01 1.164051576204420826e+02
6.672640322174679284e+01 1.164452427801548566e+02
6.672187264032217513e+01 1.164722053113952285e+02
6.671734205889755742e+01 1.165320054589570304e+02
6.671281147747293971e+01 1.165808769636877855e+02
6.670828089604833622e+01 1.166261029922335553e+02
6.670375031462370430e+01 1.166808933960625723e+02
6.669921973319910080e+01 1.167154439239665180e+02
6.669468915177448309e+01 1.167555437178522624e+02
6.669015857034986539e+01 1.167966709235589491e+02
6.668562798892524768e+01 1.168173166836294143e+02
6.668109740750062997e+01 1.168387271457255991e+02
6.667656682607601226e+01 1.168487977541764309e+02
6.667203624465139455e+01 1.168912359105233350e+02
6.666750566322679106e+01 1.168917147647619146e+02
6.666297508180215914e+01 1.169487916590576901e+02
6.665844450037755564e+01 1.169665554305767756e+02
6.665391391895293793e+01 1.170314332765934040e+02
6.664938333752832023e+01 1.170834680698718984e+02
6.664485275610370252e+01 1.171297415850738020e+02
6.664032217467908481e+01 1.171734390510887920e+02
6.663579159325446710e+01 1.172325899770919051e+02
6.663126101182984939e+01 1.172959106383459016e+02
6.662673043040524590e+01 1.173219857992040716e+02
6.662219984898061398e+01 1.173587037270970796e+02
6.661766926755601048e+01 1.173763138739014238e+02
6.661313868613139277e+01 1.174241805891376771e+02
6.660860810470677507e+01 1.174468500049096349e+02
6.660407752328215736e+01 1.174897157067703546e+02
6.659954694185753965e+01 1.175303721808421926e+02
6.659501636043292194e+01 1.175510254104306966e+02
6.659048577900830423e+01 1.176027407237510118e+02
6.658595519758368653e+01 1.176399477483127924e+02
6.658142461615906882e+01 1.176828444105582605e+02
6.657689403473446532e+01 1.177179397025088576e+02
6.657236345330984761e+01 1.177412091805898484e+02
6.656783287188522991e+01 1.177695194072735347e+02
6.656330229046061220e+01 1.177892114136782311e+02
6.655877170903599449e+01 1.178037572964653350e+02
6.655424112761137678e+01 1.178092938847551210e+02
6.654971054618675907e+01 1.178515632423452075e+02
6.654517996476214137e+01 1.178929217725673055e+02
6.654064938333752366e+01 1.179853544953423210e+02
6.653611880191292016e+01 1.180570277652373363e+02
6.653158822048830245e+01 1.180904484091949769e+02
6.652705763906368475e+01 1.181253506362742343e+02
6.652252705763906704e+01 1.181330926884956938e+02
6.651799647621444933e+01 1.181762356532009903e+02
6.651346589478983162e+01 1.182008135630737087e+02
6.650893531336521391e+01 1.182456036807128044e+02
6.650440473194059621e+01 1.182938935009539847e+02
6.649987415051597850e+01 1.183406694382216386e+02
6.649534356909137500e+01 1.183983697596945177e+02
6.649081298766675729e+01 1.184391530039313665e+02
6.648628240624213959e+01 1.185096497604091752e+02
6.648175182481752188e+01 1.185304538359814899e+02
6.647722124339290417e+01 1.185784416849634937e+02
6.647269066196828646e+01 1.186346661784154151e+02
6.646816008054366876e+01 1.186723832943417136e+02
6.646362949911905105e+01 1.187418061462373799e+02
6.645909891769443334e+01 1.187906414202121397e+02
6.645456833626982984e+01 1.188419892019722397e+02
6.645003775484521213e+01 1.188820477087649010e+02
6.644550717342059443e+01 1.189434780781714949e+02
6.644097659199597672e+01 1.189829811685061571e+02
6.643644601057135901e+01 1.190264565912492287e+02
6.643191542914674130e+01 1.190691457852040429e+02
6.642738484772212360e+01 1.191143237704409188e+02
6.642285426629750589e+01 1.191496023699197906e+02
6.641832368487288818e+01 1.191923214780250362e+02
6.641379310344828468e+01 1.192184393591221152e+02
6.640926252202365276e+01 1.192592599165213727e+02
6.640473194059904927e+01 1.192909819224860541e+02
6.640020135917443156e+01 1.193299079688176505e+02
6.639567077774981385e+01 1.193659484299883644e+02
6.639114019632519614e+01 1.194193241293139920e+02
6.638660961490057844e+01 1.194460276270361163e+02
6.638207903347596073e+01 1.195046924534530177e+02
6.637754845205134302e+01 1.195343689865666903e+02
6.637301787062673952e+01 1.195812049257647800e+02
6.636848728920210760e+01 1.196150771252808909e+02
6.636395670777750411e+01 1.196390447579960465e+02
6.635942612635288640e+01 1.197077179587088978e+02
6.635489554492826869e+01 1.197251940106190062e+02
6.635036496350365098e+01 1.197921171190781706e+02
6.634583438207903328e+01 1.198398275757895703e+02
6.634130380065441557e+01 1.198983626382539143e+02
6.633677321922979786e+01 1.199163282803076811e+02
6.633224263780519436e+01 1.199452011709737604e+02
6.632771205638056244e+01 1.199989505267919583e+02
6.632318147495595895e+01 1.200155040337151746e+02
6.631865089353134124e+01 1.200759840752481864e+02
6.631412031210672353e+01 1.201367654917089709e+02
6.630958973068210582e+01 1.201679256753831311e+02
6.630505914925748812e+01 1.202066843503342426e+02
6.630052856783287041e+01 1.202601996030243470e+02
6.629599798640825270e+01 1.203190305371099527e+02
6.629146740498364920e+01 1.203337305725119819e+02
6.628693682355901728e+01 1.203825485504784893e+02
6.628240624213441379e+01 1.204208624111849133e+02
6.627787566070979608e+01 1.204588773745983872e+02
6.627334507928517837e+01 1.204936219965574935e+02
6.626881449786056066e+01 1.205093824917913850e+02
6.626428391643594296e+01 1.205638156840389001e+02
6.625975333501132525e+01 1.205787651446545112e+02
6.625522275358670754e+01 1.206363916259903988e+02
6.625069217216210404e+01 1.206564929792660479e+02
6.624616159073747212e+01 1.207232762751516617e+02
6.624163100931286863e+01 1.207400585758339844e+02
6.623710042788825092e+01 1.208064252531579399e+02
6.623256984646363321e+01 1.208510296936730128e+02
6.622803926503901550e+01 1.208590213487366327e+02
6.622350868361439780e+01 1.209272215771969741e+02
6.621897810218978009e+01 1.209452037306321159e+02
6.621444752076516238e+01 1.209871130718446466e+02
6.620991693934055888e+01 1.209935366825506122e+02
6.620538635791592696e+01 1.210500395923249641e+02
6.620085577649132347e+01 1.210742868874927467e+02
6.619632519506670576e+01 1.211044288380829812e+02
6.619179461364208805e+01 1.211625663222176001e+02
6.618726403221747034e+01 1.211747502228196680e+02
6.618273345079285264e+01 1.212360693976390564e+02
6.617820286936823493e+01 1.212555308259348976e+02
6.617367228794361722e+01 1.213092648135912128e+02
6.616914170651901372e+01 1.213293244260549244e+02
6.616461112509438180e+01 1.213659010141348489e+02
6.616008054366977831e+01 1.213995333051641410e+02
6.615554996224516060e+01 1.214249283359636991e+02
6.615101938082054289e+01 1.214370247666117564e+02
6.614648879939592518e+01 1.214767014896559942e+02
6.614195821797130748e+01 1.215162662293319471e+02
6.613742763654668977e+01 1.215572323877485417e+02
6.613289705512207206e+01 1.216098781226294250e+02
6.612836647369745435e+01 1.216377808260657361e+02
6.612383589227283665e+01 1.216822176113588370e+02
6.611930531084823315e+01 1.217259887452735398e+02
6.611477472942361544e+01 1.217408778645556566e+02
6.611024414799899773e+01 1.217736878008570898e+02
6.610571356657438002e+01 1.218020492754167208e+02
6.610118298514976232e+01 1.218446582458498568e+02
6.609665240372514461e+01 1.218619586435714552e+02
6.609212182230052690e+01 1.218947063431671438e+02
6.608759124087590919e+01 1.218984423813799083e+02
6.608306065945129149e+01 1.219395008724662262e+02
6.607853007802668799e+01 1.219851636190338979e+02
6.607399949660207028e+01 1.220276628076285590e+02
6.606946891517745257e+01 1.220511562826268062e+02
6.606493833375283486e+01 1.220929498911264375e+02
6.606040775232821716e+01 1.221236088956071058e+02
6.605587717090359945e+01 1.221986851062111299e+02
6.605134658947898174e+01 1.222366926185711407e+02
6.604681600805436403e+01 1.222842588553826175e+02
6.604228542662974633e+01 1.223492749461435523e+02
6.603775484520514283e+01 1.223563198261612257e+02
6.603322426378052512e+01 1.224120784260917958e+02
6.602869368235590741e+01 1.224442611711095026e+02
6.602416310093128970e+01 1.224834226854932382e+02
6.601963251950667200e+01 1.225044957032381916e+02
6.601510193808205429e+01 1.225346791524280121e+02
6.601057135665743658e+01 1.225516908032407315e+02
6.600604077523281887e+01 1.225434402790905608e+02
6.600151019380820117e+01 1.225630326608834650e+02
6.599697961238359767e+01 1.225833286678243041e+02
6.599244903095897996e+01 1.226176266165584394e+02
6.598791844953436225e+01 1.226515425874526812e+02
6.598338786810974455e+01 1.226870750563411008e+02
6.597885728668512684e+01 1.227536991794889190e+02
6.597432670526050913e+01 1.228038973973210091e+02
6.596979612383589142e+01 1.228781874147288988e+02
6.596526554241127371e+01 1.229071770876070104e+02
6.596073496098665601e+01 1.229113327309908783e+02
6.595620437956205251e+01 1.229214394257435856e+02
6.595167379813742059e+01 1.229507000716519798e+02
6.594714321671281709e+01 1.229683059728041030e+02
6.594261263528819939e+01 1.229729766298292901e+02
6.593808205386358168e+01 1.230217720240765118e+02
6.593355147243896397e+01 1.230348275372668638e+02
6.592902089101434626e+01 1.230685297681418433e+02
6.592449030958972855e+01 1.230837271389193148e+02
6.591995972816511085e+01 1.231119588244451535e+02
6.591542914674050735e+01 1.230897875323560982e+02
6.591089856531587543e+01 1.231097107597382916e+02
6.590636798389127193e+01 1.231309007720342379e+02
6.590183740246665423e+01 1.231516511960287801e+02
6.589730682104203652e+01 1.231477638581932155e+02
6.589277623961741881e+01 1.231509713189516901e+02
6.588824565819280110e+01 1.231832873608119314e+02
6.588371507676818339e+01 1.232130391600568373e+02
6.587918449534356569e+01 1.232549370552858647e+02
6.587465391391896219e+01 1.232802602945917698e+02
6.587012333249433027e+01 1.232941282233185660e+02
6.586559275106972677e+01 1.233560796698128996e+02
6.586106216964510907e+01 1.233959599878367754e+02
6.585653158822049136e+01 1.234319898928533235e+02
6.585200100679587365e+01 1.234688880137513536e+02
6.584747042537125594e+01 1.234952729429417957e+02
6.584293984394663823e+01 1.235350358616758086e+02
6.583840926252202053e+01 1.235830244673944804e+02
6.583387868109741703e+01 1.236188513462118550e+02
6.582934809967278511e+01 1.236300717051119591e+02
6.582481751824818161e+01 1.236467882177252164e+02
6.582028693682356391e+01 1.236711447921947382e+02
6.581575635539894620e+01 1.236649509764599770e+02
6.581122577397432849e+01 1.236821354174599605e+02
6.580669519254971078e+01 1.236872571207738076e+02
6.580216461112509307e+01 1.237600554773561612e+02
6.579763402970047537e+01 1.238187809660566359e+02
6.579310344827587187e+01 1.238720561734573948e+02
6.578857286685123995e+01 1.238944541019723999e+02
6.578404228542663645e+01 1.239283918568884673e+02
6.577951170400201875e+01 1.239751766241756030e+02
6.577498112257740104e+01 1.240080786632908740e+02
6.577045054115278333e+01 1.240534216137390047e+02
6.576591995972816562e+01 1.240531168930449581e+02
6.576138937830354791e+01 1.240833089442160713e+02
6.575685879687893021e+01 1.241247692581440418e+02
6.575232821545432671e+01 1.241451955955230204e+02
6.574779763402969479e+01 1.241809401635428856e+02
6.574326705260509129e+01 1.241934735336277242e+02
6.573873647118047359e+01 1.242252828709264207e+02
6.573420588975585588e+01 1.242466748598216810e+02
6.572967530833123817e+01 1.243087446261879165e+02
6.572514472690662046e+01 1.243189801586917156e+02
6.572061414548200275e+01 1.243702264203096064e+02
6.571608356405738505e+01 1.244248384202686424e+02
6.571155298263278155e+01 1.244770623670390393e+02
6.570702240120814963e+01 1.245297531405822724e+02
6.570249181978354613e+01 1.245707726001186444e+02
6.569796123835892843e+01 1.246079740968613123e+02
6.569343065693431072e+01 1.246349183327229326e+02
6.568890007550969301e+01 1.246667593335943423e+02
6.568436949408507530e+01 1.246916644047289822e+02
6.567983891266045759e+01 1.247264721804362182e+02
6.567530833123583989e+01 1.247447127664305384e+02
6.567077774981123639e+01 1.247684141685925425e+02
6.566624716838660447e+01 1.247833879768298431e+02
6.566171658696200097e+01 1.248194747546784811e+02
6.565718600553738327e+01 1.248470658376918294e+02
6.565265542411276556e+01 1.248769994676213884e+02
6.564812484268814785e+01 1.248877526604389061e+02
6.564359426126353014e+01 1.249116674980294022e+02
6.563906367983891244e+01 1.249393417566346187e+02
6.563453309841429473e+01 1.249474468682491164e+02
6.563000251698967702e+01 1.249677382478422771e+02
6.562547193556505931e+01 1.249644356399221721e+02
6.562094135414045581e+01 1.249746797302189520e+02
6.561641077271583811e+01 1.249888180429825297e+02
6.561188019129122040e+01 1.250154193559220914e+02
6.560734960986660269e+01 1.250119409741057268e+02
6.560281902844198498e+01 1.250321432883441446e+02
6.559828844701736728e+01 1.250411701649134102e+02
6.559375786559274957e+01 1.250763586091829325e+02
6.558922728416813186e+01 1.251060051403668325e+02
6.558469670274351415e+01 1.251329303497222156e+02
6.558016612131891065e+01 1.251678228988051274e+02
6.557563553989429295e+01 1.251526468419724836e+02
6.557110495846967524e+01 1.252009832251309120e+02
6.556657437704505753e+01 1.252195732582030843e+02
6.556204379562043982e+01 1.252506611055303978e+02
6.555751321419582212e+01 1.252614236398596290e+02
6.555298263277120441e+01 1.252965899929766493e+02
6.554845205134658670e+01 1.253249236695582027e+02
6.554392146992196899e+01 1.253507500526556839e+02
6.553939088849736549e+01 1.254088806716195279e+02
6.553486030707274779e+01 1.254366812836728400e+02
6.553032972564813008e+01 1.254751824110424394e+02
6.552579914422351237e+01 1.254968558969303842e+02
6.552126856279889466e+01 1.255465500404393282e+02
6.551673798137427696e+01 1.256042243704971213e+02
6.551220739994965925e+01 1.256351478172917950e+02
6.550767681852504154e+01 1.256711334319236073e+02
6.550314623710042383e+01 1.257045448323604973e+02
6.549861565567582034e+01 1.257494930703148412e+02
6.549408507425120263e+01 1.257892465293576834e+02
6.548955449282658492e+01 1.258301783015106849e+02
6.548502391140196721e+01 1.258598621078517965e+02
6.548049332997734950e+01 1.258893804857906957e+02
6.547596274855273180e+01 1.259484658279896223e+02
6.547143216712811409e+01 1.259910305450989227e+02
6.546690158570349638e+01 1.260012840383120931e+02
6.546237100427887867e+01 1.260210029178090423e+02
6.545784042285427518e+01 1.260315024794865906e+02
6.545330984142964326e+01 1.260509959578294001e+02
6.544877926000503976e+01 1.260630183480542286e+02
6.544424867858042205e+01 1.260863377304473119e+02
6.543971809715580434e+01 1.260769528983250041e+02
6.543518751573118664e+01 1.261014477972649956e+02
6.543065693430656893e+01 1.261294982307729242e+02
6.542612635288195122e+01 1.261884408193986644e+02
6.542159577145733351e+01 1.262427786147319466e+02
6.541706519003273002e+01 1.262880490605032122e+02
6.541253460860809810e+01 1.263324804859187083e+02
6.540800402718349460e+01 1.263556505907689456e+02
6.540347344575887689e+01 1.263993138038931079e+02
6.539894286433425918e+01 1.264163000961516730e+02
6.539441228290964148e+01 1.264245373746820746e+02
6.538988170148502377e+01 1.264602058108321927e+02
6.538535112006040606e+01 1.265123593272426348e+02
6.538082053863578835e+01 1.265419195038605835e+02
6.537628995721118486e+01 1.265626301271335876e+02
6.537175937578655294e+01 1.265973986553000685e+02
6.536722879436194944e+01 1.266244040048140249e+02
6.536269821293733173e+01 1.266664128001308143e+02
6.535816763151271402e+01 1.267045934945090124e+02
6.535363705008809632e+01 1.267357477921510025e+02
6.534910646866347861e+01 1.267716213387873410e+02
6.534457588723886090e+01 1.267933212644812642e+02
6.534004530581424319e+01 1.268175757043961482e+02
6.533551472438963970e+01 1.268370686725038325e+02
6.533098414296500778e+01 1.268414059004192467e+02
6.532645356154040428e+01 1.268602741484837964e+02
6.532192298011578657e+01 1.268533655920157202e+02
6.531739239869116886e+01 1.268787468022579361e+02
6.531286181726655116e+01 1.268963803797943513e+02
6.530833123584193345e+01 1.269297173421968523e+02
6.530380065441731574e+01 1.269461888395272524e+02
6.529927007299269803e+01 1.269705142491002618e+02
6.529473949156809454e+01 1.269970717348812315e+02
6.529020891014346262e+01 1.270209109491634081e+02
6.528567832871885912e+01 1.270386757156661162e+02
6.528114774729424141e+01 1.270674468627222780e+02
6.527661716586962370e+01 1.271122366400401376e+02
6.527208658444500600e+01 1.271174255967911506e+02
6.526755600302038829e+01 1.271517689181876420e+02
6.526302542159577058e+01 1.271736804472917015e+02
6.525849484017115287e+01 1.272208612043501290e+02
6.525396425874654938e+01 1.272495787323269951e+02
6.524943367732191746e+01 1.272710332427090947e+02
6.524490309589731396e+01 1.273088259675293585e+02
6.524037251447269625e+01 1.273079087971897110e+02
6.523584193304807854e+01 1.273478321393374131e+02
6.523131135162346084e+01 1.273875144307803566e+02
6.522678077019884313e+01 1.274191015592657692e+02
6.522225018877422542e+01 1.274630906756630111e+02
6.521771960734960771e+01 1.274907146638363713e+02
6.521318902592500422e+01 1.275133409079665796e+02
6.520865844450037230e+01 1.275422811511688934e+02
6.520412786307576880e+01 1.275432610309967174e+02
6.519959728165115109e+01 1.275682877035623903e+02
6.519506670022653338e+01 1.276081701025170076e+02
6.519053611880191568e+01 1.276389756545892027e+02
6.518600553737729797e+01 1.276598062975656802e+02
6.518147495595268026e+01 1.276914398360275840e+02
6.517694437452806255e+01 1.277411035377436264e+02
6.517241379310344485e+01 1.277726487278231531e+02
6.516788321167882714e+01 1.278193734519753804e+02
6.516335263025422364e+01 1.278496543171507085e+02
6.515882204882960593e+01 1.278634775128819427e+02
6.515429146740498823e+01 1.278917369925404444e+02
6.514976088598037052e+01 1.279035467085642352e+02
6.514523030455575281e+01 1.279350631965535712e+02
6.514069972313113510e+01 1.279674559194391321e+02
6.513616914170651739e+01 1.280070288655948048e+02
6.513163856028189969e+01 1.280168711974801852e+02
6.512710797885728198e+01 1.280072505892406696e+02
6.512257739743267848e+01 1.280184292976744587e+02
6.511804681600806077e+01 1.280457180802595758e+02
6.511351623458344307e+01 1.280592321696519207e+02
6.510898565315882536e+01 1.281002537391200065e+02
6.510445507173420765e+01 1.281373271822445759e+02
6.509992449030958994e+01 1.281747025972025540e+02
6.509539390888497223e+01 1.282250820538636162e+02
6.509086332746035453e+01 1.282628751050534106e+02
6.508633274603573682e+01 1.282883789444157117e+02
6.508180216461113332e+01 1.283173122759311582e+02
6.507727158318651561e+01 1.283799609350577953e+02
6.507274100176189791e+01 1.284165788039591973e+02
6.506821042033728020e+01 1.284555512145524006e+02
6.506367983891266249e+01 1.284711399751450926e+02
6.505914925748804478e+01 1.284956921395504992e+02
6.505461867606342707e+01 1.285301426592743042e+02
6.505008809463880937e+01 1.285742054345614349e+02
6.504555751321419166e+01 1.286332676946651361e+02
6.504102693178958816e+01 1.286608629861661939e+02
6.503649635036497045e+01 1.286839312813179390e+02
6.503196576894035275e+01 1.287220429917575757e+02
6.502743518751573504e+01 1.287532434040091402e+02
6.502290460609111733e+01 1.287604479455122828e+02
6.501837402466649962e+01 1.287915805331963384e+02
6.501384344324188191e+01 1.287852170279684003e+02
6.500931286181726421e+01 1.288094196213700400e+02
6.500478228039264650e+01 1.288355571255418965e+02
6.500025169896804300e+01 1.288725497296646552e+02
6.499572111754341108e+01 1.289144316532533594e+02
6.499119053611880759e+01 1.289534668891162141e+02
6.498665995469418988e+01 1.290059832567328613e+02
6.498212937326957217e+01 1.290277805584785540e+02
6.497759879184495446e+01 1.290258057687840676e+02
6.497306821042033675e+01 1.290505206002434306e+02
6.496853762899571905e+01 1.290667804800958152e+02
6.496400704757110134e+01 1.290861464412258499e+02
6.495947646614649784e+01 1.291158485597933350e+02
6.495494588472186592e+01 1.291341022861839747e+02
6.495041530329726243e+01 1.291623916337050559e+02
6.494588472187264472e+01 1.292125766582356334e+02
6.494135414044802701e+01 1.292451227395911530e+02
6.493682355902340930e+01 1.293047718098001724e+02
6.493229297759879159e+01 1.293333526476838529e+02
6.492776239617417389e+01 1.293556706798295579e+02
6.492323181474955618e+01 1.293859569832065688e+02
6.491870123332495268e+01 1.294029623590628830e+02
6.491417065190032076e+01 1.294418670684382562e+02
6.490964007047571727e+01 1.294645017132890530e+02
6.490510948905109956e+01 1.294763424546768533e+02
6.490057890762648185e+01 1.295096602881215517e+02
6.489604832620186414e+01 1.295546645045678531e+02
6.489151774477724643e+01 1.295830758418153721e+02
6.488698716335262873e+01 1.296232593871207257e+02
6.488245658192801102e+01 1.296522941385963748e+02
6.487792600050340752e+01 1.296785199823186474e+02
6.487339541907877560e+01 1.297435458633348162e+02
6.486886483765417211e+01 1.297835347122063183e+02
6.486433425622955440e+01 1.298114269285937041e+02
6.485980367480493669e+01 1.298313973135375079e+02
6.485527309338031898e+01 1.298412729355191004e+02
6.485074251195570127e+01 1.298920683541103642e+02
6.484621193053108357e+01 1.299065904609924189e+02
6.484168134910646586e+01 1.299248821543097847e+02
6.483715076768186236e+01 1.299518651895772052e+02
6.483262018625723044e+01 1.299742493561840604e+02
6.482808960483262695e+01 1.300331623590329002e+02
6.482355902340800924e+01 1.300561682368937397e+02
6.481902844198339153e+01 1.300861089014372851e+02
6.481449786055877382e+01 1.301178229877809542e+02
6.480996727913415612e+01 1.301695734259397739e+02
6.480543669770953841e+01 1.302245075835716648e+02
6.480090611628492070e+01 1.302661642905140127e+02
6.479637553486031720e+01 1.302903834556275342e+02
6.479184495343568528e+01 1.302923891356663262e+02
6.478731437201108179e+01 1.303321145367213205e+02
6.478278379058646408e+01 1.303489207854526342e+02
6.477825320916184637e+01 1.303878518939761193e+02
6.477372262773722866e+01 1.304192108091360751e+02
6.476919204631261096e+01 1.304361616507227382e+02
6.476466146488799325e+01 1.304689306154454300e+02
6.476013088346337554e+01 1.305191948135259565e+02
6.475560030203877204e+01 1.305620399992956209e+02
6.475106972061414012e+01 1.306071857441130817e+02
6.474653913918953663e+01 1.306527575875016396e+02
6.474200855776491892e+01 1.307117358684434123e+02
6.473747797634030121e+01 1.307447977808753024e+02
6.473294739491568350e+01 1.307705883676417500e+02
6.472841681349106580e+01 1.307774515411450125e+02
6.472388623206644809e+01 1.308343476493799358e+02
6.471935565064183038e+01 1.308625338513031409e+02
6.471482506921722688e+01 1.308948953019450983e+02
6.471029448779259496e+01 1.309269594198763684e+02
6.470576390636799147e+01 1.309395170352306081e+02
6.470123332494337376e+01 1.309703625030507510e+02
6.469670274351875605e+01 1.310222183370311200e+02
6.469217216209413834e+01 1.310687767561556143e+02
6.468764158066952064e+01 1.310908940863928933e+02
6.468311099924490293e+01 1.311385691190101568e+02
6.467858041782028522e+01 1.311603623412762829e+02
6.467404983639566751e+01 1.311915275959693190e+02
6.466951925497104980e+01 1.312291886784001065e+02
6.466498867354644631e+01 1.312764721892925763e+02
6.466045809212182860e+01 1.313062821778859472e+02
6.465592751069721089e+01 1.313321671498614762e+02
6.465139692927259318e+01 1.313731419482793115e+02
6.464686634784797548e+01 1.314221218128253099e+02
6.464233576642335777e+01 1.314309485075343673e+02
6.463780518499874006e+01 1.314592878155463040e+02
6.463327460357412235e+01 1.314866375595352395e+02
6.462874402214950464e+01 1.315490820023093761e+02
6.462421344072490115e+01 1.315869259529118551e+02
6.461968285930028344e+01 1.316327517380873644e+02
6.461515227787566573e+01 1.316728888331678604e+02
6.461062169645104802e+01 1.316932534726441588e+02
6.460609111502643032e+01 1.317163279680399910e+02
6.460156053360181261e+01 1.317539106558166395e+02
6.459702995217719490e+01 1.317838278794687596e+02
6.459249937075257719e+01 1.317988206201903552e+02
6.458796878932795948e+01 1.318492629041353155e+02
6.458343820790335599e+01 1.318536215284822504e+02
6.457890762647873828e+01 1.319000730640782990e+02
6.457437704505412057e+01 1.319076073906549880e+02
6.456984646362950286e+01 1.319449901731048556e+02
6.456531588220488516e+01 1.319926474532578311e+02
6.456078530078026745e+01 1.320141543156451007e+02
6.455625471935564974e+01 1.320840280374136739e+02
6.455172413793103203e+01 1.321245091621713641e+02
6.454719355650641432e+01 1.321566857375486279e+02
6.454266297508181083e+01 1.321828239677867600e+02
6.453813239365719312e+01 1.322483808303385899e+02
6.453360181223257541e+01 1.322647629247213956e+02
6.452907123080795770e+01 1.323295590542039406e+02
6.452454064938334000e+01 1.323621086666321105e+02
6.452001006795872229e+01 1.323849475824376327e+02
6.451547948653410458e+01 1.324250865122004370e+02
6.451094890510948687e+01 1.324551935438138628e+02
6.450641832368486916e+01 1.324888117254571966e+02
6.450188774226026567e+01 1.325247753362277763e+02
6.449735716083563375e+01 1.325532595647076732e+02
6.449282657941103025e+01 1.325937357978639000e+02
6.448829599798641254e+01 1.326361656688632138e+02
6.448376541656179484e+01 1.326759708144491015e+02
6.447923483513717713e+01 1.327384148907172232e+02
6.447470425371255942e+01 1.327861757015878368e+02
6.447017367228794171e+01 1.328375284701976966e+02
6.446564309086332401e+01 1.328685938299040004e+02
6.446111250943872051e+01 1.328836283438796499e+02
6.445658192801408859e+01 1.329167026214006171e+02
6.445205134658948509e+01 1.329367292545614418e+02
6.444752076516486738e+01 1.329761829666133508e+02
6.444299018374024968e+01 1.330189856006731475e+02
6.443845960231563197e+01 1.330577924827560423e+02
6.443392902089101426e+01 1.330941774578864738e+02
6.442939843946639655e+01 1.331045310150500143e+02
6.442486785804177885e+01 1.331409406191860398e+02
6.442033727661717535e+01 1.331725632341069456e+02
6.441580669519254343e+01 1.331992107425697327e+02
6.441127611376793993e+01 1.332279575464502841e+02
6.440674553234332222e+01 1.332533270666389171e+02
6.440221495091870452e+01 1.333056660326277836e+02
6.439768436949408681e+01 1.333329220366065613e+02
6.439315378806946910e+01 1.333781762871244894e+02
6.438862320664485139e+01 1.334234032854435839e+02
6.438409262522023369e+01 1.334542609434046767e+02
6.437956204379563019e+01 1.334831385502365322e+02
6.437503146237099827e+01 1.335162480396250828e+02
6.437050088094639477e+01 1.335447467297607602e+02
6.436597029952177706e+01 1.335749103819668733e+02
6.436143971809715936e+01 1.336159115693147896e+02
6.435690913667254165e+01 1.336814683570965485e+02
6.435237855524792394e+01 1.337311815056275464e+02
6.434784797382330623e+01 1.337672121376248242e+02
6.434331739239868853e+01 1.338074229611139856e+02
6.433878681097408503e+01 1.338635312989457304e+02
6.433425622954945311e+01 1.339097573781153301e+02
6.432972564812484961e+01 1.339604511653761847e+02
6.432519506670023191e+01 1.339929942230428708e+02
6.432066448527561420e+01 1.340474758155700101e+02
6.431613390385099649e+01 1.340634530572507686e+02
6.431160332242637878e+01 1.340792206017660817e+02
6.430707274100176107e+01 1.340999902821478713e+02
6.430254215957714337e+01 1.341234425225747486e+02
6.429801157815253987e+01 1.341738130225049019e+02
6.429348099672790795e+01 1.342103055900491313e+02
6.428895041530330445e+01 1.342434754736366074e+02
6.428441983387868675e+01 1.342648755785643004e+02
6.427988925245406904e+01 1.343016034041778539e+02
6.427535867102945133e+01 1.343327734577060255e+02
6.427082808960483362e+01 1.343853246759930755e+02
6.426629750818021591e+01 1.344124163023191443e+02
6.426176692675559821e+01 1.344541972282921733e+02
6.425723634533099471e+01 1.344621483088903915e+02
6.425270576390636279e+01 1.344639101193248223e+02
6.424817518248175929e+01 1.344739940044505886e+02
6.424364460105714159e+01 1.344980850340943448e+02
6.423911401963252388e+01 1.345240572802204895e+02
6.423458343820790617e+01 1.345510024762659214e+02
6.423005285678328846e+01 1.345973428883395684e+02
6.422552227535867075e+01 1.346324382406248503e+02
6.422099169393405305e+01 1.346693090543591040e+02
6.421646111250943534e+01 1.346929662537123136e+02
6.421193053108481763e+01 1.347509003675974668e+02
6.420739994966021413e+01 1.347936737248496968e+02
6.420286936823559643e+01 1.348575760234415384e+02
6.419833878681097872e+01 1.349374964683000826e+02
6.419380820538636101e+01 1.349732203983480474e+02
6.418927762396174330e+01 1.350087584194095314e+02
6.418474704253712559e+01 1.350238876324633850e+02
6.418021646111250789e+01 1.350503943060201379e+02
6.417568587968789018e+01 1.350724751105591395e+02
6.417115529826327247e+01 1.351218160195389260e+02
6.416662471683866897e+01 1.351418205634025469e+02
6.416209413541405127e+01 1.351910825709059623e+02
6.415756355398943356e+01 1.352276583393753810e+02
6.415303297256481585e+01 1.352675286468905824e+02
6.414850239114019814e+01 1.352732470599998464e+02
6.414397180971558043e+01 1.352898867648949022e+02
6.413944122829096273e+01 1.353236004893586255e+02
6.413491064686634502e+01 1.353387088459649874e+02
6.413038006544172731e+01 1.353971269977435270e+02
6.412584948401712381e+01 1.354156948677976686e+02
6.412131890259250611e+01 1.354800086432561557e+02
6.411678832116788840e+01 1.355111153357786691e+02
6.411225773974327069e+01 1.355604987146095084e+02
6.410772715831865298e+01 1.355819577119958410e+02
6.410319657689403527e+01 1.356323956607123762e+02
6.409866599546941757e+01 1.356815507838704207e+02
6.409413541404479986e+01 1.356907716242765218e+02
6.408960483262018215e+01 1.357304826597629983e+02
6.408507425119557865e+01 1.357501818578080020e+02
6.408054366977096095e+01 1.357924006868791764e+02
6.407601308834634324e+01 1.358415141963514827e+02
6.407148250692172553e+01 1.358439514845080396e+02
6.406695192549710782e+01 1.358834164742174835e+02
6.406242134407249011e+01 1.359180320695975297e+02
6.405789076264787241e+01 1.359494330215032676e+02
6.405336018122325470e+01 1.359650839738852994e+02
6.404882959979863699e+01 1.359796222622260871e+02
6.404429901837403349e+01 1.360060066365218461e+02
6.403976843694940158e+01 1.360498878183249758e+02
6.403523785552479808e+01 1.361026444636690371e+02
6.403070727410018037e+01 1.361235544652573708e+02
6.402617669267556266e+01 1.361661774989854905e+02
6.402164611125094495e+01 1.361991906416119207e+02
6.401711552982632725e+01 1.362449652441619037e+02
6.401258494840170954e+01 1.362765607483835311e+02
6.400805436697709183e+01 1.363322106608811737e+02
6.400352378555248833e+01 1.363867777411621773e+02
6.399899320412786352e+01 1.364360645259374394e+02
6.399446262270325292e+01 1.364833833369349918e+02
6.398993204127863521e+01 1.365405454881359333e+02
6.398540145985401750e+01 1.365860456423644109e+02
6.398087087842939980e+01 1.366182283084501989e+02
6.397634029700478209e+01 1.366446677483950793e+02
6.397180971558016438e+01 1.366763004998674944e+02
6.396727913415554667e+01 1.366783842463009933e+02
6.396274855273093607e+01 1.366959745258260170e+02
6.395821797130631836e+01 1.367069685447260383e+02
6.395368738988170776e+01 1.367250999446648621e+02
6.394915680845709005e+01 1.367454539523421602e+02
6.394462622703247234e+01 1.367855329730675749e+02
6.394009564560785464e+01 1.368556115408240146e+02
6.393556506418323693e+01 1.368760083092039110e+02
6.393103448275861922e+01 1.369274654106116031e+02
6.392650390133400151e+01 1.369675611696464728e+02
6.392197331990939091e+01 1.369825527701200087e+02
6.391744273848477320e+01 1.370194312698594388e+02
6.391291215706016260e+01 1.370322670931375342e+02
6.390838157563554489e+01 1.370409054390283359e+02
6.390385099421092718e+01 1.370792714754345809e+02
6.389932041278630948e+01 1.371021810818839981e+02
6.389478983136169177e+01 1.371265266734508543e+02
6.389025924993707406e+01 1.371684959080710371e+02
6.388572866851245635e+01 1.371813968701407305e+02
6.388119808708784575e+01 1.372111680728955037e+02
6.387666750566322804e+01 1.372174419854326288e+02
6.387213692423861744e+01 1.372514760109385179e+02
6.386760634281399973e+01 1.372844174180970924e+02
6.386307576138938202e+01 1.373381175908691603e+02
6.385854517996476432e+01 1.373869679728788071e+02
6.385401459854014661e+01 1.374083137359345699e+02
6.384948401711552890e+01 1.374385750115301903e+02
6.384495343569091119e+01 1.374755197002068314e+02
6.384042285426630059e+01 1.375022329776783749e+02
6.383589227284168288e+01 1.375396770872783634e+02
6.383136169141707228e+01 1.375717259904079981e+02
6.382683110999245457e+01 1.376029561961945546e+02
6.382230052856783686e+01 1.376433392421938038e+02
6.381776994714321916e+01 1.376838129214365836e+02
6.381323936571860145e+01 1.377069491569334616e+02
6.380870878429398374e+01 1.377492113566611636e+02
6.380417820286936603e+01 1.377503198357383098e+02
6.379964762144475543e+01 1.378046581480737416e+02
6.379511704002013772e+01 1.378282506396342626e+02
6.379058645859552001e+01 1.378721360217479059e+02
6.378605587717090941e+01 1.379219174817934572e+02
6.378152529574629170e+01 1.379669643743242204e+02
6.377699471432167400e+01 1.379933594989247752e+02
6.377246413289705629e+01 1.380201436124617089e+02
6.376793355147243858e+01 1.380690585200597695e+02
6.376340297004782087e+01 1.381189430345022231e+02
6.375887238862321027e+01 1.382153387607353352e+02
6.375434180719859256e+01 1.382550270050730603e+02
6.374981122577397485e+01 1.382992681833449637e+02
6.374528064434936425e+01 1.383191565411322017e+02
6.374075006292474654e+01 1.383556505921010569e+02
6.373621948150012884e+01 1.383841249890231779e+02
6.373168890007551113e+01 1.383688773351426846e+02
6.372715831865089342e+01 1.384062307335001947e+02
6.372262773722627571e+01 1.384042180821639931e+02
6.371809715580165800e+01 1.384540216646784643e+02
6.371356657437704740e+01 1.384716793540297033e+02
6.370903599295242969e+01 1.385154367483835642e+02
6.370450541152781909e+01 1.385528919819832652e+02
6.369997483010320138e+01 1.385955138718753972e+02
6.369544424867858368e+01 1.386292317836974917e+02
6.369091366725396597e+01 1.386787609235382490e+02
6.368638308582934826e+01 1.387546699166802853e+02
6.368185250440473055e+01 1.387642362926529245e+02
6.367732192298011284e+01 1.388189524708786564e+02
6.367279134155550224e+01 1.388267620570129850e+02
6.366826076013088453e+01 1.388276683188144602e+02
6.366373017870627393e+01 1.388655416556165960e+02
6.365919959728165622e+01 1.388780777002368438e+02
6.365466901585703852e+01 1.389188666465981896e+02
6.365013843443242081e+01 1.389253918228357634e+02
6.364560785300780310e+01 1.389489872800425587e+02
6.364107727158318539e+01 1.389819699529860486e+02
6.363654669015856769e+01 1.390220930917733995e+02
6.363201610873395708e+01 1.390365909636815900e+02
6.362748552730933937e+01 1.390767280944917843e+02
6.362295494588472877e+01 1.390899073088251043e+02
6.361842436446011106e+01 1.391211087619902855e+02
6.361389378303549336e+01 1.391619442979985308e+02
6.360936320161087565e+01 1.391872176049602956e+02
6.360483262018625794e+01 1.392307919081465002e+02
6.360030203876164023e+01 1.392358473921804602e+02
6.359577145733702253e+01 1.392942665769105304e+02
6.359124087591241192e+01 1.392990216098492340e+02
6.358671029448779422e+01 1.393373504545682238e+02
6.358217971306318361e+01 1.393414423636604056e+02
6.357764913163856590e+01 1.393866293864230670e+02
6.357311855021394820e+01 1.394453209555333331e+02
6.356858796878933049e+01 1.394762613940422398e+02
6.356405738736471278e+01 1.395440537340178366e+02
6.355952680594009507e+01 1.395543180755848596e+02
6.355499622451547737e+01 1.396019130673881250e+02
6.355046564309086676e+01 1.396279861719407336e+02
6.354593506166624906e+01 1.396719685320595374e+02
6.354140448024163135e+01 1.396999803536187130e+02
6.353687389881702074e+01 1.397358477785306263e+02
6.353234331739240304e+01 1.397740408582988891e+02
6.352781273596778533e+01 1.397886338858416480e+02
6.352328215454316762e+01 1.398284081082862542e+02
6.351875157311854991e+01 1.398437993902823280e+02
6.351422099169393221e+01 1.399147614777756701e+02
6.350969041026931450e+01 1.399604158668391847e+02
6.350515982884470390e+01 1.400335511644779558e+02
6.350062924742008619e+01 1.400783860474048765e+02
6.349609866599547559e+01 1.401374540713285626e+02
6.349156808457085788e+01 1.401876855429955242e+02
6.348703750314624017e+01 1.401938051017428393e+02
6.348250692172162246e+01 1.402074539441449019e+02
6.347797634029700475e+01 1.402404190778732698e+02
6.347344575887238705e+01 1.402643190590629843e+02
6.346891517744776934e+01 1.402755917397038559e+02
6.346438459602315874e+01 1.403143295482985593e+02
6.345985401459854103e+01 1.403513345844142464e+02
6.345532343317393043e+01 1.404003172633906331e+02
6.345079285174931272e+01 1.404299437534868389e+02
6.344626227032469501e+01 1.404355214721353775e+02
6.344173168890007730e+01 1.404626677795405385e+02
6.343720110747545959e+01 1.404710256971322337e+02
6.343267052605084189e+01 1.404705745031406536e+02
6.342813994462622418e+01 1.404996396497341777e+02
6.342360936320161358e+01 1.405220719062695025e+02
6.341907878177699587e+01 1.405625480939112038e+02
6.341454820035238527e+01 1.405819246618262923e+02
6.341001761892776756e+01 1.405975076909010966e+02
6.340548703750314985e+01 1.406320903533155615e+02
6.340095645607853214e+01 1.406699538974052643e+02
6.339642587465391443e+01 1.406936755865943667e+02
6.339189529322929673e+01 1.407149991764877370e+02
6.338736471180467902e+01 1.407654173151518933e+02
6.338283413038006842e+01 1.408281012475742102e+02
6.337830354895545071e+01 1.408780454673814972e+02
6.337377296753084011e+01 1.409223395699782486e+02
6.336924238610622240e+01 1.409610689643181161e+02
6.336471180468160469e+01 1.410291211176768513e+02
6.336018122325698698e+01 1.410528407932033588e+02
6.335565064183236927e+01 1.411081017763077057e+02
6.335112006040775157e+01 1.411239001837450928e+02
6.334658947898313386e+01 1.411362994265998054e+02
6.334205889755852326e+01 1.411600606276270469e+02
6.333752831613390555e+01 1.411843734473953020e+02
6.333299773470929495e+01 1.412102966144241236e+02
6.332846715328467724e+01 1.412323928576111598e+02
6.332393657186005953e+01 1.412537846061131859e+02
6.331940599043544182e+01 1.412885809413210438e+02
6.331487540901082411e+01 1.412999228830343839e+02
6.331034482758620641e+01 1.413230837648262934e+02
6.330581424616158870e+01 1.413517774421118816e+02
6.330128366473697810e+01 1.413535347145424055e+02
6.329675308331236039e+01 1.413926404325730175e+02
6.329222250188774268e+01 1.414115006765276803e+02
6.328769192046313208e+01 1.414210344521858644e+02
6.328316133903851437e+01 1.414442243342070640e+02
6.327863075761389666e+01 1.414701173404523047e+02
6.327410017618927895e+01 1.415145151470925953e+02
6.326956959476466125e+01 1.415457339268528472e+02
6.326503901334004354e+01 1.415885650134001992e+02
6.326050843191542583e+01 1.416318189290320504e+02
6.325597785049081523e+01 1.416765748158798885e+02
6.325144726906619752e+01 1.417294799843162139e+02
6.324691668764158692e+01 1.417605648630808730e+02
6.324238610621696921e+01 1.418204712138347077e+02
6.323785552479235150e+01 1.418647563876500897e+02
6.323332494336773379e+01 1.418836068230842500e+02
6.322879436194311609e+01 1.419259167540947715e+02
6.322426378051849838e+01 1.419484523927825705e+02
6.321973319909388067e+01 1.420059516592108650e+02
6.321520261766927007e+01 1.420266968464906938e+02
6.321067203624465236e+01 1.420660479865378534e+02
6.320614145482004176e+01 1.420777017288142758e+02
6.320161087339542405e+01 1.421436727938997535e+02
6.319708029197080634e+01 1.421631251437834180e+02
6.319254971054618863e+01 1.421794949130927534e+02
6.318801912912157093e+01 1.421877240787394499e+02
6.318348854769695322e+01 1.421859790114496604e+02
6.317895796627233551e+01 1.422212244029779811e+02
6.317442738484772491e+01 1.422483612899739853e+02
6.316989680342310720e+01 1.422810417484883772e+02
6.316536622199849660e+01 1.423067078410987563e+02
6.316083564057387889e+01 1.423568470550076199e+02
6.315630505914926118e+01 1.423877663665493571e+02
6.315177447772464348e+01 1.424254239528503660e+02
6.314724389630002577e+01 1.424322922283768946e+02
6.314271331487540806e+01 1.424649435208945931e+02
6.313818273345079035e+01 1.425084077502208686e+02
6.313365215202617975e+01 1.425550225051827340e+02
6.312912157060156204e+01 1.426130147235452910e+02
6.312459098917695144e+01 1.426273253560536887e+02
6.312006040775233373e+01 1.426327705206411451e+02
6.311552982632771602e+01 1.426571476152872435e+02
6.311099924490309832e+01 1.426878105184011361e+02
6.310646866347848061e+01 1.427084851037741089e+02
6.310193808205386290e+01 1.427374227529591337e+02
6.309740750062924519e+01 1.427871466117784394e+02
6.309287691920463459e+01 1.428282126170570052e+02
6.308834633778001688e+01 1.428384524014887802e+02
6.308381575635539917e+01 1.428678783895337574e+02
6.307928517493078857e+01 1.428792049018846342e+02
6.307475459350617086e+01 1.429033380632783974e+02
6.307022401208155316e+01 1.429287094756038812e+02
6.306569343065693545e+01 1.429619759480279413e+02
6.306116284923231774e+01 1.430033152551545186e+02
6.305663226780770003e+01 1.430226666573553018e+02
6.305210168638308943e+01 1.430867696973086822e+02
6.304757110495847172e+01 1.431112962432488587e+02
6.304304052353385401e+01 1.431676211988052501e+02
6.303850994210924341e+01 1.432149291233618555e+02
6.303397936068462570e+01 1.432323036247519212e+02
6.302944877926000800e+01 1.433007889888376383e+02
6.302491819783539029e+01 1.433152396537878985e+02
6.302038761641077258e+01 1.433402452820552924e+02
6.301585703498615487e+01 1.433620837041363529e+02
6.301132645356153716e+01 1.434018236569058899e+02
6.300679587213692656e+01 1.434319770947997199e+02
6.300226529071230885e+01 1.434729878228915254e+02
6.299773470928769825e+01 1.435048316582559664e+02
6.299320412786308054e+01 1.435042713892606230e+02
6.298867354643846284e+01 1.435218887199571327e+02
6.298414296501384513e+01 1.435327039567132772e+02
6.297961238358922742e+01 1.435672157965393012e+02
6.297508180216460971e+01 1.435904413246441322e+02
6.297055122073999200e+01 1.436162505910945413e+02
6.296602063931538140e+01 1.436478494287503906e+02
6.296149005789076369e+01 1.436801222043563371e+02
6.295695947646615309e+01 1.437364496378943954e+02
6.295242889504153538e+01 1.437775239497441362e+02
6.294789831361691768e+01 1.438077767153679076e+02
6.294336773219229997e+01 1.438431169806737273e+02
6.293883715076768226e+01 1.438672532966726010e+02
6.293430656934306455e+01 1.439223323420428926e+02
6.292977598791844684e+01 1.439735912030790246e+02
6.292524540649383624e+01 1.440196534780343427e+02
6.292071482506921853e+01 1.440516832527341080e+02
6.291618424364460793e+01 1.441081667075332575e+02
6.291165366221999022e+01 1.441508137976710486e+02
6.290712308079537252e+01 1.441617293600847631e+02
6.290259249937075481e+01 1.442022109585335841e+02
6.289806191794613710e+01 1.442162815722856237e+02
6.289353133652151939e+01 1.442354817265753013e+02
6.288900075509690168e+01 1.442345388394101917e+02
6.288447017367229108e+01 1.442569258922011102e+02
6.287993959224767337e+01 1.442667622030574819e+02
6.287540901082306277e+01 1.442793328879625108e+02
6.287087842939844506e+01 1.443219796990095460e+02
6.286634784797382736e+01 1.443509302296090766e+02
6.286181726654920965e+01 1.443885700535271042e+02
6.285728668512459194e+01 1.444216544375968283e+02
6.285275610369997423e+01 1.444482255967233471e+02
6.284822552227535652e+01 1.445066075400350769e+02
6.284369494085074592e+01 1.445346238656472906e+02
6.283916435942612821e+01 1.445587769317931759e+02
6.283463377800151051e+01 1.445863020555829905e+02
6.283010319657689990e+01 1.446312899776983443e+02
6.282557261515228220e+01 1.446675982390684965e+02
6.282104203372766449e+01 1.446872843155092312e+02
6.281651145230304678e+01 1.447158046341435522e+02
6.281198087087842907e+01 1.447567917955683185e+02
6.280745028945381137e+01 1.448146556954288258e+02
6.280291970802920076e+01 1.448632284279262308e+02
6.279838912660458305e+01 1.449080701125550092e+02
6.279385854517996535e+01 1.449491327559900071e+02
6.278932796375535474e+01 1.449971233939180593e+02
6.278479738233073704e+01 1.450448708403351645e+02
6.278026680090611933e+01 1.450877409283818338e+02
6.277573621948150162e+01 1.451300941385777037e+02
6.277120563805688391e+01 1.451588792868184896e+02
6.276667505663226621e+01 1.451955859642119719e+02
6.276214447520764850e+01 1.452480680079470119e+02
6.275761389378303789e+01 1.452846413886286427e+02
6.275308331235842019e+01 1.453170806342441210e+02
6.274855273093380958e+01 1.453354390451672202e+02
6.274402214950919188e+01 1.453702140265369849e+02
6.273949156808457417e+01 1.453931733539609468e+02
6.273496098665995646e+01 1.454485935732365078e+02
6.273043040523533875e+01 1.454649786339523700e+02
6.272589982381072105e+01 1.454889498142834441e+02
6.272136924238610334e+01 1.455112122946588045e+02
6.271683866096149274e+01 1.455433074544983185e+02
6.271230807953687503e+01 1.455500676706773788e+02
6.270777749811226442e+01 1.455722598736452085e+02
6.270324691668764672e+01 1.455821821044083322e+02
6.269871633526302901e+01 1.456238910346653199e+02
6.269418575383841130e+01 1.456558598758825553e+02
6.268965517241379359e+01 1.457251681491218847e+02
6.268512459098917589e+01 1.457711401711284225e+02
6.268059400956455818e+01 1.458120152051280627e+02
6.267606342813994758e+01 1.458160163758826968e+02
6.267153284671532987e+01 1.458586115338401612e+02
6.266700226529071927e+01 1.458649778978470692e+02
6.266247168386610156e+01 1.458563349794989961e+02
6.265794110244148385e+01 1.458987641830434825e+02
6.265341052101686614e+01 1.459165984781475345e+02
6.264887993959224843e+01 1.459567420719234008e+02
6.264434935816763073e+01 1.459634262193741563e+02
6.263981877674301302e+01 1.459902671312392783e+02
6.263528819531840242e+01 1.460151414083020143e+02
6.263075761389378471e+01 1.460530897191970894e+02
6.262622703246917411e+01 1.460799270707449864e+02
6.262169645104455640e+01 1.461457224986459380e+02
6.261716586961993869e+01 1.461726821932527685e+02
6.261263528819532098e+01 1.462097411562733384e+02
6.260810470677070327e+01 1.462503790692613279e+02
6.260357412534608557e+01 1.462865137793190229e+02
6.259904354392146786e+01 1.463389548752134317e+02
6.259451296249685726e+01 1.463801062311693215e+02
6.258998238107223955e+01 1.464355470648743562e+02
6.258545179964762184e+01 1.464847418406565680e+02
6.258092121822301124e+01 1.465437737676703307e+02
6.257639063679839353e+01 1.465823354216263397e+02
6.257186005537377582e+01 1.466219644835609017e+02
6.256732947394915811e+01 1.466440270853113645e+02
6.256279889252454041e+01 1.466565158403656426e+02
6.255826831109992270e+01 1.466840412095330635e+02
6.255373772967531210e+01 1.466833079200042391e+02
6.254920714825069439e+01 1.467149036091483936e+02
6.254467656682607668e+01 1.467115361912993023e+02
6.254014598540146608e+01 1.467381897830661330e+02
6.253561540397684837e+01 1.467833515881933977e+02
6.253108482255223066e+01 1.467948277122333138e+02
6.252655424112761295e+01 1.468233282451413118e+02
6.252202365970299525e+01 1.468467367138781583e+02
6.251749307827837754e+01 1.469133551239779081e+02
6.251296249685375983e+01 1.469520303107476025e+02
6.250843191542914923e+01 1.469911584319208089e+02
6.250390133400453152e+01 1.470143390346158014e+02
6.249937075257992092e+01 1.470505458325770292e+02
6.249484017115530321e+01 1.471041893639555553e+02
6.249030958973068550e+01 1.471420120707089438e+02
6.248577900830606779e+01 1.471906878146382951e+02
6.248124842688145009e+01 1.472426027682609799e+02
6.247671784545683238e+01 1.472850186776724115e+02
6.247218726403221467e+01 1.473499239847149340e+02
6.246765668260760407e+01 1.474092715019206707e+02
6.246312610118298636e+01 1.474493679617075657e+02
6.245859551975837576e+01 1.474775041989475994e+02
6.245406493833375805e+01 1.475016543077202869e+02
6.244953435690914034e+01 1.475546854731466908e+02
6.244500377548452263e+01 1.476038038995467332e+02
6.244047319405990493e+01 1.476263799043265124e+02
6.243594261263528722e+01 1.476395452798582255e+02
6.243141203121066951e+01 1.476659883086631737e+02
6.242688144978605891e+01 1.477041482919740361e+02
6.242235086836144120e+01 1.477383516836431738e+02
6.241782028693683060e+01 1.477494016933387400e+02
6.241328970551221289e+01 1.477633956862716218e+02
6.240875912408759518e+01 1.477819564795572660e+02
6.240422854266297747e+01 1.478224078955598486e+02
6.239969796123835977e+01 1.478688964137220410e+02
6.239516737981374206e+01 1.478990546508055104e+02
6.239063679838912435e+01 1.479406833196236448e+02
6.238610621696451375e+01 1.479912510590168040e+02
6.238157563553989604e+01 1.480462189255515284e+02
6.237704505411528544e+01 1.480487198283058490e+02
6.237251447269066773e+01 1.480588080867912026e+02
6.236798389126605002e+01 1.480662036887913757e+02
6.236345330984143231e+01 1.481116741637994210e+02
6.235892272841681461e+01 1.481679818571957981e+02
6.235439214699219690e+01 1.482111443130467592e+02
6.234986156556757919e+01 1.482531300611666438e+02
6.234533098414296859e+01 1.482817605764861355e+02
6.234080040271835088e+01 1.483254563427453263e+02
6.233626982129373317e+01 1.483805391837233003e+02
6.233173923986912257e+01 1.484201237280118164e+02
6.232720865844450486e+01 1.484452716238343442e+02
6.232267807701988716e+01 1.484692166140277152e+02
6.231814749559526945e+01 1.484990903055567060e+02
6.231361691417065174e+01 1.484915200694856878e+02
6.230908633274603403e+01 1.485124503179212070e+02
6.230455575132141632e+01 1.485189633013550008e+02
6.230002516989680572e+01 1.485426433469968970e+02
6.229549458847218801e+01 1.485809514763316201e+02
6.229096400704757741e+01 1.486085037728499572e+02
6.228643342562295970e+01 1.486435072022148347e+02
6.228190284419834200e+01 1.486796566693083150e+02
6.227737226277372429e+01 1.487061087533476496e+02
6.227284168134910658e+01 1.487650983009825723e+02
6.226831109992448887e+01 1.488139650681071942e+02
6.226378051849987116e+01 1.488764136021003424e+02
6.225924993707526056e+01 1.489108367876171712e+02
6.225471935565064285e+01 1.489361113242721331e+02
6.225018877422603225e+01 1.489691517590802619e+02
6.224565819280141454e+01 1.489725075114864126e+02
6.224112761137679684e+01 1.490173256030509208e+02
6.223659702995217913e+01 1.490787421086478162e+02
6.223206644852756142e+01 1.491567367422453003e+02
6.222753586710294371e+01 1.492098295627508833e+02
6.222300528567832600e+01 1.492922482556529644e+02
6.221847470425371540e+01 1.493236891588346680e+02
6.221394412282909769e+01 1.493636265857806791e+02
6.220941354140448709e+01 1.494045717242346996e+02
6.220488295997986938e+01 1.494161016410845662e+02
6.220035237855525168e+01 1.494556910079610077e+02
6.219582179713063397e+01 1.494796133181965843e+02
6.219129121570601626e+01 1.495239393403273311e+02
6.218676063428139855e+01 1.495593118903353513e+02
6.218223005285678084e+01 1.496151008242505611e+02
6.217769947143217024e+01 1.496600997320380486e+02
6.217316889000755253e+01 1.497020040014685094e+02
6.216863830858294193e+01 1.497332808382853386e+02
6.216410772715832422e+01 1.497778620062128709e+02
6.215957714573370652e+01 1.498003937720428667e+02
6.215504656430908881e+01 1.498412520364029490e+02
6.215051598288447110e+01 1.498723166117798371e+02
6.214598540145985339e+01 1.498905720609584193e+02
6.214145482003523568e+01 1.499185238671376794e+02
6.213692423861062508e+01 1.499679952781740724e+02
6.213239365718600737e+01 1.500130013075529405e+02
6.212786307576138967e+01 1.500566124078700057e+02
6.212333249433677906e+01 1.500953152169099667e+02
6.211880191291216136e+01 1.501437164622736589e+02
6.211427133148754365e+01 1.501887351631380625e+02
6.210974075006292594e+01 1.502397332908717829e+02
6.210521016863830823e+01 1.502830142388554862e+02
6.210067958721369052e+01 1.502920498679445700e+02
6.209614900578907992e+01 1.503071093656524795e+02
6.209161842436446221e+01 1.503399292809936583e+02
6.208708784293984451e+01 1.503736596917015618e+02
6.208255726151523390e+01 1.504060270877745324e+02
6.207802668009061620e+01 1.504453903205953509e+02
6.207349609866599849e+01 1.504678144994877300e+02
6.206896551724138078e+01 1.505120755820438490e+02
6.206443493581676307e+01 1.505528652493468087e+02
6.205990435439214536e+01 1.505732784964463633e+02
6.205537377296752766e+01 1.506077874573868769e+02
6.205084319154291705e+01 1.506579840582333532e+02
6.204631261011829935e+01 1.507100968390680293e+02
6.204178202869368874e+01 1.507657221684249578e+02
6.203725144726907104e+01 1.508131802956043259e+02
6.203272086584445333e+01 1.508513264764453368e+02
6.202819028441983562e+01 1.508941269998844064e+02
6.202365970299521791e+01 1.509674541219784771e+02
6.201912912157060020e+01 1.510088842371256419e+02
6.201459854014598250e+01 1.510457364900416621e+02
6.201006795872137189e+01 1.510555946866317356e+02
6.200553737729675419e+01 1.510902212084596101e+02
6.200100679587214358e+01 1.511222352373333422e+02
6.199647621444752588e+01 1.511448888941581856e+02
6.199194563302290817e+01 1.511640471731467130e+02
6.198741505159829046e+01 1.511840497928256752e+02
6.198288447017367275e+01 1.512144351899162587e+02
6.197835388874905505e+01 1.512708163856881356e+02
6.197382330732443734e+01 1.513186965673767190e+02
6.196929272589982673e+01 1.513580354453846724e+02
6.196476214447520903e+01 1.513623162327067746e+02
6.196023156305059842e+01 1.513872443466480320e+02
6.195570098162598072e+01 1.514092528133031408e+02
6.195117040020136301e+01 1.514361924996301241e+02
6.194663981877674530e+01 1.514718779937311695e+02
6.194210923735212759e+01 1.514814672103262581e+02
6.193757865592750989e+01 1.515174336198041374e+02
6.193304807450289218e+01 1.515479345789346155e+02
6.192851749307828157e+01 1.516230776017502251e+02
6.192398691165366387e+01 1.516309593343898712e+02
6.191945633022905326e+01 1.516664262707750197e+02
6.191492574880443556e+01 1.516806174262344769e+02
6.191039516737981785e+01 1.517523688155081913e+02
6.190586458595520014e+01 1.518029181894381736e+02
6.190133400453058243e+01 1.518549730986864290e+02
6.189680342310596473e+01 1.518843236369768874e+02
6.189227284168134702e+01 1.519206621015818826e+02
6.188774226025673642e+01 1.519581068086934010e+02
6.188321167883211871e+01 1.519957525584652558e+02
6.187868109740750100e+01 1.520137827529965193e+02
6.187415051598289040e+01 1.520199877808933024e+02
6.186961993455827269e+01 1.520476403357200184e+02
6.186508935313365498e+01 1.520714846973933732e+02
6.186055877170903727e+01 1.520897977095711440e+02
6.185602819028441957e+01 1.521023217606421554e+02
6.185149760885980186e+01 1.521332708189085849e+02
6.184696702743519126e+01 1.521445086045710582e+02
6.184243644601057355e+01 1.521878485475916420e+02
6.183790586458595584e+01 1.521960141847467867e+02
6.183337528316134524e+01 1.522138506488508085e+02
6.182884470173672753e+01 1.522177487936498324e+02
6.182431412031210982e+01 1.522442589219948559e+02
6.181978353888749211e+01 1.522568759557032081e+02
6.181525295746287441e+01 1.522466760518410922e+02
6.181072237603825670e+01 1.522647117953030715e+02
6.180619179461363899e+01 1.522967319577556395e+02
6.180166121318902839e+01 1.523157895140420806e+02
6.179713063176441068e+01 1.523529631663450630e+02
6.179260005033980008e+01 1.523736747208367319e+02
6.178806946891518237e+01 1.523948352053958502e+02
6.178353888749056466e+01 1.524183025791058697e+02
6.177900830606594695e+01 1.524581352756839294e+02
6.177447772464132925e+01 1.524904284605794373e+02
6.176994714321671154e+01 1.525487583861307712e+02
6.176541656179209383e+01 1.525726586201155328e+02
6.176088598036748323e+01 1.526037410817568514e+02
6.175635539894286552e+01 1.526288659783303103e+02
6.175182481751825492e+01 1.526269123301714785e+02
6.174729423609363721e+01 1.526520051570639396e+02
6.174276365466901950e+01 1.526519367052567304e+02
6.173823307324440179e+01 1.526466697425180996e+02
6.173370249181978409e+01 1.526587128161858118e+02
6.172917191039516638e+01 1.526832757667179408e+02
6.172464132897054867e+01 1.526889745342398896e+02
6.172011074754593807e+01 1.527092259957042586e+02
6.171558016612132036e+01 1.527255463984699304e+02
6.171104958469670976e+01 1.527629686566185967e+02
6.170651900327209205e+01 1.527947509775980279e+02
6.170198842184747434e+01 1.528370882718348014e+02
6.169745784042285663e+01 1.528861389126339816e+02
6.169292725899823893e+01 1.529532748590783910e+02
6.168839667757362122e+01 1.529866251941360815e+02
6.168386609614900351e+01 1.530340945456677559e+02
6.167933551472439291e+01 1.530481237152653478e+02
6.167480493329977520e+01 1.530627235500728602e+02
6.167027435187516460e+01 1.531078252579777654e+02
6.166574377045054689e+01 1.531549038710315358e+02
6.166121318902592918e+01 1.531872983304263585e+02
6.165668260760131147e+01 1.532201894618935683e+02
6.165215202617669377e+01 1.532569593831757402e+02
6.164762144475207606e+01 1.532926957725788100e+02
6.164309086332745835e+01 1.533326932382996688e+02
6.163856028190284775e+01 1.533565000313469397e+02
6.163402970047823004e+01 1.533865185216607756e+02
6.162949911905361233e+01 1.533812975977573103e+02
6.162496853762900173e+01 1.534214149172026680e+02
6.162043795620438402e+01 1.534622399744566223e+02
6.161590737477976631e+01 1.534924911218004979e+02
6.161137679335514861e+01 1.535148762240962697e+02
6.160684621193053090e+01 1.535331046889795914e+02
6.160231563050591319e+01 1.535734121205125575e+02
6.159778504908130259e+01 1.536042434542843296e+02
6.159325446765668488e+01 1.536274693845450088e+02
6.158872388623206717e+01 1.536475068968884159e+02
6.158419330480745657e+01 1.536457439341165241e+02
6.157966272338283886e+01 1.536471448127468022e+02
6.157513214195822115e+01 1.536639204247803434e+02
6.157060156053360345e+01 1.537048948456871926e+02
6.156607097910898574e+01 1.537324738002801610e+02
6.156154039768436803e+01 1.537834188684883543e+02
6.155700981625975032e+01 1.538004742573034491e+02
6.155247923483513972e+01 1.538412417170714264e+02
6.154794865341052201e+01 1.538871502067536881e+02
6.154341807198591141e+01 1.539417391143383895e+02
6.153888749056129370e+01 1.539851735520728653e+02
6.153435690913667599e+01 1.540073333780582630e+02
6.152982632771205829e+01 1.540397006169568215e+02
6.152529574628744058e+01 1.540949579700487106e+02
6.152076516486282287e+01 1.541365474928718697e+02
6.151623458343820516e+01 1.541529455861766849e+02
6.151170400201359456e+01 1.541743721124967408e+02
6.150717342058897685e+01 1.541856638996026447e+02
6.150264283916436625e+01 1.542439483925992079e+02
6.149811225773974854e+01 1.542845226305127255e+02
6.149358167631513084e+01 1.543252898059007521e+02
6.148905109489051313e+01 1.543610241171936650e+02
6.148452051346589542e+01 1.543819066687034081e+02
6.147998993204127771e+01 1.544109924552518294e+02
6.147545935061666000e+01 1.544491131801915174e+02
6.147092876919204940e+01 1.544533290487186150e+02
6.146639818776743169e+01 1.544937961495989214e+02
6.146186760634282109e+01 1.544929374202115184e+02
6.145733702491820338e+01 1.545326585531471437e+02
6.145280644349358568e+01 1.545680705377729680e+02
6.144827586206896797e+01 1.546138475270983861e+02
6.144374528064435026e+01 1.546783027904382379e+02
6.143921469921973255e+01 1.547252422685965598e+02
6.143468411779511484e+01 1.547648691562256715e+02
6.143015353637050424e+01 1.548289870985238679e+02
6.142562295494588653e+01 1.548787749064352397e+02
6.142109237352127593e+01 1.549099637099641029e+02
6.141656179209665822e+01 1.549669934098680528e+02
6.141203121067204052e+01 1.550002870622424496e+02
6.140750062924742281e+01 1.550623879685718975e+02
6.140297004782280510e+01 1.550885122890595653e+02
6.139843946639818739e+01 1.550993633291872129e+02
6.139390888497356968e+01 1.551293557223854407e+02
6.138937830354895908e+01 1.551524742606769394e+02
6.138484772212434137e+01 1.551807172474070171e+02
6.138031714069972367e+01 1.552269112576371697e+02
6.137578655927511306e+01 1.552588641594841192e+02
6.137125597785049536e+01 1.552899119246173996e+02
6.136672539642587765e+01 1.553207900687638414e+02
6.136219481500125994e+01 1.553498982421286314e+02
6.135766423357664223e+01 1.553849376873152721e+02
6.135313365215202452e+01 1.554288934307159309e+02
6.134860307072740682e+01 1.554224317202746875e+02
6.134407248930279621e+01 1.554503756828496819e+02
6.133954190787817851e+01 1.554699507435088890e+02
6.133501132645356790e+01 1.554968183485042630e+02
6.133048074502895020e+01 1.555380386825841015e+02
6.132595016360433249e+01 1.555412264130882534e+02
6.132141958217971478e+01 1.555865096411660602e+02
6.131688900075509707e+01 1.556331481978544957e+02
6.131235841933047936e+01 1.557018272809929442e+02
6.130782783790586166e+01 1.557555749587139360e+02
6.130329725648125105e+01 1.558055640669682305e+02
6.129876667505663335e+01 1.558487914170713111e+02
6.129423609363202274e+01 1.558708244801049148e+02
6.128970551220740504e+01 1.559101701026412456e+02
6.128517493078278733e+01 1.559503160332822347e+02
6.128064434935816962e+01 1.559941755689318086e+02
6.127611376793355191e+01 1.560025210284717332e+02
6.127158318650893420e+01 1.560276386651284213e+02
6.126705260508431650e+01 1.560594277606614071e+02
6.126252202365970589e+01 1.560576734524771041e+02
6.125799144223508819e+01 1.561050620315604078e+02
6.125346086081047758e+01 1.561369734036564125e+02
6.124893027938585988e+01 1.561605959009573041e+02
6.124439969796124217e+01 1.562112716140958071e+02
6.123986911653662446e+01 1.562454300356457964e+02
6.123533853511200675e+01 1.563039316788658937e+02
6.123080795368738904e+01 1.563397661469745401e+02
6.122627737226277134e+01 1.563597484518808756e+02
6.122174679083816073e+01 1.563846056683381107e+02
6.121721620941354303e+01 1.564135706310318596e+02
6.121268562798893242e+01 1.564577660882264354e+02
6.120815504656431472e+01 1.565092658532505538e+02
6.120362446513969701e+01 1.565193676897661703e+02
6.119909388371507930e+01 1.565665183706827861e+02
6.119456330229046159e+01 1.566050080734716232e+02
6.119003272086584388e+01 1.566489427365825406e+02
6.118550213944122618e+01 1.566794568040732543e+02
6.118097155801661557e+01 1.567397009220624113e+02
6.117644097659199787e+01 1.567690340306717758e+02
6.117191039516738016e+01 1.568311014392793936e+02
6.116737981374276956e+01 1.568638614008264369e+02
6.116284923231815185e+01 1.568818728655859331e+02
6.115831865089353414e+01 1.569146855938061833e+02
6.115378806946891643e+01 1.569352087305095438e+02
6.114925748804429873e+01 1.569582147741072902e+02
6.114472690661968102e+01 1.569981416222417181e+02
6.114019632519507041e+01 1.570208808853120672e+02
6.113566574377045271e+01 1.570362027544832699e+02
6.113113516234583500e+01 1.570584057003366070e+02
6.112660458092122440e+01 1.570821614938113271e+02
6.112207399949660669e+01 1.571374884742352833e+02
6.111754341807198898e+01 1.571708931185212350e+02
6.111301283664737127e+01 1.572141115910310702e+02
6.110848225522275357e+01 1.572265243745272585e+02
6.110395167379813586e+01 1.572442011426070394e+02
6.109942109237351815e+01 1.572658727501834335e+02
6.109489051094890755e+01 1.572763332070126410e+02
6.109035992952428984e+01 1.573082103643446317e+02
6.108582934809967924e+01 1.573687351032207573e+02
6.108129876667506153e+01 1.573898034408195770e+02
6.107676818525044382e+01 1.574592419323875276e+02
6.107223760382582611e+01 1.574834118237603207e+02
6.106770702240120841e+01 1.575146554791358540e+02
6.106317644097659070e+01 1.575589435141681918e+02
6.105864585955197299e+01 1.575749696757711149e+02
6.105411527812736239e+01 1.575981212446314146e+02
6.104958469670274468e+01 1.576304027899547577e+02
6.104505411527813408e+01 1.576758320694116264e+02
6.104052353385351637e+01 1.577183671424639613e+02
6.103599295242889866e+01 1.577675568781733375e+02
6.103146237100428095e+01 1.578205022078945490e+02
6.102693178957966325e+01 1.578409813585766130e+02
6.102240120815504554e+01 1.578605094573927943e+02
6.101787062673042783e+01 1.578912926412777153e+02
6.101334004530581723e+01 1.579072425590989894e+02
6.100880946388119952e+01 1.579509767209891322e+02
6.100427888245658892e+01 1.579668003055554095e+02
6.099974830103197121e+01 1.580085844184114308e+02
6.099521771960735350e+01 1.580388559021806998e+02
6.099068713818273579e+01 1.580895752644181300e+02
6.098615655675811809e+01 1.581399769682850831e+02
6.098162597533350038e+01 1.581765186428937682e+02
6.097709539390888267e+01 1.581971667836304789e+02
6.097256481248427207e+01 1.582062032206148672e+02
6.096803423105965436e+01 1.582514296870324415e+02
6.096350364963504376e+01 1.582491687279417363e+02
6.095897306821042605e+01 1.583015952186496236e+02
6.095444248678580834e+01 1.583222826975929252e+02
6.094991190536119063e+01 1.583229621676946124e+02
6.094538132393657293e+01 1.583491584525467601e+02
6.094085074251195522e+01 1.583684635474017739e+02
6.093632016108733751e+01 1.583916083714338754e+02
6.093178957966272691e+01 1.584425554395136260e+02
6.092725899823810920e+01 1.584760756525030843e+02
6.092272841681349149e+01 1.585006589328990287e+02
6.091819783538888089e+01 1.585206391287032943e+02
6.091366725396426318e+01 1.585443340043180740e+02
6.090913667253964547e+01 1.585434970689846068e+02
6.090460609111502777e+01 1.585633879739537804e+02
6.090007550969041006e+01 1.585739254973659627e+02
6.089554492826579235e+01 1.585963603924395500e+02
6.089101434684118175e+01 1.586161777420910255e+02
6.088648376541656404e+01 1.586662073637124593e+02
6.088195318399194633e+01 1.586865942995214311e+02
6.087742260256733573e+01 1.587524557614444518e+02
6.087289202114271802e+01 1.588112139959371234e+02
6.086836143971810031e+01 1.588668388654135981e+02
6.086383085829348261e+01 1.588992539000826127e+02
6.085930027686886490e+01 1.589308535932659652e+02
6.085476969544424719e+01 1.589588129668881891e+02
6.085023911401962948e+01 1.590105913995640776e+02
6.084570853259501888e+01 1.590077651195248905e+02
6.084117795117040117e+01 1.590195514943400212e+02
6.083664736974579057e+01 1.590469166772175242e+02
6.083211678832117286e+01 1.590715295870618604e+02
6.082758620689655515e+01 1.591087931153412569e+02
6.082305562547193745e+01 1.591369021899575955e+02
6.081852504404731974e+01 1.591903563548238196e+02
6.081399446262270203e+01 1.592230259778385175e+02
6.080946388119808432e+01 1.592886460887196165e+02
6.080493329977347372e+01 1.593160409819153358e+02
6.080040271834885601e+01 1.593596893105115839e+02
6.079587213692424541e+01 1.593799254591647525e+02
6.079134155549962770e+01 1.594102929330662448e+02
6.078681097407500999e+01 1.594187484205525607e+02
6.078228039265039229e+01 1.594398437962634318e+02
6.077774981122577458e+01 1.594457880608156302e+02
6.077321922980115687e+01 1.594432855186404652e+02
6.076868864837653916e+01 1.594904642961462855e+02
6.076415806695192856e+01 1.595207002378798222e+02
6.075962748552731085e+01 1.595671569199155897e+02
6.075509690410270025e+01 1.596065057130259959e+02
6.075056632267808254e+01 1.596629701192489961e+02
6.074603574125346483e+01 1.597067526304768137e+02
6.074150515982884713e+01 1.597429776565973043e+02
6.073697457840422942e+01 1.597760954627468095e+02
6.073244399697961171e+01 1.598048112480810801e+02
6.072791341555499400e+01 1.598339961643878269e+02
6.072338283413038340e+01 1.598551120770492560e+02
6.071885225270576569e+01 1.598576505579132174e+02
6.071432167128115509e+01 1.598830543042937506e+02
6.070979108985653738e+01 1.599082900543530172e+02
6.070526050843191967e+01 1.599338071938673522e+02
6.070072992700730197e+01 1.599519134776267322e+02
6.069619934558268426e+01 1.599715864398643816e+02
6.069166876415806655e+01 1.600067071523496338e+02
6.068713818273344884e+01 1.600396025929220230e+02
6.068260760130883824e+01 1.600544260803831662e+02
6.067807701988422053e+01 1.600961089575719996e+02
6.067354643845960283e+01 1.601299113437138431e+02
6.066901585703499222e+01 1.601638297395997199e+02
6.066448527561037452e+01 1.601884604768644067e+02
6.065995469418575681e+01 1.602373466001677400e+02
6.065542411276113910e+01 1.602745371894376092e+02
6.065089353133652139e+01 1.602983286103992100e+02
6.064636294991190368e+01 1.603215160871825447e+02
6.064183236848729308e+01 1.603103910742854339e+02
6.063730178706267537e+01 1.603266430471385320e+02
6.063277120563805767e+01 1.603381544645342842e+02
6.062824062421344706e+01 1.603814799077903217e+02
6.062371004278882936e+01 1.604104411056087827e+02
6.061917946136421165e+01 1.604335442488168155e+02
6.061464887993959394e+01 1.604678707894256320e+02
6.061011829851497623e+01 1.605147581417685103e+02
6.060558771709035852e+01 1.605530491159081237e+02
6.060105713566574082e+01 1.606161365765017024e+02
6.059652655424113021e+01 1.606367127992094197e+02
6.059199597281651251e+01 1.606657609235922735e+02
6.058746539139190190e+01 1.607001287530861759e+02
6.058293480996728420e+01 1.607290104820848455e+02
6.057840422854266649e+01 1.607609373995422857e+02
6.057387364711804878e+01 1.607917633510409985e+02
6.056934306569343107e+01 1.608153418491132243e+02
6.056481248426881336e+01 1.608565879817902271e+02
6.056028190284419566e+01 1.608871302967654060e+02
6.055575132141958505e+01 1.609275373249106735e+02
6.055122073999496735e+01 1.609648843851962283e+02
6.054669015857035674e+01 1.609749225859058015e+02
6.054215957714573904e+01 1.610151224364638267e+02
6.053762899572112133e+01 1.610395352008350756e+02
6.053309841429650362e+01 1.610712065866434557e+02
6.052856783287188591e+01 1.611091106424645432e+02
6.052403725144726820e+01 1.611520415373865660e+02
6.051950667002265050e+01 1.611786205968418528e+02
6.051497608859803989e+01 1.612342184153342259e+02
6.051044550717342219e+01 1.612634166684588877e+02
6.050591492574881158e+01 1.612923224921799203e+02
6.050138434432419388e+01 1.613254006458096796e+02
6.049685376289957617e+01 1.613593718435299138e+02
6.049232318147495846e+01 1.613971025305156104e+02
6.048779260005034075e+01 1.614184579783192532e+02
6.048326201862572304e+01 1.614257461137397627e+02
6.047873143720110534e+01 1.614423578395835932e+02
6.047420085577649473e+01 1.614666287410951782e+02
6.046967027435187703e+01 1.615066110947583695e+02
6.046513969292726642e+01 1.615548579752462501e+02
6.046060911150264872e+01 1.615673191626812297e+02
6.045607853007803101e+01 1.615814047772953188e+02
6.045154794865341330e+01 1.616041789270181539e+02
6.044701736722879559e+01 1.616362016499110723e+02
6.044248678580417788e+01 1.616569294337137705e+02
6.043795620437956018e+01 1.616990627523000512e+02
6.043342562295494957e+01 1.617252910850077967e+02
6.042889504153033187e+01 1.617630227836784513e+02
6.042436446010571416e+01 1.617845962251710148e+02
6.041983387868110356e+01 1.618226830770482252e+02
6.041530329725648585e+01 1.618793442952308226e+02
6.041077271583186814e+01 1.619317594663724833e+02
6.040624213440725043e+01 1.619735895778613894e+02
6.040171155298263272e+01 1.619887676602058093e+02
6.039718097155801502e+01 1.620085226490427601e+02
6.039265039013339731e+01 1.620386963033290328e+02
6.038811980870878671e+01 1.620674888874096951e+02
6.038358922728416900e+01 1.621034268816828785e+02
6.037905864585955840e+01 1.621334304866906848e+02
6.037452806443494069e+01 1.621382516230650879e+02
6.036999748301032298e+01 1.621740616019206982e+02
6.036546690158570527e+01 1.621848363022193951e+02
6.036093632016108756e+01 1.622040276915542165e+02
6.035640573873646986e+01 1.622173031864330710e+02
6.035187515731185215e+01 1.622263076550715368e+02
6.034734457588724155e+01 1.622554061087405159e+02
6.034281399446262384e+01 1.622714187426586250e+02
6.033828341303801324e+01 1.623042525369754969e+02
6.033375283161339553e+01 1.623362751795951056e+02
6.032922225018877782e+01 1.623600328205759524e+02
6.032469166876416011e+01 1.623970128299353917e+02
6.032016108733954241e+01 1.624180926480298979e+02
6.031563050591492470e+01 1.624560837907429516e+02
6.031109992449030699e+01 1.624785812413279302e+02
6.030656934306569639e+01 1.624891442827922390e+02
6.030203876164107868e+01 1.625198195912135475e+02
6.029750818021646808e+01 1.625621047578061393e+02
6.029297759879185037e+01 1.626216156422606502e+02
6.028844701736723266e+01 1.626653506411762180e+02
6.028391643594261495e+01 1.627350265257955186e+02
6.027938585451799725e+01 1.627694062636322769e+02
6.027485527309337954e+01 1.628133713480709730e+02
6.027032469166876183e+01 1.628433444235508887e+02
6.026579411024415123e+01 1.628760409415588981e+02
6.026126352881953352e+01 1.628999772885006792e+02
6.025673294739492292e+01 1.629299522556869420e+02
6.025220236597030521e+01 1.629446004228745721e+02
6.024767178454568750e+01 1.629687790443021242e+02
6.024314120312106979e+01 1.629933692176574596e+02
6.023861062169645209e+01 1.630194160785062252e+02
6.023408004027183438e+01 1.630328204536905048e+02
6.022954945884721667e+01 1.630849652692608061e+02
6.022501887742260607e+01 1.631177335293674560e+02
6.022048829599798836e+01 1.631655303438375313e+02
6.021595771457337065e+01 1.631669359610834533e+02
6.021142713314876005e+01 1.632257206356054269e+02
6.020689655172414234e+01 1.632306406159281096e+02
6.020236597029952463e+01 1.632526633097110960e+02
6.019783538887490693e+01 1.632855503710085827e+02
6.019330480745028922e+01 1.633102226761732254e+02
6.018877422602567151e+01 1.633410373687762558e+02
6.018424364460106091e+01 1.633764863201633091e+02
6.017971306317644320e+01 1.634226799883970216e+02
6.017518248175182549e+01 1.634905109055857508e+02
6.017065190032721489e+01 1.635191009207416073e+02
6.016612131890259718e+01 1.635436266614867122e+02
6.016159073747797947e+01 1.635647278396094464e+02
6.015706015605336177e+01 1.635865835160882114e+02
6.015252957462874406e+01 1.636199332298273248e+02
6.014799899320412635e+01 1.636473429168502491e+02
6.014346841177950864e+01 1.636465732758319120e+02
6.013893783035489804e+01 1.637013793147389720e+02
6.013440724893028033e+01 1.637145988542161490e+02
6.012987666750566973e+01 1.637512043420248347e+02
6.012534608608105202e+01 1.637776445954042970e+02
6.012081550465643431e+01 1.637851993365440251e+02
6.011628492323181661e+01 1.638029283153341282e+02
6.011175434180719890e+01 1.638272369949512210e+02
6.010722376038258119e+01 1.638477402762734130e+02
6.010269317895796348e+01 1.638692121225774656e+02
6.009816259753335288e+01 1.638993327836729748e+02
6.009363201610873517e+01 1.639325855021802738e+02
6.008910143468412457e+01 1.639717302428340702e+02
6.008457085325950686e+01 1.640105904034197692e+02
6.008004027183488915e+01 1.640528688449105346e+02
6.007550969041027145e+01 1.640916408995203710e+02
6.007097910898565374e+01 1.640914916464947169e+02
6.006644852756103603e+01 1.641443155827416263e+02
6.006191794613641832e+01 1.641719931229442579e+02
6.005738736471180772e+01 1.642209444625999026e+02
6.005285678328719001e+01 1.642842946491854264e+02
6.004832620186257941e+01 1.643171334799012584e+02
6.004379562043796170e+01 1.643552657365769676e+02
6.003926503901334399e+01 1.643725392427786289e+02
6.003473445758872629e+01 1.644114828969226778e+02
6.003020387616410858e+01 1.644247773576474572e+02
6.002567329473949087e+01 1.644551815651080346e+02
6.002114271331487316e+01 1.644668452461495178e+02
6.001661213189026256e+01 1.644988126972422720e+02
6.001208155046564485e+01 1.645320079938161371e+02
6.000755096904103425e+01 1.645747947029156251e+02
6.000302038761641654e+01 1.646204168367543446e+02
5.999848980619179883e+01 1.646557586939990188e+02
5.999395922476718113e+01 1.647138154621101762e+02
5.998942864334256342e+01 1.647205312726868556e+02
5.998489806191794571e+01 1.647562654967418609e+02
5.998036748049332800e+01 1.648055871348287553e+02
5.997583689906871740e+01 1.648518519110066904e+02
5.997130631764409969e+01 1.648953298058764005e+02
5.996677573621948198e+01 1.649206677903461582e+02
5.996224515479487138e+01 1.649673202006162285e+02
5.995771457337025367e+01 1.649885859952261740e+02
5.995318399194563597e+01 1.650311478083588099e+02
5.994865341052101826e+01 1.650398490113028629e+02
5.994412282909640055e+01 1.650744493433962816e+02
5.993959224767178284e+01 1.651223505798104725e+02
5.993506166624717224e+01 1.651637020108485103e+02
5.993053108482255453e+01 1.652034669834154386e+02
5.992600050339793682e+01 1.652502368939851749e+02
5.992146992197332622e+01 1.653304704022040710e+02
5.991693934054870851e+01 1.653759342611008094e+02
5.991240875912409081e+01 1.654407922651280956e+02
5.990787817769947310e+01 1.654628759730206582e+02
5.990334759627485539e+01 1.654795963628144193e+02
5.989881701485023768e+01 1.655204505015989866e+02
5.989428643342561998e+01 1.655445236939532947e+02
5.988975585200100937e+01 1.655977736275901862e+02
5.988522527057639167e+01 1.656481334795165594e+02
5.988069468915178106e+01 1.656816273173731418e+02
5.987616410772716335e+01 1.656866530426478619e+02
5.987163352630254565e+01 1.657243276227922877e+02
5.986710294487792794e+01 1.657576916376737586e+02
5.986257236345331023e+01 1.657992623058057404e+02
5.985804178202869252e+01 1.658271797571577508e+02
5.985351120060407482e+01 1.658396785893247056e+02
5.984898061917946421e+01 1.658908430946235910e+02
5.984445003775484651e+01 1.659292183624876600e+02
5.983991945633023590e+01 1.659735986144435742e+02
5.983538887490561820e+01 1.659752831626317118e+02
5.983085829348100049e+01 1.660262140475911679e+02
5.982632771205638278e+01 1.660606604820911514e+02
5.982179713063176507e+01 1.660891249014163975e+02
5.981726654920714736e+01 1.661307388329205992e+02
5.981273596778252966e+01 1.661712379997936182e+02
5.980820538635791905e+01 1.662132710124503774e+02
5.980367480493330135e+01 1.662186843290889726e+02
5.979914422350869074e+01 1.662568185829809977e+02
5.979461364208407304e+01 1.662471097570410734e+02
5.979008306065945533e+01 1.662662434394892443e+02
5.978555247923483762e+01 1.662728211114608428e+02
5.978102189781021991e+01 1.663289935304399592e+02
5.977649131638560220e+01 1.663446752428250193e+02
5.977196073496098450e+01 1.663882423007623288e+02
5.976743015353637389e+01 1.664111126108431051e+02
5.976289957211175619e+01 1.664320831279654271e+02
5.975836899068714558e+01 1.664613947696657306e+02
5.975383840926252788e+01 1.664743093392604578e+02
5.974930782783791017e+01 1.665518290632779497e+02
5.974477724641329246e+01 1.665866726844361381e+02
5.974024666498867475e+01 1.666481375634922983e+02
5.973571608356405704e+01 1.666531978359774655e+02
5.973118550213943934e+01 1.666950728103178108e+02
5.972665492071482873e+01 1.667347019745027694e+02
5.972212433929021103e+01 1.667490834950245358e+02
5.971759375786559332e+01 1.668050368882383339e+02
5.971306317644098272e+01 1.667954908645800458e+02
5.970853259501636501e+01 1.668329725075667795e+02
5.970400201359174730e+01 1.668380671793410670e+02
5.969947143216712959e+01 1.669028412723467341e+02
5.969494085074251188e+01 1.669252311010219216e+02
5.969041026931789418e+01 1.669659570040495282e+02
5.968587968789328357e+01 1.669928870960779079e+02
5.968134910646866587e+01 1.670478908497038901e+02
5.967681852504404816e+01 1.670941715659477040e+02
5.967228794361943756e+01 1.671268827547154672e+02
5.966775736219481985e+01 1.671709854856154038e+02
5.966322678077020214e+01 1.671849547349538057e+02
5.965869619934558443e+01 1.672155670340703750e+02
5.965416561792096672e+01 1.672576503833923880e+02
5.964963503649634902e+01 1.672884637589136503e+02
5.964510445507173131e+01 1.673204708180611533e+02
5.964057387364712071e+01 1.673599508477004463e+02
5.963604329222250300e+01 1.674193737459575004e+02
5.963151271079789240e+01 1.674714105790775704e+02
5.962698212937327469e+01 1.675008327263097385e+02
5.962245154794865698e+01 1.675366852773190374e+02
5.961792096652403927e+01 1.675704707208531659e+02
5.961339038509942156e+01 1.676156636950021834e+02
5.960885980367480386e+01 1.676815611131868593e+02
5.960432922225018615e+01 1.677045783069789024e+02
5.959979864082557555e+01 1.677620658064777501e+02
5.959526805940095784e+01 1.677747419764591541e+02
5.959073747797634724e+01 1.678227434747104496e+02
5.958620689655172953e+01 1.678663963915784905e+02
5.958167631512711182e+01 1.679069069046236393e+02
5.957714573370249411e+01 1.679448631908840071e+02
5.957261515227787640e+01 1.679814750908527401e+02
5.956808457085325870e+01 1.680200451985519408e+02
5.956355398942864099e+01 1.680419239049691669e+02
5.955902340800403039e+01 1.680976298830571807e+02
5.955449282657941268e+01 1.681474870485945985e+02
5.954996224515480208e+01 1.681829159424546276e+02
5.954543166373018437e+01 1.682253808333348672e+02
5.954090108230556666e+01 1.682729154092964166e+02
5.953637050088094895e+01 1.682893868836786169e+02
5.953183991945633124e+01 1.683238156167637385e+02
5.952730933803171354e+01 1.683711423029090213e+02
5.952277875660709583e+01 1.684159905829637012e+02
5.951824817518248523e+01 1.684577784658666246e+02
5.951371759375786752e+01 1.684750639546874424e+02
5.950918701233325692e+01 1.685292626870482309e+02
5.950465643090863921e+01 1.685493961322617622e+02
5.950012584948402150e+01 1.686085196677493343e+02
5.949559526805940379e+01 1.686451235609006574e+02
5.949106468663478609e+01 1.686967327839651318e+02
5.948653410521016838e+01 1.687049170503194091e+02
5.948200352378555067e+01 1.687254362342295337e+02
5.947747294236094007e+01 1.687409459824168323e+02
5.947294236093632236e+01 1.687909749437117739e+02
5.946841177951170465e+01 1.688301454868935139e+02
5.946388119808709405e+01 1.688610114257153043e+02
5.945935061666247634e+01 1.688863084199070954e+02
5.945482003523785863e+01 1.689096823768559545e+02
5.945028945381324093e+01 1.689386824720484981e+02
5.944575887238862322e+01 1.689705736775508740e+02
5.944122829096400551e+01 1.689900791529288995e+02
5.943669770953938780e+01 1.690370233445367774e+02
5.943216712811477720e+01 1.690406892797467151e+02
5.942763654669015949e+01 1.690958593374154759e+02
5.942310596526554889e+01 1.691375825354950848e+02
5.941857538384093118e+01 1.691449117787222463e+02
5.941404480241631347e+01 1.691846689682546128e+02
5.940951422099169577e+01 1.692120039046628506e+02
5.940498363956707806e+01 1.692436576063967948e+02
5.940045305814246035e+01 1.693063507700209414e+02
5.939592247671784264e+01 1.693506645533792323e+02
5.939139189529323204e+01 1.694102448546904327e+02
5.938686131386861433e+01 1.694518136546562346e+02
5.938233073244400373e+01 1.695009334940275494e+02
5.937780015101938602e+01 1.695406849598142287e+02
5.937326956959476831e+01 1.695803750957877014e+02
5.936873898817015061e+01 1.696248615492508520e+02
5.936420840674553290e+01 1.696829015546807682e+02
5.935967782532091519e+01 1.697267161371586610e+02
5.935514724389629748e+01 1.697647490619826272e+02
5.935061666247168688e+01 1.698173564275405738e+02
5.934608608104706917e+01 1.698520846630232768e+02
5.934155549962245857e+01 1.698851524942334947e+02
5.933702491819784086e+01 1.699184475879345086e+02
5.933249433677322315e+01 1.699337174406259692e+02
5.932796375534860545e+01 1.699669930026975635e+02
5.932343317392398774e+01 1.700104907614034460e+02
5.931890259249937003e+01 1.700720893638091695e+02
5.931437201107475232e+01 1.701181269909583591e+02
5.930984142965014172e+01 1.701319433560977643e+02
5.930531084822552401e+01 1.701657414298906872e+02
5.930078026680091341e+01 1.701867654480655574e+02
5.929624968537629570e+01 1.702355532062548207e+02
5.929171910395167799e+01 1.702641243597155380e+02
5.928718852252706029e+01 1.703041603340154495e+02
5.928265794110244258e+01 1.703461984216015992e+02
5.927812735967782487e+01 1.704045117468634203e+02
5.927359677825320716e+01 1.704546124425950779e+02
5.926906619682859656e+01 1.704991260321683910e+02
5.926453561540397885e+01 1.705166653495760727e+02
5.926000503397936114e+01 1.705466500861321890e+02
5.925547445255475054e+01 1.706024009041597367e+02
5.925094387113013283e+01 1.706495824721177428e+02
5.924641328970551513e+01 1.706883521215376049e+02
5.924188270828089742e+01 1.707107894252706899e+02
5.923735212685627971e+01 1.707443353577180858e+02
5.923282154543166200e+01 1.707850875495707328e+02
5.922829096400705140e+01 1.707811806256472380e+02
5.922376038258243369e+01 1.708178060966347118e+02
5.921922980115781598e+01 1.708362439104986379e+02
5.921469921973320538e+01 1.709001913492563176e+02
5.921016863830858767e+01 1.709434719872413098e+02
5.920563805688396997e+01 1.709854243075255908e+02
5.920110747545935226e+01 1.710327769014306512e+02
5.919657689403473455e+01 1.710387378057311878e+02
5.919204631261011684e+01 1.710856511022855670e+02
5.918751573118549913e+01 1.710893304293736605e+02
5.918298514976088853e+01 1.711217097455937903e+02
5.917845456833627082e+01 1.711381886866347202e+02
5.917392398691166022e+01 1.711742525644768023e+02
5.916939340548704251e+01 1.712332500252217073e+02
5.916486282406242481e+01 1.712724227052274273e+02
5.916033224263780710e+01 1.713086778335844826e+02
5.915580166121318939e+01 1.713379948933156527e+02
5.915127107978857168e+01 1.713784449835549140e+02
5.914674049836395398e+01 1.714141004445421004e+02
5.914220991693934337e+01 1.714587754107729154e+02
5.913767933551472566e+01 1.715078355007827327e+02
5.913314875409011506e+01 1.715304493534204937e+02
5.912861817266549735e+01 1.715840515423292345e+02
5.912408759124087965e+01 1.716220497472828868e+02
5.911955700981626194e+01 1.716646046995089705e+02
5.911502642839164423e+01 1.717192520240471367e+02
5.911049584696702652e+01 1.717277143374795116e+02
5.910596526554240882e+01 1.717814684211829785e+02
5.910143468411779821e+01 1.718150103764811547e+02
5.909690410269318050e+01 1.718617019449445422e+02
5.909237352126856990e+01 1.719120551947516446e+02
5.908784293984395219e+01 1.719616098041741168e+02
5.908331235841933449e+01 1.720095504485830133e+02
5.907878177699471678e+01 1.720740530560186130e+02
5.907425119557009907e+01 1.721076787367107102e+02
5.906972061414548136e+01 1.721445884651723190e+02
5.906519003272086366e+01 1.721711658430155580e+02
5.906065945129625305e+01 1.721891785846933942e+02
5.905612886987163535e+01 1.722389792526163319e+02
5.905159828844702474e+01 1.722720112489040218e+02
5.904706770702240703e+01 1.723187228027931042e+02
5.904253712559778933e+01 1.723710441981660324e+02
5.903800654417317162e+01 1.724161046788019860e+02
5.903347596274855391e+01 1.724385904388435620e+02
5.902894538132393620e+01 1.724429632754376485e+02
5.902441479989931850e+01 1.724644431250524690e+02
5.901988421847470789e+01 1.725047236357853535e+02
5.901535363705009019e+01 1.725285700036033916e+02
5.901082305562547248e+01 1.725510894839020750e+02
5.900629247420086188e+01 1.725791893708676525e+02
5.900176189277624417e+01 1.726182666215742643e+02
5.899723131135162646e+01 1.726599135553294957e+02
5.899270072992700875e+01 1.727025334641012648e+02
5.898817014850239104e+01 1.727361691657855829e+02
5.898363956707777334e+01 1.727684217712991313e+02
5.897910898565316273e+01 1.728039158970068172e+02
5.897457840422854503e+01 1.728591684015920293e+02
5.897004782280392732e+01 1.728985552733641384e+02
5.896551724137931672e+01 1.729422247588693153e+02
5.896098665995469901e+01 1.730081181487332458e+02
5.895645607853008130e+01 1.730650381507093698e+02
5.895192549710546359e+01 1.731180117510510854e+02
5.894739491568084588e+01 1.731726419532596992e+02
5.894286433425622818e+01 1.732071127994615267e+02
5.893833375283161047e+01 1.732214590224564574e+02
5.893380317140699987e+01 1.732658489235942056e+02
5.892927258998238216e+01 1.732832384025676049e+02
5.892474200855777156e+01 1.733620131182312605e+02
5.892021142713315385e+01 1.733638978385862686e+02
5.891568084570853614e+01 1.734258410644737580e+02
5.891115026428391843e+01 1.734422820840788404e+02
5.890661968285930072e+01 1.734815177464102760e+02
5.890208910143468302e+01 1.735101146782799617e+02
5.889755852001006531e+01 1.735411136511013126e+02
5.889302793858545471e+01 1.735662479350311003e+02
5.888849735716083700e+01 1.735868174700336510e+02
5.888396677573622640e+01 1.736176723629664309e+02
5.887943619431160869e+01 1.736502084749657513e+02
5.887490561288699098e+01 1.736734068830106139e+02
5.887037503146237327e+01 1.737199552683882189e+02
5.886584445003775556e+01 1.737628547454589523e+02
5.886131386861313786e+01 1.738048578319469470e+02
5.885678328718852015e+01 1.738295707253715534e+02
5.885225270576390955e+01 1.738580498273764192e+02
5.884772212433929184e+01 1.738773646788557414e+02
5.884319154291468124e+01 1.738890888938955754e+02
5.883866096149006353e+01 1.738981619238802523e+02
5.883413038006544582e+01 1.739537558020644497e+02
5.882959979864082811e+01 1.739898212697967494e+02
5.882506921721621040e+01 1.740321898100728504e+02
5.882053863579159270e+01 1.740339599045390742e+02
5.881600805436697499e+01 1.740537992152091817e+02
5.881147747294236439e+01 1.740585539750939006e+02
5.880694689151774668e+01 1.740835630188563812e+02
5.880241631009313608e+01 1.741331187930623798e+02
5.879788572866851837e+01 1.741672268623479454e+02
5.879335514724390066e+01 1.742295466093522691e+02
5.878882456581928295e+01 1.742707408808136620e+02
5.878429398439466524e+01 1.743286942984844927e+02
5.877976340297004754e+01 1.743917210160002469e+02
5.877523282154542983e+01 1.744319743278218482e+02
5.877070224012081923e+01 1.744475432670654698e+02
5.876617165869620152e+01 1.744877239830867950e+02
5.876164107727158381e+01 1.744972278549428495e+02
5.875711049584697321e+01 1.745393536127927234e+02
5.875257991442235550e+01 1.745426197342008550e+02
5.874804933299773779e+01 1.745848037594269613e+02
5.874351875157312008e+01 1.746157043052338622e+02
5.873898817014850238e+01 1.746638818043475680e+02
5.873445758872388467e+01 1.747164231176879525e+02
5.872992700729927407e+01 1.747535699790462616e+02
5.872539642587465636e+01 1.747854687335010908e+02
5.872086584445003865e+01 1.748461678823820762e+02
5.871633526302542805e+01 1.748857160955654422e+02
5.871180468160081034e+01 1.749381106252273526e+02
5.870727410017619263e+01 1.749537452703228269e+02
5.870274351875157492e+01 1.749605218481461861e+02
5.869821293732695722e+01 1.749943280963484256e+02
5.869368235590233951e+01 1.750230436958918574e+02
5.868915177447772180e+01 1.750837160572679352e+02
5.868462119305311120e+01 1.751136719528670369e+02
5.868009061162849349e+01 1.751434969548200229e+02
5.867556003020388289e+01 1.751635278068437742e+02
5.867102944877926518e+01 1.751638277006937017e+02
5.866649886735464747e+01 1.751629053130830016e+02
5.866196828593002977e+01 1.751782831315190094e+02
5.865743770450541206e+01 1.752148615440555091e+02
5.865290712308079435e+01 1.752573894645912276e+02
5.864837654165617664e+01 1.753132155970667156e+02
5.864384596023156604e+01 1.753479302052967341e+02
5.863931537880694833e+01 1.753792407794090025e+02
5.863478479738233773e+01 1.754092642578955292e+02
5.863025421595772002e+01 1.754462865103361935e+02
5.862572363453310231e+01 1.754720794558776049e+02
5.862119305310848461e+01 1.755125595664493972e+02
5.861666247168386690e+01 1.755249054598482985e+02
5.861213189025924919e+01 1.755416359415247598e+02
5.860760130883463148e+01 1.755748195359473414e+02
5.860307072741002088e+01 1.756210271855109113e+02
5.859854014598540317e+01 1.756359134404011968e+02
5.859400956456079257e+01 1.756657893795267569e+02
5.858947898313617486e+01 1.756974661537146005e+02
5.858494840171155715e+01 1.757426828855020347e+02
5.858041782028693945e+01 1.757756587411540750e+02
5.857588723886232174e+01 1.758329578931652577e+02
5.857135665743770403e+01 1.758742996306773421e+02
5.856682607601308632e+01 1.759144447978191579e+02
5.856229549458847572e+01 1.759639282073525806e+02
5.855776491316385801e+01 1.760157812684632290e+02
5.855323433173924741e+01 1.760529853305722838e+02
5.854870375031462970e+01 1.760887905712050099e+02
5.854417316889001199e+01 1.760979776012014781e+02
5.853964258746539429e+01 1.761187562611655153e+02
5.853511200604077658e+01 1.761454286462331424e+02
5.853058142461615887e+01 1.761829318678978780e+02
5.852605084319154116e+01 1.761660189396506553e+02
5.852152026176693056e+01 1.762002156067283636e+02
5.851698968034231285e+01 1.762417002903470120e+02
5.851245909891769514e+01 1.762490030401837373e+02
5.850792851749308454e+01 1.762954497636704048e+02
5.850339793606846683e+01 1.763003246265705570e+02
5.849886735464384913e+01 1.763498829642036867e+02
5.849433677321923142e+01 1.763731036281364197e+02
5.848980619179461371e+01 1.764062077388178409e+02
5.848527561036999600e+01 1.764253436862434228e+02
5.848074502894537829e+01 1.764683899096256994e+02
5.847621444752076769e+01 1.765030852974180391e+02
5.847168386609614998e+01 1.765535719138621289e+02
5.846715328467153938e+01 1.765934875425832331e+02
5.846262270324692167e+01 1.766080144968407240e+02
5.845809212182230397e+01 1.766488064790868009e+02
5.845356154039768626e+01 1.766663906944091877e+02
5.844903095897306855e+01 1.767319813329851002e+02
5.844450037754845084e+01 1.767636365787105319e+02
5.843996979612383313e+01 1.767973111824410921e+02
5.843543921469922253e+01 1.768199608237979419e+02
5.843090863327460482e+01 1.768345169597068320e+02
5.842637805184999422e+01 1.768562936996936799e+02
5.842184747042537651e+01 1.769093327398690292e+02
5.841731688900075881e+01 1.769182276659044533e+02
5.841278630757614110e+01 1.769727246378404004e+02
5.840825572615152339e+01 1.770007868479639797e+02
5.840372514472690568e+01 1.770264893752168405e+02
5.839919456330228797e+01 1.770612157058005494e+02
5.839466398187767737e+01 1.770850034244196820e+02
5.839013340045305966e+01 1.770994866343337151e+02
5.838560281902844906e+01 1.771256837577533361e+02
5.838107223760383135e+01 1.771514115094411181e+02
5.837654165617921365e+01 1.771907536071331037e+02
5.837201107475459594e+01 1.772236371057011581e+02
5.836748049332997823e+01 1.772572311551441260e+02
5.836294991190536052e+01 1.772847822213079496e+02
5.835841933048074281e+01 1.773277787534910317e+02
5.835388874905613221e+01 1.773538868390295988e+02
5.834935816763151450e+01 1.773981247286249356e+02
5.834482758620690390e+01 1.774106112356469396e+02
5.834029700478228619e+01 1.774547576957085937e+02
5.833576642335766849e+01 1.775022207232839548e+02
5.833123584193305078e+01 1.775149204673066095e+02
5.832670526050843307e+01 1.775596393272970204e+02
5.832217467908381536e+01 1.775555083958294347e+02
5.831764409765919766e+01 1.776100836729079333e+02
5.831311351623458705e+01 1.776583282425645507e+02
5.830858293480996934e+01 1.777116734828179858e+02
5.830405235338535874e+01 1.777637132640221296e+02
5.829952177196074103e+01 1.777900864528096179e+02
5.829499119053612333e+01 1.778105004261865645e+02
5.829046060911150562e+01 1.778532507872176893e+02
5.828593002768688791e+01 1.778640539566048062e+02
5.828139944626227020e+01 1.778952595072570944e+02
5.827686886483765250e+01 1.779204965004606720e+02
5.827233828341304189e+01 1.779625762288191595e+02
5.826780770198842418e+01 1.780212574084660844e+02
5.826327712056380648e+01 1.780380834198964521e+02
5.825874653913919587e+01 1.780670332209622870e+02
5.825421595771457817e+01 1.780991703627717015e+02
5.824968537628996046e+01 1.781254815485081622e+02
5.824515479486534275e+01 1.781848158659617525e+02
5.824062421344072504e+01 1.782151653778581135e+02
5.823609363201610734e+01 1.782562825027249858e+02
5.823156305059148963e+01 1.782899057658213167e+02
5.822703246916687903e+01 1.783073761610378369e+02
5.822250188774226132e+01 1.783268976436348225e+02
5.821797130631765071e+01 1.783629367208542646e+02
5.821344072489303301e+01 1.783845378060505595e+02
5.820891014346841530e+01 1.784167070189141100e+02
5.820437956204379759e+01 1.784541832910935852e+02
5.819984898061917988e+01 1.784921352540110604e+02
5.819531839919456218e+01 1.785181101647013975e+02
5.819078781776994447e+01 1.785568509424219599e+02
5.818625723634533387e+01 1.785761380536288812e+02
5.818172665492071616e+01 1.785953138207050017e+02
5.817719607349610556e+01 1.786000151500144284e+02
5.817266549207148785e+01 1.786247193247722294e+02
5.816813491064687014e+01 1.786540193580273410e+02
5.816360432922225243e+01 1.787020239694307406e+02
5.815907374779763472e+01 1.787237019480539857e+02
5.815454316637301702e+01 1.787285894704301938e+02
5.815001258494839931e+01 1.787211855996150405e+02
5.814548200352378871e+01 1.787293532754409568e+02
5.814095142209917100e+01 1.787612988794751061e+02
5.813642084067456040e+01 1.787979057076532001e+02
5.813189025924994269e+01 1.788484094431884728e+02
5.812735967782532498e+01 1.788640362968658053e+02
5.812282909640070727e+01 1.788970608796645365e+02
5.811829851497608956e+01 1.789259599447647986e+02
5.811376793355147186e+01 1.789719676778259156e+02
5.810923735212685415e+01 1.790203772147667678e+02
5.810470677070224355e+01 1.790488270376210664e+02
5.810017618927762584e+01 1.790937093695732187e+02
5.809564560785301524e+01 1.791285089579554324e+02
5.809111502642839753e+01 1.791683824695878400e+02
5.808658444500377982e+01 1.791994908418816976e+02
5.808205386357916211e+01 1.792550215107277438e+02
5.807752328215454440e+01 1.792873724631890298e+02
5.807299270072992670e+01 1.793178486613285827e+02
5.806846211930530899e+01 1.793585405651836311e+02
5.806393153788069839e+01 1.793890495142126156e+02
5.805940095645608068e+01 1.794086712818850913e+02
5.805487037503146297e+01 1.794456358276877950e+02
5.805033979360685237e+01 1.794678255943577767e+02
5.804580921218223466e+01 1.795255563582310856e+02
5.804127863075761695e+01 1.795432035675444524e+02
5.803674804933299924e+01 1.796019571147827207e+02
5.803221746790838154e+01 1.796362476092300255e+02
5.802768688648376383e+01 1.796718557690884950e+02
5.802315630505915323e+01 1.797041221745928681e+02
5.801862572363453552e+01 1.797447002609457911e+02
5.801409514220991781e+01 1.797799573432878901e+02
5.800956456078530721e+01 1.798053015890036477e+02
5.800503397936068950e+01 1.798500687870946138e+02
5.800050339793607179e+01 1.798718074286385900e+02
5.799597281651145408e+01 1.799368601553775022e+02
5.799144223508683638e+01 1.799548709690742214e+02
5.798691165366222577e+01 1.800021662599595231e+02
5.798238107223760807e+01 1.800328184677585739e+02
5.797785049081299036e+01 1.800693425121143605e+02
5.797331990938837265e+01 1.800771243157876711e+02
5.796878932796375494e+01 1.801223442879680192e+02
5.796425874653914434e+01 1.801654742600534576e+02
5.795972816511452663e+01 1.801876018091943763e+02
5.795519758368990892e+01 1.802200478746408123e+02
5.795066700226529122e+01 1.802333994038467040e+02
5.794613642084067351e+01 1.802697120860162840e+02
5.794160583941606291e+01 1.802793677788616549e+02
5.793707525799144520e+01 1.803136953209833848e+02
5.793254467656682749e+01 1.803413579197439844e+02
5.792801409514220978e+01 1.803670039095792390e+02
5.792348351371759918e+01 1.803905303482144689e+02
5.791895293229298147e+01 1.803929015074413371e+02
5.791442235086836376e+01 1.804407373091031275e+02
5.790989176944374606e+01 1.804663645767828086e+02
5.790536118801912835e+01 1.805006721302407584e+02
5.790083060659451775e+01 1.805409579252843741e+02
5.789630002516990004e+01 1.805672403655536868e+02
5.789176944374528233e+01 1.806055007805717594e+02
5.788723886232066462e+01 1.806544716075902102e+02
5.788270828089605402e+01 1.807066612216254669e+02
5.787817769947143631e+01 1.807220032176725510e+02
5.787364711804681860e+01 1.807757347749239898e+02
5.786911653662220090e+01 1.808185804736928617e+02
5.786458595519758319e+01 1.808562510940640777e+02
5.786005537377297259e+01 1.808776454798835118e+02
5.785552479234835488e+01 1.809027744700504456e+02
5.785099421092373717e+01 1.809193627478604469e+02
5.784646362949911946e+01 1.809443379391595954e+02
5.784193304807450176e+01 1.809823544490208747e+02
5.783740246664989115e+01 1.810262867721481825e+02
5.783287188522527345e+01 1.810405281295306850e+02
5.782834130380065574e+01 1.810915704990354129e+02
5.782381072237603803e+01 1.811274787025067781e+02
5.781928014095142743e+01 1.811665296248068273e+02
5.781474955952680972e+01 1.811904856956308834e+02
5.781021897810219201e+01 1.812054361561331746e+02
5.780568839667757430e+01 1.812287365988597401e+02
5.780115781525295660e+01 1.812427202801885926e+02
5.779662723382834599e+01 1.812579101967737927e+02
5.779209665240372829e+01 1.812820955918145671e+02
5.778756607097911058e+01 1.813142360608424326e+02
5.778303548955449287e+01 1.813296886892509860e+02
5.777850490812988227e+01 1.813743020881107952e+02
5.777397432670526456e+01 1.813920194183704382e+02
5.776944374528064685e+01 1.814537079725213005e+02
5.776491316385602914e+01 1.814600034374442146e+02
5.776038258243141144e+01 1.814764272842940329e+02
5.775585200100680083e+01 1.815006856089110556e+02
5.775132141958218313e+01 1.815284864994298175e+02
5.774679083815756542e+01 1.815814285107654769e+02
5.774226025673294771e+01 1.816193717464233544e+02
5.773772967530833711e+01 1.816606086255412720e+02
5.773319909388371940e+01 1.816701752931453200e+02
5.772866851245910169e+01 1.816925015561404564e+02
5.772413793103448398e+01 1.817330083584397471e+02
5.771960734960986628e+01 1.817840879935545217e+02
5.771507676818525567e+01 1.818393745629471994e+02
5.771054618676063797e+01 1.818578050746862402e+02
5.770601560533602026e+01 1.818719731443855210e+02
5.770148502391140255e+01 1.818974412518675194e+02
5.769695444248678484e+01 1.819270186325832412e+02
5.769242386106217424e+01 1.819499087009133973e+02
5.768789327963755653e+01 1.819685120136969374e+02
5.768336269821293882e+01 1.820037837879611686e+02
5.767883211678832112e+01 1.820373484663450370e+02
5.767430153536371051e+01 1.820684185237717543e+02
5.766977095393909281e+01 1.820913485432922130e+02
5.766524037251447510e+01 1.821159995762340600e+02
5.766070979108985739e+01 1.821286063529661874e+02
5.765617920966523968e+01 1.821712489098688081e+02
5.765164862824062908e+01 1.822076216637311177e+02
5.764711804681601137e+01 1.822274945717583989e+02
5.764258746539139366e+01 1.822557582388462833e+02
5.763805688396677596e+01 1.822762455212883879e+02
5.763352630254216535e+01 1.823233831420274385e+02
5.762899572111754765e+01 1.823439208661942814e+02
5.762446513969292994e+01 1.823719631912950661e+02
5.761993455826831223e+01 1.823999834669291147e+02
5.761540397684369452e+01 1.824027654457528342e+02
5.761087339541908392e+01 1.824101608664219327e+02
5.760634281399446621e+01 1.824401221572862539e+02
5.760181223256984850e+01 1.825042782540912754e+02
5.759728165114523080e+01 1.825421483979233983e+02
5.759275106972061309e+01 1.825611268141482810e+02
5.758822048829600249e+01 1.825805281177094628e+02
5.758368990687138478e+01 1.825837521725749184e+02
5.757915932544676707e+01 1.826231028892487132e+02
5.757462874402214936e+01 1.826413794899548861e+02
5.757009816259753876e+01 1.826812340885057324e+02
5.756556758117292105e+01 1.827012016487151129e+02
5.756103699974830334e+01 1.827124043841471348e+02
5.755650641832368564e+01 1.827282387718510392e+02
5.755197583689906793e+01 1.827491582030122856e+02
5.754744525547445733e+01 1.827909238575934410e+02
5.754291467404983962e+01 1.828048621327863259e+02
5.753838409262522191e+01 1.828521148257437687e+02
5.753385351120060420e+01 1.828708406558034198e+02
5.752932292977599360e+01 1.829149230831661157e+02
5.752479234835137589e+01 1.829338986390836510e+02
5.752026176692675818e+01 1.829686162595632481e+02
5.751573118550214048e+01 1.829952387079217431e+02
5.751120060407752277e+01 1.830335412266815069e+02
5.750667002265291217e+01 1.830621784158596483e+02
5.750213944122829446e+01 1.831208404365806075e+02
5.749760885980367675e+01 1.831614682703699941e+02
5.749307827837905904e+01 1.831975025205950089e+02
5.748854769695444134e+01 1.832318295711439760e+02
5.748401711552983073e+01 1.832679268864586675e+02
5.747948653410521302e+01 1.833092375556175284e+02
5.747495595268059532e+01 1.833680912948031221e+02
5.747042537125597761e+01 1.834083277497746849e+02
5.746589478983136701e+01 1.834301613306585637e+02
5.746136420840674930e+01 1.834662967493348447e+02
5.745683362698213159e+01 1.834805866953341820e+02
5.745230304555751388e+01 1.835328830505213773e+02
5.744777246413289618e+01 1.835647913423749742e+02
5.744324188270828557e+01 1.836017443838954364e+02
5.743871130128366786e+01 1.836256059683649369e+02
5.743418071985905016e+01 1.836558586298246496e+02
5.742965013843443245e+01 1.836817218990256322e+02
5.742511955700982185e+01 1.837014852151321520e+02
5.742058897558520414e+01 1.837462963748169500e+02
5.741605839416058643e+01 1.838017883878811745e+02
5.741152781273596872e+01 1.838440163641000993e+02
5.740699723131135102e+01 1.838647329624066344e+02
5.740246664988674041e+01 1.838805848509367422e+02
5.739793606846212271e+01 1.838977652920588355e+02
5.739340548703750500e+01 1.839322246739088769e+02
5.738887490561288729e+01 1.839946654824211691e+02
5.738434432418827669e+01 1.840273960867243943e+02
5.737981374276365898e+01 1.840506849352073857e+02
5.737528316133904127e+01 1.840707130568048626e+02
5.737075257991442356e+01 1.840676500558785165e+02
5.736622199848980586e+01 1.840860653477103881e+02
5.736169141706519525e+01 1.841256958721710930e+02
5.735716083564057755e+01 1.841539525657213971e+02
5.735263025421595984e+01 1.841868753857976060e+02
5.734809967279134213e+01 1.842211283730297282e+02
5.734356909136672442e+01 1.842493198263413774e+02
5.733903850994211382e+01 1.842618222400893444e+02
5.733450792851749611e+01 1.842780381033513777e+02
5.732997734709287840e+01 1.842982197766843058e+02
5.732544676566826070e+01 1.843404468795847038e+02
5.732091618424365009e+01 1.843761487197441795e+02
5.731638560281903239e+01 1.844136587463026444e+02
5.731185502139441468e+01 1.844516762977338544e+02
5.730732443996979697e+01 1.844869274006173896e+02
5.730279385854517926e+01 1.845150494605657059e+02
5.729826327712056866e+01 1.845309149960419859e+02
5.729373269569595095e+01 1.845571707744333594e+02
5.728920211427133324e+01 1.845862847834511911e+02
5.728467153284671554e+01 1.846252063019510103e+02
5.728014095142210493e+01 1.846522750153287120e+02
5.727561036999748723e+01 1.846730519288140329e+02
5.727107978857286952e+01 1.847062591625386574e+02
5.726654920714825181e+01 1.847121113288700940e+02
5.726201862572363410e+01 1.847468181693335794e+02
5.725748804429902350e+01 1.847410961862397869e+02
5.725295746287440579e+01 1.847893439346352693e+02
5.724842688144978808e+01 1.848184080255936692e+02
5.724389630002517038e+01 1.848560705414502650e+02
5.723936571860055267e+01 1.848964382364767971e+02
5.723483513717594207e+01 1.849325212417963371e+02
5.723030455575132436e+01 1.849602946675858561e+02
5.722577397432670665e+01 1.849859379867720293e+02
5.722124339290208894e+01 1.850156216249333454e+02
5.721671281147747834e+01 1.850378796276885396e+02
5.721218223005286063e+01 1.850623313172715143e+02
5.720765164862824292e+01 1.850877080847262448e+02
5.720312106720362522e+01 1.851141627740351225e+02
5.719859048577900751e+01 1.851674392131818649e+02
5.719405990435439691e+01 1.852001529870540253e+02
5.718952932292977920e+01 1.852620092910870255e+02
5.718499874150516149e+01 1.852722224327760330e+02
5.718046816008054378e+01 1.853099472020383871e+02
5.717593757865593318e+01 1.853272834230073158e+02
5.717140699723131547e+01 1.853624204716908537e+02
5.716687641580669776e+01 1.853970216213821516e+02
5.716234583438208006e+01 1.854054483326289642e+02
5.715781525295746235e+01 1.854226425145207600e+02
5.715328467153285175e+01 1.854301401879466482e+02
5.714875409010823404e+01 1.854661823774926006e+02
5.714422350868361633e+01 1.854765663295695219e+02
5.713969292725899862e+01 1.855015912352918690e+02
5.713516234583438091e+01 1.855062749938461195e+02
5.713063176440977031e+01 1.855338307038385324e+02
5.712610118298515260e+01 1.855713117566427002e+02
5.712157060156053490e+01 1.856047069453609879e+02
5.711704002013591719e+01 1.856325648040162264e+02
5.711250943871130659e+01 1.856532370826010663e+02
5.710797885728668888e+01 1.856818061952901644e+02
5.710344827586207117e+01 1.856952009113345525e+02
5.709891769443745346e+01 1.857537782873481262e+02
5.709438711301283575e+01 1.857957118766144902e+02
5.708985653158822515e+01 1.857998610165213336e+02
5.708532595016360744e+01 1.858460195300495172e+02
5.708079536873898974e+01 1.858699319778758081e+02
5.707626478731437203e+01 1.859057479344450314e+02
5.707173420588976143e+01 1.859360195074355033e+02
5.706720362446514372e+01 1.859812657698351757e+02
5.706267304304052601e+01 1.860089310212237592e+02
5.705814246161590830e+01 1.860502966825768851e+02
5.705361188019129060e+01 1.860814503288130766e+02
5.704908129876667999e+01 1.861309198053270393e+02
5.704455071734206228e+01 1.861536630835945232e+02
5.704002013591744458e+01 1.861631477665971772e+02
5.703548955449282687e+01 1.861492722487260778e+02
5.703095897306821627e+01 1.861597384597505993e+02
5.702642839164359856e+01 1.861733923980962402e+02
5.702189781021898085e+01 1.861974361273369993e+02
5.701736722879436314e+01 1.862456492310128056e+02
5.701283664736974544e+01 1.862559385966211494e+02
5.700830606594513483e+01 1.863359336713839127e+02
5.700377548452051713e+01 1.863654351224375034e+02
5.699924490309589942e+01 1.863924399589794518e+02
5.699471432167128171e+01 1.864290739714427332e+02
5.699018374024666400e+01 1.864575845392478186e+02
5.698565315882205340e+01 1.864854261047117063e+02
5.698112257739743569e+01 1.864861859454092325e+02
5.697659199597281798e+01 1.865065712243080895e+02
5.697206141454820028e+01 1.865042775114695530e+02
5.696753083312358967e+01 1.865432460244015260e+02
5.696300025169897197e+01 1.865632762126981277e+02
5.695846967027435426e+01 1.866063014755430913e+02
5.695393908884973655e+01 1.866288549890143145e+02
5.694940850742511884e+01 1.866515647152209283e+02
5.694487792600050824e+01 1.866728026878093942e+02
5.694034734457589053e+01 1.867186368620056101e+02
5.693581676315127282e+01 1.867770636510653901e+02
5.693128618172665512e+01 1.868070184857379559e+02
5.692675560030204451e+01 1.868279922518655383e+02
5.692222501887742681e+01 1.868518563928384140e+02
5.691769443745280910e+01 1.868622773584412187e+02
5.691316385602819139e+01 1.868874858387543725e+02
5.690863327460357368e+01 1.869193964843825881e+02
5.690410269317896308e+01 1.869451803388579378e+02
5.689957211175434537e+01 1.869778189258913699e+02
5.689504153032972766e+01 1.869996600295467317e+02
5.689051094890510996e+01 1.870028087575705911e+02
5.688598036748049225e+01 1.870337775673951342e+02
5.688144978605588165e+01 1.870382205963776698e+02
5.687691920463126394e+01 1.870629418334697220e+02
5.687238862320664623e+01 1.871057460899623663e+02
5.686785804178202852e+01 1.871492500218965915e+02
5.686332746035741792e+01 1.872040981837291440e+02
5.685879687893280021e+01 1.872352872116867957e+02
5.685426629750818250e+01 1.872849581188086461e+02
5.684973571608356480e+01 1.873292567192820286e+02
5.684520513465894709e+01 1.873304411958976630e+02
5.684067455323433649e+01 1.873537468526593841e+02
5.683614397180971878e+01 1.873752253603352642e+02
5.683161339038510107e+01 1.874101447580302704e+02
5.682708280896048336e+01 1.874525597078098542e+02
5.682255222753587276e+01 1.874692743087360043e+02
5.681802164611125505e+01 1.875054586580768330e+02
5.681349106468663734e+01 1.875322752699543400e+02
5.680896048326201964e+01 1.875642710144450120e+02
5.680442990183740193e+01 1.875680512024298991e+02
5.679989932041279133e+01 1.875651430298790672e+02
5.679536873898817362e+01 1.875778044597367114e+02
5.679083815756355591e+01 1.875738947644368011e+02
5.678630757613893820e+01 1.875962387381013059e+02
5.678177699471432760e+01 1.876297155135985406e+02
5.677724641328970989e+01 1.876752197752986433e+02
5.677271583186509218e+01 1.877134373607131863e+02
5.676818525044047448e+01 1.877436631171392776e+02
5.676365466901585677e+01 1.877921157716645553e+02
5.675912408759124617e+01 1.878475947515833866e+02
5.675459350616662846e+01 1.878622729765128270e+02
5.675006292474201075e+01 1.878781791856123107e+02
5.674553234331739304e+01 1.879124405449194910e+02
5.674100176189277533e+01 1.879560672100936642e+02
5.673647118046816473e+01 1.879785632522215622e+02
5.673194059904354702e+01 1.880120690101420848e+02
5.672741001761892932e+01 1.880228787308178084e+02
5.672287943619431161e+01 1.880663854409831686e+02
5.671834885476970101e+01 1.880834747164890359e+02
5.671381827334508330e+01 1.881074613734395200e+02
5.670928769192046559e+01 1.880956137740061536e+02
5.670475711049584788e+01 1.881364053613364433e+02
5.670022652907123017e+01 1.881425801716806063e+02
5.669569594764661957e+01 1.881812341175801180e+02
5.669116536622200186e+01 1.882188712690315242e+02
5.668663478479738416e+01 1.882545093828470897e+02
5.668210420337276645e+01 1.882977209174326276e+02
5.667757362194815585e+01 1.883050444229114646e+02
5.667304304052353814e+01 1.883305190219062695e+02
5.666851245909892043e+01 1.883427228479606867e+02
5.666398187767430272e+01 1.883549220129984576e+02
5.665945129624968502e+01 1.883987988688921860e+02
5.665492071482507441e+01 1.884228851218054785e+02
5.665039013340045670e+01 1.884611794461279430e+02
5.664585955197583900e+01 1.884856625047617058e+02
5.664132897055122129e+01 1.885172583787833105e+02
5.663679838912660358e+01 1.885282932687340178e+02
5.663226780770199298e+01 1.885522076117307790e+02
5.662773722627737527e+01 1.885671402486970862e+02
5.662320664485275756e+01 1.886057700833248987e+02
5.661867606342813986e+01 1.886247446516414641e+02
5.661414548200352925e+01 1.886320186412316673e+02
5.660961490057891154e+01 1.886834231197699125e+02
5.660508431915429384e+01 1.887172310501517245e+02
5.660055373772967613e+01 1.887664011240441653e+02
5.659602315630505842e+01 1.888182720508509931e+02
5.659149257488044782e+01 1.888458982596910403e+02
5.658696199345583011e+01 1.888816216075958323e+02
5.658243141203121240e+01 1.889225515177375030e+02
5.657790083060659470e+01 1.889688470963047564e+02
5.657337024918198409e+01 1.890050241643550919e+02
5.656883966775736639e+01 1.890337996163972889e+02
5.656430908633274868e+01 1.890710072772744468e+02
5.655977850490813097e+01 1.891096034011403617e+02
5.655524792348351326e+01 1.891513954787244245e+02
5.655071734205890266e+01 1.891638633839016279e+02
5.654618676063428495e+01 1.891993552693290894e+02
5.654165617920966724e+01 1.892038003054651938e+02
5.653712559778504954e+01 1.892405979079939300e+02
5.653259501636043183e+01 1.892604566935777655e+02
5.652806443493582123e+01 1.892840085249585513e+02
5.652353385351120352e+01 1.893233044613428717e+02
5.651900327208658581e+01 1.893609421771998598e+02
5.651447269066196810e+01 1.893758482138295278e+02
5.650994210923735750e+01 1.894263343092845844e+02
5.650541152781273979e+01 1.894307293827775140e+02
5.650088094638812208e+01 1.894843556130709601e+02
5.649635036496350438e+01 1.895320692577565751e+02
5.649181978353888667e+01 1.895715953855658995e+02
5.648728920211427607e+01 1.895964239654691426e+02
5.648275862068965836e+01 1.896324674159880885e+02
5.647822803926504065e+01 1.896754748857669881e+02
5.647369745784042294e+01 1.897489220954616655e+02
5.646916687641581234e+01 1.897833920151170162e+02
5.646463629499119463e+01 1.898147261327850686e+02
5.646010571356657692e+01 1.898446890581011530e+02
5.645557513214195922e+01 1.898577812574746133e+02
5.645104455071734151e+01 1.898981944012292047e+02
5.644651396929273091e+01 1.899368435749863124e+02
5.644198338786811320e+01 1.899644360934346992e+02
5.643745280644349549e+01 1.900098774877877474e+02
5.643292222501887778e+01 1.900214300107849681e+02
5.642839164359426718e+01 1.900432576067427135e+02
5.642386106216964947e+01 1.900812539628865352e+02
5.641933048074503176e+01 1.901194985782608740e+02
5.641479989932041406e+01 1.901899169280814021e+02
5.641026931789579635e+01 1.902247198177169594e+02
5.640573873647118575e+01 1.902900101933115025e+02
5.640120815504656804e+01 1.903177909655655355e+02
5.639667757362195033e+01 1.903545676952416272e+02
5.639214699219733262e+01 1.903824949249468546e+02
5.638761641077271491e+01 1.904249239437517645e+02
5.638308582934810431e+01 1.904478326884068906e+02
5.637855524792348660e+01 1.904755979696553823e+02
5.637402466649886890e+01 1.905244768937288882e+02
5.636949408507425119e+01 1.905567804357315822e+02
5.636496350364964059e+01 1.905856293740141325e+02
5.636043292222502288e+01 1.906291982175683586e+02
5.635590234080040517e+01 1.906579150320094698e+02
5.635137175937578746e+01 1.906952566637933160e+02
5.634684117795116975e+01 1.907402685990791724e+02
5.634231059652655915e+01 1.907499524502550798e+02
5.633778001510194144e+01 1.907577947384477568e+02
5.633324943367732374e+01 1.907979631516137715e+02
5.632871885225270603e+01 1.908583173324749680e+02
5.632418827082809543e+01 1.909015507049926157e+02
5.631965768940347772e+01 1.909509817086120336e+02
5.631512710797886001e+01 1.909772505577979871e+02
5.631059652655424230e+01 1.910417048745746058e+02
5.630606594512962459e+01 1.911118437942762682e+02
5.630153536370501399e+01 1.911617141012810350e+02
5.629700478228039628e+01 1.911968655457396835e+02
5.629247420085577858e+01 1.912246536881858958e+02
5.628794361943116087e+01 1.912490455594483478e+02
5.628341303800654316e+01 1.912794281700720944e+02
5.627888245658193256e+01 1.913128382776850742e+02
5.627435187515731485e+01 1.913320351759208222e+02
5.626982129373269714e+01 1.913678572690142801e+02
5.626529071230807943e+01 1.913974451255172653e+02
5.626076013088346883e+01 1.914145442920178652e+02
5.625622954945885112e+01 1.914500677582624633e+02
5.625169896803423342e+01 1.914964848464158820e+02
5.624716838660961571e+01 1.915242980196020426e+02
5.624263780518499800e+01 1.915430160579504388e+02
5.623810722376038740e+01 1.915598000979578046e+02
5.623357664233576969e+01 1.915998093987968502e+02
5.622904606091115198e+01 1.916281670160934709e+02
5.622451547948653428e+01 1.916693148826918787e+02
5.621998489806192367e+01 1.917052131621953777e+02
5.621545431663730596e+01 1.917813911357355892e+02
5.621092373521268826e+01 1.918074706537186671e+02
5.620639315378807055e+01 1.918488969387802001e+02
5.620186257236345284e+01 1.918778542506040026e+02
5.619733199093884224e+01 1.919266438418946166e+02
5.619280140951422453e+01 1.919601171755228393e+02
5.618827082808960682e+01 1.920032238855244486e+02
5.618374024666498912e+01 1.920329053188758621e+02
5.617920966524037851e+01 1.920764792483012116e+02
5.617467908381576081e+01 1.921126664314297727e+02
5.617014850239114310e+01 1.921677402342456844e+02
5.616561792096652539e+01 1.922057941234835141e+02
5.616108733954190768e+01 1.922699264597592617e+02
5.615655675811729708e+01 1.923022623700510678e+02
5.615202617669267937e+01 1.923357131828187505e+02
5.614749559526806166e+01 1.923457081107972613e+02
5.614296501384344396e+01 1.923858223505000922e+02
5.613843443241882625e+01 1.924284843550477433e+02
5.613390385099421565e+01 1.924813066579592089e+02
5.612937326956959794e+01 1.925268460009833973e+02
5.612484268814498023e+01 1.925488547657564027e+02
5.612031210672036252e+01 1.925964673302351287e+02
5.611578152529575192e+01 1.926199188336570955e+02
5.611125094387113421e+01 1.926518182272211561e+02
5.610672036244651650e+01 1.926852032031216027e+02
5.610218978102189880e+01 1.927132357021589257e+02
5.609765919959728109e+01 1.927323065155692063e+02
5.609312861817267049e+01 1.927609698921510812e+02
5.608859803674805278e+01 1.928124348176645810e+02
5.608406745532343507e+01 1.928517397725653097e+02
5.607953687389881736e+01 1.928894075795182914e+02
5.607500629247420676e+01 1.929188934156262292e+02
5.607047571104958905e+01 1.929677973075777118e+02
5.606594512962497134e+01 1.929928278133903632e+02
5.606141454820035364e+01 1.930247252929743809e+02
5.605688396677573593e+01 1.930668902383280567e+02
5.605235338535112533e+01 1.930807337409632680e+02
5.604782280392650762e+01 1.931411460074253910e+02
5.604329222250188991e+01 1.931597903633114015e+02
5.603876164107727220e+01 1.931934496158220043e+02
5.603423105965265449e+01 1.932283566882734362e+02
5.602970047822804389e+01 1.932498983999634845e+02
5.602516989680342618e+01 1.932896250589421072e+02
5.602063931537880848e+01 1.933080207137743400e+02
5.601610873395419077e+01 1.933446814036919932e+02
5.601157815252958017e+01 1.933576596432108943e+02
5.600704757110496246e+01 1.934021017418641009e+02
5.600251698968034475e+01 1.934333043728077826e+02
5.599798640825572704e+01 1.934601969488661268e+02
5.599345582683110933e+01 1.934649034216986365e+02
5.598892524540649873e+01 1.935130953167437724e+02
5.598439466398188102e+01 1.935199553026644139e+02
5.597986408255726332e+01 1.935727965874261258e+02
5.597533350113264561e+01 1.935992015309223859e+02
5.597080291970803501e+01 1.936482601702536215e+02
5.596627233828341730e+01 1.936880669155584940e+02
5.596174175685879959e+01 1.937295370597657893e+02
5.595721117543418188e+01 1.937933764357179030e+02
5.595268059400956417e+01 1.938407244210512204e+02
5.594815001258495357e+01 1.939005401694314514e+02
5.594361943116033586e+01 1.939408857956734380e+02
5.593908884973571816e+01 1.939971512885099685e+02
5.593455826831110045e+01 1.940115964242495465e+02
5.593002768688648274e+01 1.940672826055031521e+02
5.592549710546187214e+01 1.940834297344024719e+02
5.592096652403725443e+01 1.941366688800395650e+02
5.591643594261263672e+01 1.941502429734379120e+02
5.591190536118801901e+01 1.941808178800125688e+02
5.590737477976340841e+01 1.942035727220849708e+02
5.590284419833879070e+01 1.942255278167967276e+02
5.589831361691417300e+01 1.942388020557889377e+02
5.589378303548955529e+01 1.942535101420112653e+02
5.588925245406493758e+01 1.942831497920949460e+02
5.588472187264032698e+01 1.943209862371121233e+02
5.588019129121570927e+01 1.943715636380831313e+02
5.587566070979109156e+01 1.943925345768938939e+02
5.587113012836647385e+01 1.944292031494546507e+02
5.586659954694186325e+01 1.944586076465609494e+02
5.586206896551724554e+01 1.945280419813743720e+02
5.585753838409262784e+01 1.945760238930484149e+02
5.585300780266801013e+01 1.946459775031370611e+02
5.584847722124339242e+01 1.946930661676503860e+02
5.584394663981878182e+01 1.947581908850623336e+02
5.583941605839416411e+01 1.947896537821667664e+02
5.583488547696954640e+01 1.948579397937398880e+02
5.583035489554492870e+01 1.948939318897526505e+02
5.582582431412031809e+01 1.949366051920105178e+02
5.582129373269570038e+01 1.949728401211039852e+02
5.581676315127108268e+01 1.950009160450136108e+02
5.581223256984646497e+01 1.950241618835705424e+02
5.580770198842184726e+01 1.950632959217191456e+02
5.580317140699723666e+01 1.950660132226250880e+02
5.579864082557261895e+01 1.951019223859173053e+02
5.579411024414800124e+01 1.951293979323132532e+02
5.578957966272338354e+01 1.951781473452799673e+02
5.578504908129876583e+01 1.952109146275729188e+02
5.578051849987415522e+01 1.952373017766366843e+02
5.577598791844953752e+01 1.952723137449002309e+02
5.577145733702491981e+01 1.953054851265230241e+02
5.576692675560030210e+01 1.953447762029886405e+02
5.576239617417569150e+01 1.953776994205951496e+02
5.575786559275107379e+01 1.954037959550447852e+02
5.575333501132645608e+01 1.954288790525522472e+02
5.574880442990183838e+01 1.954742566582827976e+02
5.574427384847722067e+01 1.955132696230214151e+02
5.573974326705261007e+01 1.955612539339663840e+02
5.573521268562799236e+01 1.955989566832679145e+02
5.573068210420337465e+01 1.956354538581233840e+02
5.572615152277875694e+01 1.956557803807073128e+02
5.572162094135414634e+01 1.956899271032890795e+02
5.571709035992952863e+01 1.957234248872830165e+02
5.571255977850491092e+01 1.957437343306305308e+02
5.570802919708029322e+01 1.957896317601403950e+02
5.570349861565567551e+01 1.958244224225986159e+02
5.569896803423106491e+01 1.958672161660117865e+02
5.569443745280644720e+01 1.958892874944868652e+02
5.568990687138182949e+01 1.959485297466399913e+02
5.568537628995721178e+01 1.959759487484028568e+02
5.568084570853259407e+01 1.960143969884138073e+02
5.567631512710798347e+01 1.960660043022195111e+02
5.567178454568336576e+01 1.960891949109266648e+02
5.566725396425874806e+01 1.961385943034949548e+02
5.566272338283413035e+01 1.961941681826529589e+02
5.565819280140951975e+01 1.962236530776891072e+02
5.565366221998490204e+01 1.962775198238750249e+02
5.564913163856028433e+01 1.963110773756071978e+02
5.564460105713566662e+01 1.963374622803245018e+02
5.564007047571104891e+01 1.963483394530445594e+02
5.563553989428643831e+01 1.963910499979972997e+02
5.563100931286182060e+01 1.964051030505517303e+02
5.562647873143720290e+01 1.964353699557533730e+02
5.562194815001258519e+01 1.964457040814631625e+02
5.561741756858797459e+01 1.964677896301835744e+02
5.561288698716335688e+01 1.965224272214266819e+02
5.560835640573873917e+01 1.965428330892315500e+02
5.560382582431412146e+01 1.965960626925271981e+02
5.559929524288950375e+01 1.966184551791993727e+02
5.559476466146489315e+01 1.966582246682348512e+02
5.559023408004027544e+01 1.966626709381614546e+02
5.558570349861565774e+01 1.967150131111474991e+02
5.558117291719104003e+01 1.967551381194410567e+02
5.557664233576642232e+01 1.967923369405631036e+02
5.557211175434181172e+01 1.968165088295227747e+02
5.556758117291719401e+01 1.968627076288728688e+02
5.556305059149257630e+01 1.969164353715583502e+02
5.555852001006795859e+01 1.969396930899155791e+02
5.555398942864334799e+01 1.969902155120247187e+02
5.554945884721873028e+01 1.970358774218202882e+02
5.554492826579411258e+01 1.970808326243613067e+02
5.554039768436949487e+01 1.971031473573322330e+02
5.553586710294487716e+01 1.971424352447119475e+02
5.553133652152026656e+01 1.971848705956882100e+02
5.552680594009564885e+01 1.972130105461663732e+02
5.552227535867103114e+01 1.972436065115936401e+02
5.551774477724641343e+01 1.972610722851294440e+02
5.551321419582180283e+01 1.972942360904348220e+02
5.550868361439718512e+01 1.973152574259255516e+02
5.550415303297256742e+01 1.973443363578471974e+02
5.549962245154794971e+01 1.973597761350655446e+02
5.549509187012333200e+01 1.974172359055131381e+02
5.549056128869872140e+01 1.974308027667793510e+02
5.548603070727410369e+01 1.974683463747598466e+02
5.548150012584948598e+01 1.975009888497555721e+02
5.547696954442486827e+01 1.975231745392680693e+02
5.547243896300025767e+01 1.975882663933458616e+02
5.546790838157563996e+01 1.976365829796996252e+02
5.546337780015102226e+01 1.977147301343415222e+02
5.545884721872640455e+01 1.977648765461678124e+02
5.545431663730178684e+01 1.978145000979814654e+02
5.544978605587717624e+01 1.978518295565741028e+02
5.544525547445255853e+01 1.979010037394695303e+02
5.544072489302794082e+01 1.979533323416824828e+02
5.543619431160332311e+01 1.979970133713841278e+02
5.543166373017870541e+01 1.980258636264140932e+02
5.542713314875409480e+01 1.980579467008305983e+02
5.542260256732947710e+01 1.980957423304551810e+02
5.541807198590485939e+01 1.981190481325181736e+02
5.541354140448024168e+01 1.981432883580528426e+02
5.540901082305563108e+01 1.981776675115225146e+02
5.540448024163101337e+01 1.981739181459776091e+02
5.539994966020639566e+01 1.981940365699999234e+02
5.539541907878177796e+01 1.982326191485342974e+02
5.539088849735716025e+01 1.982438981873235662e+02
5.538635791593254964e+01 1.982749352263265052e+02
5.538182733450793194e+01 1.982932333749797920e+02
5.537729675308331423e+01 1.983352153387441774e+02
5.537276617165869652e+01 1.983965260270972522e+02
5.536823559023408592e+01 1.984411957995696980e+02
5.536370500880946821e+01 1.984395200868141558e+02
5.535917442738485050e+01 1.984734819028788309e+02
5.535464384596023280e+01 1.985059190262123536e+02
5.535011326453561509e+01 1.985404347016793452e+02
5.534558268311100448e+01 1.985495329629851540e+02
5.534105210168638678e+01 1.985612141440554979e+02
5.533652152026176907e+01 1.985630973548159659e+02
5.533199093883715136e+01 1.985744961641278792e+02
5.532746035741253365e+01 1.986049359733794404e+02
5.532292977598792305e+01 1.986609121360686174e+02
5.531839919456330534e+01 1.986980963068389769e+02
5.531386861313868764e+01 1.987369898471197587e+02
5.530933803171406993e+01 1.987647091475998877e+02
5.530480745028945933e+01 1.988106535490960880e+02
5.530027686886484162e+01 1.988475434054634547e+02
5.529574628744022391e+01 1.988910222854039205e+02
5.529121570601560620e+01 1.989238876415633968e+02
5.528668512459098849e+01 1.989419728809495211e+02
5.528215454316637789e+01 1.989632196310603831e+02
5.527762396174176018e+01 1.989986390954817921e+02
5.527309338031714248e+01 1.990506125251625065e+02
5.526856279889252477e+01 1.990840126706371507e+02
5.526403221746791417e+01 1.991359624377199111e+02
5.525950163604329646e+01 1.991651495454207748e+02
5.525497105461867875e+01 1.991949596289715032e+02
5.525044047319406104e+01 1.992256136322507984e+02
5.524590989176944333e+01 1.992787439530547147e+02
5.524137931034483273e+01 1.993042519407209170e+02
5.523684872892021502e+01 1.993445844641944120e+02
5.523231814749559732e+01 1.993700587563578779e+02
5.522778756607097961e+01 1.993947024885825954e+02
5.522325698464636901e+01 1.994265969497083688e+02
5.521872640322175130e+01 1.994783215297865127e+02
5.521419582179713359e+01 1.995227735399736275e+02
5.520966524037251588e+01 1.995483145274159824e+02
5.520513465894789817e+01 1.995773968175504933e+02
5.520060407752328757e+01 1.995932510353995326e+02
5.519607349609866986e+01 1.996250206351250824e+02
5.519154291467405216e+01 1.996610628090681701e+02
5.518701233324943445e+01 1.997171651789224427e+02
5.518248175182481674e+01 1.997496236012821385e+02
5.517795117040020614e+01 1.997955504885812275e+02
5.517342058897558843e+01 1.998324496072283125e+02
5.516889000755097072e+01 1.998469586851292092e+02
5.516435942612635301e+01 1.998461558200669117e+02
5.515982884470174241e+01 1.998865467081965903e+02
5.515529826327712470e+01 1.999350897473963471e+02
5.515076768185250700e+01 1.999764760673576802e+02
5.514623710042788929e+01 2.000263176131559817e+02
5.514170651900327158e+01 2.000642684935423290e+02
5.513717593757866098e+01 2.000821965588699243e+02
5.513264535615404327e+01 2.001045511081763664e+02
5.512811477472942556e+01 2.001333557653823050e+02
5.512358419330480785e+01 2.001731823963671673e+02
5.511905361188019725e+01 2.002188000850883896e+02
5.511452303045557954e+01 2.002629920900899947e+02
5.510999244903096184e+01 2.003012887108331199e+02
5.510546186760634413e+01 2.003516597506725816e+02
5.510093128618172642e+01 2.003939215289496758e+02
5.509640070475711582e+01 2.003874949669680632e+02
5.509187012333249811e+01 2.004217052460748221e+02
5.508733954190788040e+01 2.004275185483276118e+02
5.508280896048326269e+01 2.004556585897224465e+02
5.507827837905864499e+01 2.004912836681738781e+02
5.507374779763403438e+01 2.005286865686816782e+02
5.506921721620941668e+01 2.005647919021050711e+02
5.506468663478479897e+01 2.005895510122669521e+02
5.506015605336018126e+01 2.006403764773115768e+02
5.505562547193557066e+01 2.006698632460134206e+02
5.505109489051095295e+01 2.007001090623043353e+02
5.504656430908633524e+01 2.007338297144742967e+02
5.504203372766171753e+01 2.007660259732994348e+02
5.503750314623709983e+01 2.008186594761432957e+02
5.503297256481248922e+01 2.008657264132402531e+02
5.502844198338787152e+01 2.008973349815972824e+02
5.502391140196325381e+01 2.009312138749786527e+02
5.501938082053863610e+01 2.009557039411628807e+02
5.501485023911402550e+01 2.009981611354340032e+02
5.501031965768940779e+01 2.010457450128027119e+02
5.500578907626479008e+01 2.010546927482054684e+02
5.500125849484017238e+01 2.010999214048789270e+02
5.499672791341555467e+01 2.011379621623030687e+02
5.499219733199094406e+01 2.011842804886337319e+02
5.498766675056632636e+01 2.012357527538505622e+02
5.498313616914170865e+01 2.012553133853272698e+02
5.497860558771709094e+01 2.012753283493677259e+02
5.497407500629247323e+01 2.013129892297664867e+02
5.496954442486786263e+01 2.013458929015794467e+02
5.496501384344324492e+01 2.013852868415708883e+02
5.496048326201862722e+01 2.014017818032356786e+02
5.495595268059400951e+01 2.014230468172179656e+02
5.495142209916939890e+01 2.014563841395059853e+02
5.494689151774478120e+01 2.015023904688660252e+02
5.494236093632016349e+01 2.015195779526638944e+02
5.493783035489554578e+01 2.015532628814042653e+02
5.493329977347092807e+01 2.015676700591738211e+02
5.492876919204631747e+01 2.016265383887925964e+02
5.492423861062169976e+01 2.016571434878281082e+02
5.491970802919708206e+01 2.016906555801959939e+02
5.491517744777246435e+01 2.017237684802055639e+02
5.491064686634785375e+01 2.017515829664402531e+02
5.490611628492323604e+01 2.017782224206862054e+02
5.490158570349861833e+01 2.018181066399380370e+02
5.489705512207400062e+01 2.018417596047128200e+02
5.489252454064938291e+01 2.018808930723477033e+02
5.488799395922477231e+01 2.019027259986810918e+02
5.488346337780015460e+01 2.019305763621658230e+02
5.487893279637553690e+01 2.019537543332885150e+02
5.487440221495091919e+01 2.020103602417864010e+02
5.486987163352630859e+01 2.020469343013000980e+02
5.486534105210169088e+01 2.020841305829864041e+02
5.486081047067707317e+01 2.021116768536105326e+02
5.485627988925245546e+01 2.021360037583501992e+02
5.485174930782783775e+01 2.021795238383982394e+02
5.484721872640322715e+01 2.021996586760737955e+02
5.484268814497860944e+01 2.022252456074836005e+02
5.483815756355399174e+01 2.022636606259117684e+02
5.483362698212937403e+01 2.022924973447749153e+02
5.482909640070475632e+01 2.023229910945232461e+02
5.482456581928014572e+01 2.023661725580330142e+02
5.482003523785552801e+01 2.023836508782412409e+02
5.481550465643091030e+01 2.024081394250761150e+02
5.481097407500629259e+01 2.024391064786377967e+02
5.480644349358168199e+01 2.024691487653845456e+02
5.480191291215706428e+01 2.025135049159300422e+02
5.479738233073244658e+01 2.025284954785312266e+02
5.479285174930782887e+01 2.025589309748034168e+02
5.478832116788321116e+01 2.026072253111126145e+02
5.478379058645860056e+01 2.026441815496011998e+02
5.477926000503398285e+01 2.026933240641324403e+02
5.477472942360936514e+01 2.027251620301108801e+02
5.477019884218474743e+01 2.027633114067843110e+02
5.476566826076013683e+01 2.028045209627535996e+02
5.476113767933551912e+01 2.028453216145077818e+02
5.475660709791090142e+01 2.028757621848324106e+02
5.475207651648628371e+01 2.029070991315668380e+02
5.474754593506166600e+01 2.029293444304629190e+02
5.474301535363705540e+01 2.029585669758754420e+02
5.473848477221243769e+01 2.029768350812450706e+02
5.473395419078781998e+01 2.030099930650598026e+02
5.472942360936320227e+01 2.030189224081156567e+02
5.472489302793858457e+01 2.030785161747952827e+02
5.472036244651397396e+01 2.031099532877648528e+02
5.471583186508935626e+01 2.031622617280539771e+02
5.471130128366473855e+01 2.031836305966478164e+02
5.470677070224012084e+01 2.032234204973830174e+02
5.470224012081551024e+01 2.032634146088425382e+02
5.469770953939089253e+01 2.033146672452107282e+02
5.469317895796627482e+01 2.033508511161874708e+02
5.468864837654165711e+01 2.033763581254258952e+02
5.468411779511703941e+01 2.033834741620319164e+02
5.467958721369242880e+01 2.034101903666635849e+02
5.467505663226781110e+01 2.034279809171768250e+02
5.467052605084319339e+01 2.034920634867648630e+02
5.466599546941857568e+01 2.035304610602366324e+02
5.466146488799396508e+01 2.035899100420249965e+02
5.465693430656934737e+01 2.036314549644837939e+02
5.465240372514472966e+01 2.036827960036170850e+02
5.464787314372011195e+01 2.037290538771489139e+02
5.464334256229549425e+01 2.037634926123883190e+02
5.463881198087088364e+01 2.037877262648256078e+02
5.463428139944626594e+01 2.038451772734088081e+02
5.462975081802164823e+01 2.038805247571916084e+02
5.462522023659703052e+01 2.039079038144545564e+02
5.462068965517241281e+01 2.039674277005393037e+02
5.461615907374780221e+01 2.040142085688638645e+02
5.461162849232318450e+01 2.040443651224245230e+02
5.460709791089856679e+01 2.040680536959387723e+02
5.460256732947394909e+01 2.040898342175041762e+02
5.459803674804933848e+01 2.041176949979804931e+02
5.459350616662472078e+01 2.041628911135984765e+02
5.458897558520010307e+01 2.042028262976408257e+02
5.458444500377548536e+01 2.042430589876191220e+02
5.457991442235086765e+01 2.042752522614717918e+02
5.457538384092625705e+01 2.043052303584984202e+02
5.457085325950163934e+01 2.043289264983452256e+02
5.456632267807702164e+01 2.043665388859682821e+02
5.456179209665240393e+01 2.044051323947231538e+02
5.455726151522779332e+01 2.044371268585212249e+02
5.455273093380317562e+01 2.044760756395449448e+02
5.454820035237855791e+01 2.044900393017423994e+02
5.454366977095394020e+01 2.045688254742768493e+02
5.453913918952932249e+01 2.045793749216291531e+02
5.453460860810471189e+01 2.046174738564920403e+02
5.453007802668009418e+01 2.046441570411651298e+02
5.452554744525547648e+01 2.046771188571379980e+02
5.452101686383085877e+01 2.047140714720688095e+02
5.451648628240624816e+01 2.047368400027348798e+02
5.451195570098163046e+01 2.047596444271636358e+02
5.450742511955701275e+01 2.047615329415324652e+02
5.450289453813239504e+01 2.047699884991816077e+02
5.449836395670777733e+01 2.048216343036568219e+02
5.449383337528316673e+01 2.048599835598633661e+02
5.448930279385854902e+01 2.048931071635981027e+02
5.448477221243393132e+01 2.049197296494701277e+02
5.448024163100931361e+01 2.049352238167680298e+02
5.447571104958469590e+01 2.049736428220698201e+02
5.447118046816008530e+01 2.050058183841464370e+02
5.446664988673546759e+01 2.050613514656305654e+02
5.446211930531084988e+01 2.050782247225369019e+02
5.445758872388623217e+01 2.051009429621277604e+02
5.445305814246162157e+01 2.051270673282932080e+02
5.444852756103700386e+01 2.051585161506700672e+02
5.444399697961238616e+01 2.051923810674954041e+02
5.443946639818776845e+01 2.052322911360039654e+02
5.443493581676315074e+01 2.052850843325821586e+02
5.443040523533854014e+01 2.053274221412722511e+02
5.442587465391392243e+01 2.053711529356414758e+02
5.442134407248930472e+01 2.053937778240747321e+02
5.441681349106468701e+01 2.054397417642832409e+02
5.441228290964007641e+01 2.054668729949714532e+02
5.440775232821545870e+01 2.055224032556379825e+02
5.440322174679084100e+01 2.055548177348113086e+02
5.439869116536622329e+01 2.056177299051928742e+02
5.439416058394160558e+01 2.056590447455219532e+02
5.438963000251699498e+01 2.056913175971156136e+02
5.438509942109237727e+01 2.057252438465768307e+02
5.438056883966775956e+01 2.057816429681703028e+02
5.437603825824314185e+01 2.058303454569107203e+02
5.437150767681852415e+01 2.058584290723255776e+02
5.436697709539391354e+01 2.058851194484227847e+02
5.436244651396929584e+01 2.059203350675676063e+02
5.435791593254467813e+01 2.059531247771924711e+02
5.435338535112006042e+01 2.060097053808589465e+02
5.434885476969544982e+01 2.060421438516345347e+02
5.434432418827083211e+01 2.060647278680623344e+02
5.433979360684621440e+01 2.060853421782603334e+02
5.433526302542159669e+01 2.061269418346157352e+02
5.433073244399697899e+01 2.061832476665731235e+02
5.432620186257236838e+01 2.062156927971997789e+02
5.432167128114775068e+01 2.062491043556173054e+02
5.431714069972313297e+01 2.062598626282494649e+02
5.431261011829851526e+01 2.062879029815554475e+02
5.430807953687390466e+01 2.063000388712734434e+02
5.430354895544928695e+01 2.063338294226557252e+02
5.429901837402466924e+01 2.063706268586909118e+02
5.429448779260005153e+01 2.064032983335590359e+02
5.428995721117543383e+01 2.064455460645228584e+02
5.428542662975082322e+01 2.064894759790994385e+02
5.428089604832620552e+01 2.065380216238017965e+02
5.427636546690158781e+01 2.065815895773467901e+02
5.427183488547697010e+01 2.066277807184520725e+02
5.426730430405235950e+01 2.066924014839208041e+02
5.426277372262774179e+01 2.067402404232789195e+02
5.425824314120312408e+01 2.067648943589421151e+02
5.425371255977850637e+01 2.067968180876058852e+02
5.424918197835388867e+01 2.068201454677708284e+02
5.424465139692927806e+01 2.068610370306019206e+02
5.424012081550466036e+01 2.068955860953837771e+02
5.423559023408004265e+01 2.069171079596333698e+02
5.423105965265542494e+01 2.069336825800778854e+02
5.422652907123080723e+01 2.069764049726181554e+02
5.422199848980619663e+01 2.069923705518783947e+02
5.421746790838157892e+01 2.070292527616309428e+02
5.421293732695696121e+01 2.070799933786288420e+02
5.420840674553234351e+01 2.071173708299387783e+02
5.420387616410773290e+01 2.071695483429730587e+02
5.419934558268311520e+01 2.072296652347998815e+02
5.419481500125849749e+01 2.072718459575043539e+02
5.419028441983387978e+01 2.073094007073356977e+02
5.418575383840926207e+01 2.073558412259661452e+02
5.418122325698465147e+01 2.074049420566433071e+02
5.417669267556003376e+01 2.074206915107593261e+02
5.417216209413541605e+01 2.074394326760366027e+02
5.416763151271079835e+01 2.074601788750267417e+02
5.416310093128618774e+01 2.074946054489035987e+02
5.415857034986157004e+01 2.075548243774806565e+02
5.415403976843695233e+01 2.075875442332482521e+02
5.414950918701233462e+01 2.076123121255653814e+02
5.414497860558771691e+01 2.076668654302610264e+02
5.414044802416310631e+01 2.076798476048939506e+02
5.413591744273848860e+01 2.077247631547346600e+02
5.413138686131387090e+01 2.077599967738244118e+02
5.412685627988925319e+01 2.077989593651815312e+02
5.412232569846463548e+01 2.078132114962522223e+02
5.411779511704002488e+01 2.078399140203221691e+02
5.411326453561540717e+01 2.078826946247385195e+02
5.410873395419078946e+01 2.079154674640319342e+02
5.410420337276617175e+01 2.079448956914766597e+02
5.409967279134156115e+01 2.079787427137256941e+02
5.409514220991694344e+01 2.079982871570506973e+02
5.409061162849232574e+01 2.080318931647934448e+02
5.408608104706770803e+01 2.080748791838286422e+02
5.408155046564309032e+01 2.081280235954989450e+02
5.407701988421847972e+01 2.081736215047983194e+02
5.407248930279386201e+01 2.082219139293881085e+02
5.406795872136924430e+01 2.082559829271567082e+02
5.406342813994462659e+01 2.082624745603822873e+02
5.405889755852001599e+01 2.083074566367874354e+02
5.405436697709539828e+01 2.083347417799658103e+02
5.404983639567078058e+01 2.083717946170783648e+02
5.404530581424616287e+01 2.084127725152555684e+02
5.404077523282154516e+01 2.084663359089435346e+02
5.403624465139693456e+01 2.085068571100367478e+02
5.403171406997231685e+01 2.085430814661978900e+02
5.402718348854769914e+01 2.085756368039186555e+02
5.402265290712308143e+01 2.086099948098008952e+02
5.401812232569846373e+01 2.086368579953090432e+02
5.401359174427385312e+01 2.086747520911448817e+02
5.400906116284923542e+01 2.086948146474608166e+02
5.400453058142461771e+01 2.087228186996413228e+02
5.400000000000000000e+01 2.087540423466334971e+02
5.399546941857538940e+01 2.087798102125181572e+02
5.399093883715077169e+01 2.088160633158863675e+02
5.398640825572615398e+01 2.088218456935547067e+02
5.398187767430153627e+01 2.088513260713422710e+02
5.397734709287691857e+01 2.088825193292330766e+02
5.397281651145230796e+01 2.089153576053230097e+02
5.396828593002769026e+01 2.089459036558121454e+02
5.396375534860307255e+01 2.089756964128911818e+02
5.395922476717845484e+01 2.090175845433448956e+02
5.395469418575384424e+01 2.090420176324229260e+02
5.395016360432922653e+01 2.090564263554203990e+02
5.394563302290460882e+01 2.090727741934260280e+02
5.394110244147999111e+01 2.091018536496144691e+02
5.393657186005537341e+01 2.091187746498054310e+02
5.393204127863076280e+01 2.091609161824527519e+02
5.392751069720614510e+01 2.091910731067005429e+02
5.392298011578152739e+01 2.092359070235357308e+02
5.391844953435690968e+01 2.092922088922746013e+02
5.391391895293229908e+01 2.093529746926556641e+02
5.390938837150768137e+01 2.094086289011466135e+02
5.390485779008306366e+01 2.094753827218533786e+02
5.390032720865844595e+01 2.095014061665507370e+02
5.389579662723382825e+01 2.095507015645252409e+02
5.389126604580921764e+01 2.095761666417310494e+02
5.388673546438459994e+01 2.096105933402963046e+02
5.388220488295998223e+01 2.096583181704393724e+02
5.387767430153536452e+01 2.097117125407766309e+02
5.387314372011074681e+01 2.097104669714397289e+02
5.386861313868613621e+01 2.097421784733425909e+02
5.386408255726151850e+01 2.097705100745997413e+02
5.385955197583690079e+01 2.097850504480461211e+02
5.385502139441228309e+01 2.098458521345880001e+02
5.385049081298767248e+01 2.098626594416837747e+02
5.384596023156305478e+01 2.099235969171909062e+02
5.384142965013843707e+01 2.099198268365887259e+02
5.383689906871381936e+01 2.099543076063891363e+02
5.383236848728920165e+01 2.099857605935933691e+02
5.382783790586459105e+01 2.100157799107128653e+02
5.382330732443997334e+01 2.100427321484392849e+02
5.381877674301535563e+01 2.100543962951963408e+02
5.381424616159073793e+01 2.100923382183754597e+02
5.380971558016612732e+01 2.101199137066776359e+02
5.380518499874150962e+01 2.101642938530465585e+02
5.380065441731689191e+01 2.101887273609571878e+02
5.379612383589227420e+01 2.102273940400635013e+02
5.379159325446765649e+01 2.102473150361148271e+02
5.378706267304304589e+01 2.102821441854025011e+02
5.378253209161842818e+01 2.103329276660161042e+02
5.377800151019381047e+01 2.103850533323617071e+02
5.377347092876919277e+01 2.104382112181739330e+02
5.376894034734457506e+01 2.104827904320393941e+02
5.376440976591996446e+01 2.105100040373822594e+02
5.375987918449534675e+01 2.105699548991404981e+02
5.375534860307072904e+01 2.105911504163730967e+02
5.375081802164611133e+01 2.106386542274925091e+02
5.374628744022150073e+01 2.106898917456515221e+02
5.374175685879688302e+01 2.107488684036277959e+02
5.373722627737226532e+01 2.107938737998022134e+02
5.373269569594764761e+01 2.108322054422535246e+02
5.372816511452302990e+01 2.108691818993983986e+02
5.372363453309841930e+01 2.109077784926810182e+02
5.371910395167380159e+01 2.109697679057394453e+02
5.371457337024918388e+01 2.109935831604402949e+02
5.371004278882456617e+01 2.110573370291399726e+02
5.370551220739995557e+01 2.110739876756941271e+02
5.370098162597533786e+01 2.110812316685348264e+02
5.369645104455072016e+01 2.111023547464415344e+02
5.369192046312610245e+01 2.111223967966784585e+02
5.368738988170148474e+01 2.111596526336932129e+02
5.368285930027687414e+01 2.111860629977209101e+02
5.367832871885225643e+01 2.112258968070592289e+02
5.367379813742763872e+01 2.112684623588406794e+02
5.366926755600302101e+01 2.113176440461678567e+02
5.366473697457841041e+01 2.113617799583989552e+02
5.366020639315379270e+01 2.114102475569345927e+02
5.365567581172917500e+01 2.114429623032501695e+02
5.365114523030455729e+01 2.114705752878347198e+02
5.364661464887993958e+01 2.115143332030095848e+02
5.364208406745532898e+01 2.115265272256449407e+02
5.363755348603071127e+01 2.115620919715273942e+02
5.363302290460609356e+01 2.115833013147717168e+02
5.362849232318147585e+01 2.116035979603394424e+02
5.362396174175685815e+01 2.116007116074061400e+02
5.361943116033224754e+01 2.116385528605981676e+02
5.361490057890762984e+01 2.116715595294649290e+02
5.361036999748301213e+01 2.117220518492069630e+02
5.360583941605839442e+01 2.117673413555658044e+02
5.360130883463378382e+01 2.117880752413956884e+02
5.359677825320916611e+01 2.118215557137032761e+02
5.359224767178454840e+01 2.118529670049173887e+02
5.358771709035993069e+01 2.118865737990007005e+02
5.358318650893531299e+01 2.119146591489907792e+02
5.357865592751070238e+01 2.119445533833056174e+02
5.357412534608608468e+01 2.119731826950049935e+02
5.356959476466146697e+01 2.119974989989499363e+02
5.356506418323684926e+01 2.120425744702280895e+02
5.356053360181223866e+01 2.120796066797487072e+02
5.355600302038762095e+01 2.121125977621355219e+02
5.355147243896300324e+01 2.121549721065343306e+02
5.354694185753838553e+01 2.121761041718162346e+02
5.354241127611376783e+01 2.122172451898617851e+02
5.353788069468915722e+01 2.122449411811358004e+02
5.353335011326453952e+01 2.122974047829598589e+02
5.352881953183992181e+01 2.123227422568231475e+02
5.352428895041530410e+01 2.123571065034885805e+02
5.351975836899068639e+01 2.123891087424425450e+02
5.351522778756607579e+01 2.124404711447750458e+02
5.351069720614145808e+01 2.124873120954023307e+02
5.350616662471684037e+01 2.125324663721534932e+02
5.350163604329222267e+01 2.125643468190144745e+02
5.349710546186761206e+01 2.125812217300093891e+02
5.349257488044299436e+01 2.126470813074158173e+02
5.348804429901837665e+01 2.126551828243527211e+02
5.348351371759375894e+01 2.127081784861543952e+02
5.347898313616914123e+01 2.127547099791751180e+02
5.347445255474453063e+01 2.128013573250316313e+02
5.346992197331991292e+01 2.128192440614584768e+02
5.346539139189529521e+01 2.128753882126909787e+02
5.346086081047067751e+01 2.129027567231628382e+02
5.345633022904606690e+01 2.129585957251125876e+02
5.345179964762144920e+01 2.130057031802967060e+02
5.344726906619683149e+01 2.130536603755671763e+02
5.344273848477221378e+01 2.131102226828567154e+02
5.343820790334759607e+01 2.131309912285067867e+02
5.343367732192298547e+01 2.131660380367404741e+02
5.342914674049836776e+01 2.132031469867753231e+02
5.342461615907375005e+01 2.132436572594803010e+02
5.342008557764913235e+01 2.132940313020481540e+02
5.341555499622451464e+01 2.133438969221666355e+02
5.341102441479990404e+01 2.133597089884421507e+02
5.340649383337528633e+01 2.134161530056292975e+02
5.340196325195066862e+01 2.134536713007852313e+02
5.339743267052605091e+01 2.134903793551586659e+02
5.339290208910144031e+01 2.135301572829945087e+02
5.338837150767682260e+01 2.135668850332963018e+02
5.338384092625220489e+01 2.136027483365162141e+02
5.337931034482758719e+01 2.136440088211327009e+02
5.337477976340296948e+01 2.136884798992056176e+02
5.337024918197835888e+01 2.137312303087281293e+02
5.336571860055374117e+01 2.137804951848441135e+02
5.336118801912912346e+01 2.138356223403892216e+02
5.335665743770450575e+01 2.138813251309769896e+02
5.335212685627989515e+01 2.139253825233512885e+02
5.334759627485527744e+01 2.139693763386320882e+02
5.334306569343065973e+01 2.140050828007076404e+02
5.333853511200604203e+01 2.140386753704580656e+02
5.333400453058142432e+01 2.140821453286132794e+02
5.332947394915681372e+01 2.141085600713668100e+02
5.332494336773219601e+01 2.141289208883843287e+02
5.332041278630757830e+01 2.141713184966639290e+02
5.331588220488296059e+01 2.142204012816563363e+02
5.331135162345834999e+01 2.142676763865640908e+02
5.330682104203373228e+01 2.142827483525448997e+02
5.330229046060911458e+01 2.143293609888784772e+02
5.329775987918449687e+01 2.143427734165597940e+02
5.329322929775987916e+01 2.143920472716011147e+02
5.328869871633526856e+01 2.144162641828932863e+02
5.328416813491065085e+01 2.144720192039891629e+02
5.327963755348603314e+01 2.144980395333976446e+02
5.327510697206141543e+01 2.145434079688759823e+02
5.327057639063679773e+01 2.145912736069622042e+02
5.326604580921218712e+01 2.146639426141873344e+02
5.326151522778756942e+01 2.147074810858538854e+02
5.325698464636295171e+01 2.147460876272813550e+02
5.325245406493833400e+01 2.147720508932150949e+02
5.324792348351372340e+01 2.148155310983734694e+02
5.324339290208910569e+01 2.148387309010564650e+02
5.323886232066448798e+01 2.148636203733540526e+02
5.323433173923987027e+01 2.148895851480893100e+02
5.322980115781525257e+01 2.149100414278125584e+02
5.322527057639064196e+01 2.149111144478960398e+02
5.322073999496602426e+01 2.149627282202466745e+02
5.321620941354140655e+01 2.149724189535715198e+02
5.321167883211678884e+01 2.149999307758917553e+02
5.320714825069217824e+01 2.150457452272908085e+02
5.320261766926756053e+01 2.150918859861423016e+02
5.319808708784294282e+01 2.151527370094910339e+02
5.319355650641832511e+01 2.151862734824760537e+02
5.318902592499370741e+01 2.152266260066693633e+02
5.318449534356909680e+01 2.152865466309411886e+02
5.317996476214447910e+01 2.153047161230618656e+02
5.317543418071986139e+01 2.153612428163098116e+02
5.317090359929524368e+01 2.153981520249537311e+02
5.316637301787062597e+01 2.154372293731513821e+02
5.316184243644601537e+01 2.154826878741380369e+02
5.315731185502139766e+01 2.155263401295567576e+02
5.315278127359677995e+01 2.155407284936862595e+02
5.314825069217216225e+01 2.155927712794400009e+02
5.314372011074755164e+01 2.156135884718034674e+02
5.313918952932293394e+01 2.156481158927194883e+02
5.313465894789831623e+01 2.156723441882720351e+02
5.313012836647369852e+01 2.157044807241789499e+02
5.312559778504908081e+01 2.157481065228859336e+02
5.312106720362447021e+01 2.157688752186056718e+02
5.311653662219985250e+01 2.158327308731936398e+02
5.311200604077523479e+01 2.158609313157540726e+02
5.310747545935061709e+01 2.159191477598980384e+02
5.310294487792600648e+01 2.159623350810333591e+02
5.309841429650138878e+01 2.160003054461990359e+02
5.309388371507677107e+01 2.160290084248757410e+02
5.308935313365215336e+01 2.160724291872762706e+02
5.308482255222753565e+01 2.161069227734234630e+02
5.308029197080292505e+01 2.161245704367594840e+02
5.307576138937830734e+01 2.161570711438472188e+02
5.307123080795368963e+01 2.162092874326676508e+02
5.306670022652907193e+01 2.162596416198620659e+02
5.306216964510445422e+01 2.163021780199913167e+02
5.305763906367984362e+01 2.163399178266101046e+02
5.305310848225522591e+01 2.163463915531506530e+02
5.304857790083060820e+01 2.163544433372022695e+02
5.304404731940599049e+01 2.164251230240369068e+02
5.303951673798137989e+01 2.164524043015178734e+02
5.303498615655676218e+01 2.164963018244064585e+02
5.303045557513214447e+01 2.165117375059049607e+02
5.302592499370752677e+01 2.165289414797679228e+02
5.302139441228290906e+01 2.165585084045227688e+02
5.301686383085829846e+01 2.165924721581367862e+02
5.301233324943368075e+01 2.166344846577777048e+02
5.300780266800906304e+01 2.166612091256310180e+02
5.300327208658444533e+01 2.167080044842169286e+02
5.299874150515983473e+01 2.167711460843196960e+02
5.299421092373521702e+01 2.168450083158683412e+02
5.298968034231059931e+01 2.168996149616976652e+02
5.298514976088598161e+01 2.169310040960942843e+02
5.298061917946136390e+01 2.169670317754762436e+02
5.297608859803675330e+01 2.169846899627289361e+02
5.297155801661213559e+01 2.170517718175054256e+02
5.296702743518751788e+01 2.170806954308860952e+02
5.296249685376290017e+01 2.171239324351752487e+02
5.295796627233828957e+01 2.171655440963131980e+02
5.295343569091367186e+01 2.172167290674381377e+02
5.294890510948905415e+01 2.172640504416862086e+02
5.294437452806443645e+01 2.173026353540397508e+02
5.293984394663981874e+01 2.173369135919381279e+02
5.293531336521520814e+01 2.173498670444508889e+02
5.293078278379059043e+01 2.173713994086689070e+02
5.292625220236597272e+01 2.173849857186056909e+02
5.292172162094135501e+01 2.173953440470645262e+02
5.291719103951673731e+01 2.174051541106134096e+02
5.291266045809212670e+01 2.174395007958148653e+02
5.290812987666750900e+01 2.174778582171316543e+02
5.290359929524289129e+01 2.175392016302930074e+02
5.289906871381827358e+01 2.175964975233401901e+02
5.289453813239366298e+01 2.176404102169693999e+02
5.289000755096904527e+01 2.176820309569179983e+02
5.288547696954442756e+01 2.177040685900262247e+02
5.288094638811980985e+01 2.177415996696324214e+02
5.287641580669519215e+01 2.177862572998345172e+02
5.287188522527058154e+01 2.178040183118008883e+02
5.286735464384596384e+01 2.178619584237879110e+02
5.286282406242134613e+01 2.178863574191203725e+02
5.285829348099672842e+01 2.179164879128045129e+02
5.285376289957211782e+01 2.179674063943579654e+02
5.284923231814750011e+01 2.180326879494641616e+02
5.284470173672288240e+01 2.180666158752839010e+02
5.284017115529826469e+01 2.181133490829445805e+02
5.283564057387364699e+01 2.181501657637197411e+02
5.283110999244903638e+01 2.181754628945046761e+02
5.282657941102441868e+01 2.182292918067159633e+02
5.282204882959980097e+01 2.182398622603284082e+02
5.281751824817518326e+01 2.182964064768789569e+02
5.281298766675056555e+01 2.183320485940124343e+02
5.280845708532595495e+01 2.183799032435165373e+02
5.280392650390133724e+01 2.184145532973386139e+02
5.279939592247671953e+01 2.184368364193713319e+02
5.279486534105210183e+01 2.184831482621137297e+02
5.279033475962749122e+01 2.185215249987813309e+02
5.278580417820287352e+01 2.185748547937305659e+02
5.278127359677825581e+01 2.186299653485284011e+02
5.277674301535363810e+01 2.186786995334738890e+02
5.277221243392902039e+01 2.187146687428854932e+02
5.276768185250440979e+01 2.187543269668286712e+02
5.276315127107979208e+01 2.187835884719826254e+02
5.275862068965517437e+01 2.188097427857279627e+02
5.275409010823055667e+01 2.188389087003524764e+02
5.274955952680594606e+01 2.188573402492505977e+02
5.274502894538132836e+01 2.188887342862526282e+02
5.274049836395671065e+01 2.189259406132528909e+02
5.273596778253209294e+01 2.189472954422372766e+02
5.273143720110747523e+01 2.189788798057612382e+02
5.272690661968286463e+01 2.190276177475237489e+02
5.272237603825824692e+01 2.190704689748762917e+02
5.271784545683362921e+01 2.191308833074295706e+02
5.271331487540901151e+01 2.191675269497372085e+02
5.270878429398440090e+01 2.192171998150228092e+02
5.270425371255978320e+01 2.192460471544975746e+02
5.269972313113516549e+01 2.192816992179067199e+02
5.269519254971054778e+01 2.193309604065279075e+02
5.269066196828593007e+01 2.193417612072447298e+02
5.268613138686131947e+01 2.193747804147483293e+02
5.268160080543670176e+01 2.194156217480144164e+02
5.267707022401208405e+01 2.194716770142944426e+02
5.267253964258746635e+01 2.195005385782298220e+02
5.266800906116284864e+01 2.195589621254035535e+02
5.266347847973823804e+01 2.195732361981391421e+02
5.265894789831362033e+01 2.196129923927038305e+02
5.265441731688900262e+01 2.196522081885379691e+02
5.264988673546438491e+01 2.196843444253999280e+02
5.264535615403977431e+01 2.197571155650989283e+02
5.264082557261515660e+01 2.197892599675531642e+02
5.263629499119053889e+01 2.198353566523214226e+02
5.263176440976592119e+01 2.198531064074692836e+02
5.262723382834130348e+01 2.198989025832134132e+02
5.262270324691669288e+01 2.199391220424855078e+02
5.261817266549207517e+01 2.199712000091082018e+02
5.261364208406745746e+01 2.200254141214435890e+02
5.260911150264283975e+01 2.200507404461073691e+02
5.260458092121822915e+01 2.200982516455176210e+02
5.260005033979361144e+01 2.201360657765038411e+02
5.259551975836899373e+01 2.201865829467056983e+02
5.259098917694437603e+01 2.202122744686909357e+02
5.258645859551975832e+01 2.202469791925784648e+02
5.258192801409514772e+01 2.202843236432700280e+02
5.257739743267053001e+01 2.203021882120258397e+02
5.257286685124591230e+01 2.203561313628608502e+02
5.256833626982129459e+01 2.203758369915279616e+02
5.256380568839667689e+01 2.204182549619741849e+02
5.255927510697206628e+01 2.204274518889335468e+02
5.255474452554744857e+01 2.204513574337408954e+02
5.255021394412283087e+01 2.204670739194701810e+02
5.254568336269821316e+01 2.205139214429572974e+02
5.254115278127360256e+01 2.205496144273199377e+02
5.253662219984898485e+01 2.205809809555194931e+02
5.253209161842436714e+01 2.206075293829848079e+02
5.252756103699974943e+01 2.206570681553065469e+02
5.252303045557513173e+01 2.207138895475808908e+02
5.251849987415052112e+01 2.207682043227241593e+02
5.251396929272590341e+01 2.208151021489155994e+02
5.250943871130128571e+01 2.208793618903493439e+02
5.250490812987666800e+01 2.208985316206495497e+02
5.250037754845205740e+01 2.209461386909319458e+02
5.249584696702743969e+01 2.209830010604323149e+02
5.249131638560282198e+01 2.210527187320330427e+02
5.248678580417820427e+01 2.210866907480634609e+02
5.248225522275358657e+01 2.211054275285846131e+02
5.247772464132897596e+01 2.211668023465180113e+02
5.247319405990435826e+01 2.211858998258426254e+02
5.246866347847974055e+01 2.212352238120828645e+02
5.246413289705512284e+01 2.212854072141398944e+02
5.245960231563050513e+01 2.213261157926357896e+02
5.245507173420589453e+01 2.213692232794599306e+02
5.245054115278127682e+01 2.214210739871470253e+02
5.244601057135665911e+01 2.214570017165624165e+02
5.244147998993204141e+01 2.214895918555402545e+02
5.243694940850743080e+01 2.215293011204959726e+02
5.243241882708281310e+01 2.215664925233231202e+02
5.242788824565819539e+01 2.215980961554980411e+02
5.242335766423357768e+01 2.216323665724694081e+02
5.241882708280895997e+01 2.216817965713201204e+02
5.241429650138434937e+01 2.216842219392380287e+02
5.240976591995973166e+01 2.217048936681401301e+02
5.240523533853511395e+01 2.217298814124528690e+02
5.240070475711049625e+01 2.217209575927151946e+02
5.239617417568588564e+01 2.217498396048359837e+02
5.239164359426126794e+01 2.217750306797796043e+02
5.238711301283665023e+01 2.218500376792586337e+02
5.238258243141203252e+01 2.218913633560157734e+02
5.237805184998741481e+01 2.219332016324302970e+02
5.237352126856280421e+01 2.219742066885300176e+02
5.236899068713818650e+01 2.220110161300214600e+02
5.236446010571356879e+01 2.220471004843448668e+02
5.235992952428895109e+01 2.220579001363163343e+02
5.235539894286434048e+01 2.221039267816152289e+02
5.235086836143972278e+01 2.221166747674933788e+02
5.234633778001510507e+01 2.221459461125581640e+02
5.234180719859048736e+01 2.221666737232509945e+02
5.233727661716586965e+01 2.222087360363305208e+02
5.233274603574125905e+01 2.222401772949738188e+02
5.232821545431664134e+01 2.222854572077675073e+02
5.232368487289202363e+01 2.223444644512805155e+02
5.231915429146740593e+01 2.223700327346798531e+02
5.231462371004278822e+01 2.224202875689277334e+02
5.231009312861817762e+01 2.224346042991570584e+02
5.230556254719355991e+01 2.225069421329970396e+02
5.230103196576894220e+01 2.225000000877095090e+02
5.229650138434432449e+01 2.225519529668625296e+02
5.229197080291971389e+01 2.225541228140710643e+02
5.228744022149509618e+01 2.226117699940471937e+02
5.228290964007047847e+01 2.226308179069654045e+02
5.227837905864586077e+01 2.226708103401410597e+02
5.227384847722124306e+01 2.227096038184369888e+02
5.226931789579663246e+01 2.227403371770974161e+02
5.226478731437201475e+01 2.227967463200486691e+02
5.226025673294739704e+01 2.228439354615965158e+02
5.225572615152277933e+01 2.228955026276776721e+02
5.225119557009816873e+01 2.229254553391506590e+02
5.224666498867355102e+01 2.229924616241003719e+02
5.224213440724893331e+01 2.230262195273518273e+02
5.223760382582431561e+01 2.230619106859245164e+02
5.223307324439969790e+01 2.231159375776532841e+02
5.222854266297508730e+01 2.231216813730313504e+02
5.222401208155046959e+01 2.231608055820748575e+02
5.221948150012585188e+01 2.231759018225596378e+02
5.221495091870123417e+01 2.232131060993547749e+02
5.221042033727661646e+01 2.232596395630804125e+02
5.220588975585200586e+01 2.233031777225849339e+02
5.220135917442738815e+01 2.233445755977523675e+02
5.219682859300277045e+01 2.233870473302488904e+02
5.219229801157815274e+01 2.234420312523475900e+02
5.218776743015354214e+01 2.234520362724471738e+02
5.218323684872892443e+01 2.234702335233445751e+02
5.217870626730430672e+01 2.235083591415250908e+02
5.217417568587968901e+01 2.235478474772883430e+02
5.216964510445507130e+01 2.236186229409805151e+02
5.216511452303046070e+01 2.236688555668476113e+02
5.216058394160584299e+01 2.237071276699337545e+02
5.215605336018122529e+01 2.237397037539278983e+02
5.215152277875660758e+01 2.238064954961297985e+02
5.214699219733199698e+01 2.238317602409573794e+02
5.214246161590737927e+01 2.238987155887108713e+02
5.213793103448276156e+01 2.239380429214862431e+02
5.213340045305814385e+01 2.240003586860146640e+02
5.212886987163352615e+01 2.240340151463323934e+02
5.212433929020891554e+01 2.240838956677883971e+02
5.211980870878429783e+01 2.241063732271001925e+02
5.211527812735968013e+01 2.241178378656358632e+02
5.211074754593506242e+01 2.241251673298027072e+02
5.210621696451044471e+01 2.241496001050644793e+02
5.210168638308583411e+01 2.241812895651858923e+02
5.209715580166121640e+01 2.242041073114708070e+02
5.209262522023659869e+01 2.242149992712196251e+02
5.208809463881198099e+01 2.242147168521876495e+02
5.208356405738737038e+01 2.242507875153671648e+02
5.207903347596275268e+01 2.242932717655487238e+02
5.207450289453813497e+01 2.243392539191384287e+02
5.206997231311351726e+01 2.243910891572911339e+02
5.206544173168889955e+01 2.244312625962763263e+02
5.206091115026428895e+01 2.244578552877879929e+02
5.205638056883967124e+01 2.245193810120544242e+02
5.205184998741505353e+01 2.245486782217957114e+02
5.204731940599043583e+01 2.245964227585542687e+02
5.204278882456582522e+01 2.246154840605261995e+02
5.203825824314120752e+01 2.246698180058004368e+02
5.203372766171658981e+01 2.247284285999046176e+02
5.202919708029197210e+01 2.247571682458926432e+02
5.202466649886735439e+01 2.248003232849949882e+02
5.202013591744274379e+01 2.248522169631645227e+02
5.201560533601812608e+01 2.248889803682494914e+02
5.201107475459350837e+01 2.249345708088832509e+02
5.200654417316889067e+01 2.249796231914697273e+02
5.200201359174428006e+01 2.250069098675429018e+02
5.199748301031966236e+01 2.250417758836844087e+02
5.199295242889504465e+01 2.250770671946700929e+02
5.198842184747042694e+01 2.251255978172357572e+02
5.198389126604580923e+01 2.251631290762372828e+02
5.197936068462119863e+01 2.252171356506071334e+02
5.197483010319658092e+01 2.252509487762162621e+02
5.197029952177196321e+01 2.252898804926826415e+02
5.196576894034734551e+01 2.253066828083717610e+02
5.196123835892272780e+01 2.253431637105119592e+02
5.195670777749811720e+01 2.253708271095606506e+02
5.195217719607349949e+01 2.254078306743928408e+02
5.194764661464888178e+01 2.254471790989278759e+02
5.194311603322426407e+01 2.254672317984563961e+02
5.193858545179965347e+01 2.255132172361396670e+02
5.193405487037503576e+01 2.255371268922850163e+02
5.192952428895041805e+01 2.256170081635698921e+02
5.192499370752580035e+01 2.256267234836836622e+02
5.192046312610118264e+01 2.256762751796135831e+02
5.191593254467657204e+01 2.257049951043486544e+02
5.191140196325195433e+01 2.257228080498458382e+02
5.190687138182733662e+01 2.257646030083041069e+02
5.190234080040271891e+01 2.257936349194966681e+02
5.189781021897810831e+01 2.258321633114215672e+02
5.189327963755349060e+01 2.258807954649366252e+02
5.188874905612887289e+01 2.259332313398655288e+02
5.188421847470425519e+01 2.259870840710299262e+02
5.187968789327963748e+01 2.260488152992698758e+02
5.187515731185502688e+01 2.261435243741941008e+02
5.187062673043040917e+01 2.261804076974472082e+02
5.186609614900579146e+01 2.262470604320150755e+02
5.186156556758117375e+01 2.263030199001091205e+02
5.185703498615655604e+01 2.263452103042714896e+02
5.185250440473194544e+01 2.263957610955116309e+02
5.184797382330732773e+01 2.264445756132310237e+02
5.184344324188271003e+01 2.264845836696826211e+02
5.183891266045809232e+01 2.265250947400527366e+02
5.183438207903348172e+01 2.265684224308126318e+02
5.182985149760886401e+01 2.266177247855448513e+02
5.182532091618424630e+01 2.266593086363143073e+02
5.182079033475962859e+01 2.266966999452473033e+02
5.181625975333501088e+01 2.267355609053169587e+02
5.181172917191040028e+01 2.267834283962907307e+02
5.180719859048578257e+01 2.268286767011714744e+02
5.180266800906116487e+01 2.268591440306727236e+02
5.179813742763654716e+01 2.268998787968798752e+02
5.179360684621193656e+01 2.269719770284721676e+02
5.178907626478731885e+01 2.270191370920918814e+02
5.178454568336270114e+01 2.270501189405526361e+02
5.178001510193808343e+01 2.270985987034833613e+02
5.177548452051346572e+01 2.271372302200795446e+02
5.177095393908885512e+01 2.271697984855745176e+02
5.176642335766423741e+01 2.271924423180896042e+02
5.176189277623961971e+01 2.272167406667173566e+02
5.175736219481500200e+01 2.272278053104110995e+02
5.175283161339039140e+01 2.272733093358101542e+02
5.174830103196577369e+01 2.273171765225142451e+02
5.174377045054115598e+01 2.273912696924636521e+02
5.173923986911653827e+01 2.274339501432418729e+02
5.173470928769192057e+01 2.274535672978387879e+02
5.173017870626730996e+01 2.275036388488488512e+02
5.172564812484269225e+01 2.275359463570500509e+02
5.172111754341807455e+01 2.275901676808284435e+02
5.171658696199345684e+01 2.276069791694946503e+02
5.171205638056883913e+01 2.276365483951292390e+02
5.170752579914422853e+01 2.276670743740224907e+02
5.170299521771961082e+01 2.276955212285539289e+02
5.169846463629499311e+01 2.277314153717299803e+02
5.169393405487037541e+01 2.277666057395050245e+02
5.168940347344576480e+01 2.277911114130516808e+02
5.168487289202114709e+01 2.278486382477472318e+02
5.168034231059652939e+01 2.278761350908933423e+02
5.167581172917191168e+01 2.279167225883066408e+02
5.167128114774729397e+01 2.279577569294407624e+02
5.166675056632268337e+01 2.279739961733064035e+02
5.166221998489806566e+01 2.280241572315687506e+02
5.165768940347344795e+01 2.280510777229369239e+02
5.165315882204883025e+01 2.280934460993108530e+02
5.164862824062421964e+01 2.281562021864713756e+02
5.164409765919960194e+01 2.281879492466505894e+02
5.163956707777498423e+01 2.282298359435451403e+02
5.163503649635036652e+01 2.282671192683451409e+02
5.163050591492574881e+01 2.283092324920028773e+02
5.162597533350113821e+01 2.283593501396127010e+02
5.162144475207652050e+01 2.284175050929831912e+02
5.161691417065190279e+01 2.284651531512678559e+02
5.161238358922728509e+01 2.285037271824125753e+02
5.160785300780266738e+01 2.285529596124078466e+02
5.160332242637805678e+01 2.285913049147058018e+02
5.159879184495343907e+01 2.286527352410119249e+02
5.159426126352882136e+01 2.286819395351597564e+02
5.158973068210420365e+01 2.287246690457251646e+02
5.158520010067959305e+01 2.287916732910858855e+02
5.158066951925497534e+01 2.288309260109372474e+02
5.157613893783035763e+01 2.288773931099057677e+02
5.157160835640573993e+01 2.289175174121608904e+02
5.156707777498112222e+01 2.289424143552523674e+02
5.156254719355651162e+01 2.289777292029419584e+02
5.155801661213189391e+01 2.290290870163477166e+02
5.155348603070727620e+01 2.290556622713380932e+02
5.154895544928265849e+01 2.290743415260850213e+02
5.154442486785804789e+01 2.290933273201771385e+02
5.153989428643343018e+01 2.291284082019493553e+02
5.153536370500881247e+01 2.291634646284732071e+02
5.153083312358419477e+01 2.292038043286266884e+02
5.152630254215957706e+01 2.292402143548935953e+02
5.152177196073496646e+01 2.292811374574261549e+02
5.151724137931034875e+01 2.293076011194622481e+02
5.151271079788573104e+01 2.293502029921376675e+02
5.150818021646111333e+01 2.293761642117508757e+02
5.150364963503649562e+01 2.294389811040156246e+02
5.149911905361188502e+01 2.294858570312568702e+02
5.149458847218726731e+01 2.295477434063592170e+02
5.149005789076264961e+01 2.295969775618957271e+02
5.148552730933803190e+01 2.296493749726043063e+02
5.148099672791342130e+01 2.296751229756511918e+02
5.147646614648880359e+01 2.297134010575612422e+02
5.147193556506418588e+01 2.297332818841571509e+02
5.146740498363956817e+01 2.297707893499286911e+02
5.146287440221495046e+01 2.297990940891840239e+02
5.145834382079033986e+01 2.298462318102538688e+02
5.145381323936572215e+01 2.298931924794869985e+02
5.144928265794110445e+01 2.299078412506925702e+02
5.144475207651648674e+01 2.299442945227777670e+02
5.144022149509187614e+01 2.299555779024777848e+02
5.143569091366725843e+01 2.299907423848734993e+02
5.143116033224264072e+01 2.300464844174302357e+02
5.142662975081802301e+01 2.300901458743140893e+02
5.142209916939340530e+01 2.301585277433283636e+02
5.141756858796879470e+01 2.301841897361312590e+02
5.141303800654417699e+01 2.302112683097078047e+02
5.140850742511955929e+01 2.302338067404387800e+02
5.140397684369494158e+01 2.302444390224752624e+02
5.139944626227033098e+01 2.302815091218336931e+02
5.139491568084571327e+01 2.303186883499946020e+02
5.139038509942109556e+01 2.303737534914275216e+02
5.138585451799647785e+01 2.303840408045949175e+02
5.138132393657186014e+01 2.304260742276150040e+02
5.137679335514724954e+01 2.304380516107097776e+02
5.137226277372263183e+01 2.304960662572078149e+02
5.136773219229801413e+01 2.305307903331190005e+02
5.136320161087339642e+01 2.305752650653066951e+02
5.135867102944877871e+01 2.306335698491994322e+02
5.135414044802416811e+01 2.306869626594009048e+02
5.134960986659955040e+01 2.307442977984440233e+02
5.134507928517493269e+01 2.307743848733915968e+02
5.134054870375031498e+01 2.308264317944279185e+02
5.133601812232570438e+01 2.308513255195555018e+02
5.133148754090108667e+01 2.309004487351136561e+02
5.132695695947646897e+01 2.309083098373741336e+02
5.132242637805185126e+01 2.309458454340651770e+02
5.131789579662723355e+01 2.309791001451383181e+02
5.131336521520262295e+01 2.309969662009749243e+02
5.130883463377800524e+01 2.310310226493637629e+02
5.130430405235338753e+01 2.310673151353110768e+02
5.129977347092876983e+01 2.311027483715379844e+02
5.129524288950415922e+01 2.311506645561477171e+02
5.129071230807954151e+01 2.311683480495127867e+02
5.128618172665492381e+01 2.312071054441171896e+02
5.128165114523030610e+01 2.312514465754087780e+02
5.127712056380568839e+01 2.313088632001125120e+02
5.127258998238107779e+01 2.313663145562867953e+02
5.126805940095646008e+01 2.314236312701747806e+02
5.126352881953184237e+01 2.314701469177051365e+02
5.125899823810722467e+01 2.315215834670263746e+02
5.125446765668260696e+01 2.315654438940183582e+02
5.124993707525799636e+01 2.316004479423269800e+02
5.124540649383337865e+01 2.316522284404539391e+02
5.124087591240876094e+01 2.316714107843544070e+02
5.123634533098414323e+01 2.317449480030401503e+02
5.123181474955953263e+01 2.317788191584652679e+02
5.122728416813491492e+01 2.318188703412666598e+02
5.122275358671029721e+01 2.318635928318648780e+02
5.121822300528567951e+01 2.318963375766363981e+02
5.121369242386106180e+01 2.319370762869640430e+02
5.120916184243645120e+01 2.319770797290182429e+02
5.120463126101183349e+01 2.319987268213318430e+02
5.120010067958721578e+01 2.320114508607574919e+02
5.119557009816259807e+01 2.320536113832098692e+02
5.119103951673798747e+01 2.321032366276641312e+02
5.118650893531336976e+01 2.321666935151962434e+02
5.118197835388875205e+01 2.322150001659813938e+02
5.117744777246413435e+01 2.322493769151439835e+02
5.117291719103951664e+01 2.322744867907562707e+02
5.116838660961490604e+01 2.322983273914256870e+02
5.116385602819028833e+01 2.323250614269074106e+02
5.115932544676567062e+01 2.323249660985484297e+02
5.115479486534105291e+01 2.323596679020652971e+02
5.115026428391644231e+01 2.323829891677580974e+02
5.114573370249182460e+01 2.324219579984532231e+02
5.114120312106720689e+01 2.324659696722896740e+02
5.113667253964258919e+01 2.324905558757166091e+02
5.113214195821797148e+01 2.325588086021338370e+02
5.112761137679336088e+01 2.325650628208373405e+02
5.112308079536874317e+01 2.326326466078523083e+02
5.111855021394412546e+01 2.326753242513601947e+02
5.111401963251950775e+01 2.327322537971698750e+02
5.110948905109489004e+01 2.327991927736906348e+02
5.110495846967027944e+01 2.328308716337489557e+02
5.110042788824566173e+01 2.328956039089823378e+02
5.109589730682104403e+01 2.329164788845656062e+02
5.109136672539642632e+01 2.329494076240078471e+02
5.108683614397181572e+01 2.329798638621647910e+02
5.108230556254719801e+01 2.330200217691476610e+02
5.107777498112258030e+01 2.330732331550711365e+02
5.107324439969796259e+01 2.331323412457023778e+02
5.106871381827334488e+01 2.331900286994177804e+02
5.106418323684873428e+01 2.332181492902949458e+02
5.105965265542411657e+01 2.332682095943066543e+02
5.105512207399949887e+01 2.332975491640448240e+02
5.105059149257488116e+01 2.333414019234607792e+02
5.104606091115027056e+01 2.333787262749905835e+02
5.104153032972565285e+01 2.334248041490935464e+02
5.103699974830103514e+01 2.334580859329030318e+02
5.103246916687641743e+01 2.334878274464867616e+02
5.102793858545179972e+01 2.335259270648600989e+02
5.102340800402718912e+01 2.335553766771257642e+02
5.101887742260257141e+01 2.335886632318661214e+02
5.101434684117795371e+01 2.336180015599574062e+02
5.100981625975333600e+01 2.336665951423869956e+02
5.100528567832871829e+01 2.336952294090290252e+02
5.100075509690410769e+01 2.337483358778708578e+02
5.099622451547948998e+01 2.338114665227155911e+02
5.099169393405487227e+01 2.338683704950806828e+02
5.098716335263025456e+01 2.339238698747642218e+02
5.098263277120564396e+01 2.339634860917677486e+02
5.097810218978102625e+01 2.339927958830776618e+02
5.097357160835640855e+01 2.340208738699236051e+02
5.096904102693179084e+01 2.340737218738922536e+02
5.096451044550717313e+01 2.340921838760011156e+02
5.095997986408256253e+01 2.341311761424292115e+02
5.095544928265794482e+01 2.341643093016602961e+02
5.095091870123332711e+01 2.341776404198696753e+02
5.094638811980870940e+01 2.342228075588209890e+02
5.094185753838409880e+01 2.342464808231810025e+02
5.093732695695948109e+01 2.342956372021062350e+02
5.093279637553486339e+01 2.343315682305390339e+02
5.092826579411024568e+01 2.343937795724343118e+02
5.092373521268562797e+01 2.344498192573393567e+02
5.091920463126101737e+01 2.345180830470548017e+02
5.091467404983639966e+01 2.345514578471957634e+02
5.091014346841178195e+01 2.346042667958330696e+02
5.090561288698716425e+01 2.346583953346383851e+02
5.090108230556254654e+01 2.346905320317474377e+02
5.089655172413793593e+01 2.347255201375463969e+02
5.089202114271331823e+01 2.347456053577981834e+02
5.088749056128870052e+01 2.347762217009271239e+02
5.088295997986408281e+01 2.348363689675275623e+02
5.087842939843947221e+01 2.348748183435415342e+02
5.087389881701485450e+01 2.349266034380847543e+02
5.086936823559023679e+01 2.349679628686558601e+02
5.086483765416561909e+01 2.350039245214446169e+02
5.086030707274100138e+01 2.350531840639079917e+02
5.085577649131639077e+01 2.350973703409892437e+02
5.085124590989177307e+01 2.351392550780273325e+02
5.084671532846715536e+01 2.351978414674057376e+02
5.084218474704253765e+01 2.352432242725951710e+02
5.083765416561792705e+01 2.352848401224168811e+02
5.083312358419330934e+01 2.353029568546726011e+02
5.082859300276869163e+01 2.353622900298889249e+02
5.082406242134407393e+01 2.353922664469405674e+02
5.081953183991945622e+01 2.354410341410374201e+02
5.081500125849484562e+01 2.354742173574687172e+02
5.081047067707022791e+01 2.355187556363567296e+02
5.080594009564561020e+01 2.355553627625297111e+02
5.080140951422099249e+01 2.355859146055880728e+02
5.079687893279638189e+01 2.356254935346147761e+02
5.079234835137176418e+01 2.356656331316884518e+02
5.078781776994714647e+01 2.357151829826269989e+02
5.078328718852252877e+01 2.357674526103976689e+02
5.077875660709791106e+01 2.358064878519484751e+02
5.077422602567330046e+01 2.358727487227259871e+02
5.076969544424868275e+01 2.359049633026035337e+02
5.076516486282406504e+01 2.359837937104992989e+02
5.076063428139944733e+01 2.359970374689926018e+02
5.075610369997482962e+01 2.360446298856787166e+02
5.075157311855021902e+01 2.360932215099849998e+02
5.074704253712560131e+01 2.361222328286418417e+02
5.074251195570098361e+01 2.361544118054846422e+02
5.073798137427636590e+01 2.361666582772876950e+02
5.073345079285175530e+01 2.362044349983783320e+02
5.072892021142713759e+01 2.362246400107318607e+02
5.072438963000251988e+01 2.362560674208572209e+02
5.071985904857790217e+01 2.362828964251091861e+02
5.071532846715328446e+01 2.363297631971976784e+02
5.071079788572867386e+01 2.363640248738853131e+02
5.070626730430405615e+01 2.364207250505139939e+02
5.070173672287943845e+01 2.364582931623121453e+02
5.069720614145482074e+01 2.365129964476014379e+02
5.069267556003021014e+01 2.365592764109105417e+02
5.068814497860559243e+01 2.366033107598811398e+02
5.068361439718097472e+01 2.366524375988365705e+02
5.067908381575635701e+01 2.367039208122433536e+02
5.067455323433173930e+01 2.367681158716513892e+02
5.067002265290712870e+01 2.368354980436428150e+02
5.066549207148251099e+01 2.368783556851815888e+02
5.066096149005789329e+01 2.369257028805498635e+02
5.065643090863327558e+01 2.369474363083368758e+02
5.065190032720865787e+01 2.370025214159000200e+02
5.064736974578404727e+01 2.370448600595035771e+02
5.064283916435942956e+01 2.371111922543298931e+02
5.063830858293481185e+01 2.371594252741381581e+02
5.063377800151019414e+01 2.371951202102466425e+02
5.062924742008558354e+01 2.372547342094782437e+02
5.062471683866096583e+01 2.372962706557076729e+02
5.062018625723634813e+01 2.373507082412328373e+02
5.061565567581173042e+01 2.374130470640169790e+02
5.061112509438711271e+01 2.374462964375908314e+02
5.060659451296250211e+01 2.374862440386011713e+02
5.060206393153788440e+01 2.375285291082552135e+02
5.059753335011326669e+01 2.375614744002317025e+02
5.059300276868864898e+01 2.375929184173274962e+02
5.058847218726403838e+01 2.376206413186905877e+02
5.058394160583942067e+01 2.376568480567477764e+02
5.057941102441480297e+01 2.376990322675032985e+02
5.057488044299018526e+01 2.377166337719376372e+02
5.057034986156556755e+01 2.377510799108643482e+02
5.056581928014095695e+01 2.377879967324624317e+02
5.056128869871633924e+01 2.378459138569145637e+02
5.055675811729172153e+01 2.379114137600060133e+02
5.055222753586710382e+01 2.379396799670628013e+02
5.054769695444248612e+01 2.379820709370730754e+02
5.054316637301787551e+01 2.380117363555213785e+02
5.053863579159325781e+01 2.380359117788030971e+02
5.053410521016864010e+01 2.380799568092831180e+02
5.052957462874402239e+01 2.381199914432682192e+02
5.052504404731941179e+01 2.381613879892931891e+02
5.052051346589479408e+01 2.381856058956464608e+02
5.051598288447017637e+01 2.382215442473336395e+02
5.051145230304555866e+01 2.382511213768788707e+02
5.050692172162094096e+01 2.383052347286075872e+02
5.050239114019633035e+01 2.383354617854945730e+02
5.049786055877171265e+01 2.383842443993567031e+02
5.049332997734709494e+01 2.384409630307483212e+02
5.048879939592247723e+01 2.384884145734401670e+02
5.048426881449786663e+01 2.385831324770804258e+02
5.047973823307324892e+01 2.386320234776523819e+02
5.047520765164863121e+01 2.386823135363591177e+02
5.047067707022401351e+01 2.387289008294661983e+02
5.046614648879939580e+01 2.387713746847380207e+02
5.046161590737478519e+01 2.388150124822765861e+02
5.045708532595016749e+01 2.388689862591631368e+02
5.045255474452554978e+01 2.389079019244399831e+02
5.044802416310093207e+01 2.389387451120407491e+02
5.044349358167632147e+01 2.389900372578121051e+02
5.043896300025170376e+01 2.390240783754643701e+02
5.043443241882708605e+01 2.390761696677548116e+02
5.042990183740246835e+01 2.391005473327896311e+02
5.042537125597785064e+01 2.391198468850607242e+02
5.042084067455324004e+01 2.391667721661594896e+02
5.041631009312862233e+01 2.391890350414673492e+02
5.041177951170400462e+01 2.392365204699745789e+02
5.040724893027938691e+01 2.392551806199157056e+02
5.040271834885476920e+01 2.392835886364692897e+02
5.039818776743015860e+01 2.393085213950914465e+02
5.039365718600554089e+01 2.393233520539524193e+02
5.038912660458092319e+01 2.393655349320964092e+02
5.038459602315630548e+01 2.393917198414086727e+02
5.038006544173169488e+01 2.394481568553574959e+02
5.037553486030707717e+01 2.394712342132769436e+02
5.037100427888245946e+01 2.395375394427731521e+02
5.036647369745784175e+01 2.395677290060060045e+02
5.036194311603322404e+01 2.396268214508942833e+02
5.035741253460861344e+01 2.396600654162969306e+02
5.035288195318399573e+01 2.397096849061450428e+02
5.034835137175937803e+01 2.397461092805874046e+02
5.034382079033476032e+01 2.397817857246927247e+02
5.033929020891014972e+01 2.398062919888113527e+02
5.033475962748553201e+01 2.398584639871453987e+02
5.033022904606091430e+01 2.399029850892899844e+02
5.032569846463629659e+01 2.399544997727474254e+02
5.032116788321167888e+01 2.400006845104454669e+02
5.031663730178706828e+01 2.400153721380393392e+02
5.031210672036245057e+01 2.400605644023879677e+02
5.030757613893783287e+01 2.400967336950200774e+02
5.030304555751321516e+01 2.401344904423353910e+02
5.029851497608859745e+01 2.401721843147690549e+02
5.029398439466398685e+01 2.401870583910878452e+02
5.028945381323936914e+01 2.402226326481287515e+02
5.028492323181475143e+01 2.402577299391866745e+02
5.028039265039013372e+01 2.403063882212892111e+02
5.027586206896552312e+01 2.403387132865008482e+02
5.027133148754090541e+01 2.403704072066264530e+02
5.026680090611628771e+01 2.404157833843248397e+02
5.026227032469167000e+01 2.404563388700624955e+02
5.025773974326705229e+01 2.405093214034228311e+02
5.025320916184244169e+01 2.405554320133590238e+02
5.024867858041782398e+01 2.405827291340617080e+02
5.024414799899320627e+01 2.406168787420396313e+02
5.023961741756858856e+01 2.406447256488840480e+02
5.023508683614397796e+01 2.406735305246087933e+02
5.023055625471936025e+01 2.407155146631039031e+02
5.022602567329474255e+01 2.407167131490624286e+02
5.022149509187012484e+01 2.407662336384729542e+02
5.021696451044550713e+01 2.407853422499237581e+02
5.021243392902089653e+01 2.408246783918908420e+02
5.020790334759627882e+01 2.408560907950625847e+02
5.020337276617166111e+01 2.408941334238349157e+02
5.019884218474704340e+01 2.409415874834514568e+02
5.019431160332243280e+01 2.410002982897874517e+02
5.018978102189781509e+01 2.410789687078334111e+02
5.018525044047319739e+01 2.411336639252284044e+02
5.018071985904857968e+01 2.411798572556932356e+02
5.017618927762396197e+01 2.412336855686921808e+02
5.017165869619935137e+01 2.412768764807549360e+02
5.016712811477473366e+01 2.413031238033919124e+02
5.016259753335011595e+01 2.413484877736859460e+02
5.015806695192549824e+01 2.413784570939245100e+02
5.015353637050088054e+01 2.414327166243480747e+02
5.014900578907626993e+01 2.414759352481518704e+02
5.014447520765165223e+01 2.415101477845381623e+02
5.013994462622703452e+01 2.415516193413962185e+02
5.013541404480241681e+01 2.415867229240812151e+02
5.013088346337780621e+01 2.416270736277150775e+02
5.012635288195318850e+01 2.416619985867269520e+02
5.012182230052857079e+01 2.416981132186306525e+02
5.011729171910395308e+01 2.417472300088412283e+02
5.011276113767933538e+01 2.417684363126482765e+02
5.010823055625472477e+01 2.418117256967325659e+02
5.010369997483010707e+01 2.418393403567617952e+02
5.009916939340548936e+01 2.418658582644628154e+02
5.009463881198087165e+01 2.418767148424890081e+02
5.009010823055626105e+01 2.419034317971517112e+02
5.008557764913164334e+01 2.419249092072792848e+02
5.008104706770702563e+01 2.419526493618465395e+02
5.007651648628240793e+01 2.420032130139485105e+02
5.007198590485779022e+01 2.420356282261205081e+02
5.006745532343317961e+01 2.420921816935563413e+02
5.006292474200856191e+01 2.421237320547697323e+02
5.005839416058394420e+01 2.421419638622119805e+02
5.005386357915932649e+01 2.421946956056024476e+02
5.004933299773470878e+01 2.422614620237347367e+02
5.004480241631009818e+01 2.423220444054803693e+02
5.004027183488548047e+01 2.423613786639695888e+02
5.003574125346086277e+01 2.423904677809429415e+02
5.003121067203624506e+01 2.424123574898019911e+02
5.002668009061163445e+01 2.424512632050456205e+02
5.002214950918701675e+01 2.424814822267630916e+02
5.001761892776239904e+01 2.425280865275099984e+02
5.001308834633778133e+01 2.425707280110636077e+02
5.000855776491316362e+01 2.426189720374794092e+02
5.000402718348855302e+01 2.426635436940786406e+02
4.999949660206393531e+01 2.427083784288126651e+02
4.999496602063931761e+01 2.427447169216075906e+02
4.999043543921469990e+01 2.427692696257656451e+02
4.998590485779008930e+01 2.428291905929461336e+02
4.998137427636547159e+01 2.428748760035461203e+02
4.997684369494085388e+01 2.429276849213809726e+02
4.997231311351623617e+01 2.429426520976959125e+02
4.996778253209161846e+01 2.429718798914739182e+02
4.996325195066700786e+01 2.429818890675149987e+02
4.995872136924239015e+01 2.430204970410681824e+02
4.995419078781777245e+01 2.430487646570091442e+02
4.994966020639315474e+01 2.430825434560644851e+02
4.994512962496853703e+01 2.431290686121620581e+02
4.994059904354392643e+01 2.431700148419350569e+02
4.993606846211930872e+01 2.432214126738364826e+02
4.993153788069469101e+01 2.432712847069496718e+02
4.992700729927007330e+01 2.433030460163599287e+02
4.992247671784546270e+01 2.433594601259031833e+02
4.991794613642084499e+01 2.433856187112013458e+02
4.991341555499622729e+01 2.434182804425841766e+02
4.990888497357160958e+01 2.434655102352952838e+02
4.990435439214699187e+01 2.435130705794572634e+02
4.989982381072238127e+01 2.435370451918065271e+02
4.989529322929776356e+01 2.435897061913292703e+02
4.989076264787314585e+01 2.436077022351998949e+02
4.988623206644852814e+01 2.436455702292875856e+02
4.988170148502391754e+01 2.436934395836893827e+02
4.987717090359929983e+01 2.437351717005481078e+02
4.987264032217468213e+01 2.437623847950337961e+02
4.986810974075006442e+01 2.437962070566889849e+02
4.986357915932544671e+01 2.438415267304547740e+02
4.985904857790083611e+01 2.439159201179905381e+02
4.985451799647621840e+01 2.439503767672861443e+02
4.984998741505160069e+01 2.439993558504872624e+02
4.984545683362698298e+01 2.440095510254952558e+02
4.984092625220237238e+01 2.440554726145544464e+02
4.983639567077775467e+01 2.441079387787110306e+02
4.983186508935313697e+01 2.441728861153411003e+02
4.982733450792851926e+01 2.442186440001778180e+02
4.982280392650390155e+01 2.442640450361539592e+02
4.981827334507929095e+01 2.443040958693195535e+02
4.981374276365467324e+01 2.443353013831729186e+02
4.980921218223005553e+01 2.443787668230483519e+02
4.980468160080543782e+01 2.444086519276994807e+02
4.980015101938082012e+01 2.444337459529087937e+02
4.979562043795620951e+01 2.444810613610135022e+02
4.979108985653159181e+01 2.445056480735229343e+02
4.978655927510697410e+01 2.445384424310949214e+02
4.978202869368235639e+01 2.445700636424838024e+02
4.977749811225774579e+01 2.446095847159273546e+02
4.977296753083312808e+01 2.446754148798003996e+02
4.976843694940851037e+01 2.447352214809596376e+02
4.976390636798389266e+01 2.447593841208440040e+02
4.975937578655927496e+01 2.447974663563538229e+02
4.975484520513466435e+01 2.448284634885349647e+02
4.975031462371004665e+01 2.448650315565143671e+02
4.974578404228542894e+01 2.449037647746253299e+02
4.974125346086081123e+01 2.449434978738918289e+02
4.973672287943620063e+01 2.449630915636116413e+02
4.973219229801158292e+01 2.449950712588463375e+02
4.972766171658696521e+01 2.450197172828445957e+02
4.972313113516234750e+01 2.450509881169462005e+02
4.971860055373772980e+01 2.450968575704240209e+02
4.971406997231311919e+01 2.451390154510312129e+02
4.970953939088850149e+01 2.452076686726654771e+02
4.970500880946388378e+01 2.452476286899336060e+02
4.970047822803926607e+01 2.452966938000243715e+02
4.969594764661464836e+01 2.453196780156155796e+02
4.969141706519003776e+01 2.453582933361730909e+02
4.968688648376542005e+01 2.453929249643421429e+02
4.968235590234080234e+01 2.454175736755628350e+02
4.967782532091618464e+01 2.454584717977668333e+02
4.967329473949157403e+01 2.454792978394052909e+02
4.966876415806695633e+01 2.455381152982028254e+02
4.966423357664233862e+01 2.455814706441936153e+02
4.965970299521772091e+01 2.456259212896745510e+02
4.965517241379310320e+01 2.456597124398295762e+02
4.965064183236849260e+01 2.457075156733249628e+02
4.964611125094387489e+01 2.457386496928960469e+02
4.964158066951925719e+01 2.457851695138371895e+02
4.963705008809463948e+01 2.458337675653100405e+02
4.963251950667002887e+01 2.458681675658940264e+02
4.962798892524541117e+01 2.458964550713778010e+02
4.962345834382079346e+01 2.459392531856554740e+02
4.961892776239617575e+01 2.459828371417415553e+02
4.961439718097155804e+01 2.460346840292568515e+02
4.960986659954694744e+01 2.460689217054736844e+02
4.960533601812232973e+01 2.461363761766453138e+02
4.960080543669771203e+01 2.461838939706575218e+02
4.959627485527309432e+01 2.462466608475199621e+02
4.959174427384847661e+01 2.463022809764895840e+02
4.958721369242386601e+01 2.463411143183145384e+02
4.958268311099924830e+01 2.464158317698518772e+02
4.957815252957463059e+01 2.464432379356624381e+02
4.957362194815001288e+01 2.464935708417267222e+02
4.956909136672540228e+01 2.465395115290791921e+02
4.956456078530078457e+01 2.465803655329793855e+02
4.956003020387616687e+01 2.466098179183611023e+02
4.955549962245154916e+01 2.466528692721907987e+02
4.955096904102693145e+01 2.466715431356050772e+02
4.954643845960232085e+01 2.467157315511010154e+02
4.954190787817770314e+01 2.467448333857884393e+02
4.953737729675308543e+01 2.467937809835482028e+02
4.953284671532846772e+01 2.468259268507614763e+02
4.952831613390385712e+01 2.468755995658394795e+02
4.952378555247923941e+01 2.469319276665175380e+02
4.951925497105462171e+01 2.469797453507025011e+02
4.951472438963000400e+01 2.470135102533880627e+02
4.951019380820538629e+01 2.470405426001197782e+02
4.950566322678077569e+01 2.470724802295904681e+02
4.950113264535615798e+01 2.471054286268870896e+02
4.949660206393154027e+01 2.471315978702020004e+02
4.949207148250692256e+01 2.471643081780611055e+02
4.948754090108231196e+01 2.471800936561509729e+02
4.948301031965769425e+01 2.472320708039979991e+02
4.947847973823307655e+01 2.472679963071015266e+02
4.947394915680845884e+01 2.473237104384712950e+02
4.946941857538384113e+01 2.473553654161451618e+02
4.946488799395923053e+01 2.474193247880106696e+02
4.946035741253461282e+01 2.474564142220430938e+02
4.945582683110999511e+01 2.475098366804442094e+02
4.945129624968537740e+01 2.475594270846327447e+02
4.944676566826075970e+01 2.476234450303990684e+02
4.944223508683614909e+01 2.476980202527390134e+02
4.943770450541153139e+01 2.477698339518326520e+02
4.943317392398691368e+01 2.478174128788045891e+02
4.942864334256229597e+01 2.478627412078188854e+02
4.942411276113768537e+01 2.479183765312755270e+02
4.941958217971306766e+01 2.479537590762307673e+02
4.941505159828844995e+01 2.479807699272375601e+02
4.941052101686383224e+01 2.480199651853252192e+02
4.940599043543921454e+01 2.480278452050336284e+02
4.940145985401460393e+01 2.480421522177600480e+02
4.939692927258998623e+01 2.480655786250038943e+02
4.939239869116536852e+01 2.480649838774959619e+02
4.938786810974075081e+01 2.480908710782597097e+02
4.938333752831614021e+01 2.481290038423307180e+02
4.937880694689152250e+01 2.481852553864046911e+02
4.937427636546690479e+01 2.482148558082778038e+02
4.936974578404228708e+01 2.482597558437972509e+02
4.936521520261766938e+01 2.482883343671032605e+02
4.936068462119305877e+01 2.483285156877262807e+02
4.935615403976844107e+01 2.483891833695969638e+02
4.935162345834382336e+01 2.484304844569247734e+02
4.934709287691920565e+01 2.484698675437972497e+02
4.934256229549458794e+01 2.485051330325077572e+02
4.933803171406997734e+01 2.485981365240164678e+02
4.933350113264535963e+01 2.486255221720480506e+02
4.932897055122074192e+01 2.486757578319788138e+02
4.932443996979612422e+01 2.486902079255384024e+02
4.931990938837151361e+01 2.487042031310007246e+02
4.931537880694689591e+01 2.487502537415391259e+02
4.931084822552227820e+01 2.487684435321448575e+02
4.930631764409766049e+01 2.487941743485501718e+02
4.930178706267304278e+01 2.488156239135578289e+02
4.929725648124843218e+01 2.488440901631325062e+02
4.929272589982381447e+01 2.488951918632116076e+02
4.928819531839919676e+01 2.489281768674038915e+02
4.928366473697457906e+01 2.489568133558443037e+02
4.927913415554996845e+01 2.489889827471279773e+02
4.927460357412535075e+01 2.490614563007948448e+02
4.927007299270073304e+01 2.490927189985496568e+02
4.926554241127611533e+01 2.491675902217604630e+02
4.926101182985149762e+01 2.491842369761087070e+02
4.925648124842688702e+01 2.492340046742602908e+02
4.925195066700226931e+01 2.492586830103313105e+02
4.924742008557765161e+01 2.493012537681035781e+02
4.924288950415303390e+01 2.493294007374406931e+02
4.923835892272842329e+01 2.493582788935865437e+02
4.923382834130380559e+01 2.493616043435821155e+02
4.922929775987918788e+01 2.494078621979439845e+02
4.922476717845457017e+01 2.494496230748493133e+02
4.922023659702995246e+01 2.494890116991258537e+02
4.921570601560534186e+01 2.495104592169030866e+02
4.921117543418072415e+01 2.495160366769555935e+02
4.920664485275610645e+01 2.495698763773219753e+02
4.920211427133148874e+01 2.496080198514734434e+02
4.919758368990687103e+01 2.496596411873723866e+02
4.919305310848226043e+01 2.496752683813485021e+02
4.918852252705764272e+01 2.496871335870628741e+02
4.918399194563302501e+01 2.497168445099374310e+02
4.917946136420840730e+01 2.497209960165497478e+02
4.917493078278379670e+01 2.497546896220642338e+02
4.917040020135917899e+01 2.497688660555819524e+02
4.916586961993456129e+01 2.498024884463504804e+02
4.916133903850994358e+01 2.498329609442241406e+02
4.915680845708532587e+01 2.498770206560865859e+02
4.915227787566071527e+01 2.499217023616418203e+02
4.914774729423609756e+01 2.499575093943371940e+02
4.914321671281147985e+01 2.500001215879682093e+02
4.913868613138686214e+01 2.500447903701394807e+02
4.913415554996225154e+01 2.501101466553784007e+02
4.912962496853763383e+01 2.501707413338257311e+02
4.912509438711301613e+01 2.502203200502814866e+02
4.912056380568839842e+01 2.502560511569483310e+02
4.911603322426378071e+01 2.502819636576873563e+02
4.911150264283917011e+01 2.503157863750055583e+02
4.910697206141455240e+01 2.503532763516548982e+02
4.910244147998993469e+01 2.503539128557601430e+02
4.909791089856531698e+01 2.503782219543315364e+02
4.909338031714069928e+01 2.504361339517568013e+02
4.908884973571608867e+01 2.504489735708331182e+02
4.908431915429147097e+01 2.505174430172027371e+02
4.907978857286685326e+01 2.505275277050953378e+02
4.907525799144223555e+01 2.505778750495900056e+02
4.907072741001762495e+01 2.506274498146549661e+02
4.906619682859300724e+01 2.506666249686313961e+02
4.906166624716838953e+01 2.507129625911101130e+02
4.905713566574377182e+01 2.507700010600333655e+02
4.905260508431915412e+01 2.507969913497408641e+02
4.904807450289454351e+01 2.508437442063813023e+02
4.904354392146992581e+01 2.508452070413158026e+02
4.903901334004530810e+01 2.508644336179865206e+02
4.903448275862069039e+01 2.508869405238567651e+02
4.902995217719607979e+01 2.509177431714055047e+02
4.902542159577146208e+01 2.509675303765092167e+02
4.902089101434684437e+01 2.510096898280111191e+02
4.901636043292222666e+01 2.510715365705016779e+02
4.901182985149760896e+01 2.511013781735535417e+02
4.900729927007299835e+01 2.511460347318039510e+02
4.900276868864838065e+01 2.511943124126368900e+02
4.899823810722376294e+01 2.512347738327778472e+02
4.899370752579914523e+01 2.512472246029466021e+02
4.898917694437452752e+01 2.512839060794366048e+02
4.898464636294991692e+01 2.513109061357773157e+02
4.898011578152529921e+01 2.513510786628972369e+02
4.897558520010068150e+01 2.514003634534521723e+02
4.897105461867606380e+01 2.514246171342884963e+02
4.896652403725145319e+01 2.514681202387040742e+02
4.896199345582683549e+01 2.515231011584700127e+02
4.895746287440221778e+01 2.515478866605136830e+02
4.895293229297760007e+01 2.515804645737605370e+02
4.894840171155298236e+01 2.515924910442005853e+02
4.894387113012837176e+01 2.516489269339340922e+02
4.893934054870375405e+01 2.516627260604231537e+02
4.893480996727913634e+01 2.517089974294881074e+02
4.893027938585451864e+01 2.517561758116032138e+02
4.892574880442990803e+01 2.517820513451464706e+02
4.892121822300529033e+01 2.518332489051455809e+02
4.891668764158067262e+01 2.518717843942659158e+02
4.891215706015605491e+01 2.519286113442171597e+02
4.890762647873143720e+01 2.519428379021971693e+02
4.890309589730682660e+01 2.519939356030281772e+02
4.889856531588220889e+01 2.519970614139544978e+02
4.889403473445759118e+01 2.520624830092913555e+02
4.888950415303297348e+01 2.521026915581899743e+02
4.888497357160836287e+01 2.521307406376151050e+02
4.888044299018374517e+01 2.521702601936409849e+02
4.887591240875912746e+01 2.521826460528001235e+02
4.887138182733450975e+01 2.522311750420151100e+02
4.886685124590989204e+01 2.522505830894527037e+02
4.886232066448528144e+01 2.522932060396202019e+02
4.885779008306066373e+01 2.523332121981671889e+02
4.885325950163604602e+01 2.523733353142033025e+02
4.884872892021142832e+01 2.524019354433266074e+02
4.884419833878681061e+01 2.524205747168130642e+02
4.883966775736220001e+01 2.524621636525889983e+02
4.883513717593758230e+01 2.524744793129510754e+02
4.883060659451296459e+01 2.525208104278445376e+02
4.882607601308834688e+01 2.525664012358955972e+02
4.882154543166373628e+01 2.526141847147479496e+02
4.881701485023911857e+01 2.526542471306400728e+02
4.881248426881450087e+01 2.526718118157521644e+02
4.880795368738988316e+01 2.527132486443920811e+02
4.880342310596526545e+01 2.527614290075852352e+02
4.879889252454065485e+01 2.528184401233247627e+02
4.879436194311603714e+01 2.528580371361231869e+02
4.878983136169141943e+01 2.528736959222403584e+02
4.878530078026680172e+01 2.529129219324364612e+02
4.878077019884219112e+01 2.529499802180394852e+02
4.877623961741757341e+01 2.529722516981625517e+02
4.877170903599295571e+01 2.530155241802039257e+02
4.876717845456833800e+01 2.530335358695772641e+02
4.876264787314372029e+01 2.530562497465434717e+02
4.875811729171910969e+01 2.530918756424146352e+02
4.875358671029449198e+01 2.531268328241708616e+02
4.874905612886987427e+01 2.531447892044957655e+02
4.874452554744525656e+01 2.531514140814402083e+02
4.873999496602063886e+01 2.531805887599224150e+02
4.873546438459602825e+01 2.531970781647161175e+02
4.873093380317141055e+01 2.532465860779960565e+02
4.872640322174679284e+01 2.532742077438617230e+02
4.872187264032217513e+01 2.533087205096809669e+02
4.871734205889756453e+01 2.533372697440744048e+02
4.871281147747294682e+01 2.533866224221793857e+02
4.870828089604832911e+01 2.534273999393772954e+02
4.870375031462371140e+01 2.534793870563981386e+02
4.869921973319909370e+01 2.535365538709576185e+02
4.869468915177448309e+01 2.535676111795649206e+02
4.869015857034986539e+01 2.536241262856486856e+02
4.868562798892524768e+01 2.536679925585735305e+02
4.868109740750062997e+01 2.537157420902871365e+02
4.867656682607601937e+01 2.537553334069831408e+02
4.867203624465140166e+01 2.538155447067729540e+02
4.866750566322678395e+01 2.538527973168297933e+02
4.866297508180216624e+01 2.539131964619485871e+02
4.865844450037754854e+01 2.539699977740417864e+02
4.865391391895293793e+01 2.540177531210804602e+02
4.864938333752832023e+01 2.540415402558719791e+02
4.864485275610370252e+01 2.540665098495761356e+02
4.864032217467908481e+01 2.540790576571875192e+02
4.863579159325447421e+01 2.540943200943956697e+02
4.863126101182985650e+01 2.541223984119906163e+02
4.862673043040523879e+01 2.541490216544421799e+02
4.862219984898062108e+01 2.541945500670684055e+02
4.861766926755600338e+01 2.542155090197653919e+02
4.861313868613139277e+01 2.542472906353986559e+02
4.860860810470677507e+01 2.542935810834016195e+02
4.860407752328215736e+01 2.543400617385545672e+02
4.859954694185753965e+01 2.543780965069680633e+02
4.859501636043292194e+01 2.544349978572017505e+02
4.859048577900831134e+01 2.544945412570768042e+02
4.858595519758369363e+01 2.545401605403498309e+02
4.858142461615907592e+01 2.545709921217639078e+02
4.857689403473445822e+01 2.545953459595759796e+02
4.857236345330984761e+01 2.546350299879517820e+02
4.856783287188522991e+01 2.546697663619837897e+02
4.856330229046061220e+01 2.547139163544732412e+02
4.855877170903599449e+01 2.547598152418426594e+02
4.855424112761137678e+01 2.547959905157293576e+02
4.854971054618676618e+01 2.548244600362683911e+02
4.854517996476214847e+01 2.548908979564257038e+02
4.854064938333753076e+01 2.549138938252503124e+02
4.853611880191291306e+01 2.549758911821893435e+02
4.853158822048830245e+01 2.550013680783927725e+02
4.852705763906368475e+01 2.550537777258214760e+02
4.852252705763906704e+01 2.550964218219995132e+02
4.851799647621444933e+01 2.551701171567721644e+02
4.851346589478983162e+01 2.552179647487862724e+02
4.850893531336522102e+01 2.552836055851689707e+02
4.850440473194060331e+01 2.553313296356702722e+02
4.849987415051598560e+01 2.553322690800961254e+02
4.849534356909136790e+01 2.553625947741930986e+02
4.849081298766675019e+01 2.553833713351801862e+02
4.848628240624213959e+01 2.554274253700804707e+02
4.848175182481752188e+01 2.554483736032693173e+02
4.847722124339290417e+01 2.554794191366187306e+02
4.847269066196828646e+01 2.555031991761107690e+02
4.846816008054367586e+01 2.555222173008161235e+02
4.846362949911905815e+01 2.555451940208770338e+02
4.845909891769444044e+01 2.555677014286753774e+02
4.845456833626982274e+01 2.555977787010857867e+02
4.845003775484520503e+01 2.556408528558086743e+02
4.844550717342059443e+01 2.556811775547543562e+02
4.844097659199597672e+01 2.557447226098581723e+02
4.843644601057135901e+01 2.557918456337107216e+02
4.843191542914674130e+01 2.558635327469752667e+02
4.842738484772213070e+01 2.559227011786522326e+02
4.842285426629751299e+01 2.559879793157507493e+02
4.841832368487289529e+01 2.560270758868086318e+02
4.841379310344827758e+01 2.560773656049751139e+02
4.840926252202365987e+01 2.561312766031010710e+02
4.840473194059904927e+01 2.561855498027450153e+02
4.840020135917443156e+01 2.562327994563787001e+02
4.839567077774981385e+01 2.562780857245572861e+02
4.839114019632519614e+01 2.563327631804171460e+02
4.838660961490057844e+01 2.563467455375620148e+02
4.838207903347596783e+01 2.563824560943538700e+02
4.837754845205135013e+01 2.564155339840262400e+02
4.837301787062673242e+01 2.564331470489136109e+02
4.836848728920211471e+01 2.564732053078397485e+02
4.836395670777750411e+01 2.564962243771241219e+02
4.835942612635288640e+01 2.565442287167184645e+02
4.835489554492826869e+01 2.565686007304729515e+02
4.835036496350365098e+01 2.566031049561323130e+02
4.834583438207903328e+01 2.566337148538108863e+02
4.834130380065442267e+01 2.566742012765850518e+02
4.833677321922980497e+01 2.567007615538942105e+02
4.833224263780518726e+01 2.567340599580725211e+02
4.832771205638056955e+01 2.567842640152727540e+02
4.832318147495595895e+01 2.568213884822860678e+02
4.831865089353134124e+01 2.569057039439242658e+02
4.831412031210672353e+01 2.569217287904535283e+02
4.830958973068210582e+01 2.569872522012589116e+02
4.830505914925748812e+01 2.570282122072426318e+02
4.830052856783287751e+01 2.570834508465069916e+02
4.829599798640825981e+01 2.571439346532293939e+02
4.829146740498364210e+01 2.571857116389873568e+02
4.828693682355902439e+01 2.572209181046291633e+02
4.828240624213441379e+01 2.572655188146398473e+02
4.827787566070979608e+01 2.573077278806234744e+02
4.827334507928517837e+01 2.573485512523157013e+02
4.826881449786056066e+01 2.574114451035324578e+02
4.826428391643594296e+01 2.574404573267797218e+02
4.825975333501133235e+01 2.574655711689819668e+02
4.825522275358671465e+01 2.575260110437143908e+02
4.825069217216209694e+01 2.575458305016754252e+02
4.824616159073747923e+01 2.575742223069234456e+02
4.824163100931286152e+01 2.575980510206729264e+02
4.823710042788825092e+01 2.576130180852961189e+02
4.823256984646363321e+01 2.576498743469704209e+02
4.822803926503901550e+01 2.576835249121684228e+02
4.822350868361439780e+01 2.577454325397343382e+02
4.821897810218978719e+01 2.577909802580445557e+02
4.821444752076516949e+01 2.578460930300465748e+02
4.820991693934055178e+01 2.578798392160195476e+02
4.820538635791593407e+01 2.579005835556615125e+02
4.820085577649131636e+01 2.579131697509264427e+02
4.819632519506670576e+01 2.579619834743400020e+02
4.819179461364208805e+01 2.580073781898478273e+02
4.818726403221747034e+01 2.580546093656042785e+02
4.818273345079285264e+01 2.580977908036246617e+02
4.817820286936824203e+01 2.581084503871191487e+02
4.817367228794362433e+01 2.581375063509958068e+02
4.816914170651900662e+01 2.581608188376417843e+02
4.816461112509438891e+01 2.582284376174814611e+02
4.816008054366977120e+01 2.582647990347392692e+02
4.815554996224516060e+01 2.582910635760060245e+02
4.815101938082054289e+01 2.583213562531724961e+02
4.814648879939592518e+01 2.583547642769505046e+02
4.814195821797130748e+01 2.584083619078922425e+02
4.813742763654668977e+01 2.584344671541369394e+02
4.813289705512207917e+01 2.584823401106841061e+02
4.812836647369746146e+01 2.585095801455617561e+02
4.812383589227284375e+01 2.585476037678983516e+02
4.811930531084822604e+01 2.585854452878392067e+02
4.811477472942361544e+01 2.586175280896495110e+02
4.811024414799899773e+01 2.586615464277785463e+02
4.810571356657438002e+01 2.587204592267733005e+02
4.810118298514976232e+01 2.587613819610183441e+02
4.809665240372514461e+01 2.587982074421702237e+02
4.809212182230053401e+01 2.588483593338274318e+02
4.808759124087591630e+01 2.589023968276221126e+02
4.808306065945129859e+01 2.589313112212741430e+02
4.807853007802668088e+01 2.589722937404973209e+02
4.807399949660207028e+01 2.590166286497439501e+02
4.806946891517745257e+01 2.590446041796699888e+02
4.806493833375283486e+01 2.590834372678339150e+02
4.806040775232821716e+01 2.591107085626401272e+02
4.805587717090359945e+01 2.591600673851257284e+02
4.805134658947898885e+01 2.592034912086567147e+02
4.804681600805437114e+01 2.592559796250556587e+02
4.804228542662975343e+01 2.592964326905888583e+02
4.803775484520513572e+01 2.593402081959146130e+02
4.803322426378051802e+01 2.593686345030608891e+02
4.802869368235590741e+01 2.594103049316766487e+02
4.802416310093128970e+01 2.594558333129439234e+02
4.801963251950667200e+01 2.594818630073291388e+02
4.801510193808205429e+01 2.595012080157832202e+02
4.801057135665744369e+01 2.595499471775694929e+02
4.800604077523282598e+01 2.595931879933649498e+02
4.800151019380820827e+01 2.596473475031232283e+02
4.799697961238359056e+01 2.596935394701943096e+02
4.799244903095897286e+01 2.597551962401216201e+02
4.798791844953436225e+01 2.597921562158268785e+02
4.798338786810974455e+01 2.598429147023941823e+02
4.797885728668512684e+01 2.598833957632906504e+02
4.797432670526050913e+01 2.599434922513853508e+02
4.796979612383589853e+01 2.599769076168698234e+02
4.796526554241128082e+01 2.600386240149573496e+02
4.796073496098666311e+01 2.600702976995408449e+02
4.795620437956204540e+01 2.601054755135618848e+02
4.795167379813742770e+01 2.601288909631528554e+02
4.794714321671281709e+01 2.601644427807006537e+02
4.794261263528819939e+01 2.602113013058595357e+02
4.793808205386358168e+01 2.602539610740123521e+02
4.793355147243896397e+01 2.603008014788073297e+02
4.792902089101435337e+01 2.603344773543514634e+02
4.792449030958973566e+01 2.603794372965521120e+02
4.791995972816511795e+01 2.604314571570878911e+02
4.791542914674050024e+01 2.604810750938307820e+02
4.791089856531588254e+01 2.605409217069216652e+02
4.790636798389127193e+01 2.605874286756551328e+02
4.790183740246665423e+01 2.606454080091265837e+02
4.789730682104203652e+01 2.606605545461577549e+02
4.789277623961741881e+01 2.606934400077984719e+02
4.788824565819280110e+01 2.607285750840902665e+02
4.788371507676819050e+01 2.607592066207146786e+02
4.787918449534357279e+01 2.607959169881560229e+02
4.787465391391895508e+01 2.608229784752742262e+02
4.787012333249433738e+01 2.608620711351161390e+02
4.786559275106972677e+01 2.609110288903191304e+02
4.786106216964510907e+01 2.609434458904444227e+02
4.785653158822049136e+01 2.609794462184933082e+02
4.785200100679587365e+01 2.610143712336847557e+02
4.784747042537125594e+01 2.610595697659876464e+02
4.784293984394664534e+01 2.610959547219878800e+02
4.783840926252202763e+01 2.611622779781782242e+02
4.783387868109740992e+01 2.612083016352185041e+02
4.782934809967279222e+01 2.612579998543831721e+02
4.782481751824818161e+01 2.612940327719476272e+02
4.782028693682356391e+01 2.613312953896344766e+02
4.781575635539894620e+01 2.613639405583601274e+02
4.781122577397432849e+01 2.614011499800743650e+02
4.780669519254971078e+01 2.614591990548659624e+02
4.780216461112510018e+01 2.615103054919774763e+02
4.779763402970048247e+01 2.615685862078622677e+02
4.779310344827586476e+01 2.615981969359336290e+02
4.778857286685124706e+01 2.616496894409789888e+02
4.778404228542662935e+01 2.617137210356259516e+02
4.777951170400201875e+01 2.617710070547046257e+02
4.777498112257740104e+01 2.617987584001057257e+02
4.777045054115278333e+01 2.618352866216640678e+02
4.776591995972816562e+01 2.618616287652852748e+02
4.776138937830355502e+01 2.618962508247914229e+02
4.775685879687893731e+01 2.619289535069974022e+02
4.775232821545431960e+01 2.619616482505431350e+02
4.774779763402970190e+01 2.620026990000595788e+02
4.774326705260508419e+01 2.620338648587828629e+02
4.773873647118047359e+01 2.620699032577313687e+02
4.773420588975585588e+01 2.621165694587581925e+02
4.772967530833123817e+01 2.621492262826885167e+02
4.772514472690662046e+01 2.621939355491829247e+02
4.772061414548200986e+01 2.622325332912690783e+02
4.771608356405739215e+01 2.622672350186915651e+02
4.771155298263277444e+01 2.623197816459120872e+02
4.770702240120815674e+01 2.623443721308722729e+02
4.770249181978353903e+01 2.623767432202081409e+02
4.769796123835892843e+01 2.624039405426891562e+02
4.769343065693431072e+01 2.624346805943251866e+02
4.768890007550969301e+01 2.624776575246964399e+02
4.768436949408507530e+01 2.625139639196177654e+02
4.767983891266046470e+01 2.625410629695691682e+02
4.767530833123584699e+01 2.625889715692204049e+02
4.767077774981122928e+01 2.626164252043457168e+02
4.766624716838661158e+01 2.626381196892673415e+02
4.766171658696199387e+01 2.626863613163352511e+02
4.765718600553738327e+01 2.627222793293668701e+02
4.765265542411276556e+01 2.627903690988259768e+02
4.764812484268814785e+01 2.628101268938983139e+02
4.764359426126353014e+01 2.628381132103995697e+02
4.763906367983891244e+01 2.628759638036551110e+02
4.763453309841430183e+01 2.629006022851071407e+02
4.763000251698968412e+01 2.629491671853246544e+02
4.762547193556506642e+01 2.629966733467744007e+02
4.762094135414044871e+01 2.630241783661374484e+02
4.761641077271583811e+01 2.630975343737222261e+02
4.761188019129122040e+01 2.631493343154881472e+02
4.760734960986660269e+01 2.631996125183983963e+02
4.760281902844198498e+01 2.632373172560010062e+02
4.759828844701736728e+01 2.632731742338052072e+02
4.759375786559275667e+01 2.633073267173827503e+02
4.758922728416813897e+01 2.633446087733507284e+02
4.758469670274352126e+01 2.633835167287807622e+02
4.758016612131890355e+01 2.634301993077846760e+02
4.757563553989429295e+01 2.634788061364534997e+02
4.757110495846967524e+01 2.635137571041863680e+02
4.756657437704505753e+01 2.635600845036759665e+02
4.756204379562043982e+01 2.635909868451007583e+02
4.755751321419582212e+01 2.636522151725064305e+02
4.755298263277121151e+01 2.636916046083479728e+02
4.754845205134659381e+01 2.637234065984676477e+02
4.754392146992197610e+01 2.637530204083604985e+02
4.753939088849735839e+01 2.637996553912475406e+02
4.753486030707274068e+01 2.638134038577671845e+02
4.753032972564813008e+01 2.638722315429654941e+02
4.752579914422351237e+01 2.639136699575259399e+02
4.752126856279889466e+01 2.639468292454441212e+02
4.751673798137427696e+01 2.639804861250910335e+02
4.751220739994966635e+01 2.640158865314469381e+02
4.750767681852504865e+01 2.640388459355666555e+02
4.750314623710043094e+01 2.640740168042913183e+02
4.749861565567581323e+01 2.641229902435003964e+02
4.749408507425119552e+01 2.641786156203030487e+02
4.748955449282658492e+01 2.642355964601435971e+02
4.748502391140196721e+01 2.642915884131916755e+02
4.748049332997734950e+01 2.643334190337789096e+02
4.747596274855273180e+01 2.643759943270582085e+02
4.747143216712812119e+01 2.644313963369409635e+02
4.746690158570350349e+01 2.644554513994646641e+02
4.746237100427888578e+01 2.645104349920667914e+02
4.745784042285426807e+01 2.645544742421152478e+02
4.745330984142965036e+01 2.645890213167254501e+02
4.744877926000503976e+01 2.646275271465628407e+02
4.744424867858042205e+01 2.646803292902865223e+02
4.743971809715580434e+01 2.647097676316975026e+02
4.743518751573118664e+01 2.647506501706122890e+02
4.743065693430656893e+01 2.647875092549961096e+02
4.742612635288195833e+01 2.648327766764001012e+02
4.742159577145734062e+01 2.648683349133010552e+02
4.741706519003272291e+01 2.649114052384459228e+02
4.741253460860810520e+01 2.649374388763544061e+02
4.740800402718349460e+01 2.649749689179503775e+02
4.740347344575887689e+01 2.649990953226944157e+02
4.739894286433425918e+01 2.650245991088577284e+02
4.739441228290964148e+01 2.650647498755985794e+02
4.738988170148502377e+01 2.651190604093227989e+02
4.738535112006041317e+01 2.651638733587240608e+02
4.738082053863579546e+01 2.652124868059954679e+02
4.737628995721117775e+01 2.652538048821696179e+02
4.737175937578656004e+01 2.653180671218952966e+02
4.736722879436194944e+01 2.653827629492902815e+02
4.736269821293733173e+01 2.654516499946431054e+02
4.735816763151271402e+01 2.655080551648580922e+02
4.735363705008809632e+01 2.655613718658171933e+02
4.734910646866347861e+01 2.656053880565530676e+02
4.734457588723886801e+01 2.656534357045775323e+02
4.734004530581425030e+01 2.657021572403094751e+02
4.733551472438963259e+01 2.657441040286333305e+02
4.733098414296501488e+01 2.657556867394632718e+02
4.732645356154040428e+01 2.657780549893158764e+02
4.732192298011578657e+01 2.657826025046230711e+02
4.731739239869116886e+01 2.658082140464664462e+02
4.731286181726655116e+01 2.658397014566625671e+02
4.730833123584193345e+01 2.659036527749154288e+02
4.730380065441732285e+01 2.659614692428570493e+02
4.729927007299270514e+01 2.659920916431595401e+02
4.729473949156808743e+01 2.660370423297616185e+02
4.729020891014346972e+01 2.660648959289924278e+02
4.728567832871885201e+01 2.661269585312189179e+02
4.728114774729424141e+01 2.661635831342547363e+02
4.727661716586962370e+01 2.662271893539655139e+02
4.727208658444500600e+01 2.662663217658797521e+02
4.726755600302038829e+01 2.663185679785527213e+02
4.726302542159577769e+01 2.663424840806117686e+02
4.725849484017115998e+01 2.663954458640666303e+02
4.725396425874654227e+01 2.664347321227617726e+02
4.724943367732192456e+01 2.664674528586124325e+02
4.724490309589730686e+01 2.664971932160048596e+02
4.724037251447269625e+01 2.665561463422292263e+02
4.723584193304807854e+01 2.666046457156828637e+02
4.723131135162346084e+01 2.666590285886537117e+02
4.722678077019884313e+01 2.666794045363565715e+02
4.722225018877423253e+01 2.667250765345581840e+02
4.721771960734961482e+01 2.667653338411755612e+02
4.721318902592499711e+01 2.668032513551796683e+02
4.720865844450037940e+01 2.668398644974728882e+02
4.720412786307576170e+01 2.668869208734831204e+02
4.719959728165115109e+01 2.669500357773708288e+02
4.719506670022653338e+01 2.669889198121177287e+02
4.719053611880191568e+01 2.670255065592439223e+02
4.718600553737729797e+01 2.670733597101103669e+02
4.718147495595268026e+01 2.671362677130599081e+02
4.717694437452806966e+01 2.672019187275007539e+02
4.717241379310345195e+01 2.672540952869513831e+02
4.716788321167883424e+01 2.673061660033125690e+02
4.716335263025421654e+01 2.673382296284980271e+02
4.715882204882960593e+01 2.673884861507029314e+02
4.715429146740498823e+01 2.674319904767428966e+02
4.714976088598037052e+01 2.674895107004780925e+02
4.714523030455575281e+01 2.675055616852102958e+02
4.714069972313113510e+01 2.675505911443551099e+02
4.713616914170652450e+01 2.675746844089222805e+02
4.713163856028190679e+01 2.676161765695406416e+02
4.712710797885728908e+01 2.676812743477075287e+02
4.712257739743267138e+01 2.677038687198921707e+02
4.711804681600806077e+01 2.677501638697621615e+02
4.711351623458344307e+01 2.677536419031600303e+02
4.710898565315882536e+01 2.677966218104907057e+02
4.710445507173420765e+01 2.678255145253849037e+02
4.709992449030958994e+01 2.678798157493888539e+02
4.709539390888497934e+01 2.679283098364388138e+02
4.709086332746036163e+01 2.679663331924387535e+02
4.708633274603574392e+01 2.679870886366886680e+02
4.708180216461112622e+01 2.680304694729906032e+02
4.707727158318650851e+01 2.680582109166613805e+02
4.707274100176189791e+01 2.681148699350080165e+02
4.706821042033728020e+01 2.681366943078306804e+02
4.706367983891266249e+01 2.681764832049798883e+02
4.705914925748804478e+01 2.682183525105401145e+02
4.705461867606343418e+01 2.682756429421055486e+02
4.705008809463881647e+01 2.683020157731418749e+02
4.704555751321419876e+01 2.683342324971430344e+02
4.704102693178958106e+01 2.683669763654808094e+02
4.703649635036496335e+01 2.684105968838564991e+02
4.703196576894035275e+01 2.684640809437741495e+02
4.702743518751573504e+01 2.685268170990300973e+02
4.702290460609111733e+01 2.685857468205487635e+02
4.701837402466649962e+01 2.686044029681090137e+02
4.701384344324188902e+01 2.686602507300937646e+02
4.700931286181727131e+01 2.686974031464063160e+02
4.700478228039265360e+01 2.687596321540971758e+02
4.700025169896803590e+01 2.688364833784136749e+02
4.699572111754341819e+01 2.688751445054714964e+02
4.699119053611880759e+01 2.688950715775782783e+02
4.698665995469418988e+01 2.689248735560364594e+02
4.698212937326957217e+01 2.689504988028254502e+02
4.697759879184495446e+01 2.689786357382176334e+02
4.697306821042034386e+01 2.690241616514641692e+02
4.696853762899572615e+01 2.690460380880073217e+02
4.696400704757110844e+01 2.690944606514566999e+02
4.695947646614649074e+01 2.691375936795595294e+02
4.695494588472187303e+01 2.691974861532374916e+02
4.695041530329726243e+01 2.692488773253726890e+02
4.694588472187264472e+01 2.692820590260836298e+02
4.694135414044802701e+01 2.693206717638622649e+02
4.693682355902340930e+01 2.693666844142440482e+02
4.693229297759879159e+01 2.694286483236585923e+02
4.692776239617418099e+01 2.694930422127989118e+02
4.692323181474956328e+01 2.695615307384093740e+02
4.691870123332494558e+01 2.695890228264635766e+02
4.691417065190032787e+01 2.696329204537858004e+02
4.690964007047571727e+01 2.696688729988420050e+02
4.690510948905109956e+01 2.697109566647245629e+02
4.690057890762648185e+01 2.697618852447324116e+02
4.689604832620186414e+01 2.697765952084439505e+02
4.689151774477724643e+01 2.698019211972039670e+02
4.688698716335263583e+01 2.698338081908454456e+02
4.688245658192801812e+01 2.698778107432656839e+02
4.687792600050340042e+01 2.699268220645347469e+02
4.687339541907878271e+01 2.699795109898389001e+02
4.686886483765417211e+01 2.700283899598764492e+02
4.686433425622955440e+01 2.700893399388383500e+02
4.685980367480493669e+01 2.701129783794020227e+02
4.685527309338031898e+01 2.701700173308443027e+02
4.685074251195570127e+01 2.702021827736732575e+02
4.684621193053109067e+01 2.702457250376122602e+02
4.684168134910647296e+01 2.702766840598903855e+02
4.683715076768185526e+01 2.703386524525711820e+02
4.683262018625723755e+01 2.703676366784926017e+02
4.682808960483261984e+01 2.703940082182894002e+02
4.682355902340800924e+01 2.704079673519752305e+02
4.681902844198339153e+01 2.704420782950560920e+02
4.681449786055877382e+01 2.704894911895823384e+02
4.680996727913415612e+01 2.705274665050754948e+02
4.680543669770954551e+01 2.705886772160998817e+02
4.680090611628492780e+01 2.706366778768248196e+02
4.679637553486031010e+01 2.706804413839242898e+02
4.679184495343569239e+01 2.707533185327507113e+02
4.678731437201107468e+01 2.707967159728876823e+02
4.678278379058646408e+01 2.708551355390420667e+02
4.677825320916184637e+01 2.709030789119889846e+02
4.677372262773722866e+01 2.709390498975311630e+02
4.676919204631261096e+01 2.709965000539056064e+02
4.676466146488800035e+01 2.710254034008015083e+02
4.676013088346338265e+01 2.710818659688818570e+02
4.675560030203876494e+01 2.710935455407176846e+02
4.675106972061414723e+01 2.711107272951065852e+02
4.674653913918952952e+01 2.711249036921321931e+02
4.674200855776491892e+01 2.711621499409150147e+02
4.673747797634030121e+01 2.712063939821079543e+02
4.673294739491568350e+01 2.712455759885993416e+02
4.672841681349106580e+01 2.712900250685594870e+02
4.672388623206645519e+01 2.713195457389766716e+02
4.671935565064183749e+01 2.713712655489151189e+02
4.671482506921721978e+01 2.714213840097074808e+02
4.671029448779260207e+01 2.714601619417861116e+02
4.670576390636798436e+01 2.715188461386468930e+02
4.670123332494337376e+01 2.715325294437012644e+02
4.669670274351875605e+01 2.715752046691966939e+02
4.669217216209413834e+01 2.716044147921360832e+02
4.668764158066952064e+01 2.716537806039473253e+02
4.668311099924490293e+01 2.716934232159528619e+02
4.667858041782029233e+01 2.717252731250260354e+02
4.667404983639567462e+01 2.717543099435236513e+02
4.666951925497105691e+01 2.717799221666576841e+02
4.666498867354643920e+01 2.718564922284278396e+02
4.666045809212182860e+01 2.719074609311389850e+02
4.665592751069721089e+01 2.719879572313554377e+02
4.665139692927259318e+01 2.720217419535424028e+02
4.664686634784797548e+01 2.720631798861589346e+02
4.664233576642335777e+01 2.721140372839565202e+02
4.663780518499874717e+01 2.721649819097373211e+02
4.663327460357412946e+01 2.722119233285648079e+02
4.662874402214951175e+01 2.722438107718953120e+02
4.662421344072489404e+01 2.722852238443842339e+02
4.661968285930028344e+01 2.723175371760618759e+02
4.661515227787566573e+01 2.723523675088809455e+02
4.661062169645104802e+01 2.723839411294339357e+02
4.660609111502643032e+01 2.723983180110763556e+02
4.660156053360181261e+01 2.724398047759383985e+02
4.659702995217720201e+01 2.724857709540702899e+02
4.659249937075258430e+01 2.725476552158312984e+02
4.658796878932796659e+01 2.725719235508925635e+02
4.658343820790334888e+01 2.726085955661999378e+02
4.657890762647873117e+01 2.726406081764654914e+02
4.657437704505412057e+01 2.726801703981469700e+02
4.656984646362950286e+01 2.727507276864475898e+02
4.656531588220488516e+01 2.727671185431639174e+02
4.656078530078026745e+01 2.727894765451968624e+02
4.655625471935565685e+01 2.727839597437431962e+02
4.655172413793103914e+01 2.728194430160980914e+02
4.654719355650642143e+01 2.728471086592851407e+02
4.654266297508180372e+01 2.728743220726248637e+02
4.653813239365718601e+01 2.728949126793826849e+02
4.653360181223257541e+01 2.729302592561955976e+02
4.652907123080795770e+01 2.729697612079513647e+02
4.652454064938334000e+01 2.729999407138413403e+02
4.652001006795872229e+01 2.730696370225423948e+02
4.651547948653411169e+01 2.731147759733324847e+02
4.651094890510949398e+01 2.731724918096127794e+02
4.650641832368487627e+01 2.732234459964270172e+02
4.650188774226025856e+01 2.732725911077822047e+02
4.649735716083564085e+01 2.733193785635113500e+02
4.649282657941103025e+01 2.733589742916240084e+02
4.648829599798641254e+01 2.734327629207199948e+02
4.648376541656179484e+01 2.734867230155862785e+02
4.647923483513717713e+01 2.735601129184956903e+02
4.647470425371255942e+01 2.735883376484906648e+02
4.647017367228794882e+01 2.736146815344975494e+02
4.646564309086333111e+01 2.736499370216883449e+02
4.646111250943871340e+01 2.736749353598458470e+02
4.645658192801409569e+01 2.737383645610403278e+02
4.645205134658948509e+01 2.737830369286143650e+02
4.644752076516486738e+01 2.738285053095542594e+02
4.644299018374024968e+01 2.738596187124024368e+02
4.643845960231563197e+01 2.739037499715520880e+02
4.643392902089101426e+01 2.739349036228131808e+02
4.642939843946640366e+01 2.739605484874120407e+02
4.642486785804178595e+01 2.739941626572312430e+02
4.642033727661716824e+01 2.740106116581819151e+02
4.641580669519255054e+01 2.740675336407333020e+02
4.641127611376793993e+01 2.741059667439095051e+02
4.640674553234332222e+01 2.741522013812938781e+02
4.640221495091870452e+01 2.741721428200207242e+02
4.639768436949408681e+01 2.742060170433429676e+02
4.639315378806946910e+01 2.742282265581924889e+02
4.638862320664485850e+01 2.742586072814406180e+02
4.638409262522024079e+01 2.742775725358944214e+02
4.637956204379562308e+01 2.743065640566828733e+02
4.637503146237100538e+01 2.743536867384032121e+02
4.637050088094639477e+01 2.743966943714409013e+02
4.636597029952177706e+01 2.744389231278739203e+02
4.636143971809715936e+01 2.744762208975328690e+02
4.635690913667254165e+01 2.745234203334487120e+02
4.635237855524792394e+01 2.745642058190932175e+02
4.634784797382331334e+01 2.746007208284525518e+02
4.634331739239869563e+01 2.746310946878456321e+02
4.633878681097407792e+01 2.746571405175283758e+02
4.633425622954946022e+01 2.746813004802534124e+02
4.632972564812484251e+01 2.747344714510302310e+02
4.632519506670023191e+01 2.747789760264188317e+02
4.632066448527561420e+01 2.748476158874334487e+02
4.631613390385099649e+01 2.749019863456396138e+02
4.631160332242637878e+01 2.749579399261254480e+02
4.630707274100176818e+01 2.749964131224257926e+02
4.630254215957715047e+01 2.750422030297884248e+02
4.629801157815253276e+01 2.750903733723916957e+02
4.629348099672791506e+01 2.751242642543732586e+02
4.628895041530329735e+01 2.751606698130372024e+02
4.628441983387868675e+01 2.752073141856967595e+02
4.627988925245406904e+01 2.752482410863509585e+02
4.627535867102945133e+01 2.752652045440154325e+02
4.627082808960483362e+01 2.752960844778020828e+02
4.626629750818022302e+01 2.753245833549644885e+02
4.626176692675560531e+01 2.753575497698085428e+02
4.625723634533098760e+01 2.753867229432093495e+02
4.625270576390636990e+01 2.754202666661655030e+02
4.624817518248175219e+01 2.754765202858476982e+02
4.624364460105714159e+01 2.755128394603821675e+02
4.623911401963252388e+01 2.755819374793005068e+02
4.623458343820790617e+01 2.756176138488511924e+02
4.623005285678328846e+01 2.756737184025458873e+02
4.622552227535867075e+01 2.756952638422235395e+02
4.622099169393406015e+01 2.757099675239778662e+02
4.621646111250944244e+01 2.757513299286103461e+02
4.621193053108482474e+01 2.757803916357195249e+02
4.620739994966020703e+01 2.758200478201295596e+02
4.620286936823559643e+01 2.758445249629821205e+02
4.619833878681097872e+01 2.758842916743935234e+02
4.619380820538636101e+01 2.758956183343607904e+02
4.618927762396174330e+01 2.759357712464226324e+02
4.618474704253712559e+01 2.759998504942971067e+02
4.618021646111251499e+01 2.760422159229891008e+02
4.617568587968789728e+01 2.760895204309306905e+02
4.617115529826327958e+01 2.761168674007645336e+02
4.616662471683866187e+01 2.761697108834014784e+02
4.616209413541405127e+01 2.762201822628330206e+02
4.615756355398943356e+01 2.762789650922582609e+02
4.615303297256481585e+01 2.763231862791531057e+02
4.614850239114019814e+01 2.763829949088141689e+02
4.614397180971558043e+01 2.764421895972494099e+02
4.613944122829096983e+01 2.764743381291544893e+02
4.613491064686635212e+01 2.765455619845877209e+02
4.613038006544173442e+01 2.765879497015644120e+02
4.612584948401711671e+01 2.766450842283467182e+02
4.612131890259250611e+01 2.766810791049853151e+02
4.611678832116788840e+01 2.767315468812993799e+02
4.611225773974327069e+01 2.767554608024976801e+02
4.610772715831865298e+01 2.767809457414178951e+02
4.610319657689403527e+01 2.768172547445770419e+02
4.609866599546942467e+01 2.768386715172337063e+02
4.609413541404480696e+01 2.768878364586599332e+02
4.608960483262018926e+01 2.769031773027591612e+02
4.608507425119557155e+01 2.769500384449149237e+02
4.608054366977095384e+01 2.769634236596544952e+02
4.607601308834634324e+01 2.769969315813322623e+02
4.607148250692172553e+01 2.770480823318426928e+02
4.606695192549710782e+01 2.770833015654625910e+02
4.606242134407249011e+01 2.771443962019865808e+02
4.605789076264787951e+01 2.771607630624712328e+02
4.605336018122326180e+01 2.771888126043857028e+02
4.604882959979864410e+01 2.772157714256448457e+02
4.604429901837402639e+01 2.772721277694633955e+02
4.603976843694940868e+01 2.773164133185376272e+02
4.603523785552479808e+01 2.773751287679211828e+02
4.603070727410018037e+01 2.774321062044444943e+02
4.602617669267556266e+01 2.774754702264028197e+02
4.602164611125094495e+01 2.775294911950323922e+02
4.601711552982633435e+01 2.775786378811191639e+02
4.601258494840171664e+01 2.776271967134584315e+02
4.600805436697709894e+01 2.776523462891372560e+02
4.600352378555248123e+01 2.777056087766669634e+02
4.599899320412786352e+01 2.777398517804298308e+02
4.599446262270325292e+01 2.777796694354299234e+02
4.598993204127863521e+01 2.778030188472228588e+02
4.598540145985401750e+01 2.778480978012212290e+02
4.598087087842939980e+01 2.778766821497581532e+02
4.597634029700478209e+01 2.778967634832795852e+02
4.597180971558017148e+01 2.779317528922721294e+02
4.596727913415555378e+01 2.779694637759399711e+02
4.596274855273093607e+01 2.780118621053892412e+02
4.595821797130631836e+01 2.780646153413520096e+02
4.595368738988170776e+01 2.781170042157129387e+02
4.594915680845709005e+01 2.781620873893045314e+02
4.594462622703247234e+01 2.782056492577768267e+02
4.594009564560785464e+01 2.782443400282087964e+02
4.593556506418323693e+01 2.782711932980257643e+02
4.593103448275862632e+01 2.783073575343826178e+02
4.592650390133400862e+01 2.783379388132196368e+02
4.592197331990939091e+01 2.783658417278789443e+02
4.591744273848477320e+01 2.783959192066988066e+02
4.591291215706016260e+01 2.784296885302469491e+02
4.590838157563554489e+01 2.784809639442885896e+02
4.590385099421092718e+01 2.785291040420365221e+02
4.589932041278630948e+01 2.785602771631017731e+02
4.589478983136169177e+01 2.785809185750637198e+02
4.589025924993708117e+01 2.786365963839917868e+02
4.588572866851246346e+01 2.786573782404725534e+02
4.588119808708784575e+01 2.787002770863717274e+02
4.587666750566322804e+01 2.787511362498233325e+02
4.587213692423861033e+01 2.787884402611016981e+02
4.586760634281399973e+01 2.788372469136234599e+02
4.586307576138938202e+01 2.788628758124413025e+02
4.585854517996476432e+01 2.788980446250655518e+02
4.585401459854014661e+01 2.789377393660357711e+02
4.584948401711553601e+01 2.789997922618466077e+02
4.584495343569091830e+01 2.790341983930109109e+02
4.584042285426630059e+01 2.790955335354311160e+02
4.583589227284168288e+01 2.791171004763502879e+02
4.583136169141706517e+01 2.791549065178518276e+02
4.582683110999245457e+01 2.791983185668609622e+02
4.582230052856783686e+01 2.792418623260343225e+02
4.581776994714321916e+01 2.792829044137793630e+02
4.581323936571860145e+01 2.793043776389137633e+02
4.580870878429399085e+01 2.793682664485033342e+02
4.580417820286937314e+01 2.794056283216797851e+02
4.579964762144475543e+01 2.794617400181214748e+02
4.579511704002013772e+01 2.795221237639060519e+02
4.579058645859552001e+01 2.795450940549253573e+02
4.578605587717090941e+01 2.795695971968735307e+02
4.578152529574629170e+01 2.796252006056056416e+02
4.577699471432167400e+01 2.796706969205141036e+02
4.577246413289705629e+01 2.797110416999800009e+02
4.576793355147244569e+01 2.797574469780050777e+02
4.576340297004782798e+01 2.797737269979644452e+02
4.575887238862321027e+01 2.798194463593343926e+02
4.575434180719859256e+01 2.798612457737114596e+02
4.574981122577397485e+01 2.799007867449773812e+02
4.574528064434936425e+01 2.799409057806453234e+02
4.574075006292474654e+01 2.799535547927441712e+02
4.573621948150012884e+01 2.799862153867391612e+02
4.573168890007551113e+01 2.800057044475232146e+02
4.572715831865089342e+01 2.800540476773003320e+02
4.572262773722628282e+01 2.800852065283206684e+02
4.571809715580166511e+01 2.801265049779677270e+02
4.571356657437704740e+01 2.801994246876814714e+02
4.570903599295242969e+01 2.802405225905150701e+02
4.570450541152781909e+01 2.802869482373453707e+02
4.569997483010320138e+01 2.803137126896008340e+02
4.569544424867858368e+01 2.803713801511023007e+02
4.569091366725396597e+01 2.804093289260935649e+02
4.568638308582934826e+01 2.804747821325911445e+02
4.568185250440473766e+01 2.805164773947326466e+02
4.567732192298011995e+01 2.805631477720147018e+02
4.567279134155550224e+01 2.806107603057817528e+02
4.566826076013088453e+01 2.806613839191603574e+02
4.566373017870627393e+01 2.807069351128059793e+02
4.565919959728165622e+01 2.807650949831069056e+02
4.565466901585703852e+01 2.808204668938590203e+02
4.565013843443242081e+01 2.808555865414165282e+02
4.564560785300780310e+01 2.809021094761785093e+02
4.564107727158319250e+01 2.809440993612645912e+02
4.563654669015857479e+01 2.809791639067868232e+02
4.563201610873395708e+01 2.810308760705181044e+02
4.562748552730933937e+01 2.810646944007434627e+02
4.562295494588472167e+01 2.811278552343288766e+02
4.561842436446011106e+01 2.811628119926463114e+02
4.561389378303549336e+01 2.812016624931636670e+02
4.560936320161087565e+01 2.812268375293036797e+02
4.560483262018625794e+01 2.812539789691545593e+02
4.560030203876164734e+01 2.813140405607509820e+02
4.559577145733702963e+01 2.813353283518935655e+02
4.559124087591241192e+01 2.813862964364961385e+02
4.558671029448779422e+01 2.814265303658851849e+02
4.558217971306317651e+01 2.814669982287459220e+02
4.557764913163856590e+01 2.814869913246777742e+02
4.557311855021394820e+01 2.815247613190503557e+02
4.556858796878933049e+01 2.815745172325694625e+02
4.556405738736471278e+01 2.816267678359186561e+02
4.555952680594010218e+01 2.816772542248594391e+02
4.555499622451548447e+01 2.817196452581104609e+02
4.555046564309086676e+01 2.817407456034080724e+02
4.554593506166624906e+01 2.817924920068645065e+02
4.554140448024163135e+01 2.818228519270553534e+02
4.553687389881702074e+01 2.818799953315151470e+02
4.553234331739240304e+01 2.819202996267895855e+02
4.552781273596778533e+01 2.819804026909012009e+02
4.552328215454316762e+01 2.820193351625015339e+02
4.551875157311854991e+01 2.820647888324347150e+02
4.551422099169393931e+01 2.821341819444374437e+02
4.550969041026932160e+01 2.821835598460472738e+02
4.550515982884470390e+01 2.822468454637169657e+02
4.550062924742008619e+01 2.822929997785285536e+02
4.549609866599547559e+01 2.823653563164593834e+02
4.549156808457085788e+01 2.824132094881369426e+02
4.548703750314624017e+01 2.824809671011035448e+02
4.548250692172162246e+01 2.825137403895346893e+02
4.547797634029700475e+01 2.825575933824899835e+02
4.547344575887239415e+01 2.826082943627323516e+02
4.546891517744777644e+01 2.826616356922553450e+02
4.546438459602315874e+01 2.827119236369842952e+02
4.545985401459854103e+01 2.827434211671186404e+02
4.545532343317393043e+01 2.827962026155502713e+02
4.545079285174931272e+01 2.828133122319675294e+02
4.544626227032469501e+01 2.828672424675031607e+02
4.544173168890007730e+01 2.829192440916420423e+02
4.543720110747545959e+01 2.829421572266541602e+02
4.543267052605084899e+01 2.829753259470666649e+02
4.542813994462623128e+01 2.829942954234541048e+02
4.542360936320161358e+01 2.830207187999366170e+02
4.541907878177699587e+01 2.830626472999523457e+02
4.541454820035238527e+01 2.830885047554494918e+02
4.541001761892776756e+01 2.831190905163649632e+02
4.540548703750314985e+01 2.831416400185898965e+02
4.540095645607853214e+01 2.831887763033225838e+02
4.539642587465391443e+01 2.832128905463252977e+02
4.539189529322930383e+01 2.832747525326873301e+02
4.538736471180468612e+01 2.833063736573166693e+02
4.538283413038006842e+01 2.833519525987557586e+02
4.537830354895545071e+01 2.833948945271616253e+02
4.537377296753083300e+01 2.834451137061018926e+02
4.536924238610622240e+01 2.835019623168417411e+02
4.536471180468160469e+01 2.835355628995286565e+02
4.536018122325698698e+01 2.836091274815593692e+02
4.535565064183236927e+01 2.836354488367537101e+02
4.535112006040775867e+01 2.836966403411546480e+02
4.534658947898314096e+01 2.837241572080038168e+02
4.534205889755852326e+01 2.837602830431504231e+02
4.533752831613390555e+01 2.837956911716704553e+02
4.533299773470928784e+01 2.838078043783161775e+02
4.532846715328467724e+01 2.838304626885730499e+02
4.532393657186005953e+01 2.838479812199981325e+02
4.531940599043544182e+01 2.838818285643064883e+02
4.531487540901082411e+01 2.839094346555423840e+02
4.531034482758621351e+01 2.839597048939422166e+02
4.530581424616159580e+01 2.839877612154415374e+02
4.530128366473697810e+01 2.840254098777948002e+02
4.529675308331236039e+01 2.840723164135500838e+02
4.529222250188774268e+01 2.841069138925591915e+02
4.528769192046313208e+01 2.841610952405493435e+02
4.528316133903851437e+01 2.841707348226505587e+02
4.527863075761389666e+01 2.842200099031026070e+02
4.527410017618927895e+01 2.842635827873559720e+02
4.526956959476466125e+01 2.843048050510060989e+02
4.526503901334005064e+01 2.843534004464248710e+02
4.526050843191543294e+01 2.843723239882948519e+02
4.525597785049081523e+01 2.844111634413945922e+02
4.525144726906619752e+01 2.844515950987895394e+02
4.524691668764158692e+01 2.845163886443457386e+02
4.524238610621696921e+01 2.845628655010365264e+02
4.523785552479235150e+01 2.846091330485531898e+02
4.523332494336773379e+01 2.846390832349613902e+02
4.522879436194311609e+01 2.846900564985186293e+02
4.522426378051850548e+01 2.847354018166994933e+02
4.521973319909388778e+01 2.847682259700746954e+02
4.521520261766927007e+01 2.848147867462648719e+02
4.521067203624465236e+01 2.848459561254745722e+02
4.520614145482004176e+01 2.849046868724013279e+02
4.520161087339542405e+01 2.849441740786116384e+02
4.519708029197080634e+01 2.849669354730822306e+02
4.519254971054618863e+01 2.850025887537719882e+02
4.518801912912157093e+01 2.850322229643329592e+02
4.518348854769696032e+01 2.850869185003389248e+02
4.517895796627234262e+01 2.851044717687776142e+02
4.517442738484772491e+01 2.851594490725406672e+02
4.516989680342310720e+01 2.851899134550586155e+02
4.516536622199849660e+01 2.852656828024207130e+02
4.516083564057387889e+01 2.853222649007891505e+02
4.515630505914926118e+01 2.853708396419807514e+02
4.515177447772464348e+01 2.854136277736942588e+02
4.514724389630002577e+01 2.854463400351765472e+02
4.514271331487541516e+01 2.854802709721691940e+02
4.513818273345079746e+01 2.855233018575663095e+02
4.513365215202617975e+01 2.855665709199221851e+02
4.512912157060156204e+01 2.856188867420327711e+02
4.512459098917694433e+01 2.856603963500598411e+02
4.512006040775233373e+01 2.857104782751936796e+02
4.511552982632771602e+01 2.857496164610822120e+02
4.511099924490309832e+01 2.857855075829538691e+02
4.510646866347848061e+01 2.858071493527089615e+02
4.510193808205387000e+01 2.858461649660947046e+02
4.509740750062925230e+01 2.858794450806493046e+02
4.509287691920463459e+01 2.859126044099406840e+02
4.508834633778001688e+01 2.859523774937327971e+02
4.508381575635539917e+01 2.859811522852268126e+02
4.507928517493078857e+01 2.860189768079284818e+02
4.507475459350617086e+01 2.860477169499678780e+02
4.507022401208155316e+01 2.861072304291229784e+02
4.506569343065693545e+01 2.861499369815987848e+02
4.506116284923232485e+01 2.861944780935685344e+02
4.505663226780770714e+01 2.862358451093779763e+02
4.505210168638308943e+01 2.862832583701759290e+02
4.504757110495847172e+01 2.863354061329678757e+02
4.504304052353385401e+01 2.863672775579348126e+02
4.503850994210924341e+01 2.863883040472880452e+02
4.503397936068462570e+01 2.864142427089033731e+02
4.502944877926000800e+01 2.864544713236741700e+02
4.502491819783539029e+01 2.864815058047389016e+02
4.502038761641077258e+01 2.865119646153826807e+02
4.501585703498616198e+01 2.865374623878284410e+02
4.501132645356154427e+01 2.865646066281290700e+02
4.500679587213692656e+01 2.865981616068142444e+02
4.500226529071230885e+01 2.866548298355226052e+02
4.499773470928769825e+01 2.867157267568036900e+02
4.499320412786308054e+01 2.867783991132920960e+02
4.498867354643846284e+01 2.868303493213576303e+02
4.498414296501384513e+01 2.868772730117714787e+02
4.497961238358922742e+01 2.869243422451207266e+02
4.497508180216461682e+01 2.869624471590634585e+02
4.497055122073999911e+01 2.869932023864805046e+02
4.496602063931538140e+01 2.870571525138945503e+02
4.496149005789076369e+01 2.870964192260115624e+02
4.495695947646615309e+01 2.871462182077430612e+02
4.495242889504153538e+01 2.871817406595611715e+02
4.494789831361691768e+01 2.872290228412052215e+02
4.494336773219229997e+01 2.872726245450975284e+02
4.493883715076768226e+01 2.873134191397625159e+02
4.493430656934307166e+01 2.873507175280929005e+02
4.492977598791845395e+01 2.873703928071722089e+02
4.492524540649383624e+01 2.874065064069716868e+02
4.492071482506921853e+01 2.874551087289848965e+02
4.491618424364460083e+01 2.874925903360576740e+02
4.491165366221999022e+01 2.875098552514022003e+02
4.490712308079537252e+01 2.875415520092942643e+02
4.490259249937075481e+01 2.875629706006817514e+02
4.489806191794613710e+01 2.876131370106135137e+02
4.489353133652152650e+01 2.876433387545194478e+02
4.488900075509690879e+01 2.876855588634587093e+02
4.488447017367229108e+01 2.877303480132727032e+02
4.487993959224767337e+01 2.877637486328480350e+02
4.487540901082305567e+01 2.878119033099428634e+02
4.487087842939844506e+01 2.878478514411648916e+02
4.486634784797382736e+01 2.879058112530240123e+02
4.486181726654920965e+01 2.879339808565900398e+02
4.485728668512459194e+01 2.879855257945465041e+02
4.485275610369998134e+01 2.880339987914801441e+02
4.484822552227536363e+01 2.880854023909599277e+02
4.484369494085074592e+01 2.881377615260319658e+02
4.483916435942612821e+01 2.881904216329014048e+02
4.483463377800151051e+01 2.882467595466393959e+02
4.483010319657689990e+01 2.882973100003787863e+02
4.482557261515228220e+01 2.883507361345334061e+02
4.482104203372766449e+01 2.883980523598158356e+02
4.481651145230304678e+01 2.884648520655139237e+02
4.481198087087843618e+01 2.884849451823658342e+02
4.480745028945381847e+01 2.885300915480303843e+02
4.480291970802920076e+01 2.885755333084882750e+02
4.479838912660458305e+01 2.886066836501819921e+02
4.479385854517996535e+01 2.886620833500130630e+02
4.478932796375535474e+01 2.886936372740642014e+02
4.478479738233073704e+01 2.887277164708776240e+02
4.478026680090611933e+01 2.887874540432530353e+02
4.477573621948150162e+01 2.888204671160374915e+02
4.477120563805688391e+01 2.888572379938228210e+02
4.476667505663227331e+01 2.888740268246401115e+02
4.476214447520765560e+01 2.888893647005666594e+02
4.475761389378303789e+01 2.889382363347385194e+02
4.475308331235842019e+01 2.889872104098566865e+02
4.474855273093380958e+01 2.890323768361701013e+02
4.474402214950919188e+01 2.890585373277226040e+02
4.473949156808457417e+01 2.890698875631961755e+02
4.473496098665995646e+01 2.890916088161165476e+02
4.473043040523533875e+01 2.891363650157067582e+02
4.472589982381072815e+01 2.892013447811615379e+02
4.472136924238611044e+01 2.892668336233529089e+02
4.471683866096149274e+01 2.893218345586781766e+02
4.471230807953687503e+01 2.893629625084049621e+02
4.470777749811226442e+01 2.894374742030763059e+02
4.470324691668764672e+01 2.894831082012486831e+02
4.469871633526302901e+01 2.895436777207640944e+02
4.469418575383841130e+01 2.895786368911795989e+02
4.468965517241379359e+01 2.896236977549124845e+02
4.468512459098918299e+01 2.896563398829889024e+02
4.468059400956456528e+01 2.896931974263144411e+02
4.467606342813994758e+01 2.897618019654004229e+02
4.467153284671532987e+01 2.897995621297546904e+02
4.466700226529071216e+01 2.898306846005712032e+02
4.466247168386610156e+01 2.898554196211417207e+02
4.465794110244148385e+01 2.899187724273537015e+02
4.465341052101686614e+01 2.899556629152650089e+02
4.464887993959224843e+01 2.899810477809974145e+02
4.464434935816763783e+01 2.900063833078995117e+02
4.463981877674302012e+01 2.900189383802878069e+02
4.463528819531840242e+01 2.900515932594619812e+02
4.463075761389378471e+01 2.900748740608626690e+02
4.462622703246916700e+01 2.901044320618607344e+02
4.462169645104455640e+01 2.901366676732791348e+02
4.461716586961993869e+01 2.901765753652476860e+02
4.461263528819532098e+01 2.902323803143503369e+02
4.460810470677070327e+01 2.902693277930958971e+02
4.460357412534609267e+01 2.903152848099433641e+02
4.459904354392147496e+01 2.903787419140902557e+02
4.459451296249685726e+01 2.904408792287499637e+02
4.458998238107223955e+01 2.904745234520921144e+02
4.458545179964762184e+01 2.905124752060416427e+02
4.458092121822301124e+01 2.905615865925539651e+02
4.457639063679839353e+01 2.905922195094235008e+02
4.457186005537377582e+01 2.906528238625725180e+02
4.456732947394915811e+01 2.906870986189790642e+02
4.456279889252454041e+01 2.907479979397090801e+02
4.455826831109992980e+01 2.907808122939420628e+02
4.455373772967531210e+01 2.908182547342993303e+02
4.454920714825069439e+01 2.908599181194718994e+02
4.454467656682607668e+01 2.909075408437822148e+02
4.454014598540146608e+01 2.909669855348971055e+02
4.453561540397684837e+01 2.910020959268578054e+02
4.453108482255223066e+01 2.910636153583055830e+02
4.452655424112761295e+01 2.910904058973603128e+02
4.452202365970299525e+01 2.911524181386207033e+02
4.451749307827838464e+01 2.911910090386001002e+02
4.451296249685376694e+01 2.912396251898244373e+02
4.450843191542914923e+01 2.912831290965891640e+02
4.450390133400453152e+01 2.913232489479683522e+02
4.449937075257992092e+01 2.913669990194334218e+02
4.449484017115530321e+01 2.914236855099903778e+02
4.449030958973068550e+01 2.914646542775305420e+02
4.448577900830606779e+01 2.914937983298756308e+02
4.448124842688145009e+01 2.915047056781870651e+02
4.447671784545683948e+01 2.915412121140979593e+02
4.447218726403222178e+01 2.916059727880817718e+02
4.446765668260760407e+01 2.916558685283658292e+02
4.446312610118298636e+01 2.916993534343881720e+02
4.445859551975837576e+01 2.917367768655190048e+02
4.445406493833375805e+01 2.917795915688336095e+02
4.444953435690914034e+01 2.918259575525833043e+02
4.444500377548452263e+01 2.918673737734919769e+02
4.444047319405990493e+01 2.918968630931944972e+02
4.443594261263529432e+01 2.919390232722481642e+02
4.443141203121067662e+01 2.919673644073129140e+02
4.442688144978605891e+01 2.920289125966795041e+02
4.442235086836144120e+01 2.920666659094778197e+02
4.441782028693682349e+01 2.921371066697070660e+02
4.441328970551221289e+01 2.921943250202137392e+02
4.440875912408759518e+01 2.922399821786254961e+02
4.440422854266297747e+01 2.922932771839152792e+02
4.439969796123835977e+01 2.923426933743747327e+02
4.439516737981374916e+01 2.923873631043656474e+02
4.439063679838913146e+01 2.924236513310301007e+02
4.438610621696451375e+01 2.924740623447057146e+02
4.438157563553989604e+01 2.925104367967504118e+02
4.437704505411527833e+01 2.925737042015160227e+02
4.437251447269066773e+01 2.926210465128131659e+02
4.436798389126605002e+01 2.926657421886435486e+02
4.436345330984143231e+01 2.926935814969949661e+02
4.435892272841681461e+01 2.927366460294473995e+02
4.435439214699220400e+01 2.927758461173771138e+02
4.434986156556758630e+01 2.928107336661366276e+02
4.434533098414296859e+01 2.928472412208699325e+02
4.434080040271835088e+01 2.928758638144793167e+02
4.433626982129373317e+01 2.929079259239190947e+02
4.433173923986912257e+01 2.929443836482666370e+02
4.432720865844450486e+01 2.929778388798007995e+02
4.432267807701988716e+01 2.929978720905787100e+02
4.431814749559526945e+01 2.930105048088148010e+02
4.431361691417065174e+01 2.930409475479698926e+02
4.430908633274604114e+01 2.930695088084918325e+02
4.430455575132142343e+01 2.931253155737622365e+02
4.430002516989680572e+01 2.931483351140603304e+02
4.429549458847218801e+01 2.932085674390831400e+02
4.429096400704757741e+01 2.932448032688529906e+02
4.428643342562295970e+01 2.932720373296269827e+02
4.428190284419834200e+01 2.933158997739367351e+02
4.427737226277372429e+01 2.933644849201720035e+02
4.427284168134910658e+01 2.934286501384631833e+02
4.426831109992449598e+01 2.934676390877909853e+02
4.426378051849987827e+01 2.935252281251636077e+02
4.425924993707526056e+01 2.935641393193494650e+02
4.425471935565064285e+01 2.936216059821819613e+02
4.425018877422603225e+01 2.936667186400505329e+02
4.424565819280141454e+01 2.937190627549002215e+02
4.424112761137679684e+01 2.937645795393152071e+02
4.423659702995217913e+01 2.937823851071769923e+02
4.423206644852756142e+01 2.938309869837870565e+02
4.422753586710295082e+01 2.938667457165750534e+02
4.422300528567833311e+01 2.939185217741861038e+02
4.421847470425371540e+01 2.939669666274527344e+02
4.421394412282909769e+01 2.940056643424660479e+02
4.420941354140448709e+01 2.940483636862547883e+02
4.420488295997986938e+01 2.940779633844942964e+02
4.420035237855525168e+01 2.941439178002121935e+02
4.419582179713063397e+01 2.941752182820757184e+02
4.419129121570601626e+01 2.942186850405763039e+02
4.418676063428140566e+01 2.942511705704913538e+02
4.418223005285678795e+01 2.942905509126114225e+02
4.417769947143217024e+01 2.943223103614039928e+02
4.417316889000755253e+01 2.943397958582151546e+02
4.416863830858293483e+01 2.943771310472372988e+02
4.416410772715832422e+01 2.944025058598862756e+02
4.415957714573370652e+01 2.944359850346133953e+02
4.415504656430908881e+01 2.944701033520984765e+02
4.415051598288447110e+01 2.945332610112924385e+02
4.414598540145986050e+01 2.945859146941166387e+02
4.414145482003524279e+01 2.946467143784316818e+02
4.413692423861062508e+01 2.947053868495547135e+02
4.413239365718600737e+01 2.947438327951309702e+02
4.412786307576138967e+01 2.948040734735603223e+02
4.412333249433677906e+01 2.948510834737176083e+02
4.411880191291216136e+01 2.949028491593505237e+02
4.411427133148754365e+01 2.949577173213548917e+02
4.410974075006292594e+01 2.950035182690636475e+02
4.410521016863831534e+01 2.950548407867754008e+02
4.410067958721369763e+01 2.951062839356675340e+02
4.409614900578907992e+01 2.951492086175110785e+02
4.409161842436446221e+01 2.951834350053339904e+02
4.408708784293984451e+01 2.952362710650330655e+02
4.408255726151523390e+01 2.952758217709635460e+02
4.407802668009061620e+01 2.953384370536377332e+02
4.407349609866599849e+01 2.953805379603265919e+02
4.406896551724138078e+01 2.954403090805492980e+02
4.406443493581676307e+01 2.954938370924635933e+02
4.405990435439215247e+01 2.955428619329895810e+02
4.405537377296753476e+01 2.955834438487951843e+02
4.405084319154291705e+01 2.956178680022978824e+02
4.404631261011829935e+01 2.956502258805342649e+02
4.404178202869368874e+01 2.956823155427704819e+02
4.403725144726907104e+01 2.957165602307390486e+02
4.403272086584445333e+01 2.957669679203158921e+02
4.402819028441983562e+01 2.958258635873276603e+02
4.402365970299521791e+01 2.958613256421877509e+02
4.401912912157060731e+01 2.959121701309510968e+02
4.401459854014598960e+01 2.959593849497576343e+02
4.401006795872137189e+01 2.960132784875830794e+02
4.400553737729675419e+01 2.960694215369004496e+02
4.400100679587214358e+01 2.961051096421142574e+02
4.399647621444752588e+01 2.961283678034001241e+02
4.399194563302290817e+01 2.961605532347812755e+02
4.398741505159829046e+01 2.961810366175789682e+02
4.398288447017367275e+01 2.962186437812048325e+02
4.397835388874906215e+01 2.962574463752278575e+02
4.397382330732444444e+01 2.963122094579987333e+02
4.396929272589982673e+01 2.963532605531932518e+02
4.396476214447520903e+01 2.963992573957635841e+02
4.396023156305059132e+01 2.964595216696991997e+02
4.395570098162598072e+01 2.965191271599819629e+02
4.395117040020136301e+01 2.965795694798682121e+02
4.394663981877674530e+01 2.966420552796947732e+02
4.394210923735212759e+01 2.966887131471696080e+02
4.393757865592751699e+01 2.967317429323124429e+02
4.393304807450289928e+01 2.967700280183089490e+02
4.392851749307828157e+01 2.967995000549532847e+02
4.392398691165366387e+01 2.968180591248050177e+02
4.391945633022904616e+01 2.968623123391105310e+02
4.391492574880443556e+01 2.968861722873605800e+02
4.391039516737981785e+01 2.969501662548090621e+02
4.390586458595520014e+01 2.969961033692628121e+02
4.390133400453058243e+01 2.970538187383187960e+02
4.389680342310597183e+01 2.970756970829471584e+02
4.389227284168135412e+01 2.970950291930150797e+02
4.388774226025673642e+01 2.971181773640375354e+02
4.388321167883211871e+01 2.971250801850173389e+02
4.387868109740750100e+01 2.971512742763625852e+02
4.387415051598289040e+01 2.971618563103426141e+02
4.386961993455827269e+01 2.971794780399944216e+02
4.386508935313365498e+01 2.972138594311975908e+02
4.386055877170903727e+01 2.972509819099533388e+02
4.385602819028442667e+01 2.973021755485612516e+02
4.385149760885980896e+01 2.973082198446311395e+02
4.384696702743519126e+01 2.973537000284540568e+02
4.384243644601057355e+01 2.973570503759108874e+02
4.383790586458595584e+01 2.974181766239681224e+02
4.383337528316134524e+01 2.974745215390345834e+02
4.382884470173672753e+01 2.975121122285871138e+02
4.382431412031210982e+01 2.975521699734348999e+02
4.381978353888749211e+01 2.975990670005793959e+02
4.381525295746287441e+01 2.976710156904962901e+02
4.381072237603826380e+01 2.977190327914683508e+02
4.380619179461364610e+01 2.977678438262845475e+02
4.380166121318902839e+01 2.977825835600273194e+02
4.379713063176441068e+01 2.978216524952365489e+02
4.379260005033980008e+01 2.978408920272131013e+02
4.378806946891518237e+01 2.978853065381720739e+02
4.378353888749056466e+01 2.979407144714016340e+02
4.377900830606594695e+01 2.979757297507117642e+02
4.377447772464132925e+01 2.980280089341953840e+02
4.376994714321671864e+01 2.980558980636488400e+02
4.376541656179210094e+01 2.980959589351117529e+02
4.376088598036748323e+01 2.981427648086862519e+02
4.375635539894286552e+01 2.981931891213002928e+02
4.375182481751825492e+01 2.982311792857575483e+02
4.374729423609363721e+01 2.982683386999618733e+02
4.374276365466901950e+01 2.982891541950385772e+02
4.373823307324440179e+01 2.983254865201892017e+02
4.373370249181978409e+01 2.983616090769683069e+02
4.372917191039517348e+01 2.983954949708280537e+02
4.372464132897055578e+01 2.984292029940164639e+02
4.372011074754593807e+01 2.984666674495910570e+02
4.371558016612132036e+01 2.985115194467006177e+02
4.371104958469670265e+01 2.985555351760246481e+02
4.370651900327209205e+01 2.985763812963560895e+02
4.370198842184747434e+01 2.986024778370796753e+02
4.369745784042285663e+01 2.986439165970237468e+02
4.369292725899823893e+01 2.986878649070593497e+02
4.368839667757362832e+01 2.987379175152707376e+02
4.368386609614901062e+01 2.987828221224102094e+02
4.367933551472439291e+01 2.988328142884767544e+02
4.367480493329977520e+01 2.988671983185526528e+02
4.367027435187515749e+01 2.989083650303365403e+02
4.366574377045054689e+01 2.989511714886475033e+02
4.366121318902592918e+01 2.989778246758959881e+02
4.365668260760131147e+01 2.990321400083005869e+02
4.365215202617669377e+01 2.990621053805342626e+02
4.364762144475208316e+01 2.991208237862597912e+02
4.364309086332746546e+01 2.991840182999406466e+02
4.363856028190284775e+01 2.992345166431099983e+02
4.363402970047823004e+01 2.992865230656960875e+02
4.362949911905361233e+01 2.993250201147147322e+02
4.362496853762900173e+01 2.993606328784068751e+02
4.362043795620438402e+01 2.994206886347213867e+02
4.361590737477976631e+01 2.994734482502564674e+02
4.361137679335514861e+01 2.995036357425810820e+02
4.360684621193053090e+01 2.995475779429321506e+02
4.360231563050592030e+01 2.995777322927942237e+02
4.359778504908130259e+01 2.996206722503478090e+02
4.359325446765668488e+01 2.996400571245093261e+02
4.358872388623206717e+01 2.996915164992504970e+02
4.358419330480745657e+01 2.997320165562488796e+02
4.357966272338283886e+01 2.997914452009876527e+02
4.357513214195822115e+01 2.998464578919446808e+02
4.357060156053360345e+01 2.999028395443231148e+02
4.356607097910898574e+01 2.999300796795486121e+02
4.356154039768437514e+01 2.999614421221763223e+02
4.355700981625975743e+01 2.999848642213489711e+02
4.355247923483513972e+01 3.000401128479579143e+02
4.354794865341052201e+01 3.000901183302244704e+02
4.354341807198591141e+01 3.001159876748149600e+02
4.353888749056129370e+01 3.001572853779123307e+02
4.353435690913667599e+01 3.001770118188771335e+02
4.352982632771205829e+01 3.002231411502074820e+02
4.352529574628744058e+01 3.002686630767949509e+02
4.352076516486282998e+01 3.003008381014923884e+02
4.351623458343821227e+01 3.003473202486538298e+02
4.351170400201359456e+01 3.003735172102066713e+02
4.350717342058897685e+01 3.004117613768531214e+02
4.350264283916436625e+01 3.004582921043113970e+02
4.349811225773974854e+01 3.005222605816664441e+02
4.349358167631513084e+01 3.005529757496146885e+02
4.348905109489051313e+01 3.005906094787338816e+02
4.348452051346589542e+01 3.006176921333117775e+02
4.347998993204128482e+01 3.006611902132601131e+02
4.347545935061666711e+01 3.006925699388602879e+02
4.347092876919204940e+01 3.007221661914725814e+02
4.346639818776743169e+01 3.007617262628252206e+02
4.346186760634281399e+01 3.007927701856513636e+02
4.345733702491820338e+01 3.008400474240646076e+02
4.345280644349358568e+01 3.008924243615057321e+02
4.344827586206896797e+01 3.009210299580660717e+02
4.344374528064435026e+01 3.009856966468697692e+02
4.343921469921973966e+01 3.010129529035149858e+02
4.343468411779512195e+01 3.010655183288757826e+02
4.343015353637050424e+01 3.011119876723361699e+02
4.342562295494588653e+01 3.011468742515278336e+02
4.342109237352126883e+01 3.011981697807350429e+02
4.341656179209665822e+01 3.012376873877316825e+02
4.341203121067204052e+01 3.012900772086949814e+02
4.340750062924742281e+01 3.013327848843957213e+02
4.340297004782280510e+01 3.013922019339133840e+02
4.339843946639819450e+01 3.014107039401155248e+02
4.339390888497357679e+01 3.014640428893393960e+02
4.338937830354895908e+01 3.014674227800916242e+02
4.338484772212434137e+01 3.015103453495824510e+02
4.338031714069972367e+01 3.015264143048950700e+02
4.337578655927511306e+01 3.015484536006141525e+02
4.337125597785049536e+01 3.015727110545134337e+02
4.336672539642587765e+01 3.016248663625567588e+02
4.336219481500125994e+01 3.016648945649495204e+02
4.335766423357664223e+01 3.017458369291207987e+02
4.335313365215203163e+01 3.017958818795941056e+02
4.334860307072741392e+01 3.018405494842918984e+02
4.334407248930279621e+01 3.018771043323282015e+02
4.333954190787817851e+01 3.019297292327592004e+02
4.333501132645356790e+01 3.019783219787072426e+02
4.333048074502895020e+01 3.020371644651598899e+02
4.332595016360433249e+01 3.020585528981785615e+02
4.332141958217971478e+01 3.020888668635291765e+02
4.331688900075509707e+01 3.021115144020356524e+02
4.331235841933048647e+01 3.021617670035158199e+02
4.330782783790586876e+01 3.022068633695114386e+02
4.330329725648125105e+01 3.022457040546714211e+02
4.329876667505663335e+01 3.022905976157443888e+02
4.329423609363202274e+01 3.023225727823760280e+02
4.328970551220740504e+01 3.023858762613505178e+02
4.328517493078278733e+01 3.024257987399208787e+02
4.328064434935816962e+01 3.024590990924342009e+02
4.327611376793355191e+01 3.024812160629791151e+02
4.327158318650894131e+01 3.025337744403856846e+02
4.326705260508432360e+01 3.025662159644060125e+02
4.326252202365970589e+01 3.025997180119851464e+02
4.325799144223508819e+01 3.026272159388353771e+02
4.325346086081047758e+01 3.026548288377780409e+02
4.324893027938585988e+01 3.027022510783320968e+02
4.324439969796124217e+01 3.027370627694912173e+02
4.323986911653662446e+01 3.027878554313494419e+02
4.323533853511200675e+01 3.028370840919736224e+02
4.323080795368739615e+01 3.028735126191025415e+02
4.322627737226277844e+01 3.028965662675983026e+02
4.322174679083816073e+01 3.029314694782299284e+02
4.321721620941354303e+01 3.029580353694118457e+02
4.321268562798892532e+01 3.029961661773243122e+02
4.320815504656431472e+01 3.030300948348444763e+02
4.320362446513969701e+01 3.030453876846755747e+02
4.319909388371507930e+01 3.030621563711453064e+02
4.319456330229046159e+01 3.031094984473082832e+02
4.319003272086585099e+01 3.031655882270252391e+02
4.318550213944123328e+01 3.032076300022350779e+02
4.318097155801661557e+01 3.032498103494937141e+02
4.317644097659199787e+01 3.033181910452813099e+02
4.317191039516738016e+01 3.033599223765633042e+02
4.316737981374276956e+01 3.034022052468525317e+02
4.316284923231815185e+01 3.034387465059511442e+02
4.315831865089353414e+01 3.034493169364563414e+02
4.315378806946891643e+01 3.035042842214272696e+02
4.314925748804430583e+01 3.035189516649897428e+02
4.314472690661968812e+01 3.035631648740345554e+02
4.314019632519507041e+01 3.035813232315153414e+02
4.313566574377045271e+01 3.036099367482366347e+02
4.313113516234583500e+01 3.036507889338637369e+02
4.312660458092122440e+01 3.036923444660140490e+02
4.312207399949660669e+01 3.037494531551679415e+02
4.311754341807198898e+01 3.037730863755537598e+02
4.311301283664737127e+01 3.038286526646651851e+02
4.310848225522275357e+01 3.038470637669461780e+02
4.310395167379814296e+01 3.039185098804557583e+02
4.309942109237352525e+01 3.039465343745266068e+02
4.309489051094890755e+01 3.040070339955024110e+02
4.309035992952428984e+01 3.040362218750470902e+02
4.308582934809967924e+01 3.040459406054819169e+02
4.308129876667506153e+01 3.040995953637320781e+02
4.307676818525044382e+01 3.041232731200553303e+02
4.307223760382582611e+01 3.041838299593325132e+02
4.306770702240120841e+01 3.042087713892694865e+02
4.306317644097659780e+01 3.042296447782746895e+02
4.305864585955198010e+01 3.042628925030180653e+02
4.305411527812736239e+01 3.042887424126906808e+02
4.304958469670274468e+01 3.043293995400863992e+02
4.304505411527813408e+01 3.043526256684929763e+02
4.304052353385351637e+01 3.043963352433512455e+02
4.303599295242889866e+01 3.044310981967129237e+02
4.303146237100428095e+01 3.044822639809499947e+02
4.302693178957966325e+01 3.045298264942994138e+02
4.302240120815505264e+01 3.045826537740011872e+02
4.301787062673043494e+01 3.046278060668993248e+02
4.301334004530581723e+01 3.046665275087552800e+02
4.300880946388119952e+01 3.047278286636399116e+02
4.300427888245658181e+01 3.047439812338474781e+02
4.299974830103197121e+01 3.048083283162110888e+02
4.299521771960735350e+01 3.048470339180875044e+02
4.299068713818273579e+01 3.048966050029881671e+02
4.298615655675811809e+01 3.049410164152259881e+02
4.298162597533350748e+01 3.049533387634008932e+02
4.297709539390888978e+01 3.049830212117250881e+02
4.297256481248427207e+01 3.050449574367655714e+02
4.296803423105965436e+01 3.051019178893414505e+02
4.296350364963503665e+01 3.051611323625955947e+02
4.295897306821042605e+01 3.051956607098370000e+02
4.295444248678580834e+01 3.052384799434714751e+02
4.294991190536119063e+01 3.052645335851760251e+02
4.294538132393657293e+01 3.052917756639756703e+02
4.294085074251196232e+01 3.053250887011751615e+02
4.293632016108734462e+01 3.053572907333795001e+02
4.293178957966272691e+01 3.053714679244752688e+02
4.292725899823810920e+01 3.054220751039347306e+02
4.292272841681349149e+01 3.054621573411268969e+02
4.291819783538888089e+01 3.055247294250839332e+02
4.291366725396426318e+01 3.055733531456843934e+02
4.290913667253964547e+01 3.056203179469730458e+02
4.290460609111502777e+01 3.056557310914431014e+02
4.290007550969041716e+01 3.056997931997736941e+02
4.289554492826579946e+01 3.057550888377580236e+02
4.289101434684118175e+01 3.057956655937072128e+02
4.288648376541656404e+01 3.058225614964859460e+02
4.288195318399194633e+01 3.058630069268265288e+02
4.287742260256733573e+01 3.058897472376076507e+02
4.287289202114271802e+01 3.059378753530738777e+02
4.286836143971810031e+01 3.059613425414051449e+02
4.286383085829348261e+01 3.059928252831825830e+02
4.285930027686886490e+01 3.060257331666824143e+02
4.285476969544425430e+01 3.060648082861084163e+02
4.285023911401963659e+01 3.061120833430987886e+02
4.284570853259501888e+01 3.061589661688271917e+02
4.284117795117040117e+01 3.062088807498612937e+02
4.283664736974579057e+01 3.062692393070348658e+02
4.283211678832117286e+01 3.063231077987317690e+02
4.282758620689655515e+01 3.063737050266911979e+02
4.282305562547193745e+01 3.064253715375660931e+02
4.281852504404731974e+01 3.064700175112250804e+02
4.281399446262270914e+01 3.064998386628948879e+02
4.280946388119809143e+01 3.065626394653783109e+02
4.280493329977347372e+01 3.065811844526002687e+02
4.280040271834885601e+01 3.066233779144919254e+02
4.279587213692424541e+01 3.066490667052447066e+02
4.279134155549962770e+01 3.066813503236315341e+02
4.278681097407500999e+01 3.067109566453752336e+02
4.278228039265039229e+01 3.067219356297859463e+02
4.277774981122577458e+01 3.067681710056336328e+02
4.277321922980116398e+01 3.068069165583147537e+02
4.276868864837654627e+01 3.068426160576547090e+02
4.276415806695192856e+01 3.068674181006030608e+02
4.275962748552731085e+01 3.069055765755761627e+02
4.275509690410269314e+01 3.069469177686725629e+02
4.275056632267808254e+01 3.069746096922655170e+02
4.274603574125346483e+01 3.070378931755387839e+02
4.274150515982884713e+01 3.070713097782120826e+02
4.273697457840422942e+01 3.071275588809335773e+02
4.273244399697961882e+01 3.071668585443510437e+02
4.272791341555500111e+01 3.072271706509689011e+02
4.272338283413038340e+01 3.072497838080455494e+02
4.271885225270576569e+01 3.072848221319471804e+02
4.271432167128114799e+01 3.073282901311548585e+02
4.270979108985653738e+01 3.073777074251761974e+02
4.270526050843191967e+01 3.074471430175352111e+02
4.270072992700730197e+01 3.074891038449013649e+02
4.269619934558268426e+01 3.075319390599946132e+02
4.269166876415807366e+01 3.075676385262246981e+02
4.268713818273345595e+01 3.075994251398686856e+02
4.268260760130883824e+01 3.076616832862130764e+02
4.267807701988422053e+01 3.077041084198885414e+02
4.267354643845960283e+01 3.077542758253555917e+02
4.266901585703499222e+01 3.077906731937848122e+02
4.266448527561037452e+01 3.078235166026048546e+02
4.265995469418575681e+01 3.078793471422540051e+02
4.265542411276113910e+01 3.079006428534929114e+02
4.265089353133652850e+01 3.079619173849906133e+02
4.264636294991191079e+01 3.079996084768620221e+02
4.264183236848729308e+01 3.080546178233045680e+02
4.263730178706267537e+01 3.080869962611390065e+02
4.263277120563805767e+01 3.081304039331873810e+02
4.262824062421344706e+01 3.081693960150136604e+02
4.262371004278882936e+01 3.082125152970903059e+02
4.261917946136421165e+01 3.082523561882410945e+02
4.261464887993959394e+01 3.082795084159184285e+02
4.261011829851497623e+01 3.083485364432597748e+02
4.260558771709036563e+01 3.084024213072305542e+02
4.260105713566574792e+01 3.084430068618235055e+02
4.259652655424113021e+01 3.084770884384137162e+02
4.259199597281651251e+01 3.084955920692336235e+02
4.258746539139190190e+01 3.085395888117921004e+02
4.258293480996728420e+01 3.085735069486021871e+02
4.257840422854266649e+01 3.086323431678294469e+02
4.257387364711804878e+01 3.086486239354155714e+02
4.256934306569343107e+01 3.086541795873468459e+02
4.256481248426882047e+01 3.086651774855679378e+02
4.256028190284420276e+01 3.087010593026773790e+02
4.255575132141958505e+01 3.087517380299877345e+02
4.255122073999496735e+01 3.087906355017937017e+02
4.254669015857035674e+01 3.088449623634583645e+02
4.254215957714573904e+01 3.088945140661396636e+02
4.253762899572112133e+01 3.089737634900343437e+02
4.253309841429650362e+01 3.090214153820878664e+02
4.252856783287188591e+01 3.091009080621595899e+02
4.252403725144727531e+01 3.091286154878074512e+02
4.251950667002265760e+01 3.091532454105021088e+02
4.251497608859803989e+01 3.091882146337248400e+02
4.251044550717342219e+01 3.092416019540009415e+02
4.250591492574880448e+01 3.092666237713802388e+02
4.250138434432419388e+01 3.093076722360607391e+02
4.249685376289957617e+01 3.093440404069875740e+02
4.249232318147495846e+01 3.094105053597555752e+02
4.248779260005034075e+01 3.094501042385352889e+02
4.248326201862573015e+01 3.094983165984328366e+02
4.247873143720111244e+01 3.095497259924514424e+02
4.247420085577649473e+01 3.096076874494473259e+02
4.246967027435187703e+01 3.096656767753212876e+02
4.246513969292725932e+01 3.097166532221858688e+02
4.246060911150264872e+01 3.097467933451688964e+02
4.245607853007803101e+01 3.097626400909512085e+02
4.245154794865341330e+01 3.097805100191733914e+02
4.244701736722879559e+01 3.098027553317311913e+02
4.244248678580418499e+01 3.098341879987805783e+02
4.243795620437956728e+01 3.098629108301418569e+02
4.243342562295494957e+01 3.098896913006370255e+02
4.242889504153033187e+01 3.099436486434528888e+02
4.242436446010571416e+01 3.099840080730976410e+02
4.241983387868110356e+01 3.100469965684201838e+02
4.241530329725648585e+01 3.101019740688594197e+02
4.241077271583186814e+01 3.101584620662103475e+02
4.240624213440725043e+01 3.102158216806327005e+02
4.240171155298263272e+01 3.102543518199414621e+02
4.239718097155802212e+01 3.103012750175964243e+02
4.239265039013340441e+01 3.103417550386740231e+02
4.238811980870878671e+01 3.103712943165256775e+02
4.238358922728416900e+01 3.104105013602743952e+02
4.237905864585955840e+01 3.104387210402816208e+02
4.237452806443494069e+01 3.104727514920834324e+02
4.236999748301032298e+01 3.105084849229398287e+02
4.236546690158570527e+01 3.105452668473155313e+02
4.236093632016108756e+01 3.105812150280061701e+02
4.235640573873647696e+01 3.106193338734096301e+02
4.235187515731185925e+01 3.106533137610306312e+02
4.234734457588724155e+01 3.106998823265481633e+02
4.234281399446262384e+01 3.107410201690635745e+02
4.233828341303801324e+01 3.107990206716349917e+02
4.233375283161339553e+01 3.108481484535685127e+02
4.232922225018877782e+01 3.108956319444387191e+02
4.232469166876416011e+01 3.109738205057851701e+02
4.232016108733954241e+01 3.110250552499375090e+02
4.231563050591493180e+01 3.110666252195080119e+02
4.231109992449031409e+01 3.111061711866677797e+02
4.230656934306569639e+01 3.111503825215813208e+02
4.230203876164107868e+01 3.111827057820424329e+02
4.229750818021646808e+01 3.112275798248074921e+02
4.229297759879185037e+01 3.112689625675658363e+02
4.228844701736723266e+01 3.113256634100205247e+02
4.228391643594261495e+01 3.113749742465797112e+02
4.227938585451799725e+01 3.114262103812072269e+02
4.227485527309338664e+01 3.114830468303901512e+02
4.227032469166876893e+01 3.115202299273076392e+02
4.226579411024415123e+01 3.115557363364906678e+02
4.226126352881953352e+01 3.115914488197540777e+02
4.225673294739491581e+01 3.116460223595063326e+02
4.225220236597030521e+01 3.116692015509339626e+02
4.224767178454568750e+01 3.117302947295282252e+02
4.224314120312106979e+01 3.117617392520112389e+02
4.223861062169645209e+01 3.117997697227701224e+02
4.223408004027184148e+01 3.118137526766847714e+02
4.222954945884722378e+01 3.118545631129215394e+02
4.222501887742260607e+01 3.118758044274927670e+02
4.222048829599798836e+01 3.119377874880532886e+02
4.221595771457337065e+01 3.119805992871610556e+02
4.221142713314876005e+01 3.120424877585857075e+02
4.220689655172414234e+01 3.120996131658135937e+02
4.220236597029952463e+01 3.121250846347879815e+02
4.219783538887490693e+01 3.121707898728196255e+02
4.219330480745029632e+01 3.121929836623184542e+02
4.218877422602567862e+01 3.122430929324167437e+02
4.218424364460106091e+01 3.122721638158163273e+02
4.217971306317644320e+01 3.123219217317177367e+02
4.217518248175182549e+01 3.123554769482802840e+02
4.217065190032721489e+01 3.123955607132893988e+02
4.216612131890259718e+01 3.124491980642961835e+02
4.216159073747797947e+01 3.125139818609192730e+02
4.215706015605336177e+01 3.125572496511244367e+02
4.215252957462874406e+01 3.126056804698732208e+02
4.214799899320413346e+01 3.126534702652278384e+02
4.214346841177951575e+01 3.127045719188001272e+02
4.213893783035489804e+01 3.127630256113956762e+02
4.213440724893028033e+01 3.128131543957318286e+02
4.212987666750566973e+01 3.128545247918339101e+02
4.212534608608105202e+01 3.128897140477025687e+02
4.212081550465643431e+01 3.129287499698271517e+02
4.211628492323181661e+01 3.129727314294757434e+02
4.211175434180719890e+01 3.130083622280184841e+02
4.210722376038258830e+01 3.130604682037046018e+02
4.210269317895797059e+01 3.131038528512419248e+02
4.209816259753335288e+01 3.131528067770435655e+02
4.209363201610873517e+01 3.132208754673411022e+02
4.208910143468412457e+01 3.132643832649304159e+02
4.208457085325950686e+01 3.133269773148259674e+02
4.208004027183488915e+01 3.133761401820949573e+02
4.207550969041027145e+01 3.134330960355640627e+02
4.207097910898565374e+01 3.134631326206173298e+02
4.206644852756104314e+01 3.135170832894594923e+02
4.206191794613642543e+01 3.135372407818138640e+02
4.205738736471180772e+01 3.135617845585218788e+02
4.205285678328719001e+01 3.135907469293109671e+02
4.204832620186257230e+01 3.136293192424219001e+02
4.204379562043796170e+01 3.136850589792964570e+02
4.203926503901334399e+01 3.137178590759252188e+02
4.203473445758872629e+01 3.137573334254259407e+02
4.203020387616410858e+01 3.137785065114475742e+02
4.202567329473949798e+01 3.138088984137547754e+02
4.202114271331488027e+01 3.138568868086729253e+02
4.201661213189026256e+01 3.139016415625565060e+02
4.201208155046564485e+01 3.139384989197064897e+02
4.200755096904102714e+01 3.139761889347090573e+02
4.200302038761641654e+01 3.140332002382621113e+02
4.199848980619179883e+01 3.140547738372625872e+02
4.199395922476718113e+01 3.141123518552307701e+02
4.198942864334256342e+01 3.141578624634557855e+02
4.198489806191795282e+01 3.141945382172841619e+02
4.198036748049333511e+01 3.142684914255280546e+02
4.197583689906871740e+01 3.143250466883677632e+02
4.197130631764409969e+01 3.143832552987112763e+02
4.196677573621948198e+01 3.144003628179623888e+02
4.196224515479487138e+01 3.144507049160949350e+02
4.195771457337025367e+01 3.144753378882846278e+02
4.195318399194563597e+01 3.145056386404821751e+02
4.194865341052101826e+01 3.145518459004004512e+02
4.194412282909640766e+01 3.145565459206128480e+02
4.193959224767178995e+01 3.146080144663781084e+02
4.193506166624717224e+01 3.146380024763734014e+02
4.193053108482255453e+01 3.146844205601926774e+02
4.192600050339793682e+01 3.147192252486855182e+02
4.192146992197332622e+01 3.147597342552363671e+02
4.191693934054870851e+01 3.147880037903687480e+02
4.191240875912409081e+01 3.148309639109939440e+02
4.190787817769947310e+01 3.148655167421192687e+02
4.190334759627485539e+01 3.149037282003613996e+02
4.189881701485024479e+01 3.149450846863513789e+02
4.189428643342562708e+01 3.149764374021689264e+02
4.188975585200100937e+01 3.150195408162913964e+02
4.188522527057639167e+01 3.150372041514995090e+02
4.188069468915178106e+01 3.150790515320563827e+02
4.187616410772716335e+01 3.151221916338460574e+02
4.187163352630254565e+01 3.151705147784317091e+02
4.186710294487792794e+01 3.152313723830180265e+02
4.186257236345331023e+01 3.152689020115779499e+02
4.185804178202869963e+01 3.153038516698954368e+02
4.185351120060408192e+01 3.153493820970141996e+02
4.184898061917946421e+01 3.153964521718413039e+02
4.184445003775484651e+01 3.154349042153023674e+02
4.183991945633023590e+01 3.154871764669592267e+02
4.183538887490561820e+01 3.155403080216619855e+02
4.183085829348100049e+01 3.155742861904374763e+02
4.182632771205638278e+01 3.156059408822586647e+02
4.182179713063176507e+01 3.156694875786548664e+02
4.181726654920715447e+01 3.157285333592602115e+02
4.181273596778253676e+01 3.157773413100097173e+02
4.180820538635791905e+01 3.157957546055690159e+02
4.180367480493330135e+01 3.158310139778415078e+02
4.179914422350868364e+01 3.158633980325684547e+02
4.179461364208407304e+01 3.158969511930174008e+02
4.179008306065945533e+01 3.159291614569543754e+02
4.178555247923483762e+01 3.159620218588081570e+02
4.178102189781021991e+01 3.160244480985055588e+02
4.177649131638560931e+01 3.160640037262126043e+02
4.177196073496099160e+01 3.161127307994838134e+02
4.176743015353637389e+01 3.161636493810314619e+02
4.176289957211175619e+01 3.162051684180847246e+02
4.175836899068713848e+01 3.162372208160717264e+02
4.175383840926252788e+01 3.162923267673413648e+02
4.174930782783791017e+01 3.163243840076012248e+02
4.174477724641329246e+01 3.163628277856784052e+02
4.174024666498867475e+01 3.163882244954526755e+02
4.173571608356406415e+01 3.163938185017631781e+02
4.173118550213944644e+01 3.164360572178098892e+02
4.172665492071482873e+01 3.164512511066336060e+02
4.172212433929021103e+01 3.164867813360103241e+02
4.171759375786559332e+01 3.165049233722497775e+02
4.171306317644098272e+01 3.165373626304502181e+02
4.170853259501636501e+01 3.165799574800457776e+02
4.170400201359174730e+01 3.166263596173561723e+02
4.169947143216712959e+01 3.166748394912661979e+02
4.169494085074251899e+01 3.167277259282010391e+02
4.169041026931790128e+01 3.167794785335152596e+02
4.168587968789328357e+01 3.168112842933570619e+02
4.168134910646866587e+01 3.168559296490162183e+02
4.167681852504404816e+01 3.168997434907477668e+02
4.167228794361943756e+01 3.169476118689221948e+02
4.166775736219481985e+01 3.169865205664144696e+02
4.166322678077020214e+01 3.170125950831799173e+02
4.165869619934558443e+01 3.170439523018704335e+02
4.165416561792096672e+01 3.170687062558391744e+02
4.164963503649635612e+01 3.171060532263846312e+02
4.164510445507173841e+01 3.171357530330301415e+02
4.164057387364712071e+01 3.171684354772350503e+02
4.163604329222250300e+01 3.172104703928143294e+02
4.163151271079789240e+01 3.172534627194362429e+02
4.162698212937327469e+01 3.172968650862227946e+02
4.162245154794865698e+01 3.173500618162514684e+02
4.161792096652403927e+01 3.174064446915968460e+02
4.161339038509942156e+01 3.174366191800421575e+02
4.160885980367481096e+01 3.174960665279361365e+02
4.160432922225019325e+01 3.175466896577879652e+02
4.159979864082557555e+01 3.175832252490905603e+02
4.159526805940095784e+01 3.176386324567756105e+02
4.159073747797634724e+01 3.176684944155993549e+02
4.158620689655172953e+01 3.177012606502240715e+02
4.158167631512711182e+01 3.177310701346372070e+02
4.157714573370249411e+01 3.177735856100109686e+02
4.157261515227787640e+01 3.177879016172233833e+02
4.156808457085326580e+01 3.178330141092282020e+02
4.156355398942864809e+01 3.178674882293649944e+02
4.155902340800403039e+01 3.179011448453093180e+02
4.155449282657941268e+01 3.179293470121376117e+02
4.154996224515479497e+01 3.179555327671561713e+02
4.154543166373018437e+01 3.179912114578160072e+02
4.154090108230556666e+01 3.180336452094854280e+02
4.153637050088094895e+01 3.180658405028609081e+02
4.153183991945633124e+01 3.181147624890999737e+02
4.152730933803172064e+01 3.181591266286620225e+02
4.152277875660710293e+01 3.182135780671787302e+02
4.151824817518248523e+01 3.182735458696616320e+02
4.151371759375786752e+01 3.183238818552313205e+02
4.150918701233324981e+01 3.183821869881618909e+02
4.150465643090863921e+01 3.184171238772651122e+02
4.150012584948402150e+01 3.184719947766128030e+02
4.149559526805940379e+01 3.185321974939204210e+02
4.149106468663478609e+01 3.185962284865427137e+02
4.148653410521017548e+01 3.186436217714903023e+02
4.148200352378555777e+01 3.186877287522654569e+02
4.147747294236094007e+01 3.187286895395170063e+02
4.147294236093632236e+01 3.187705972487005397e+02
4.146841177951170465e+01 3.188068028096479338e+02
4.146388119808709405e+01 3.188284320887560170e+02
4.145935061666247634e+01 3.188696634165472688e+02
4.145482003523785863e+01 3.188875582958134487e+02
4.145028945381324093e+01 3.189372156166418790e+02
4.144575887238862322e+01 3.189700739906206195e+02
4.144122829096401261e+01 3.190090406985757454e+02
4.143669770953939491e+01 3.190427026619722142e+02
4.143216712811477720e+01 3.190910004808097824e+02
4.142763654669015949e+01 3.191283044614329469e+02
4.142310596526554889e+01 3.191774680006171252e+02
4.141857538384093118e+01 3.192195091762519610e+02
4.141404480241631347e+01 3.192570335141251689e+02
4.140951422099169577e+01 3.193044151796755159e+02
4.140498363956707806e+01 3.193671428904295340e+02
4.140045305814246746e+01 3.194354127969807564e+02
4.139592247671784975e+01 3.194944253463472705e+02
4.139139189529323204e+01 3.195471978841275700e+02
4.138686131386861433e+01 3.195860064148794777e+02
4.138233073244400373e+01 3.196317364433213584e+02
4.137780015101938602e+01 3.196755293009258594e+02
4.137326956959476831e+01 3.197081489233136153e+02
4.136873898817015061e+01 3.197397691797375501e+02
4.136420840674553290e+01 3.197535753918044747e+02
4.135967782532092230e+01 3.197871676800601222e+02
4.135514724389630459e+01 3.198067632488100571e+02
4.135061666247168688e+01 3.198436440549540976e+02
4.134608608104706917e+01 3.198726671885902419e+02
4.134155549962245857e+01 3.199146872575468592e+02
4.133702491819784086e+01 3.199369500611621788e+02
4.133249433677322315e+01 3.199676912300856202e+02
4.132796375534860545e+01 3.200288156679876010e+02
4.132343317392398774e+01 3.200904034126156716e+02
4.131890259249937714e+01 3.201469807990687855e+02
4.131437201107475943e+01 3.201709468622834720e+02
4.130984142965014172e+01 3.202034850270256356e+02
4.130531084822552401e+01 3.202548223129469989e+02
4.130078026680090630e+01 3.202844599412377988e+02
4.129624968537629570e+01 3.203424955657287683e+02
4.129171910395167799e+01 3.203627561583157330e+02
4.128718852252706029e+01 3.204023816759150805e+02
4.128265794110244258e+01 3.204409064846815340e+02
4.127812735967783198e+01 3.204891648471351004e+02
4.127359677825321427e+01 3.205340074258702430e+02
4.126906619682859656e+01 3.205732152581489345e+02
4.126453561540397885e+01 3.205971608727095941e+02
4.126000503397936114e+01 3.206137461827092920e+02
4.125547445255475054e+01 3.206454496417454152e+02
4.125094387113013283e+01 3.206796567432878646e+02
4.124641328970551513e+01 3.207173528982897892e+02
4.124188270828089742e+01 3.207557966856101075e+02
4.123735212685628682e+01 3.207826395399581543e+02
4.123282154543166911e+01 3.208281609497351496e+02
4.122829096400705140e+01 3.208755283096609219e+02
4.122376038258243369e+01 3.209407927674724306e+02
4.121922980115781598e+01 3.209882232756541498e+02
4.121469921973320538e+01 3.210389233809165717e+02
4.121016863830858767e+01 3.210806220385778715e+02
4.120563805688396997e+01 3.211131272120350673e+02
4.120110747545935226e+01 3.211733216565485804e+02
4.119657689403473455e+01 3.212074917320684335e+02
4.119204631261012395e+01 3.212606854993006209e+02
4.118751573118550624e+01 3.212911783027873298e+02
4.118298514976088853e+01 3.213322838188122432e+02
4.117845456833627082e+01 3.213634757571971932e+02
4.117392398691166022e+01 3.214086830623198807e+02
4.116939340548704251e+01 3.214469074850015318e+02
4.116486282406242481e+01 3.214907216437031821e+02
4.116033224263780710e+01 3.215319220502234430e+02
4.115580166121318939e+01 3.215728872346936669e+02
4.115127107978857879e+01 3.216166640035081059e+02
4.114674049836396108e+01 3.216416492677030874e+02
4.114220991693934337e+01 3.216858567897601802e+02
4.113767933551472566e+01 3.217133091568645114e+02
4.113314875409011506e+01 3.217542672472085314e+02
4.112861817266549735e+01 3.218003346361382455e+02
4.112408759124087965e+01 3.218294519888977447e+02
4.111955700981626194e+01 3.218606497647516562e+02
4.111502642839164423e+01 3.219235037807380877e+02
4.111049584696703363e+01 3.219739309443123148e+02
4.110596526554241592e+01 3.220477217397832419e+02
4.110143468411779821e+01 3.220881012323518462e+02
4.109690410269318050e+01 3.221408252831124059e+02
4.109237352126856280e+01 3.221940915361120119e+02
4.108784293984395219e+01 3.222569786437105677e+02
4.108331235841933449e+01 3.222977894896046109e+02
4.107878177699471678e+01 3.223389312632399424e+02
4.107425119557009907e+01 3.223651024168353842e+02
4.106972061414548847e+01 3.223961179032511382e+02
4.106519003272087076e+01 3.224227816762872862e+02
4.106065945129625305e+01 3.224749965577033777e+02
4.105612886987163535e+01 3.225179326991259927e+02
4.105159828844701764e+01 3.225504600150742363e+02
4.104706770702240703e+01 3.226006284013666345e+02
4.104253712559778933e+01 3.226503426857665886e+02
4.103800654417317162e+01 3.226941348424349485e+02
4.103347596274855391e+01 3.227237074945944073e+02
4.102894538132394331e+01 3.227475198517095691e+02
4.102441479989932560e+01 3.227771430579882690e+02
4.101988421847470789e+01 3.228098742353147941e+02
4.101535363705009019e+01 3.228567524767131545e+02
4.101082305562547248e+01 3.228757087345278478e+02
4.100629247420086188e+01 3.229119266135560338e+02
4.100176189277624417e+01 3.229549134238972101e+02
4.099723131135162646e+01 3.230047934179771687e+02
4.099270072992700875e+01 3.230697299016382544e+02
4.098817014850239815e+01 3.231063862663444297e+02
4.098363956707778044e+01 3.231628164725996157e+02
4.097910898565316273e+01 3.232052480887599586e+02
4.097457840422854503e+01 3.232562785455164089e+02
4.097004782280392732e+01 3.232972248055454543e+02
4.096551724137931672e+01 3.233333081473938364e+02
4.096098665995469901e+01 3.233789119070442553e+02
4.095645607853008130e+01 3.233979449770185965e+02
4.095192549710546359e+01 3.234211666175888809e+02
4.094739491568084588e+01 3.234449729527831323e+02
4.094286433425623528e+01 3.234765824011718109e+02
4.093833375283161757e+01 3.234961587439279356e+02
4.093380317140699987e+01 3.235293916192306938e+02
4.092927258998238216e+01 3.235408312307050096e+02
4.092474200855777156e+01 3.235658084599443782e+02
4.092021142713315385e+01 3.236088455812823668e+02
4.091568084570853614e+01 3.236213528897281435e+02
4.091115026428391843e+01 3.236521960259281059e+02
4.090661968285930072e+01 3.236903292191586274e+02
4.090208910143469012e+01 3.237390683026926013e+02
4.089755852001007241e+01 3.237745942356150408e+02
4.089302793858545471e+01 3.238199629445907703e+02
4.088849735716083700e+01 3.238768260599538280e+02
4.088396677573622640e+01 3.239301549954535062e+02
4.087943619431160869e+01 3.239937437927312089e+02
4.087490561288699098e+01 3.240308752694144232e+02
4.087037503146237327e+01 3.240875830177884609e+02
4.086584445003775556e+01 3.241175315494157871e+02
4.086131386861314496e+01 3.241683472662172676e+02
4.085678328718852725e+01 3.241914215737343739e+02
4.085225270576390955e+01 3.242478869520376179e+02
4.084772212433929184e+01 3.242856632513530712e+02
4.084319154291467413e+01 3.243305626735834721e+02
4.083866096149006353e+01 3.243794655708239816e+02
4.083413038006544582e+01 3.244263547013059679e+02
4.082959979864082811e+01 3.244613901836887635e+02
4.082506921721621040e+01 3.245081232711965527e+02
4.082053863579159980e+01 3.245381397438235354e+02
4.081600805436698209e+01 3.245808569037919824e+02
4.081147747294236439e+01 3.246324069958127438e+02
4.080694689151774668e+01 3.246664592018384496e+02
4.080241631009312897e+01 3.247010845558494907e+02
4.079788572866851837e+01 3.247341011299936895e+02
4.079335514724390066e+01 3.247694404228571443e+02
4.078882456581928295e+01 3.247993689456016000e+02
4.078429398439466524e+01 3.248335155740891764e+02
4.077976340297005464e+01 3.248718390681295887e+02
4.077523282154543693e+01 3.249004331841721296e+02
4.077070224012081923e+01 3.249432731208277119e+02
4.076617165869620152e+01 3.249598109168223345e+02
4.076164107727158381e+01 3.249826411652815636e+02
4.075711049584697321e+01 3.250185079041185077e+02
4.075257991442235550e+01 3.250725996761068473e+02
4.074804933299773779e+01 3.251026199950968021e+02
4.074351875157312008e+01 3.251661407068846756e+02
4.073898817014850948e+01 3.252052927829721511e+02
4.073445758872389177e+01 3.252739464133739489e+02
4.072992700729927407e+01 3.253393603559370604e+02
4.072539642587465636e+01 3.253959656332953614e+02
4.072086584445003865e+01 3.254327748396123638e+02
4.071633526302542805e+01 3.254650448032853092e+02
4.071180468160081034e+01 3.254858979762828994e+02
4.070727410017619263e+01 3.255506532546615972e+02
4.070274351875157492e+01 3.255955120619896661e+02
4.069821293732695722e+01 3.256475492228628354e+02
4.069368235590234661e+01 3.256788818668827048e+02
4.068915177447772891e+01 3.257302169322931036e+02
4.068462119305311120e+01 3.257566610440481440e+02
4.068009061162849349e+01 3.258180747079106823e+02
4.067556003020388289e+01 3.258462924923867376e+02
4.067102944877926518e+01 3.258680996340165166e+02
4.066649886735464747e+01 3.259103690014292170e+02
4.066196828593002977e+01 3.259771489468423056e+02
4.065743770450541206e+01 3.260305022730155429e+02
4.065290712308080145e+01 3.260762527431764966e+02
4.064837654165618375e+01 3.261233958523287697e+02
4.064384596023156604e+01 3.261845626930497133e+02
4.063931537880694833e+01 3.262230583576300660e+02
4.063478479738233773e+01 3.262749197937587269e+02
4.063025421595772002e+01 3.263113669169139257e+02
4.062572363453310231e+01 3.263526582684502273e+02
4.062119305310848461e+01 3.263743994001648048e+02
4.061666247168386690e+01 3.264077401894159038e+02
4.061213189025925629e+01 3.264265325341962125e+02
4.060760130883463859e+01 3.264704668163836914e+02
4.060307072741002088e+01 3.264859945153885405e+02
4.059854014598540317e+01 3.265271091276958373e+02
4.059400956456078546e+01 3.265603795850059896e+02
4.058947898313617486e+01 3.265861964066560859e+02
4.058494840171155715e+01 3.266236255103740405e+02
4.058041782028693945e+01 3.266507095432968981e+02
4.057588723886232174e+01 3.267010500492738174e+02
4.057135665743771114e+01 3.267422501484290933e+02
4.056682607601309343e+01 3.268067134633659521e+02
4.056229549458847572e+01 3.268467160547948538e+02
4.055776491316385801e+01 3.268873600785229883e+02
4.055323433173924030e+01 3.269285459253397903e+02
4.054870375031462970e+01 3.269754797505926263e+02
4.054417316889001199e+01 3.269901582992457065e+02
4.053964258746539429e+01 3.270290480037303382e+02
4.053511200604077658e+01 3.270410023468557483e+02
4.053058142461616598e+01 3.270874619583408389e+02
4.052605084319154827e+01 3.271200865053561984e+02
4.052152026176693056e+01 3.271859009368498050e+02
4.051698968034231285e+01 3.272380440744699968e+02
4.051245909891769514e+01 3.272936416208664241e+02
4.050792851749308454e+01 3.273518987213984701e+02
4.050339793606846683e+01 3.274056140511066815e+02
4.049886735464384913e+01 3.274702535579487517e+02
4.049433677321923142e+01 3.275103400662035824e+02
4.048980619179461371e+01 3.275714948077397821e+02
4.048527561037000311e+01 3.276212468181102508e+02
4.048074502894538540e+01 3.276734903629151177e+02
4.047621444752076769e+01 3.277128750726010935e+02
4.047168386609614998e+01 3.277360142792305169e+02
4.046715328467153938e+01 3.277643239089997564e+02
4.046262270324692167e+01 3.277834566115025154e+02
4.045809212182230397e+01 3.278120681028391914e+02
4.045356154039768626e+01 3.278391682573338244e+02
4.044903095897306855e+01 3.278944178219598484e+02
4.044450037754845795e+01 3.279268458821837839e+02
4.043996979612384024e+01 3.279855006335285452e+02
4.043543921469922253e+01 3.280273527630286594e+02
4.043090863327460482e+01 3.280723213094171342e+02
4.042637805184999422e+01 3.281258006318286675e+02
4.042184747042537651e+01 3.281722598045944324e+02
4.041731688900075881e+01 3.282208374495606904e+02
4.041278630757614110e+01 3.282843907760176876e+02
4.040825572615152339e+01 3.283196875288759315e+02
4.040372514472691279e+01 3.283667899350203925e+02
4.039919456330229508e+01 3.284021213467608504e+02
4.039466398187767737e+01 3.284261023217210891e+02
4.039013340045305966e+01 3.284659224540187097e+02
4.038560281902844906e+01 3.284906070510816107e+02
4.038107223760383135e+01 3.285269518145117331e+02
4.037654165617921365e+01 3.285577266229045676e+02
4.037201107475459594e+01 3.285915579480429187e+02
4.036748049332997823e+01 3.286269539026750977e+02
4.036294991190536763e+01 3.286630640966120041e+02
4.035841933048074992e+01 3.286876352822639547e+02
4.035388874905613221e+01 3.287415810653305357e+02
4.034935816763151450e+01 3.287830051957362230e+02
4.034482758620689680e+01 3.288169697758897883e+02
4.034029700478228619e+01 3.288672324947172001e+02
4.033576642335766849e+01 3.289190254517396284e+02
4.033123584193305078e+01 3.289553738686991551e+02
4.032670526050843307e+01 3.289927316995925253e+02
4.032217467908382247e+01 3.290498016503960912e+02
4.031764409765920476e+01 3.291015135914466896e+02
4.031311351623458705e+01 3.291733151459463897e+02
4.030858293480996934e+01 3.291988629244580693e+02
4.030405235338535164e+01 3.292592892434208238e+02
4.029952177196074103e+01 3.293113806951348010e+02
4.029499119053612333e+01 3.293792955350301668e+02
4.029046060911150562e+01 3.294160915447632192e+02
4.028593002768688791e+01 3.294591273724972211e+02
4.028139944626227731e+01 3.294783884790344928e+02
4.027686886483765960e+01 3.295280739872325171e+02
4.027233828341304189e+01 3.295740890919773278e+02
4.026780770198842418e+01 3.296133528743801548e+02
4.026327712056380648e+01 3.296449127219013349e+02
4.025874653913919587e+01 3.296636431922941597e+02
4.025421595771457817e+01 3.296940083199230003e+02
4.024968537628996046e+01 3.297375818218313270e+02
4.024515479486534275e+01 3.297553922397799511e+02
4.024062421344072504e+01 3.297826704588314328e+02
4.023609363201611444e+01 3.298119332596808135e+02
4.023156305059149673e+01 3.298632930223173503e+02
4.022703246916687903e+01 3.299191917427688168e+02
4.022250188774226132e+01 3.299719012785936911e+02
4.021797130631765071e+01 3.300014871928281650e+02
4.021344072489303301e+01 3.300247591072080127e+02
4.020891014346841530e+01 3.300471723937158686e+02
4.020437956204379759e+01 3.300879916183977798e+02
4.019984898061917988e+01 3.301309684357403853e+02
4.019531839919456928e+01 3.301612538098693221e+02
4.019078781776995157e+01 3.301864742384034912e+02
4.018625723634533387e+01 3.302085529195738332e+02
4.018172665492071616e+01 3.302454876836416133e+02
4.017719607349610556e+01 3.302946524963689967e+02
4.017266549207148785e+01 3.303540015317412326e+02
4.016813491064687014e+01 3.303914938001573773e+02
4.016360432922225243e+01 3.304439021135174244e+02
4.015907374779763472e+01 3.305058461662526952e+02
4.015454316637302412e+01 3.305652927874093621e+02
4.015001258494840641e+01 3.306118988527378519e+02
4.014548200352378871e+01 3.306432571629072186e+02
4.014095142209917100e+01 3.306820293883239401e+02
4.013642084067456040e+01 3.307249011995966157e+02
4.013189025924994269e+01 3.307620140667552278e+02
4.012735967782532498e+01 3.308194586392777978e+02
4.012282909640070727e+01 3.308886366755818926e+02
4.011829851497608956e+01 3.309124720521808740e+02
4.011376793355147896e+01 3.309508572101855179e+02
4.010923735212686125e+01 3.309843635706921532e+02
4.010470677070224355e+01 3.310129544744840473e+02
4.010017618927762584e+01 3.310484876538139929e+02
4.009564560785300813e+01 3.310704757858238736e+02
4.009111502642839753e+01 3.310889576126137399e+02
4.008658444500377982e+01 3.311349118905130808e+02
4.008205386357916211e+01 3.311615018748064472e+02
4.007752328215454440e+01 3.311884372227783615e+02
4.007299270072993380e+01 3.312208683686827726e+02
4.006846211930531609e+01 3.312569452148194955e+02
4.006393153788069839e+01 3.313118737215967258e+02
4.005940095645608068e+01 3.313351312795148829e+02
4.005487037503146297e+01 3.313800491611240773e+02
4.005033979360685237e+01 3.314353896021560786e+02
4.004580921218223466e+01 3.314918941638886167e+02
4.004127863075761695e+01 3.315426825307978334e+02
4.003674804933299924e+01 3.315904327693941127e+02
4.003221746790838864e+01 3.316592853254970237e+02
4.002768688648377093e+01 3.317007277534648892e+02
4.002315630505915323e+01 3.317417777526350733e+02
4.001862572363453552e+01 3.317875512667802695e+02
4.001409514220991781e+01 3.318338680112833003e+02
4.000956456078530721e+01 3.318637886055245190e+02
4.000503397936068950e+01 3.319136051463758577e+02
4.000050339793607179e+01 3.319370634339361459e+02
3.999597281651145408e+01 3.319738747368739382e+02
3.999144223508683638e+01 3.320281742417095074e+02
3.998691165366222577e+01 3.320680116863561580e+02
3.998238107223760807e+01 3.321081971792390846e+02
3.997785049081299036e+01 3.321775407672379856e+02
3.997331990938837265e+01 3.322209315608045586e+02
3.996878932796376205e+01 3.322870861940062923e+02
3.996425874653914434e+01 3.323109703706461460e+02
3.995972816511452663e+01 3.323547199873260070e+02
3.995519758368990892e+01 3.323954414156227699e+02
3.995066700226529122e+01 3.324454010041097263e+02
3.994613642084068061e+01 3.324737656534182975e+02
3.994160583941606291e+01 3.325080785949276105e+02
3.993707525799144520e+01 3.325334542315887347e+02
3.993254467656682749e+01 3.325711456065459402e+02
3.992801409514221689e+01 3.326247069590397700e+02
3.992348351371759918e+01 3.326629957524915540e+02
3.991895293229298147e+01 3.327283468289951429e+02
3.991442235086836376e+01 3.327585036767007409e+02
3.990989176944374606e+01 3.328204252962123633e+02
3.990536118801913545e+01 3.328615669068344118e+02
3.990083060659451775e+01 3.329078834927544790e+02
3.989630002516990004e+01 3.329564289327341839e+02
3.989176944374528233e+01 3.329803128157211631e+02
3.988723886232066462e+01 3.330133697727846425e+02
3.988270828089605402e+01 3.330479145510896615e+02
3.987817769947143631e+01 3.330869074598235784e+02
3.987364711804681860e+01 3.331317841747866169e+02
3.986911653662220090e+01 3.331467752642527103e+02
3.986458595519759029e+01 3.331913425396152206e+02
3.986005537377297259e+01 3.332265527250710306e+02
3.985552479234835488e+01 3.332826729068670488e+02
3.985099421092373717e+01 3.333151699783318804e+02
3.984646362949911946e+01 3.333638829537299557e+02
3.984193304807450886e+01 3.333930176657033257e+02
3.983740246664989115e+01 3.334206138650953903e+02
3.983287188522527345e+01 3.334496999640903141e+02
3.982834130380065574e+01 3.334814585555404847e+02
3.982381072237604513e+01 3.335031095104656060e+02
3.981928014095142743e+01 3.335291584542857208e+02
3.981474955952680972e+01 3.335678620323936343e+02
3.981021897810219201e+01 3.335921904463618262e+02
3.980568839667757430e+01 3.336431891584998084e+02
3.980115781525296370e+01 3.336671265105663338e+02
3.979662723382834599e+01 3.337130493950156733e+02
3.979209665240372829e+01 3.337549407605645229e+02
3.978756607097911058e+01 3.337990753866183695e+02
3.978303548955449997e+01 3.338439224027075625e+02
3.977850490812988227e+01 3.338999054375532296e+02
3.977397432670526456e+01 3.339427878572438431e+02
3.976944374528064685e+01 3.339883327511867037e+02
3.976491316385602914e+01 3.340343589075392856e+02
3.976038258243141854e+01 3.340786708011806923e+02
3.975585200100680083e+01 3.341193413826900382e+02
3.975132141958218313e+01 3.341699897145111890e+02
3.974679083815756542e+01 3.341982815933164943e+02
3.974226025673294771e+01 3.342568213544787454e+02
3.973772967530833711e+01 3.342877062455784198e+02
3.973319909388371940e+01 3.343507734489966197e+02
3.972866851245910169e+01 3.343929606431190109e+02
3.972413793103448398e+01 3.344564162421423248e+02
3.971960734960987338e+01 3.345005181408992598e+02
3.971507676818525567e+01 3.345307766553071360e+02
3.971054618676063797e+01 3.345796583001413183e+02
3.970601560533602026e+01 3.346154383483853962e+02
3.970148502391140255e+01 3.346581305117761076e+02
3.969695444248679195e+01 3.346855160060900403e+02
3.969242386106217424e+01 3.347083454482242360e+02
3.968789327963755653e+01 3.347455500995505417e+02
3.968336269821293882e+01 3.347778325545697840e+02
3.967883211678832822e+01 3.348245308610214579e+02
3.967430153536371051e+01 3.348536408769367085e+02
3.966977095393909281e+01 3.348919198383979960e+02
3.966524037251447510e+01 3.349300128004937847e+02
3.966070979108985739e+01 3.349674378068836518e+02
3.965617920966524679e+01 3.349878526761204967e+02
3.965164862824062908e+01 3.350098455605764798e+02
3.964711804681601137e+01 3.350540425717362609e+02
3.964258746539139366e+01 3.350934337784674995e+02
3.963805688396677596e+01 3.351426136515840426e+02
3.963352630254216535e+01 3.351731709890586330e+02
3.962899572111754765e+01 3.352146148046365397e+02
3.962446513969292994e+01 3.352387709555132460e+02
3.961993455826831223e+01 3.352881478076151893e+02
3.961540397684370163e+01 3.353290392950184469e+02
3.961087339541908392e+01 3.353738886739703275e+02
3.960634281399446621e+01 3.353916431627901602e+02
3.960181223256984850e+01 3.354319892803241032e+02
3.959728165114523080e+01 3.354560476045585915e+02
3.959275106972062019e+01 3.355020473119557209e+02
3.958822048829600249e+01 3.355437148094135296e+02
3.958368990687138478e+01 3.355810316126783164e+02
3.957915932544676707e+01 3.356037363293395970e+02
3.957462874402215647e+01 3.356557216418966050e+02
3.957009816259753876e+01 3.357020785157588989e+02
3.956556758117292105e+01 3.357572248470911518e+02
3.956103699974830334e+01 3.358137344752261697e+02
3.955650641832368564e+01 3.358661596252366621e+02
3.955197583689907503e+01 3.359325637519534666e+02
3.954744525547445733e+01 3.359807964991149447e+02
3.954291467404983962e+01 3.360263568497681490e+02
3.953838409262522191e+01 3.360718271242073456e+02
3.953385351120060420e+01 3.360815696990587185e+02
3.952932292977599360e+01 3.361178744398197296e+02
3.952479234835137589e+01 3.361572437033379401e+02
3.952026176692675818e+01 3.361815656015186846e+02
3.951573118550214048e+01 3.362106116027947564e+02
3.951120060407752987e+01 3.362535323103703604e+02
3.950667002265291217e+01 3.362865385332019059e+02
3.950213944122829446e+01 3.363321092175530680e+02
3.949760885980367675e+01 3.363635878726594797e+02
3.949307827837905904e+01 3.364027796803658816e+02
3.948854769695444844e+01 3.364383103071106689e+02
3.948401711552983073e+01 3.364719154775750098e+02
3.947948653410521302e+01 3.365229478017231486e+02
3.947495595268059532e+01 3.365705696503964646e+02
3.947042537125598471e+01 3.366235007204701901e+02
3.946589478983136701e+01 3.366751092028704306e+02
3.946136420840674930e+01 3.367405998280964354e+02
3.945683362698213159e+01 3.367854435350597555e+02
3.945230304555751388e+01 3.368524622229343777e+02
3.944777246413290328e+01 3.368870574277879086e+02
3.944324188270828557e+01 3.369288015138812966e+02
3.943871130128366786e+01 3.369800403342305231e+02
3.943418071985905016e+01 3.370138321844423785e+02
3.942965013843443955e+01 3.370340969828927769e+02
3.942511955700982185e+01 3.370750933176056492e+02
3.942058897558520414e+01 3.370872077648768936e+02
3.941605839416058643e+01 3.371232636305540495e+02
3.941152781273596872e+01 3.371359703694188852e+02
3.940699723131135812e+01 3.371678080427097370e+02
3.940246664988674041e+01 3.371999674850826523e+02
3.939793606846212271e+01 3.372319466096977294e+02
3.939340548703750500e+01 3.372758956605015896e+02
3.938887490561288729e+01 3.373308179350598834e+02
3.938434432418827669e+01 3.373698560582988648e+02
3.937981374276365898e+01 3.374252787258604371e+02
3.937528316133904127e+01 3.374692158903836798e+02
3.937075257991442356e+01 3.375039874474214230e+02
3.936622199848981296e+01 3.375721902328571673e+02
3.936169141706519525e+01 3.375976323530214813e+02
3.935716083564057755e+01 3.376465388554030369e+02
3.935263025421595984e+01 3.376896385859833458e+02
3.934809967279134213e+01 3.377602006274220230e+02
3.934356909136673153e+01 3.377936225564836263e+02
3.933903850994211382e+01 3.378369293357866923e+02
3.933450792851749611e+01 3.378413448753056514e+02
3.932997734709287840e+01 3.378914300396496628e+02
3.932544676566826780e+01 3.379224610918553253e+02
3.932091618424365009e+01 3.379700881914915840e+02
3.931638560281903239e+01 3.380152754391124859e+02
3.931185502139441468e+01 3.380346902140798875e+02
3.930732443996979697e+01 3.380639110816811126e+02
3.930279385854518637e+01 3.380865972606598007e+02
3.929826327712056866e+01 3.381445635628103901e+02
3.929373269569595095e+01 3.381732054835781582e+02
3.928920211427133324e+01 3.381953035261240075e+02
3.928467153284671554e+01 3.382210633087270253e+02
3.928014095142210493e+01 3.382630971773869533e+02
3.927561036999748723e+01 3.383052062415765135e+02
3.927107978857286952e+01 3.383715660343281115e+02
3.926654920714825181e+01 3.383906566506452691e+02
3.926201862572364121e+01 3.384033401329156732e+02
3.925748804429902350e+01 3.384362970818186227e+02
3.925295746287440579e+01 3.384668379004280609e+02
3.924842688144978808e+01 3.385159514612192879e+02
3.924389630002517038e+01 3.385595897300115098e+02
3.923936571860055977e+01 3.386080746554403618e+02
3.923483513717594207e+01 3.386391098092348670e+02
3.923030455575132436e+01 3.386844551144064894e+02
3.922577397432670665e+01 3.387325313373331710e+02
3.922124339290209605e+01 3.387675795545672486e+02
3.921671281147747834e+01 3.388111353018490490e+02
3.921218223005286063e+01 3.388594378357321943e+02
3.920765164862824292e+01 3.389159855469087006e+02
3.920312106720362522e+01 3.389826500516835495e+02
3.919859048577901461e+01 3.390272829054792965e+02
3.919405990435439691e+01 3.390626812347428540e+02
3.918952932292977920e+01 3.390993011374728781e+02
3.918499874150516149e+01 3.391444744355409284e+02
3.918046816008055089e+01 3.391972380470919575e+02
3.917593757865593318e+01 3.392371163741387363e+02
3.917140699723131547e+01 3.392730683780707750e+02
3.916687641580669776e+01 3.392914230440865708e+02
3.916234583438208006e+01 3.393406520591540811e+02
3.915781525295746945e+01 3.393798761512611577e+02
3.915328467153285175e+01 3.394351377736031736e+02
3.914875409010823404e+01 3.394807828953301510e+02
3.914422350868361633e+01 3.395136735472822807e+02
3.913969292725899862e+01 3.395617255246955324e+02
3.913516234583438802e+01 3.395925682385030200e+02
3.913063176440977031e+01 3.396612012072008042e+02
3.912610118298515260e+01 3.397039467012921250e+02
3.912157060156053490e+01 3.397289551901698132e+02
3.911704002013592429e+01 3.397443483434910831e+02
3.911250943871130659e+01 3.397707381237101458e+02
3.910797885728668888e+01 3.398158954907321458e+02
3.910344827586207117e+01 3.398676595115372265e+02
3.909891769443745346e+01 3.398935147831458039e+02
3.909438711301284286e+01 3.399221879266370934e+02
3.908985653158822515e+01 3.399738901602756300e+02
3.908532595016360744e+01 3.400125254693541024e+02
3.908079536873898974e+01 3.400594756102642009e+02
3.907626478731437913e+01 3.401010889541882989e+02
3.907173420588976143e+01 3.401317683418531033e+02
3.906720362446514372e+01 3.401803135796005222e+02
3.906267304304052601e+01 3.402204520094275608e+02
3.905814246161590830e+01 3.402782471443809413e+02
3.905361188019129770e+01 3.403181451719478900e+02
3.904908129876667999e+01 3.403497617575071104e+02
3.904455071734206228e+01 3.404079384032422126e+02
3.904002013591744458e+01 3.404410825302860530e+02
3.903548955449282687e+01 3.404797114972980125e+02
3.903095897306821627e+01 3.405068317050860855e+02
3.902642839164359856e+01 3.405504718084259252e+02
3.902189781021898085e+01 3.405645168362856907e+02
3.901736722879436314e+01 3.406261738935349399e+02
3.901283664736975254e+01 3.406531427481048695e+02
3.900830606594513483e+01 3.407088766684093457e+02
3.900377548452051713e+01 3.407559576197973570e+02
3.899924490309589942e+01 3.408006264724189123e+02
3.899471432167128171e+01 3.408470132529389502e+02
3.899018374024667111e+01 3.409019038909625010e+02
3.898565315882205340e+01 3.409618521917191174e+02
3.898112257739743569e+01 3.410119199202361528e+02
3.897659199597281798e+01 3.410555119262966173e+02
3.897206141454820738e+01 3.411035671893907875e+02
3.896753083312358967e+01 3.411454868845360693e+02
3.896300025169897197e+01 3.411913117712269354e+02
3.895846967027435426e+01 3.412170738554050899e+02
3.895393908884973655e+01 3.412571402218875392e+02
3.894940850742512595e+01 3.412756625957645724e+02
3.894487792600050824e+01 3.413166324040053041e+02
3.894034734457589053e+01 3.413297282885262689e+02
3.893581676315127282e+01 3.413813741347727273e+02
3.893128618172665512e+01 3.414122776238054939e+02
3.892675560030204451e+01 3.414405106247553476e+02
3.892222501887742681e+01 3.414757462927754545e+02
3.891769443745280910e+01 3.414913745246229269e+02
3.891316385602819139e+01 3.415282588874056273e+02
3.890863327460358079e+01 3.415497436997442264e+02
3.890410269317896308e+01 3.415835514858882789e+02
3.889957211175434537e+01 3.416265418931434965e+02
3.889504153032972766e+01 3.416621115540467031e+02
3.889051094890510996e+01 3.417075106746303277e+02
3.888598036748049935e+01 3.417469424655755006e+02
3.888144978605588165e+01 3.417986196336772764e+02
3.887691920463126394e+01 3.418390085171491251e+02
3.887238862320664623e+01 3.419018940511088545e+02
3.886785804178203563e+01 3.419452649467246488e+02
3.886332746035741792e+01 3.419844566879420427e+02
3.885879687893280021e+01 3.420143950904145527e+02
3.885426629750818250e+01 3.420504965793167571e+02
3.884973571608356480e+01 3.420919926830186455e+02
3.884520513465895419e+01 3.421219230179663668e+02
3.884067455323433649e+01 3.421750153118961180e+02
3.883614397180971878e+01 3.422164007393849943e+02
3.883161339038510107e+01 3.422447788049615269e+02
3.882708280896049047e+01 3.422760799801667417e+02
3.882255222753587276e+01 3.423253031993945115e+02
3.881802164611125505e+01 3.423802414839548192e+02
3.881349106468663734e+01 3.424009958136230125e+02
3.880896048326201964e+01 3.424366094220378613e+02
3.880442990183740903e+01 3.424791818911160135e+02
3.879989932041279133e+01 3.425376594219413278e+02
3.879536873898817362e+01 3.425874821009103925e+02
3.879083815756355591e+01 3.426432037839886107e+02
3.878630757613893820e+01 3.426793681803057439e+02
3.878177699471432760e+01 3.427047824029781395e+02
3.877724641328970989e+01 3.427507494442830875e+02
3.877271583186509218e+01 3.427908931411186586e+02
3.876818525044047448e+01 3.428372627221691573e+02
3.876365466901586387e+01 3.428635986319857238e+02
3.875912408759124617e+01 3.428989970399302365e+02
3.875459350616662846e+01 3.429057993176944024e+02
3.875006292474201075e+01 3.429448569001672240e+02
3.874553234331739304e+01 3.429792740626609771e+02
3.874100176189278244e+01 3.430175814736357438e+02
3.873647118046816473e+01 3.430573795499564653e+02
3.873194059904354702e+01 3.430881805553236177e+02
3.872741001761892932e+01 3.431080731525873944e+02
3.872287943619431871e+01 3.431541689392005878e+02
3.871834885476970101e+01 3.431944131198283117e+02
3.871381827334508330e+01 3.432466759872406783e+02
3.870928769192046559e+01 3.432900748901454335e+02
3.870475711049584788e+01 3.433424666272285890e+02
3.870022652907123728e+01 3.433874505653611209e+02
3.869569594764661957e+01 3.434266638514112628e+02
3.869116536622200186e+01 3.434606999032876047e+02
3.868663478479738416e+01 3.435129399043929652e+02
3.868210420337276645e+01 3.435650968061159460e+02
3.867757362194815585e+01 3.436232537420940503e+02
3.867304304052353814e+01 3.436714736521872169e+02
3.866851245909892043e+01 3.437145363046798252e+02
3.866398187767430272e+01 3.437463114277467753e+02
3.865945129624969212e+01 3.437795995543748404e+02
3.865492071482507441e+01 3.438192254972975093e+02
3.865039013340045670e+01 3.438554419158008955e+02
3.864585955197583900e+01 3.439087900106925986e+02
3.864132897055122129e+01 3.439483635582989791e+02
3.863679838912661069e+01 3.439824898698582274e+02
3.863226780770199298e+01 3.440151158616525890e+02
3.862773722627737527e+01 3.440610885166597086e+02
3.862320664485275756e+01 3.441107005527696288e+02
3.861867606342814696e+01 3.441669910709425153e+02
3.861414548200352925e+01 3.442115436431574835e+02
3.860961490057891154e+01 3.442560772329743486e+02
3.860508431915429384e+01 3.442934209471597455e+02
3.860055373772967613e+01 3.443438862585993547e+02
3.859602315630506553e+01 3.443659440801039295e+02
3.859149257488044782e+01 3.443901367409426371e+02
3.858696199345583011e+01 3.444310230378580400e+02
3.858243141203121240e+01 3.444753647070013471e+02
3.857790083060659470e+01 3.445298279651760254e+02
3.857337024918198409e+01 3.445607045083290814e+02
3.856883966775736639e+01 3.446084387286880997e+02
3.856430908633274868e+01 3.446584177303813590e+02
3.855977850490813097e+01 3.447013837581301345e+02
3.855524792348352037e+01 3.447457885445208490e+02
3.855071734205890266e+01 3.447642372529097656e+02
3.854618676063428495e+01 3.447940954174987951e+02
3.854165617920966724e+01 3.448256287301036309e+02
3.853712559778504954e+01 3.448708210011387791e+02
3.853259501636043893e+01 3.449115447589214796e+02
3.852806443493582123e+01 3.449534819545595496e+02
3.852353385351120352e+01 3.449868266203574763e+02
3.851900327208658581e+01 3.450095462732662668e+02
3.851447269066197521e+01 3.450803959537126389e+02
3.850994210923735750e+01 3.451276079851427880e+02
3.850541152781273979e+01 3.451732250949114018e+02
3.850088094638812208e+01 3.452277183810743395e+02
3.849635036496350438e+01 3.452775895933247625e+02
3.849181978353889377e+01 3.453540707258642897e+02
3.848728920211427607e+01 3.454249588628466654e+02
3.848275862068965836e+01 3.454738073067985624e+02
3.847822803926504065e+01 3.455023701649139412e+02
3.847369745784043005e+01 3.455633871199203213e+02
3.846916687641581234e+01 3.456190899140316901e+02
3.846463629499119463e+01 3.456830281929907187e+02
3.846010571356657692e+01 3.457170353524224993e+02
3.845557513214195922e+01 3.457563752932582588e+02
3.845104455071734861e+01 3.457876525607639451e+02
3.844651396929273091e+01 3.458434941427220224e+02
3.844198338786811320e+01 3.458885278842602702e+02
3.843745280644349549e+01 3.459388989025859473e+02
3.843292222501887778e+01 3.459762887533702838e+02
3.842839164359426718e+01 3.460039121615974977e+02
3.842386106216964947e+01 3.460476067324370320e+02
3.841933048074503176e+01 3.460706497457608748e+02
3.841479989932041406e+01 3.461053559123329251e+02
3.841026931789580345e+01 3.461324479082887819e+02
3.840573873647118575e+01 3.461829282353303938e+02
3.840120815504656804e+01 3.462175181638490926e+02
3.839667757362195033e+01 3.462681945544455289e+02
3.839214699219733262e+01 3.462996152123929505e+02
3.838761641077272202e+01 3.463350253318203613e+02
3.838308582934810431e+01 3.463740616370666885e+02
3.837855524792348660e+01 3.464160494148512157e+02
3.837402466649886890e+01 3.464798822303854422e+02
3.836949408507425829e+01 3.465300138659638378e+02
3.836496350364964059e+01 3.465677977134153025e+02
3.836043292222502288e+01 3.466166092051910823e+02
3.835590234080040517e+01 3.466570119749926562e+02
3.835137175937578746e+01 3.467248978882651613e+02
3.834684117795117686e+01 3.467714414715231328e+02
3.834231059652655915e+01 3.468125887965177867e+02
3.833778001510194144e+01 3.468545486959910136e+02
3.833324943367732374e+01 3.468869929364889799e+02
3.832871885225270603e+01 3.469468355830184123e+02
3.832418827082809543e+01 3.469991304651891824e+02
3.831965768940347772e+01 3.470451883506609079e+02
3.831512710797886001e+01 3.470868192391073990e+02
3.831059652655424230e+01 3.471188631789828491e+02
3.830606594512963170e+01 3.471563916019259182e+02
3.830153536370501399e+01 3.472056825656538308e+02
3.829700478228039628e+01 3.472453351136383048e+02
3.829247420085577858e+01 3.472767787958766803e+02
3.828794361943116087e+01 3.473252844169243758e+02
3.828341303800655027e+01 3.473720066280187098e+02
3.827888245658193256e+01 3.474277763778891313e+02
3.827435187515731485e+01 3.474672662724626093e+02
3.826982129373269714e+01 3.475024622598940596e+02
3.826529071230808654e+01 3.475256438187645927e+02
3.826076013088346883e+01 3.475564507473785625e+02
3.825622954945885112e+01 3.475996489694844058e+02
3.825169896803423342e+01 3.476299857692976616e+02
3.824716838660961571e+01 3.476738279851963966e+02
3.824263780518500511e+01 3.477069050940962143e+02
3.823810722376038740e+01 3.477549922416470167e+02
3.823357664233576969e+01 3.477926225667368385e+02
3.822904606091115198e+01 3.478366590173937993e+02
3.822451547948654138e+01 3.478613780557353721e+02
3.821998489806192367e+01 3.479187325360351792e+02
3.821545431663730596e+01 3.479896041094384032e+02
3.821092373521268826e+01 3.480506155574905733e+02
3.820639315378807055e+01 3.481147807379275037e+02
3.820186257236345995e+01 3.481617898156752631e+02
3.819733199093884224e+01 3.482136108911415135e+02
3.819280140951422453e+01 3.482642508079765093e+02
3.818827082808960682e+01 3.483114297068949554e+02
3.818374024666498912e+01 3.483613898882124431e+02
3.817920966524037851e+01 3.483965383085142662e+02
3.817467908381576081e+01 3.484546581371969864e+02
3.817014850239114310e+01 3.485017176597771140e+02
3.816561792096652539e+01 3.485531737705798037e+02
3.816108733954191479e+01 3.486023155933321505e+02
3.815655675811729708e+01 3.486547362231144120e+02
3.815202617669267937e+01 3.487131536889023096e+02
3.814749559526806166e+01 3.487695447217325295e+02
3.814296501384344396e+01 3.488153898321622250e+02
3.813843443241883335e+01 3.488437922098214585e+02
3.813390385099421565e+01 3.488936339175896819e+02
3.812937326956959794e+01 3.489204162556650317e+02
3.812484268814498023e+01 3.489563025767928934e+02
3.812031210672036963e+01 3.490029965590992447e+02
3.811578152529575192e+01 3.490333686473610442e+02
3.811125094387113421e+01 3.490772137217569480e+02
3.810672036244651650e+01 3.491022839471820589e+02
3.810218978102189880e+01 3.491635832420967631e+02
3.809765919959728819e+01 3.491938365892501110e+02
3.809312861817267049e+01 3.492258814526382480e+02
3.808859803674805278e+01 3.492515885592951577e+02
3.808406745532343507e+01 3.492791552496504437e+02
3.807953687389881736e+01 3.493296436139174261e+02
3.807500629247420676e+01 3.493708759369224026e+02
3.807047571104958905e+01 3.494001871364891372e+02
3.806594512962497134e+01 3.494470252794371845e+02
3.806141454820035364e+01 3.494969146574691194e+02
3.805688396677574303e+01 3.495483233030233237e+02
3.805235338535112533e+01 3.496179317500443062e+02
3.804782280392650762e+01 3.496836798419060983e+02
3.804329222250188991e+01 3.497444777536751417e+02
3.803876164107727220e+01 3.497996517377364398e+02
3.803423105965266160e+01 3.498609302068870761e+02
3.802970047822804389e+01 3.499063641459532050e+02
3.802516989680342618e+01 3.499404857357216088e+02
3.802063931537880848e+01 3.499587607244869787e+02
3.801610873395419787e+01 3.500065725116913313e+02
3.801157815252958017e+01 3.500372224176651912e+02
3.800704757110496246e+01 3.500913909271467901e+02
3.800251698968034475e+01 3.501192960122718887e+02
3.799798640825572704e+01 3.501556343186006188e+02
3.799345582683111644e+01 3.501987212103313141e+02
3.798892524540649873e+01 3.502203946750518639e+02
3.798439466398188102e+01 3.502878033446340851e+02
3.797986408255726332e+01 3.503316803387510276e+02
3.797533350113264561e+01 3.503808356073437267e+02
3.797080291970803501e+01 3.504168828412011294e+02
3.796627233828341730e+01 3.504637559412835230e+02
3.796174175685879959e+01 3.505036158143509510e+02
3.795721117543418188e+01 3.505356965467973964e+02
3.795268059400957128e+01 3.505807440483482083e+02
3.794815001258495357e+01 3.506004361824287230e+02
3.794361943116033586e+01 3.506372612879508210e+02
3.793908884973571816e+01 3.506740325624646175e+02
3.793455826831110045e+01 3.507179057257131944e+02
3.793002768688648985e+01 3.507672976530573123e+02
3.792549710546187214e+01 3.508241286246976642e+02
3.792096652403725443e+01 3.508515964402895406e+02
3.791643594261263672e+01 3.508888961788312031e+02
3.791190536118802612e+01 3.509454241057652553e+02
3.790737477976340841e+01 3.510027066663039363e+02
3.790284419833879070e+01 3.510417558421036119e+02
3.789831361691417300e+01 3.510872688616731807e+02
3.789378303548955529e+01 3.511114192360735160e+02
3.788925245406494469e+01 3.511629138158601791e+02
3.788472187264032698e+01 3.512010135407593907e+02
3.788019129121570927e+01 3.512421081541066883e+02
3.787566070979109156e+01 3.512951085299546321e+02
3.787113012836648096e+01 3.513332112775203768e+02
3.786659954694186325e+01 3.513967384731644756e+02
3.786206896551724554e+01 3.514297394811792401e+02
3.785753838409262784e+01 3.514827545854946607e+02
3.785300780266801013e+01 3.515334472385524691e+02
3.784847722124339953e+01 3.515819419834617179e+02
3.784394663981878182e+01 3.516323856509288248e+02
3.783941605839416411e+01 3.516760067986952549e+02
3.783488547696954640e+01 3.517197344355582231e+02
3.783035489554492870e+01 3.517610801876938922e+02
3.782582431412031809e+01 3.518177476304837228e+02
3.782129373269570038e+01 3.518580348026110869e+02
3.781676315127108268e+01 3.519113145119022761e+02
3.781223256984646497e+01 3.519671078082704412e+02
3.780770198842185437e+01 3.520133414966618943e+02
3.780317140699723666e+01 3.520516650568443993e+02
3.779864082557261895e+01 3.521097409079069394e+02
3.779411024414800124e+01 3.521695575975703605e+02
3.778957966272338354e+01 3.521990208740617163e+02
3.778504908129877293e+01 3.522537955898156383e+02
3.778051849987415522e+01 3.522808333442381468e+02
3.777598791844953752e+01 3.523272129998087507e+02
3.777145733702491981e+01 3.523605327081672272e+02
3.776692675560030921e+01 3.524014789955106153e+02
3.776239617417569150e+01 3.524175490277654603e+02
3.775786559275107379e+01 3.524616064713110859e+02
3.775333501132645608e+01 3.524891248772130439e+02
3.774880442990183838e+01 3.525416296379044638e+02
3.774427384847722777e+01 3.525699377564997690e+02
3.773974326705261007e+01 3.526044634389171506e+02
3.773521268562799236e+01 3.526538493925560829e+02
3.773068210420337465e+01 3.526954901055179903e+02
3.772615152277875694e+01 3.527446802179761676e+02
3.772162094135414634e+01 3.527960891882967189e+02
3.771709035992952863e+01 3.528352138460027163e+02
3.771255977850491092e+01 3.528717026123443361e+02
3.770802919708029322e+01 3.529135654542804446e+02
3.770349861565568261e+01 3.529668135778607621e+02
3.769896803423106491e+01 3.530053717099239066e+02
3.769443745280644720e+01 3.530604881784493614e+02
3.768990687138182949e+01 3.531087732589508619e+02
3.768537628995721178e+01 3.531597228540045421e+02
3.768084570853260118e+01 3.532077629896599547e+02
3.767631512710798347e+01 3.532440166197188773e+02
3.767178454568336576e+01 3.532644597004855314e+02
3.766725396425874806e+01 3.532913023307891081e+02
3.766272338283413745e+01 3.533329581103019450e+02
3.765819280140951975e+01 3.533847150895946925e+02
3.765366221998490204e+01 3.534233342211905438e+02
3.764913163856028433e+01 3.534501166583535792e+02
3.764460105713566662e+01 3.535069346999648019e+02
3.764007047571105602e+01 3.535567106999500879e+02
3.763553989428643831e+01 3.536203890624754536e+02
3.763100931286182060e+01 3.536659318669079539e+02
3.762647873143720290e+01 3.537003492817057690e+02
3.762194815001259229e+01 3.537350148977984077e+02
3.761741756858797459e+01 3.537837964590144679e+02
3.761288698716335688e+01 3.538430468575991767e+02
3.760835640573873917e+01 3.538967538667376971e+02
3.760382582431412146e+01 3.539483556277702405e+02
3.759929524288951086e+01 3.539764135558223188e+02
3.759476466146489315e+01 3.540228758844960453e+02
3.759023408004027544e+01 3.540794982292713939e+02
3.758570349861565774e+01 3.541288320395664755e+02
3.758117291719104003e+01 3.541613709194879220e+02
3.757664233576642943e+01 3.541901071439602902e+02
3.757211175434181172e+01 3.542109862165632990e+02
3.756758117291719401e+01 3.542376037420384591e+02
3.756305059149257630e+01 3.542801608596373057e+02
3.755852001006796570e+01 3.543239162415765691e+02
3.755398942864334799e+01 3.543433239653228384e+02
3.754945884721873028e+01 3.543918959664795238e+02
3.754492826579411258e+01 3.544368213464187534e+02
3.754039768436949487e+01 3.544932598124493666e+02
3.753586710294488427e+01 3.545447969041317151e+02
3.753133652152026656e+01 3.545791013878655349e+02
3.752680594009564885e+01 3.546181259090093363e+02
3.752227535867103114e+01 3.546558170620514261e+02
3.751774477724642054e+01 3.546880425464705695e+02
3.751321419582180283e+01 3.547369194667499528e+02
3.750868361439718512e+01 3.547781044966729382e+02
3.750415303297256742e+01 3.548084186230667569e+02
3.749962245154794971e+01 3.548467412421721292e+02
3.749509187012333911e+01 3.548965436882569406e+02
3.749056128869872140e+01 3.549349642443531252e+02
3.748603070727410369e+01 3.549969051348641642e+02
3.748150012584948598e+01 3.550425660350629187e+02
3.747696954442486827e+01 3.550872969021359040e+02
3.747243896300025767e+01 3.551220484554588666e+02
3.746790838157563996e+01 3.551575105992425847e+02
3.746337780015102226e+01 3.551890972814720726e+02
3.745884721872640455e+01 3.552219398470530791e+02
3.745431663730179395e+01 3.552805399907916239e+02
3.744978605587717624e+01 3.553358649779229950e+02
3.744525547445255853e+01 3.553844971850556362e+02
3.744072489302794082e+01 3.554184165747265638e+02
3.743619431160332311e+01 3.554718899914707890e+02
3.743166373017871251e+01 3.555046222255178350e+02
3.742713314875409480e+01 3.555511934522806428e+02
3.742260256732947710e+01 3.555718518529394601e+02
3.741807198590485939e+01 3.556035179328438858e+02
3.741354140448024879e+01 3.556151140551579033e+02
3.740901082305563108e+01 3.556651071611707380e+02
3.740448024163101337e+01 3.556928154805670488e+02
3.739994966020639566e+01 3.557563405351339156e+02
3.739541907878177796e+01 3.557919257557854849e+02
3.739088849735716735e+01 3.558332115770697897e+02
3.738635791593254964e+01 3.558595519407942334e+02
3.738182733450793194e+01 3.559021908203573048e+02
3.737729675308331423e+01 3.559380789090415647e+02
3.737276617165869652e+01 3.559587561602356800e+02
3.736823559023408592e+01 3.560012111252136151e+02
3.736370500880946821e+01 3.560443578918033722e+02
3.735917442738485050e+01 3.560838157593361757e+02
3.735464384596023280e+01 3.561265828024683060e+02
3.735011326453562219e+01 3.561479874689034659e+02
3.734558268311100448e+01 3.561690402449829662e+02
3.734105210168638678e+01 3.562104140744847882e+02
3.733652152026176907e+01 3.562548321450652224e+02
3.733199093883715136e+01 3.563210067270082959e+02
3.732746035741254076e+01 3.563771845026973324e+02
3.732292977598792305e+01 3.564274598033069310e+02
3.731839919456330534e+01 3.564588282311113971e+02
3.731386861313868764e+01 3.565263225049489506e+02
3.730933803171407703e+01 3.565745871093554342e+02
3.730480745028945933e+01 3.566184938779930462e+02
3.730027686886484162e+01 3.566362429060250747e+02
3.729574628744022391e+01 3.566762236485567428e+02
3.729121570601560620e+01 3.567104887826546360e+02
3.728668512459099560e+01 3.567643203187985250e+02
3.728215454316637789e+01 3.568189753883954722e+02
3.727762396174176018e+01 3.568707443634900756e+02
3.727309338031714248e+01 3.568998243811121824e+02
3.726856279889253187e+01 3.569436194728589840e+02
3.726403221746791417e+01 3.569968051535981886e+02
3.725950163604329646e+01 3.570393199782664624e+02
3.725497105461867875e+01 3.570801728682293970e+02
3.725044047319406104e+01 3.571273023315175124e+02
3.724590989176945044e+01 3.571695482996219084e+02
3.724137931034483273e+01 3.572122814710523357e+02
3.723684872892021502e+01 3.572432040739784611e+02
3.723231814749559732e+01 3.572800376309482999e+02
3.722778756607097961e+01 3.573248588011259699e+02
3.722325698464636901e+01 3.573687998163363204e+02
3.721872640322175130e+01 3.574153408180061433e+02
3.721419582179713359e+01 3.574559243992871416e+02
3.720966524037251588e+01 3.574723459370569572e+02
3.720513465894790528e+01 3.575104044417614659e+02
3.720060407752328757e+01 3.575433863052131755e+02
3.719607349609866986e+01 3.575903331904336255e+02
3.719154291467405216e+01 3.576186387594167400e+02
3.718701233324943445e+01 3.576405997663914036e+02
3.718248175182482385e+01 3.576798995580049905e+02
3.717795117040020614e+01 3.577359608635082395e+02
3.717342058897558843e+01 3.577716260248791400e+02
3.716889000755097072e+01 3.578231376640483177e+02
3.716435942612636012e+01 3.578617607610128175e+02
3.715982884470174241e+01 3.578848888662865875e+02
3.715529826327712470e+01 3.579265817894279280e+02
3.715076768185250700e+01 3.579798797087868820e+02
3.714623710042788929e+01 3.580272566930039488e+02
3.714170651900327869e+01 3.580729917273329193e+02
3.713717593757866098e+01 3.581084438592297374e+02
3.713264535615404327e+01 3.581531148255913877e+02
3.712811477472942556e+01 3.581905853009072871e+02
3.712358419330480785e+01 3.582498496840811981e+02
3.711905361188019725e+01 3.583063347862244541e+02
3.711452303045557954e+01 3.583527582767272293e+02
3.710999244903096184e+01 3.583988450779613117e+02
3.710546186760634413e+01 3.584575637599772904e+02
3.710093128618173353e+01 3.584970328287690791e+02
3.709640070475711582e+01 3.585304399569964744e+02
3.709187012333249811e+01 3.585681877423133983e+02
3.708733954190788040e+01 3.586040674275445213e+02
3.708280896048326269e+01 3.586502466506872793e+02
3.707827837905865209e+01 3.586975751850760048e+02
3.707374779763403438e+01 3.587428608836369790e+02
3.706921721620941668e+01 3.587834768240265930e+02
3.706468663478479897e+01 3.588189122227693133e+02
3.706015605336018837e+01 3.588530884499409694e+02
3.705562547193557066e+01 3.588894274640279605e+02
3.705109489051095295e+01 3.589039967815906493e+02
3.704656430908633524e+01 3.589293032866096382e+02
3.704203372766171753e+01 3.589462316927922529e+02
3.703750314623710693e+01 3.589937721119057414e+02
3.703297256481248922e+01 3.590291635837617719e+02
3.702844198338787152e+01 3.590868015794434314e+02
3.702391140196325381e+01 3.591266988752282145e+02
3.701938082053863610e+01 3.591734299440310565e+02
3.701485023911402550e+01 3.592039341578730500e+02
3.701031965768940779e+01 3.592379926521181233e+02
3.700578907626479008e+01 3.592881527884530328e+02
3.700125849484017238e+01 3.593478383321273668e+02
3.699672791341556177e+01 3.594084734500335117e+02
3.699219733199094406e+01 3.594646018405701398e+02
3.698766675056632636e+01 3.595031874971047614e+02
3.698313616914170865e+01 3.595419744369347654e+02
3.697860558771709094e+01 3.595692959286167252e+02
3.697407500629248034e+01 3.596240186964383838e+02
3.696954442486786263e+01 3.596547179899114326e+02
3.696501384344324492e+01 3.597054333502728127e+02
3.696048326201862722e+01 3.597332290662488958e+02
3.695595268059401661e+01 3.597712197333957533e+02
3.695142209916939890e+01 3.598108006842344366e+02
3.694689151774478120e+01 3.598471799983261121e+02
3.694236093632016349e+01 3.598847755783623938e+02
3.693783035489554578e+01 3.599256305898744017e+02
3.693329977347093518e+01 3.599759354677429997e+02
3.692876919204631747e+01 3.600125681384941458e+02
3.692423861062169976e+01 3.600618989485012094e+02
3.691970802919708206e+01 3.601212541350211040e+02
3.691517744777247145e+01 3.601589355089109858e+02
3.691064686634785375e+01 3.602019924619999642e+02
3.690611628492323604e+01 3.602516280080144497e+02
3.690158570349861833e+01 3.603065681268429898e+02
3.689705512207400062e+01 3.603451052332754330e+02
3.689252454064939002e+01 3.603909703385793364e+02
3.688799395922477231e+01 3.604336220003844460e+02
3.688346337780015460e+01 3.604899962495540535e+02
3.687893279637553690e+01 3.605454509864805459e+02
3.687440221495091919e+01 3.605908749067507983e+02
3.686987163352630859e+01 3.606486571451913505e+02
3.686534105210169088e+01 3.607010766987999091e+02
3.686081047067707317e+01 3.607540677248092607e+02
3.685627988925245546e+01 3.608083637915402733e+02
3.685174930782784486e+01 3.608514902219907299e+02
3.684721872640322715e+01 3.609057650012317708e+02
3.684268814497860944e+01 3.609339352464646709e+02
3.683815756355399174e+01 3.609736778108411386e+02
3.683362698212937403e+01 3.610151228528225147e+02
3.682909640070476343e+01 3.610574760311699265e+02
3.682456581928014572e+01 3.611082088950211642e+02
3.682003523785552801e+01 3.611338383937442131e+02
3.681550465643091030e+01 3.611609558240670594e+02
3.681097407500629970e+01 3.611927189002433920e+02
3.680644349358168199e+01 3.612400664759434221e+02
3.680191291215706428e+01 3.612760682123659421e+02
3.679738233073244658e+01 3.613187141634796831e+02
3.679285174930782887e+01 3.613517097210400379e+02
3.678832116788321827e+01 3.613868071412730956e+02
3.678379058645860056e+01 3.614246185366326358e+02
3.677926000503398285e+01 3.614789105953910280e+02
3.677472942360936514e+01 3.615345603745979588e+02
3.677019884218474743e+01 3.615772735507333664e+02
3.676566826076013683e+01 3.616168502349656251e+02
3.676113767933551912e+01 3.616738757098990504e+02
3.675660709791090142e+01 3.616948050863851449e+02
3.675207651648628371e+01 3.617537570665269868e+02
3.674754593506167311e+01 3.617837520566008038e+02
3.674301535363705540e+01 3.618153824405133037e+02
3.673848477221243769e+01 3.618322631887555190e+02
3.673395419078781998e+01 3.618746486885118543e+02
3.672942360936320227e+01 3.619303673382147508e+02
3.672489302793859167e+01 3.619786372982177340e+02
3.672036244651397396e+01 3.620191197129300349e+02
3.671583186508935626e+01 3.620759544125362481e+02
3.671130128366473855e+01 3.621296714279229150e+02
3.670677070224012795e+01 3.621757183133884723e+02
3.670224012081551024e+01 3.622409818715488541e+02
3.669770953939089253e+01 3.622745222796102667e+02
3.669317895796627482e+01 3.623275895116173047e+02
3.668864837654165711e+01 3.623773612183521777e+02
3.668411779511704651e+01 3.624237837815869057e+02
3.667958721369242880e+01 3.624828967093804977e+02
3.667505663226781110e+01 3.625261992119972660e+02
3.667052605084319339e+01 3.626033820203218170e+02
3.666599546941858279e+01 3.626509695297675648e+02
3.666146488799396508e+01 3.626923231736286652e+02
3.665693430656934737e+01 3.627439636864257295e+02
3.665240372514472966e+01 3.627848669218180930e+02
3.664787314372011195e+01 3.628410340920809745e+02
3.664334256229550135e+01 3.628824837307521989e+02
3.663881198087088364e+01 3.629202859311257612e+02
3.663428139944626594e+01 3.629508833151380145e+02
3.662975081802164823e+01 3.630033784174297011e+02
3.662522023659703052e+01 3.630450024962448765e+02
3.662068965517241992e+01 3.631021254908591800e+02
3.661615907374780221e+01 3.631336288000730974e+02
3.661162849232318450e+01 3.631542181608202782e+02
3.660709791089856679e+01 3.631914387809027289e+02
3.660256732947395619e+01 3.632211270264472205e+02
3.659803674804933848e+01 3.632654994390090906e+02
3.659350616662472078e+01 3.633086424244538080e+02
3.658897558520010307e+01 3.633460405794747317e+02
3.658444500377548536e+01 3.633837986779549283e+02
3.657991442235087476e+01 3.634158383161405368e+02
3.657538384092625705e+01 3.634516711279711103e+02
3.657085325950163934e+01 3.634992512966446156e+02
3.656632267807702164e+01 3.635324377180949114e+02
3.656179209665241103e+01 3.635797745280113418e+02
3.655726151522779332e+01 3.636237889479848491e+02
3.655273093380317562e+01 3.636538365475622641e+02
3.654820035237855791e+01 3.636855732842028601e+02
3.654366977095394020e+01 3.637236522404746779e+02
3.653913918952932960e+01 3.637450735462256262e+02
3.653460860810471189e+01 3.638037967624645148e+02
3.653007802668009418e+01 3.638361135011728038e+02
3.652554744525547648e+01 3.638794347470902721e+02
3.652101686383085877e+01 3.639251847695418860e+02
3.651648628240624816e+01 3.639762916881291517e+02
3.651195570098163046e+01 3.640235247773478022e+02
3.650742511955701275e+01 3.640669838825533589e+02
3.650289453813239504e+01 3.641147034018552517e+02
3.649836395670778444e+01 3.641461055963774243e+02
3.649383337528316673e+01 3.642003921203892673e+02
3.648930279385854902e+01 3.642429619504500238e+02
3.648477221243393132e+01 3.642919550200353456e+02
3.648024163100931361e+01 3.643330978741541344e+02
3.647571104958470301e+01 3.643731668343017418e+02
3.647118046816008530e+01 3.644097227265917240e+02
3.646664988673546759e+01 3.644537926382848809e+02
3.646211930531084988e+01 3.645071843380607675e+02
3.645758872388623928e+01 3.645382250708441347e+02
3.645305814246162157e+01 3.645862929097781944e+02
3.644852756103700386e+01 3.646333349080983908e+02
3.644399697961238616e+01 3.646858696926852872e+02
3.643946639818776845e+01 3.647238802278108096e+02
3.643493581676315785e+01 3.647692635512187849e+02
3.643040523533854014e+01 3.647934164303483726e+02
3.642587465391392243e+01 3.648308863868458047e+02
3.642134407248930472e+01 3.648617872636093580e+02
3.641681349106468701e+01 3.648848893549433114e+02
3.641228290964007641e+01 3.649296163627561214e+02
3.640775232821545870e+01 3.649623580001280061e+02
3.640322174679084100e+01 3.650070376763017066e+02
3.639869116536622329e+01 3.650529611297387191e+02
3.639416058394161269e+01 3.650976105871554296e+02
3.638963000251699498e+01 3.651376310878886784e+02
3.638509942109237727e+01 3.651869217505793586e+02
3.638056883966775956e+01 3.652314937726202970e+02
3.637603825824314185e+01 3.652740469868514879e+02
3.637150767681853125e+01 3.653157379601535126e+02
3.636697709539391354e+01 3.653537242804982839e+02
3.636244651396929584e+01 3.654038719028296782e+02
3.635791593254467813e+01 3.654458289619720404e+02
3.635338535112006753e+01 3.654973508696450608e+02
3.634885476969544982e+01 3.655539578052848242e+02
3.634432418827083211e+01 3.655886348118137334e+02
3.633979360684621440e+01 3.656387864140059492e+02
3.633526302542159669e+01 3.656783871019054573e+02
3.633073244399698609e+01 3.657269564037787291e+02
3.632620186257236838e+01 3.657844638411308438e+02
3.632167128114775068e+01 3.658368784015234496e+02
3.631714069972313297e+01 3.658741863133925563e+02
3.631261011829852237e+01 3.659242449560663317e+02
3.630807953687390466e+01 3.659541533506799738e+02
3.630354895544928695e+01 3.660012631805214482e+02
3.629901837402466924e+01 3.660463437692149000e+02
3.629448779260005153e+01 3.660911130592693326e+02
3.628995721117544093e+01 3.661469683712845153e+02
3.628542662975082322e+01 3.661858382988546623e+02
3.628089604832620552e+01 3.662239552253042234e+02
3.627636546690158781e+01 3.662537981662642323e+02
3.627183488547697010e+01 3.663113027900975567e+02
3.626730430405235950e+01 3.663355663580912847e+02
3.626277372262774179e+01 3.663831468744804738e+02
3.625824314120312408e+01 3.664181644094556987e+02
3.625371255977850637e+01 3.664723744483880523e+02
3.624918197835389577e+01 3.665236731879703598e+02
3.624465139692927806e+01 3.665611923867823521e+02
3.624012081550466036e+01 3.666039491506830359e+02
3.623559023408004265e+01 3.666397557255129414e+02
3.623105965265542494e+01 3.666736931707555414e+02
3.622652907123081434e+01 3.667265973505699890e+02
3.622199848980619663e+01 3.667627208574720612e+02
3.621746790838157892e+01 3.668232730559344645e+02
3.621293732695696121e+01 3.668576748799007987e+02
3.620840674553235061e+01 3.669042097514010834e+02
3.620387616410773290e+01 3.669580150572152775e+02
3.619934558268311520e+01 3.670041613534269231e+02
3.619481500125849749e+01 3.670499992916257384e+02
3.619028441983387978e+01 3.670992382428627820e+02
3.618575383840926918e+01 3.671354549185888914e+02
3.618122325698465147e+01 3.671882025503155660e+02
3.617669267556003376e+01 3.672358037532811181e+02
3.617216209413541605e+01 3.672872796415942389e+02
3.616763151271079835e+01 3.673292198768464232e+02
3.616310093128618774e+01 3.673506556034868140e+02
3.615857034986157004e+01 3.673950210236955627e+02
3.615403976843695233e+01 3.674285303739655433e+02
3.614950918701233462e+01 3.674794711019769125e+02
3.614497860558772402e+01 3.675107615676019464e+02
3.614044802416310631e+01 3.675556167522757960e+02
3.613591744273848860e+01 3.675913382756135093e+02
3.613138686131387090e+01 3.676383331391434695e+02
3.612685627988925319e+01 3.676782066938307025e+02
3.612232569846464258e+01 3.677175493142909204e+02
3.611779511704002488e+01 3.677624068617173521e+02
3.611326453561540717e+01 3.677926516489590654e+02
3.610873395419078946e+01 3.678487582769566870e+02
3.610420337276617886e+01 3.678869435360899161e+02
3.609967279134156115e+01 3.679229909431554688e+02
3.609514220991694344e+01 3.679647142586331938e+02
3.609061162849232574e+01 3.680035335977372029e+02
3.608608104706770803e+01 3.680426685760548935e+02
3.608155046564309743e+01 3.680989204119655369e+02
3.607701988421847972e+01 3.681335345653573086e+02
3.607248930279386201e+01 3.681737219428553090e+02
3.606795872136924430e+01 3.682108906615047772e+02
3.606342813994462659e+01 3.682612670886591104e+02
3.605889755852001599e+01 3.683031246897855908e+02
3.605436697709539828e+01 3.683488878900312216e+02
3.604983639567078058e+01 3.683829722185952278e+02
3.604530581424616287e+01 3.684328464332642170e+02
3.604077523282155227e+01 3.684606734596554247e+02
3.603624465139693456e+01 3.685088187795349768e+02
3.603171406997231685e+01 3.685518958571857979e+02
3.602718348854769914e+01 3.685928090214423491e+02
3.602265290712308143e+01 3.686471640519712878e+02
3.601812232569847083e+01 3.687035991848107983e+02
3.601359174427385312e+01 3.687635640840302358e+02
3.600906116284923542e+01 3.688126433753259903e+02
3.600453058142461771e+01 3.688610534665901923e+02
3.600000000000000711e+01 3.689040078118958377e+02
3.599546941857538940e+01 3.689533043903027760e+02
3.599093883715077169e+01 3.690079470846286540e+02
3.598640825572615398e+01 3.690446939763054957e+02
3.598187767430153627e+01 3.690831010138396664e+02
3.597734709287692567e+01 3.691178802692371619e+02
3.597281651145230796e+01 3.691582792179987109e+02
3.596828593002769026e+01 3.692273355451131351e+02
3.596375534860307255e+01 3.692757434388908564e+02
3.595922476717846195e+01 3.693355162537814635e+02
3.595469418575384424e+01 3.693920427811668219e+02
3.595016360432922653e+01 3.694524862673501389e+02
3.594563302290460882e+01 3.694910558234320774e+02
3.594110244147999111e+01 3.695440979790895994e+02
3.593657186005538051e+01 3.695718702483720790e+02
3.593204127863076280e+01 3.696084297440781370e+02
3.592751069720614510e+01 3.696271836708284013e+02
3.592298011578152739e+01 3.696635693298643446e+02
3.591844953435690968e+01 3.696926355078728648e+02
3.591391895293229908e+01 3.697198914007377084e+02
3.590938837150768137e+01 3.697501201950432232e+02
3.590485779008306366e+01 3.697889447068452569e+02
3.590032720865844595e+01 3.698199062993609232e+02
3.589579662723383535e+01 3.698690087195705019e+02
3.589126604580921764e+01 3.698935157124550983e+02
3.588673546438459994e+01 3.699339448658077458e+02
3.588220488295998223e+01 3.699929024452769113e+02
3.587767430153536452e+01 3.700530037125992067e+02
3.587314372011075392e+01 3.701179351338878405e+02
3.586861313868613621e+01 3.701760128596465620e+02
3.586408255726151850e+01 3.702167869659691632e+02
3.585955197583690079e+01 3.702582990692242788e+02
3.585502139441229019e+01 3.703094444196279369e+02
3.585049081298767248e+01 3.703551142985172646e+02
3.584596023156305478e+01 3.703845476652602429e+02
3.584142965013843707e+01 3.704397202779187523e+02
3.583689906871381936e+01 3.704817524648479434e+02
3.583236848728920876e+01 3.705081753341995068e+02
3.582783790586459105e+01 3.705589607990815466e+02
3.582330732443997334e+01 3.705969648133735177e+02
3.581877674301535563e+01 3.706418070916193415e+02
3.581424616159073793e+01 3.706906285789231106e+02
3.580971558016612732e+01 3.707188155966273939e+02
3.580518499874150962e+01 3.707640209967245823e+02
3.580065441731689191e+01 3.708127834195241803e+02
3.579612383589227420e+01 3.708593909314931238e+02
3.579159325446766360e+01 3.709147830038768348e+02
3.578706267304304589e+01 3.709547880371061410e+02
3.578253209161842818e+01 3.710006400117322869e+02
3.577800151019381047e+01 3.710226371684741480e+02
3.577347092876919277e+01 3.710850719282350383e+02
3.576894034734458216e+01 3.711200370858908286e+02
3.576440976591996446e+01 3.711710809029504503e+02
3.575987918449534675e+01 3.712235293195473673e+02
3.575534860307072904e+01 3.712761714219250280e+02
3.575081802164611844e+01 3.713286300912329807e+02
3.574628744022150073e+01 3.713584659348338164e+02
3.574175685879688302e+01 3.714152779433209162e+02
3.573722627737226532e+01 3.714474147832868312e+02
3.573269569594764761e+01 3.715022981349493421e+02
3.572816511452303700e+01 3.715441951359403561e+02
3.572363453309841930e+01 3.715943315827229867e+02
3.571910395167380159e+01 3.716270042438762289e+02
3.571457337024918388e+01 3.716732534726654080e+02
3.571004278882457328e+01 3.717058180298820957e+02
3.570551220739995557e+01 3.717368897608219527e+02
3.570098162597533786e+01 3.717823487456338967e+02
3.569645104455072016e+01 3.718205775993649240e+02
3.569192046312610245e+01 3.718578558327205883e+02
3.568738988170149184e+01 3.719199142663458133e+02
3.568285930027687414e+01 3.719582562711573814e+02
3.567832871885225643e+01 3.720094476892617763e+02
3.567379813742763872e+01 3.720616542181577415e+02
3.566926755600302101e+01 3.721267023239423111e+02
3.566473697457841041e+01 3.721787623628276833e+02
3.566020639315379270e+01 3.722244882611977914e+02
3.565567581172917500e+01 3.722662484027716232e+02
3.565114523030455729e+01 3.723142249646198252e+02
3.564661464887994669e+01 3.723808812821717424e+02
3.564208406745532898e+01 3.724036322425706089e+02
3.563755348603071127e+01 3.724460936254704961e+02
3.563302290460609356e+01 3.724814581920443857e+02
3.562849232318147585e+01 3.725260006830230850e+02
3.562396174175686525e+01 3.725738638984175850e+02
3.561943116033224754e+01 3.726251640035262653e+02
3.561490057890762984e+01 3.726602499684356644e+02
3.561036999748301213e+01 3.726885013380345413e+02
3.560583941605840153e+01 3.727264718627593538e+02
3.560130883463378382e+01 3.727561685982525432e+02
3.559677825320916611e+01 3.727956310838970921e+02
3.559224767178454840e+01 3.728142886508924789e+02
3.558771709035993069e+01 3.728393608004282669e+02
3.558318650893532009e+01 3.728768041438959813e+02
3.557865592751070238e+01 3.729172580380786712e+02
3.557412534608608468e+01 3.729578031314263740e+02
3.556959476466146697e+01 3.730181202843169785e+02
3.556506418323684926e+01 3.730757710691207194e+02
3.556053360181223866e+01 3.731473100277204935e+02
3.555600302038762095e+01 3.731972509708563166e+02
3.555147243896300324e+01 3.732565560864998702e+02
3.554694185753838553e+01 3.733090930867762154e+02
3.554241127611377493e+01 3.733484353745774911e+02
3.553788069468915722e+01 3.734039094812015378e+02
3.553335011326453952e+01 3.734444840994829633e+02
3.552881953183992181e+01 3.734743105142474633e+02
3.552428895041530410e+01 3.735023850650002259e+02
3.551975836899069350e+01 3.735458136772542161e+02
3.551522778756607579e+01 3.736011462438024751e+02
3.551069720614145808e+01 3.736477428806304601e+02
3.550616662471684037e+01 3.737047203648684786e+02
3.550163604329222977e+01 3.737502062418707283e+02
3.549710546186761206e+01 3.738052384846382097e+02
3.549257488044299436e+01 3.738446300687097619e+02
3.548804429901837665e+01 3.738859532165615178e+02
3.548351371759375894e+01 3.739231220442434847e+02
3.547898313616914834e+01 3.739711984614087896e+02
3.547445255474453063e+01 3.740177361924248203e+02
3.546992197331991292e+01 3.740528820425090544e+02
3.546539139189529521e+01 3.740932615425814447e+02
3.546086081047067751e+01 3.741273138042903383e+02
3.545633022904606690e+01 3.741769071723375077e+02
3.545179964762144920e+01 3.742278497325584681e+02
3.544726906619683149e+01 3.742783276273886486e+02
3.544273848477221378e+01 3.743367110866813618e+02
3.543820790334760318e+01 3.743830490550825516e+02
3.543367732192298547e+01 3.744337376834224642e+02
3.542914674049836776e+01 3.744779429900661967e+02
3.542461615907375005e+01 3.745260455185184583e+02
3.542008557764913235e+01 3.745629602215011005e+02
3.541555499622452174e+01 3.746041697002450519e+02
3.541102441479990404e+01 3.746547630826929662e+02
3.540649383337528633e+01 3.746910310449079589e+02
3.540196325195066862e+01 3.747348073720401658e+02
3.539743267052605802e+01 3.747612193202887738e+02
3.539290208910144031e+01 3.747982831978248441e+02
3.538837150767682260e+01 3.748230314577708100e+02
3.538384092625220489e+01 3.748844399472910141e+02
3.537931034482758719e+01 3.749269440482988216e+02
3.537477976340297658e+01 3.749630019826440162e+02
3.537024918197835888e+01 3.750046709286504552e+02
3.536571860055374117e+01 3.750486742796818476e+02
3.536118801912912346e+01 3.750946017810503008e+02
3.535665743770451286e+01 3.751413947148714669e+02
3.535212685627989515e+01 3.752027751723979918e+02
3.534759627485527744e+01 3.752485530871735477e+02
3.534306569343065973e+01 3.752960155460114606e+02
3.533853511200604203e+01 3.753395308325124802e+02
3.533400453058143142e+01 3.753866149114777500e+02
3.532947394915681372e+01 3.754382297537737827e+02
3.532494336773219601e+01 3.754901068661184809e+02
3.532041278630757830e+01 3.755348364506286885e+02
3.531588220488296059e+01 3.755774359646460994e+02
3.531135162345834999e+01 3.756363287380894462e+02
3.530682104203373228e+01 3.756710063928581462e+02
3.530229046060911458e+01 3.757312954665268876e+02
3.529775987918449687e+01 3.757723613077280902e+02
3.529322929775988626e+01 3.758062784292291099e+02
3.528869871633526856e+01 3.758395321916058833e+02
3.528416813491065085e+01 3.758732178850879109e+02
3.527963755348603314e+01 3.759150321218839963e+02
3.527510697206141543e+01 3.759801840215174025e+02
3.527057639063680483e+01 3.760141461730527226e+02
3.526604580921218712e+01 3.760670102489273177e+02
3.526151522778756942e+01 3.761009237897799835e+02
3.525698464636295171e+01 3.761426372221432075e+02
3.525245406493834111e+01 3.761837305957790818e+02
3.524792348351372340e+01 3.762338777637955900e+02
3.524339290208910569e+01 3.762788105825127900e+02
3.523886232066448798e+01 3.763227688667524831e+02
3.523433173923987027e+01 3.763528184604115836e+02
3.522980115781525967e+01 3.763864936470863540e+02
3.522527057639064196e+01 3.764280067677988768e+02
3.522073999496602426e+01 3.764793626917182792e+02
3.521620941354140655e+01 3.765163460233057435e+02
3.521167883211678884e+01 3.765688609741372375e+02
3.520714825069217824e+01 3.766140170814132375e+02
3.520261766926756053e+01 3.766496344106768106e+02
3.519808708784294282e+01 3.767026285728676385e+02
3.519355650641832511e+01 3.767546268980067907e+02
3.518902592499371451e+01 3.767950039477784117e+02
3.518449534356909680e+01 3.768422197356767356e+02
3.517996476214447910e+01 3.768742890814647239e+02
3.517543418071986139e+01 3.769170112607413330e+02
3.517090359929524368e+01 3.769474086737928360e+02
3.516637301787063308e+01 3.769896325170986984e+02
3.516184243644601537e+01 3.770338169840550222e+02
3.515731185502139766e+01 3.770914592449963720e+02
3.515278127359677995e+01 3.771199951165759217e+02
3.514825069217216935e+01 3.771750479268799268e+02
3.514372011074755164e+01 3.772118491121770489e+02
3.513918952932293394e+01 3.772654812027518005e+02
3.513465894789831623e+01 3.773252672986035918e+02
3.513012836647369852e+01 3.773755111944665259e+02
3.512559778504908792e+01 3.774137886226732803e+02
3.512106720362447021e+01 3.774779706600068607e+02
3.511653662219985250e+01 3.775131508488072427e+02
3.511200604077523479e+01 3.775640988616883078e+02
3.510747545935062419e+01 3.775850682752401895e+02
3.510294487792600648e+01 3.776229210609849929e+02
3.509841429650138878e+01 3.776633957601191014e+02
3.509388371507677107e+01 3.777113476389502580e+02
3.508935313365215336e+01 3.777457929292868926e+02
3.508482255222754276e+01 3.777880268108052064e+02
3.508029197080292505e+01 3.778196186328154909e+02
3.507576138937830734e+01 3.778673542061511625e+02
3.507123080795368963e+01 3.779174101924854199e+02
3.506670022652907193e+01 3.779599356192059076e+02
3.506216964510446132e+01 3.780011952979432408e+02
3.505763906367984362e+01 3.780358854126727124e+02
3.505310848225522591e+01 3.780782004318313057e+02
3.504857790083060820e+01 3.781233378892659971e+02
3.504404731940599760e+01 3.781675322414147900e+02
3.503951673798137989e+01 3.782225603619871208e+02
3.503498615655676218e+01 3.782563113769580809e+02
3.503045557513214447e+01 3.783115347037676770e+02
3.502592499370752677e+01 3.783590936433156457e+02
3.502139441228291616e+01 3.784154233380451160e+02
3.501686383085829846e+01 3.784534913827521336e+02
3.501233324943368075e+01 3.784950257339625637e+02
3.500780266800906304e+01 3.785437705856743378e+02
3.500327208658445244e+01 3.785754880120820189e+02
3.499874150515983473e+01 3.786100663075945931e+02
3.499421092373521702e+01 3.786580692141409372e+02
3.498968034231059931e+01 3.787013393713264122e+02
3.498514976088598161e+01 3.787497635759000332e+02
3.498061917946137100e+01 3.787761408462719714e+02
3.497608859803675330e+01 3.788157961512030170e+02
3.497155801661213559e+01 3.788270535413819289e+02
3.496702743518751788e+01 3.788690521014562478e+02
3.496249685376290017e+01 3.788877391609954657e+02
3.495796627233828957e+01 3.789308247856965295e+02
3.495343569091367186e+01 3.789606318574729471e+02
3.494890510948905415e+01 3.790046736986298015e+02
3.494437452806443645e+01 3.790415773511264774e+02
3.493984394663982584e+01 3.790982535398952109e+02
3.493531336521520814e+01 3.791381675176149884e+02
3.493078278379059043e+01 3.791888869445239152e+02
3.492625220236597272e+01 3.792274128807477496e+02
3.492172162094135501e+01 3.792861316803033560e+02
3.491719103951674441e+01 3.793338757194065920e+02
3.491266045809212670e+01 3.793930666054646963e+02
3.490812987666750900e+01 3.794341550021470653e+02
3.490359929524289129e+01 3.794849909251595363e+02
3.489906871381828068e+01 3.795342065192305085e+02
3.489453813239366298e+01 3.795893852088110521e+02
3.489000755096904527e+01 3.796478431673164096e+02
3.488547696954442756e+01 3.797041545020442754e+02
3.488094638811980985e+01 3.797440457803708114e+02
3.487641580669519925e+01 3.797831461623988503e+02
3.487188522527058154e+01 3.798339548143401316e+02
3.486735464384596384e+01 3.798753307711230036e+02
3.486282406242134613e+01 3.799100894463064719e+02
3.485829348099672842e+01 3.799419962935766080e+02
3.485376289957211782e+01 3.799769867167174198e+02
3.484923231814750011e+01 3.800329914395434230e+02
3.484470173672288240e+01 3.800694545719580333e+02
3.484017115529826469e+01 3.801237217038082576e+02
3.483564057387365409e+01 3.801555741105580069e+02
3.483110999244903638e+01 3.801967938775850939e+02
3.482657941102441868e+01 3.802400606773045979e+02
3.482204882959980097e+01 3.802963086703827003e+02
3.481751824817518326e+01 3.803472248468841599e+02
3.481298766675057266e+01 3.803767948392241465e+02
3.480845708532595495e+01 3.804073163838467053e+02
3.480392650390133724e+01 3.804563662646501712e+02
3.479939592247671953e+01 3.805088060231805684e+02
3.479486534105210893e+01 3.805643210373028751e+02
3.479033475962749122e+01 3.806114435157812750e+02
3.478580417820287352e+01 3.806677259455909734e+02
3.478127359677825581e+01 3.807233455759512140e+02
3.477674301535363810e+01 3.808050990819276649e+02
3.477221243392902750e+01 3.808352315755261657e+02
3.476768185250440979e+01 3.808779870608457827e+02
3.476315127107979208e+01 3.809101081667939184e+02
3.475862068965517437e+01 3.809520701442406221e+02
3.475409010823056377e+01 3.809991177039430568e+02
3.474955952680594606e+01 3.810286490973655305e+02
3.474502894538132836e+01 3.810753651144538594e+02
3.474049836395671065e+01 3.811059812258476427e+02
3.473596778253209294e+01 3.811439857057542326e+02
3.473143720110748234e+01 3.811853497532119945e+02
3.472690661968286463e+01 3.812245849488436420e+02
3.472237603825824692e+01 3.812782470919967750e+02
3.471784545683362921e+01 3.813162424392888283e+02
3.471331487540901151e+01 3.813577358687556966e+02
3.470878429398440090e+01 3.813921223585965663e+02
3.470425371255978320e+01 3.814323930960226789e+02
3.469972313113516549e+01 3.814639971194485497e+02
3.469519254971054778e+01 3.814970661299662993e+02
3.469066196828593718e+01 3.815297086210434827e+02
3.468613138686131947e+01 3.815754831290332731e+02
3.468160080543670176e+01 3.816348316314615658e+02
3.467707022401208405e+01 3.816614052907744963e+02
3.467253964258746635e+01 3.817108791478103740e+02
3.466800906116285574e+01 3.817442295798339273e+02
3.466347847973823804e+01 3.817939614209646493e+02
3.465894789831362033e+01 3.818606436414133327e+02
3.465441731688900262e+01 3.819286398275489205e+02
3.464988673546439202e+01 3.819929630577768762e+02
3.464535615403977431e+01 3.820224678212142635e+02
3.464082557261515660e+01 3.820704216607524017e+02
3.463629499119053889e+01 3.821276838503749786e+02
3.463176440976592119e+01 3.821735920937967421e+02
3.462723382834131058e+01 3.822005429656665001e+02
3.462270324691669288e+01 3.822415328718881256e+02
3.461817266549207517e+01 3.822692854377980325e+02
3.461364208406745746e+01 3.823098764891677774e+02
3.460911150264283975e+01 3.823699226452582707e+02
3.460458092121822915e+01 3.824144607965727687e+02
3.460005033979361144e+01 3.824564874507477157e+02
3.459551975836899373e+01 3.825063728845222499e+02
3.459098917694437603e+01 3.825371125938513615e+02
3.458645859551976542e+01 3.825974706729676882e+02
3.458192801409514772e+01 3.826466694922193597e+02
3.457739743267053001e+01 3.826946355667514581e+02
3.457286685124591230e+01 3.827377150792914904e+02
3.456833626982129459e+01 3.827771032693603956e+02
3.456380568839668399e+01 3.828150342038863982e+02
3.455927510697206628e+01 3.828667799138154919e+02
3.455474452554744857e+01 3.829159936201497771e+02
3.455021394412283087e+01 3.829613473640489474e+02
3.454568336269822026e+01 3.830088055399500604e+02
3.454115278127360256e+01 3.830431004433274325e+02
3.453662219984898485e+01 3.830837622517246928e+02
3.453209161842436714e+01 3.831071460125443764e+02
3.452756103699974943e+01 3.831714202114349064e+02
3.452303045557513883e+01 3.832221269652347928e+02
3.451849987415052112e+01 3.832646139026260812e+02
3.451396929272590341e+01 3.832913901397059249e+02
3.450943871130128571e+01 3.833540444397510214e+02
3.450490812987666800e+01 3.834011912391245005e+02
3.450037754845205740e+01 3.834643537093655254e+02
3.449584696702743969e+01 3.835064079365996577e+02
3.449131638560282198e+01 3.835441135968710000e+02
3.448678580417820427e+01 3.835761762325961399e+02
3.448225522275359367e+01 3.836288352168916731e+02
3.447772464132897596e+01 3.836666260139095357e+02
3.447319405990435826e+01 3.837328945193594336e+02
3.446866347847974055e+01 3.837574994585170316e+02
3.446413289705512284e+01 3.838003011302178606e+02
3.445960231563051224e+01 3.838452459164842026e+02
3.445507173420589453e+01 3.838851835515561675e+02
3.445054115278127682e+01 3.839235241192013177e+02
3.444601057135665911e+01 3.839523504206225653e+02
3.444147998993204851e+01 3.839978463068646874e+02
3.443694940850743080e+01 3.840516966023653254e+02
3.443241882708281310e+01 3.840968035880624711e+02
3.442788824565819539e+01 3.841443780827447085e+02
3.442335766423357768e+01 3.841859310285498168e+02
3.441882708280896708e+01 3.842209785402819762e+02
3.441429650138434937e+01 3.842740435595322310e+02
3.440976591995973166e+01 3.843314514973952214e+02
3.440523533853511395e+01 3.843665023146833164e+02
3.440070475711050335e+01 3.844155832313981023e+02
3.439617417568588564e+01 3.844431186076257063e+02
3.439164359426126794e+01 3.844973499063270310e+02
3.438711301283665023e+01 3.845530848622032636e+02
3.438258243141203252e+01 3.845926668497859851e+02
3.437805184998742192e+01 3.846333664138701351e+02
3.437352126856280421e+01 3.846913235668084781e+02
3.436899068713818650e+01 3.847518807342047467e+02
3.436446010571356879e+01 3.847822706573935534e+02
3.435992952428895109e+01 3.848208990975077199e+02
3.435539894286434048e+01 3.848464579906774361e+02
3.435086836143972278e+01 3.848999844587909251e+02
3.434633778001510507e+01 3.849439935128646084e+02
3.434180719859048736e+01 3.849946190472631429e+02
3.433727661716587676e+01 3.850351333395683469e+02
3.433274603574125905e+01 3.850792627379585724e+02
3.432821545431664134e+01 3.851161096083993129e+02
3.432368487289202363e+01 3.851561417022179512e+02
3.431915429146740593e+01 3.851988297014736986e+02
3.431462371004279532e+01 3.852354010524491059e+02
3.431009312861817762e+01 3.852855047169518912e+02
3.430556254719355991e+01 3.853426590458647638e+02
3.430103196576894220e+01 3.853889586851641411e+02
3.429650138434433160e+01 3.854241225562728914e+02
3.429197080291971389e+01 3.854667593283768383e+02
3.428744022149509618e+01 3.854969142718916828e+02
3.428290964007047847e+01 3.855397499286473817e+02
3.427837905864586077e+01 3.855773084542846050e+02
3.427384847722125016e+01 3.856278284382692618e+02
3.426931789579663246e+01 3.856766729585667690e+02
3.426478731437201475e+01 3.857291823816486271e+02
3.426025673294739704e+01 3.857904065702624621e+02
3.425572615152277933e+01 3.858399259665751515e+02
3.425119557009816873e+01 3.858857160718322348e+02
3.424666498867355102e+01 3.859346055003647393e+02
3.424213440724893331e+01 3.859769558358949553e+02
3.423760382582431561e+01 3.860290862579346935e+02
3.423307324439970500e+01 3.860756824081385616e+02
3.422854266297508730e+01 3.861182546913544229e+02
3.422401208155046959e+01 3.861550477972586464e+02
3.421948150012585188e+01 3.861869065819994375e+02
3.421495091870123417e+01 3.862415051143686924e+02
3.421042033727662357e+01 3.862953810779202399e+02
3.420588975585200586e+01 3.863531590800054687e+02
3.420135917442738815e+01 3.864051365880677054e+02
3.419682859300277045e+01 3.864672031077811880e+02
3.419229801157815984e+01 3.865190492990037114e+02
3.418776743015354214e+01 3.865728863896896996e+02
3.418323684872892443e+01 3.866220452167099211e+02
3.417870626730430672e+01 3.866625442568828248e+02
3.417417568587968901e+01 3.866915408955065345e+02
3.416964510445507841e+01 3.867415534482541943e+02
3.416511452303046070e+01 3.867747112105283804e+02
3.416058394160584299e+01 3.867989727841757599e+02
3.415605336018122529e+01 3.868190450415414148e+02
3.415152277875661468e+01 3.868476432375480840e+02
3.414699219733199698e+01 3.868786261644191313e+02
3.414246161590737927e+01 3.869347716234524910e+02
3.413793103448276156e+01 3.869827465028187703e+02
3.413340045305814385e+01 3.870135463037341879e+02
3.412886987163353325e+01 3.870738199458542681e+02
3.412433929020891554e+01 3.871256926494449431e+02
3.411980870878429783e+01 3.871918829577732595e+02
3.411527812735968013e+01 3.872396540273402366e+02
3.411074754593506242e+01 3.872954789290203621e+02
3.410621696451045182e+01 3.873341791294227505e+02
3.410168638308583411e+01 3.873960103241943784e+02
3.409715580166121640e+01 3.874410766225246334e+02
3.409262522023659869e+01 3.874953055960936581e+02
3.408809463881198809e+01 3.875525066310691500e+02
3.408356405738737038e+01 3.875930825457211313e+02
3.407903347596275268e+01 3.876427427212144039e+02
3.407450289453813497e+01 3.876881582059044149e+02
3.406997231311351726e+01 3.877357872182661254e+02
3.406544173168890666e+01 3.877961688741616513e+02
3.406091115026428895e+01 3.878256205813441966e+02
3.405638056883967124e+01 3.878765491225539677e+02
3.405184998741505353e+01 3.878976009664937123e+02
3.404731940599044293e+01 3.879421367406865215e+02
3.404278882456582522e+01 3.879795287288953318e+02
3.403825824314120752e+01 3.880083207968206125e+02
3.403372766171658981e+01 3.880326328157298690e+02
3.402919708029197210e+01 3.880789991814271502e+02
3.402466649886736150e+01 3.881325178673352525e+02
3.402013591744274379e+01 3.881615282794767268e+02
3.401560533601812608e+01 3.882254123603300968e+02
3.401107475459350837e+01 3.882585687183708387e+02
3.400654417316889067e+01 3.882993237964047353e+02
3.400201359174428006e+01 3.883508940378778220e+02
3.399748301031966236e+01 3.883815067980439721e+02
3.399295242889504465e+01 3.884381218477492439e+02
3.398842184747042694e+01 3.884756154488156312e+02
3.398389126604581634e+01 3.885349143411190198e+02
3.397936068462119863e+01 3.885757521036906041e+02
3.397483010319658092e+01 3.886239626576594901e+02
3.397029952177196321e+01 3.886652225246414218e+02
3.396576894034734551e+01 3.886992754628901707e+02
3.396123835892273490e+01 3.887440543803012929e+02
3.395670777749811720e+01 3.887857171010788306e+02
3.395217719607349949e+01 3.888406552215427041e+02
3.394764661464888178e+01 3.888909027101342417e+02
3.394311603322427118e+01 3.889536358241733751e+02
3.393858545179965347e+01 3.890005265304531576e+02
3.393405487037503576e+01 3.890564056878870360e+02
3.392952428895041805e+01 3.890953199372265772e+02
3.392499370752580035e+01 3.891374636049279729e+02
3.392046312610118974e+01 3.891692294173586788e+02
3.391593254467657204e+01 3.891884355592490579e+02
3.391140196325195433e+01 3.892356291542124609e+02
3.390687138182733662e+01 3.892694776747341621e+02
3.390234080040271891e+01 3.893071728440768879e+02
3.389781021897810831e+01 3.893610323854621242e+02
3.389327963755349060e+01 3.893822769371791992e+02
3.388874905612887289e+01 3.894301261954407778e+02
3.388421847470425519e+01 3.894834789353913607e+02
3.387968789327964458e+01 3.895416037916528467e+02
3.387515731185502688e+01 3.895974144401083095e+02
3.387062673043040917e+01 3.896338242209932901e+02
3.386609614900579146e+01 3.896724016994947988e+02
3.386156556758117375e+01 3.897082063329033303e+02
3.385703498615656315e+01 3.897732382063429100e+02
3.385250440473194544e+01 3.898093454840765162e+02
3.384797382330732773e+01 3.898488249133509385e+02
3.384344324188271003e+01 3.898717520364911593e+02
3.383891266045809942e+01 3.899187295099015387e+02
3.383438207903348172e+01 3.899638792529709690e+02
3.382985149760886401e+01 3.900115324459153499e+02
3.382532091618424630e+01 3.900626869102449064e+02
3.382079033475962859e+01 3.900856331167984195e+02
3.381625975333501799e+01 3.901322256399635648e+02
3.381172917191040028e+01 3.901586346478846963e+02
3.380719859048578257e+01 3.902087321898392247e+02
3.380266800906116487e+01 3.902633637796811854e+02
3.379813742763655426e+01 3.903006241206222739e+02
3.379360684621193656e+01 3.903554063985886842e+02
3.378907626478731885e+01 3.904035229103879487e+02
3.378454568336270114e+01 3.904695197875666395e+02
3.378001510193808343e+01 3.905189240954835554e+02
3.377548452051347283e+01 3.905860057917033146e+02
3.377095393908885512e+01 3.906214611388547269e+02
3.376642335766423741e+01 3.906746084612241816e+02
3.376189277623961971e+01 3.907212238705938034e+02
3.375736219481500200e+01 3.907682749402607669e+02
3.375283161339039140e+01 3.908018946450279145e+02
3.374830103196577369e+01 3.908248543876944723e+02
3.374377045054115598e+01 3.908574737073251413e+02
3.373923986911653827e+01 3.908905640730997675e+02
3.373470928769192767e+01 3.909557251859106373e+02
3.373017870626730996e+01 3.909945298089394328e+02
3.372564812484269225e+01 3.910447966654259062e+02
3.372111754341807455e+01 3.910845439439535767e+02
3.371658696199345684e+01 3.911352495244249212e+02
3.371205638056884624e+01 3.911810605568906567e+02
3.370752579914422853e+01 3.912289390213908291e+02
3.370299521771961082e+01 3.912641023596134460e+02
3.369846463629499311e+01 3.912862089065286000e+02
3.369393405487038251e+01 3.913253549095637140e+02
3.368940347344576480e+01 3.913707532436461065e+02
3.368487289202114709e+01 3.914235247651955660e+02
3.368034231059652939e+01 3.914557985048189721e+02
3.367581172917191168e+01 3.914812505368903430e+02
3.367128114774730108e+01 3.915211616862368373e+02
3.366675056632268337e+01 3.915818183858320936e+02
3.366221998489806566e+01 3.916311977061614016e+02
3.365768940347344795e+01 3.916714859294815483e+02
3.365315882204883025e+01 3.917065863284329907e+02
3.364862824062421964e+01 3.917526714997433714e+02
3.364409765919960194e+01 3.918055344793635868e+02
3.363956707777498423e+01 3.918717131047168891e+02
3.363503649635036652e+01 3.919169862569397651e+02
3.363050591492575592e+01 3.919684443912512393e+02
3.362597533350113821e+01 3.920099905832219065e+02
3.362144475207652050e+01 3.920626342613763313e+02
3.361691417065190279e+01 3.921301101039080095e+02
3.361238358922728509e+01 3.921710691315383883e+02
3.360785300780267448e+01 3.922072052801008226e+02
3.360332242637805678e+01 3.922421863894631429e+02
3.359879184495343907e+01 3.922639356667409061e+02
3.359426126352882136e+01 3.923170396249577152e+02
3.358973068210421076e+01 3.923539548706889377e+02
3.358520010067959305e+01 3.923939969362160127e+02
3.358066951925497534e+01 3.924264556880228270e+02
3.357613893783035763e+01 3.924576477249590312e+02
3.357160835640573993e+01 3.925143023873094990e+02
3.356707777498112932e+01 3.925511050012982537e+02
3.356254719355651162e+01 3.926025584122687633e+02
3.355801661213189391e+01 3.926363086903517683e+02
3.355348603070727620e+01 3.926957812846262073e+02
3.354895544928265849e+01 3.927303379049706678e+02
3.354442486785804789e+01 3.927810024583433233e+02
3.353989428643343018e+01 3.928037582431001624e+02
3.353536370500881247e+01 3.928340832454256883e+02
3.353083312358419477e+01 3.928782838060494669e+02
3.352630254215958416e+01 3.929235350262569000e+02
3.352177196073496646e+01 3.929720174131504677e+02
3.351724137931034875e+01 3.929936603757378748e+02
3.351271079788573104e+01 3.930328868433947491e+02
3.350818021646111333e+01 3.930773440859297807e+02
3.350364963503650273e+01 3.931311952987800851e+02
3.349911905361188502e+01 3.931907467590777401e+02
3.349458847218726731e+01 3.932615481885148938e+02
3.349005789076264961e+01 3.933004203350894272e+02
3.348552730933803900e+01 3.933380014079741045e+02
3.348099672791342130e+01 3.933614421020823215e+02
3.347646614648880359e+01 3.933997105531974512e+02
3.347193556506418588e+01 3.934134776839133565e+02
3.346740498363956817e+01 3.934438067539725807e+02
3.346287440221495757e+01 3.934517793460278199e+02
3.345834382079033986e+01 3.934810810831619960e+02
3.345381323936572215e+01 3.935152610744211188e+02
3.344928265794110445e+01 3.935662869460877573e+02
3.344475207651649384e+01 3.935977961169780315e+02
3.344022149509187614e+01 3.936488648042021623e+02
3.343569091366725843e+01 3.936887504750574749e+02
3.343116033224264072e+01 3.937291273552028770e+02
3.342662975081802301e+01 3.937619477384700417e+02
3.342209916939341241e+01 3.938033345930323890e+02
3.341756858796879470e+01 3.938295131649060750e+02
3.341303800654417699e+01 3.938746593757689993e+02
3.340850742511955929e+01 3.939148129201475967e+02
3.340397684369494158e+01 3.939471182853696405e+02
3.339944626227033098e+01 3.939875168242297150e+02
3.339491568084571327e+01 3.940264912574059508e+02
3.339038509942109556e+01 3.940697070768628691e+02
3.338585451799647785e+01 3.941080056228735771e+02
3.338132393657186725e+01 3.941447589038492083e+02
3.337679335514724954e+01 3.941710454336724752e+02
3.337226277372263183e+01 3.942146561975799841e+02
3.336773219229801413e+01 3.942488671889258285e+02
3.336320161087339642e+01 3.942758036138042712e+02
3.335867102944878582e+01 3.943057578841754776e+02
3.335414044802416811e+01 3.943323879855297491e+02
3.334960986659955040e+01 3.943705659099275067e+02
3.334507928517493269e+01 3.944103497163227416e+02
3.334054870375032209e+01 3.944447400388561960e+02
3.333601812232570438e+01 3.944868924100734944e+02
3.333148754090108667e+01 3.945359772226105974e+02
3.332695695947646897e+01 3.945977382481195264e+02
3.332242637805185126e+01 3.946427644400416739e+02
3.331789579662724066e+01 3.947134620956820186e+02
3.331336521520262295e+01 3.947617701779817025e+02
3.330883463377800524e+01 3.948122963434349799e+02
3.330430405235338753e+01 3.948575163863438888e+02
3.329977347092876983e+01 3.949035389356215546e+02
3.329524288950415922e+01 3.949584734072109313e+02
3.329071230807954151e+01 3.950063550920066291e+02
3.328618172665492381e+01 3.950455793702960818e+02
3.328165114523030610e+01 3.950784941214587320e+02
3.327712056380569550e+01 3.951242553419543242e+02
3.327258998238107779e+01 3.951656065186307956e+02
3.326805940095646008e+01 3.952050773535715962e+02
3.326352881953184237e+01 3.952517134085319412e+02
3.325899823810722467e+01 3.952836375006525600e+02
3.325446765668261406e+01 3.953244464701068068e+02
3.324993707525799636e+01 3.953732108886653691e+02
3.324540649383337865e+01 3.954220342515191078e+02
3.324087591240876094e+01 3.954607452939441146e+02
3.323634533098415034e+01 3.954945919928521789e+02
3.323181474955953263e+01 3.955287804013836421e+02
3.322728416813491492e+01 3.955511061701362792e+02
3.322275358671029721e+01 3.955892274258956718e+02
3.321822300528567951e+01 3.956367909078609273e+02
3.321369242386106890e+01 3.956789214850396661e+02
3.320916184243645120e+01 3.957128824528185760e+02
3.320463126101183349e+01 3.957629699447601865e+02
3.320010067958721578e+01 3.957993910051112607e+02
3.319557009816260518e+01 3.958585830032429840e+02
3.319103951673798747e+01 3.959001379142686687e+02
3.318650893531336976e+01 3.959609535591990266e+02
3.318197835388875205e+01 3.960046577177506606e+02
3.317744777246413435e+01 3.960646780770116493e+02
3.317291719103952374e+01 3.961070542736989637e+02
3.316838660961490604e+01 3.961662539006464385e+02
3.316385602819028833e+01 3.961980509171191329e+02
3.315932544676567062e+01 3.962469359747947806e+02
3.315479486534105291e+01 3.962888615332248605e+02
3.315026428391644231e+01 3.963271482034914470e+02
3.314573370249182460e+01 3.963769320717569258e+02
3.314120312106720689e+01 3.964233801076824193e+02
3.313667253964258919e+01 3.964668228256814473e+02
3.313214195821797858e+01 3.965117959270505708e+02
3.312761137679336088e+01 3.965511036936604796e+02
3.312308079536874317e+01 3.965985866782370408e+02
3.311855021394412546e+01 3.966491172528159268e+02
3.311401963251950775e+01 3.966827681006486159e+02
3.310948905109489715e+01 3.967283161723808576e+02
3.310495846967027944e+01 3.967789705622505494e+02
3.310042788824566173e+01 3.968305508103547368e+02
3.309589730682104403e+01 3.968760852962657282e+02
3.309136672539643342e+01 3.969225994713954719e+02
3.308683614397181572e+01 3.969662777559014444e+02
3.308230556254719801e+01 3.970086764017527230e+02
3.307777498112258030e+01 3.970412056254522213e+02
3.307324439969796259e+01 3.970793161275208831e+02
3.306871381827335199e+01 3.971155563287541099e+02
3.306418323684873428e+01 3.971458772912400832e+02
3.305965265542411657e+01 3.971761213929395922e+02
3.305512207399949887e+01 3.972084568892740890e+02
3.305059149257488116e+01 3.972605332539675373e+02
3.304606091115027056e+01 3.972973274438540443e+02
3.304153032972565285e+01 3.973544748047622193e+02
3.303699974830103514e+01 3.973918386154072095e+02
3.303246916687641743e+01 3.974402635037835125e+02
3.302793858545180683e+01 3.974772055312380985e+02
3.302340800402718912e+01 3.975269832981502418e+02
3.301887742260257141e+01 3.975727043114141566e+02
3.301434684117795371e+01 3.976105938407487770e+02
3.300981625975333600e+01 3.976530283920288866e+02
3.300528567832872540e+01 3.976921482005326993e+02
3.300075509690410769e+01 3.977316334281659351e+02
3.299622451547948998e+01 3.977640460798297681e+02
3.299169393405487227e+01 3.977966923136401078e+02
3.298716335263026167e+01 3.978333379968564714e+02
3.298263277120564396e+01 3.978764707372035900e+02
3.297810218978102625e+01 3.979132140431550511e+02
3.297357160835640855e+01 3.979552151817376284e+02
3.296904102693179084e+01 3.979875498020896316e+02
3.296451044550718024e+01 3.980404177090759958e+02
3.295997986408256253e+01 3.980856236199954310e+02
3.295544928265794482e+01 3.981207088542469705e+02
3.295091870123332711e+01 3.981632283820966904e+02
3.294638811980870940e+01 3.981985528352853407e+02
3.294185753838409880e+01 3.982558741756748759e+02
3.293732695695948109e+01 3.983121730676554080e+02
3.293279637553486339e+01 3.983534209835794968e+02
3.292826579411024568e+01 3.983930682714557179e+02
3.292373521268563508e+01 3.984345334899957720e+02
3.291920463126101737e+01 3.984674387347309334e+02
3.291467404983639966e+01 3.985127182810963973e+02
3.291014346841178195e+01 3.985648056143447207e+02
3.290561288698716425e+01 3.986191354594066638e+02
3.290108230556255364e+01 3.986639393524412753e+02
3.289655172413793593e+01 3.987192276205866506e+02
3.289202114271331823e+01 3.987782392442103969e+02
3.288749056128870052e+01 3.988467103750685965e+02
3.288295997986408992e+01 3.988986063035091547e+02
3.287842939843947221e+01 3.989402010390647320e+02
3.287389881701485450e+01 3.989744101553842484e+02
3.286936823559023679e+01 3.990109189277703194e+02
3.286483765416561909e+01 3.990559850118698932e+02
3.286030707274100848e+01 3.991151733750529047e+02
3.285577649131639077e+01 3.991487517231319089e+02
3.285124590989177307e+01 3.991726946380944696e+02
3.284671532846715536e+01 3.992057179896632420e+02
3.284218474704254476e+01 3.992387087351543187e+02
3.283765416561792705e+01 3.992691532545854329e+02
3.283312358419330934e+01 3.993038817710694843e+02
3.282859300276869163e+01 3.993230657668882486e+02
3.282406242134407393e+01 3.993682173931137527e+02
3.281953183991946332e+01 3.994059655184566395e+02
3.281500125849484562e+01 3.994728494906498213e+02
3.281047067707022791e+01 3.995258170605047212e+02
3.280594009564561020e+01 3.995773495834714026e+02
3.280140951422099249e+01 3.996128309906147820e+02
3.279687893279638189e+01 3.996519650647665571e+02
3.279234835137176418e+01 3.996923291593503791e+02
3.278781776994714647e+01 3.997384957477616467e+02
3.278328718852252877e+01 3.997969916429971704e+02
3.277875660709791816e+01 3.998377430055407444e+02
3.277422602567330046e+01 3.998746568108147130e+02
3.276969544424868275e+01 3.999135673703759153e+02
3.276516486282406504e+01 3.999697570788468965e+02
3.276063428139944733e+01 4.000138482657775398e+02
3.275610369997483673e+01 4.000592257095037780e+02
3.275157311855021902e+01 4.000946256190467807e+02
3.274704253712560131e+01 4.001367324733103032e+02
3.274251195570098361e+01 4.001710681478197671e+02
3.273798137427637300e+01 4.002174160784654759e+02
3.273345079285175530e+01 4.002439524038252330e+02
3.272892021142713759e+01 4.002674308179441027e+02
3.272438963000251988e+01 4.002906134754204572e+02
3.271985904857790217e+01 4.003378430941671127e+02
3.271532846715329157e+01 4.003837420147559101e+02
3.271079788572867386e+01 4.004372509604974653e+02
3.270626730430405615e+01 4.004747917648749649e+02
3.270173672287943845e+01 4.005096123174374156e+02
3.269720614145482074e+01 4.005485958618488098e+02
3.269267556003021014e+01 4.005932599990865128e+02
3.268814497860559243e+01 4.006321346592238797e+02
3.268361439718097472e+01 4.006632056039680947e+02
3.267908381575635701e+01 4.006924512539533225e+02
3.267455323433174641e+01 4.007341050945017855e+02
3.267002265290712870e+01 4.007846620281528089e+02
3.266549207148251099e+01 4.008456547929891371e+02
3.266096149005789329e+01 4.008897473716667719e+02
3.265643090863327558e+01 4.009319519714561579e+02
3.265190032720866498e+01 4.009574869385004376e+02
3.264736974578404727e+01 4.010082324778437624e+02
3.264283916435942956e+01 4.010408308099737269e+02
3.263830858293481185e+01 4.011023582974468695e+02
3.263377800151020125e+01 4.011512765441407851e+02
3.262924742008558354e+01 4.011884831572893404e+02
3.262471683866096583e+01 4.012404697133338800e+02
3.262018625723634813e+01 4.013061834809832931e+02
3.261565567581173042e+01 4.013429430169194916e+02
3.261112509438711982e+01 4.013882465426081581e+02
3.260659451296250211e+01 4.014012561561290795e+02
3.260206393153788440e+01 4.014201079889862172e+02
3.259753335011326669e+01 4.014466842106451736e+02
3.259300276868865609e+01 4.014890476523359553e+02
3.258847218726403838e+01 4.015225781517060568e+02
3.258394160583942067e+01 4.015865659293975227e+02
3.257941102441480297e+01 4.016208990138069339e+02
3.257488044299018526e+01 4.016751629915088984e+02
3.257034986156557466e+01 4.017215549708919298e+02
3.256581928014095695e+01 4.017703831091587290e+02
3.256128869871633924e+01 4.018108110846179102e+02
3.255675811729172153e+01 4.018414325044566340e+02
3.255222753586710382e+01 4.018820680741803812e+02
3.254769695444249322e+01 4.019230188324393680e+02
3.254316637301787551e+01 4.019635852690934144e+02
3.253863579159325781e+01 4.020092283460083422e+02
3.253410521016864010e+01 4.020333422181709011e+02
3.252957462874402950e+01 4.020709050669469775e+02
3.252504404731941179e+01 4.021133301321810336e+02
3.252051346589479408e+01 4.021631151814682994e+02
3.251598288447017637e+01 4.022082027833678239e+02
3.251145230304555866e+01 4.022536570354084233e+02
3.250692172162094806e+01 4.022932936082795550e+02
3.250239114019633035e+01 4.023495535143281359e+02
3.249786055877171265e+01 4.024050304636399460e+02
3.249332997734709494e+01 4.024512641901659435e+02
3.248879939592248434e+01 4.024992027921434783e+02
3.248426881449786663e+01 4.025421309775510395e+02
3.247973823307324892e+01 4.025822665671905156e+02
3.247520765164863121e+01 4.026259518453199462e+02
3.247067707022401351e+01 4.026836117660392347e+02
3.246614648879940290e+01 4.027223732896085266e+02
3.246161590737478519e+01 4.027522235559786168e+02
3.245708532595016749e+01 4.028047812561213732e+02
3.245255474452554978e+01 4.028561783036742554e+02
3.244802416310093207e+01 4.029053116587168688e+02
3.244349358167632147e+01 4.029605894703449280e+02
3.243896300025170376e+01 4.029898114250049730e+02
3.243443241882708605e+01 4.030357003071746362e+02
3.242990183740246835e+01 4.030787054397543443e+02
3.242537125597785774e+01 4.031207219278731486e+02
3.242084067455324004e+01 4.031662865542691634e+02
3.241631009312862233e+01 4.032186615861210726e+02
3.241177951170400462e+01 4.032667641861983157e+02
3.240724893027938691e+01 4.033143540835311569e+02
3.240271834885477631e+01 4.033684355615508252e+02
3.239818776743015860e+01 4.033964109000095277e+02
3.239365718600554089e+01 4.034407969516090589e+02
3.238912660458092319e+01 4.034770978097007514e+02
3.238459602315631258e+01 4.035112072992090475e+02
3.238006544173169488e+01 4.035482190947918752e+02
3.237553486030707717e+01 4.035830716353598291e+02
3.237100427888245946e+01 4.036159620355099378e+02
3.236647369745784175e+01 4.036597084762350391e+02
3.236194311603323115e+01 4.036908735075742243e+02
3.235741253460861344e+01 4.037225502397631089e+02
3.235288195318399573e+01 4.037685904659495009e+02
3.234835137175937803e+01 4.037964232394064084e+02
3.234382079033476032e+01 4.038385241638490584e+02
3.233929020891014972e+01 4.038769186866033465e+02
3.233475962748553201e+01 4.039163261946538910e+02
3.233022904606091430e+01 4.039523269478507359e+02
3.232569846463629659e+01 4.039979732314193370e+02
3.232116788321168599e+01 4.040484859044656218e+02
3.231663730178706828e+01 4.040966352742733534e+02
3.231210672036245057e+01 4.041407166851422517e+02
3.230757613893783287e+01 4.041846595491898029e+02
3.230304555751321516e+01 4.042372768618625969e+02
3.229851497608860456e+01 4.042834472077812507e+02
3.229398439466398685e+01 4.043320678966929336e+02
3.228945381323936914e+01 4.043884952892213960e+02
3.228492323181475143e+01 4.044227834441842901e+02
3.228039265039014083e+01 4.044771780028284525e+02
3.227586206896552312e+01 4.045115363709954295e+02
3.227133148754090541e+01 4.045517919919455494e+02
3.226680090611628771e+01 4.046021164233607692e+02
3.226227032469167000e+01 4.046474505029183888e+02
3.225773974326705940e+01 4.046880818674569014e+02
3.225320916184244169e+01 4.047547383872534965e+02
3.224867858041782398e+01 4.047907599452727254e+02
3.224414799899320627e+01 4.048326446851468177e+02
3.223961741756859567e+01 4.048787725264597270e+02
3.223508683614397796e+01 4.049327754034933378e+02
3.223055625471936025e+01 4.049654017931000567e+02
3.222602567329474255e+01 4.050075657086578076e+02
3.222149509187012484e+01 4.050437742212529315e+02
3.221696451044551424e+01 4.050904542794349368e+02
3.221243392902089653e+01 4.051236027238186352e+02
3.220790334759627882e+01 4.051692536701635845e+02
3.220337276617166111e+01 4.052041966513265265e+02
3.219884218474704340e+01 4.052526429358541122e+02
3.219431160332243280e+01 4.052937639265041980e+02
3.218978102189781509e+01 4.053498561783042646e+02
3.218525044047319739e+01 4.053973913063450709e+02
3.218071985904857968e+01 4.054437789366825200e+02
3.217618927762396908e+01 4.054733963939332284e+02
3.217165869619935137e+01 4.055200776481086677e+02
3.216712811477473366e+01 4.055581043596309314e+02
3.216259753335011595e+01 4.056090948936616769e+02
3.215806695192549824e+01 4.056354113827513288e+02
3.215353637050088764e+01 4.056738304127986794e+02
3.214900578907626993e+01 4.057051453026954277e+02
3.214447520765165223e+01 4.057581382289619114e+02
3.213994462622703452e+01 4.058059699098673150e+02
3.213541404480242392e+01 4.058624096758883297e+02
3.213088346337780621e+01 4.059171532917834497e+02
3.212635288195318850e+01 4.059685311088729804e+02
3.212182230052857079e+01 4.060081790696302164e+02
3.211729171910395308e+01 4.060546034007243179e+02
3.211276113767934248e+01 4.060931376559408932e+02
3.210823055625472477e+01 4.061246367912772257e+02
3.210369997483010707e+01 4.061528432894193656e+02
3.209916939340548936e+01 4.061796881613993264e+02
3.209463881198087165e+01 4.062186401413060253e+02
3.209010823055626105e+01 4.062433831355597817e+02
3.208557764913164334e+01 4.062833830475159971e+02
3.208104706770702563e+01 4.063219682804285071e+02
3.207651648628240793e+01 4.063780607819397233e+02
3.207198590485779732e+01 4.064163062520236736e+02
3.206745532343317961e+01 4.064573959586309684e+02
3.206292474200856191e+01 4.065101429927377126e+02
3.205839416058394420e+01 4.065522223192169236e+02
3.205386357915932649e+01 4.065884540234807787e+02
3.204933299773471589e+01 4.066548721400014870e+02
3.204480241631009818e+01 4.066878512207825338e+02
3.204027183488548047e+01 4.067343273867649600e+02
3.203574125346086277e+01 4.067754013410983589e+02
3.203121067203625216e+01 4.068140102268198461e+02
3.202668009061163445e+01 4.068644214721197727e+02
3.202214950918701675e+01 4.069176491544700980e+02
3.201761892776239904e+01 4.069626432425647522e+02
3.201308834633778133e+01 4.070079669209559370e+02
3.200855776491317073e+01 4.070611973232183232e+02
3.200402718348855302e+01 4.071107449005186254e+02
3.199949660206393531e+01 4.071589092640915624e+02
3.199496602063931761e+01 4.072116256163232606e+02
3.199043543921469990e+01 4.072488992584036964e+02
3.198590485779008930e+01 4.073063721065793175e+02
3.198137427636547159e+01 4.073369655893554864e+02
3.197684369494085388e+01 4.073960417558789118e+02
3.197231311351623617e+01 4.074153362789517132e+02
3.196778253209162557e+01 4.074422060490254012e+02
3.196325195066700786e+01 4.074524377501488743e+02
3.195872136924239015e+01 4.074961812820087061e+02
3.195419078781777245e+01 4.075412710689549272e+02
3.194966020639315474e+01 4.075728554209287609e+02
3.194512962496854414e+01 4.076246884307267351e+02
3.194059904354392643e+01 4.076688750183212733e+02
3.193606846211930872e+01 4.077153874023578624e+02
3.193153788069469101e+01 4.077586141511975484e+02
3.192700729927008041e+01 4.078069245201147055e+02
3.192247671784546270e+01 4.078631129929343615e+02
3.191794613642084499e+01 4.079099188251343548e+02
3.191341555499622729e+01 4.079499600764603429e+02
3.190888497357160958e+01 4.079904426830725015e+02
3.190435439214699898e+01 4.080376195663633894e+02
3.189982381072238127e+01 4.080963615922771623e+02
3.189529322929776356e+01 4.081494395598869573e+02
3.189076264787314585e+01 4.082023716698668636e+02
3.188623206644853525e+01 4.082488364520503978e+02
3.188170148502391754e+01 4.083042590367622893e+02
3.187717090359929983e+01 4.083612682593473551e+02
3.187264032217468213e+01 4.084177400345888032e+02
3.186810974075006442e+01 4.084693720679886724e+02
3.186357915932545382e+01 4.084863353355547133e+02
3.185904857790083611e+01 4.085354655332636753e+02
3.185451799647621840e+01 4.085661282419043232e+02
3.184998741505160069e+01 4.086266981235928029e+02
3.184545683362698298e+01 4.086479499340784969e+02
3.184092625220237238e+01 4.086882799090869298e+02
3.183639567077775467e+01 4.087229713896905423e+02
3.183186508935313697e+01 4.087468084828294081e+02
3.182733450792851926e+01 4.088104674357938961e+02
3.182280392650390866e+01 4.088463423746293302e+02
3.181827334507929095e+01 4.088909050962850529e+02
3.181374276365467324e+01 4.089245946759361345e+02
3.180921218223005553e+01 4.089638194531422641e+02
3.180468160080543782e+01 4.090097893054722249e+02
3.180015101938082722e+01 4.090604171899029780e+02
3.179562043795620951e+01 4.090866339145906068e+02
3.179108985653159181e+01 4.091255285208536634e+02
3.178655927510697410e+01 4.091680656229809756e+02
3.178202869368236350e+01 4.092134485300643973e+02
3.177749811225774579e+01 4.092617432331842338e+02
3.177296753083312808e+01 4.093047451521875928e+02
3.176843694940851037e+01 4.093490005503840621e+02
3.176390636798389266e+01 4.093869816247257063e+02
3.175937578655928206e+01 4.094476001703547468e+02
3.175484520513466435e+01 4.095001721356439930e+02
3.175031462371004665e+01 4.095595848433974879e+02
3.174578404228542894e+01 4.096043821181386306e+02
3.174125346086081123e+01 4.096496342127384764e+02
3.173672287943620063e+01 4.096877126689360580e+02
3.173219229801158292e+01 4.097368077716894277e+02
3.172766171658696521e+01 4.097782670715587301e+02
3.172313113516234750e+01 4.098318322822033224e+02
3.171860055373773690e+01 4.098689979276625195e+02
3.171406997231311919e+01 4.099195694169910666e+02
3.170953939088850149e+01 4.099574277643053506e+02
3.170500880946388378e+01 4.099937934668666344e+02
3.170047822803926607e+01 4.100224016123511888e+02
3.169594764661465547e+01 4.100526819860407386e+02
3.169141706519003776e+01 4.100765499336852145e+02
3.168688648376542005e+01 4.101150349243702067e+02
3.168235590234080234e+01 4.101378605837338114e+02
3.167782532091619174e+01 4.101767688224311996e+02
3.167329473949157403e+01 4.102235087617516456e+02
3.166876415806695633e+01 4.102682908327167866e+02
3.166423357664233862e+01 4.103215246506299536e+02
3.165970299521772091e+01 4.103644979805550292e+02
3.165517241379311031e+01 4.104006429822221094e+02
3.165064183236849260e+01 4.104421270769011585e+02
3.164611125094387489e+01 4.104855846294100843e+02
3.164158066951925719e+01 4.105297098417613029e+02
3.163705008809464658e+01 4.105654847389184852e+02
3.163251950667002887e+01 4.105953295900374656e+02
3.162798892524541117e+01 4.106304567185441101e+02
3.162345834382079346e+01 4.106637258284126801e+02
3.161892776239617575e+01 4.106951397397331789e+02
3.161439718097156515e+01 4.107311825880025822e+02
3.160986659954694744e+01 4.107586320689659374e+02
3.160533601812232973e+01 4.107698230975133811e+02
3.160080543669771203e+01 4.108119080809421462e+02
3.159627485527309432e+01 4.108615987545778694e+02
3.159174427384848372e+01 4.108939215326369094e+02
3.158721369242386601e+01 4.109326498534350662e+02
3.158268311099924830e+01 4.109567737362321509e+02
3.157815252957463059e+01 4.109901746891604830e+02
3.157362194815001999e+01 4.110326590440977839e+02
3.156909136672540228e+01 4.110671415057055356e+02
3.156456078530078457e+01 4.111136143170287482e+02
3.156003020387616687e+01 4.111440812274707355e+02
3.155549962245154916e+01 4.111842803701057392e+02
3.155096904102693856e+01 4.112165353205455176e+02
3.154643845960232085e+01 4.112605264873801616e+02
3.154190787817770314e+01 4.113033003119774662e+02
3.153737729675308543e+01 4.113599849924544287e+02
3.153284671532847483e+01 4.113861072644594401e+02
3.152831613390385712e+01 4.114390922726909707e+02
3.152378555247923941e+01 4.114924203626264330e+02
3.151925497105462171e+01 4.115527508488898434e+02
3.151472438963000400e+01 4.116131241982564006e+02
3.151019380820539340e+01 4.116852016727946193e+02
3.150566322678077569e+01 4.117357438788312720e+02
3.150113264535615798e+01 4.117749528107428318e+02
3.149660206393154027e+01 4.118261784013857323e+02
3.149207148250692256e+01 4.118682188780013007e+02
3.148754090108231196e+01 4.119093856315173525e+02
3.148301031965769425e+01 4.119634855092884322e+02
3.147847973823307655e+01 4.120078472223630115e+02
3.147394915680845884e+01 4.120446893580998449e+02
3.146941857538384824e+01 4.120742244648575934e+02
3.146488799395923053e+01 4.121172404145307269e+02
3.146035741253461282e+01 4.121443937222005616e+02
3.145582683110999511e+01 4.121957646242535134e+02
3.145129624968537740e+01 4.122270801861983500e+02
3.144676566826076680e+01 4.122658349231166426e+02
3.144223508683614909e+01 4.123145639029840481e+02
3.143770450541153139e+01 4.123735335256195640e+02
3.143317392398691368e+01 4.124324753103880994e+02
3.142864334256230308e+01 4.124785501512334918e+02
3.142411276113768537e+01 4.125297624024531160e+02
3.141958217971306766e+01 4.125711143651697626e+02
3.141505159828844995e+01 4.126144231650482652e+02
3.141052101686383224e+01 4.126516494571178555e+02
3.140599043543922164e+01 4.127028768768861937e+02
3.140145985401460393e+01 4.127422995839080500e+02
3.139692927258998623e+01 4.128006166150707941e+02
3.139239869116536852e+01 4.128443582972493573e+02
3.138786810974075081e+01 4.128943015760755202e+02
3.138333752831614021e+01 4.129344477086702341e+02
3.137880694689152250e+01 4.129906494063083073e+02
3.137427636546690479e+01 4.130291317448587733e+02
3.136974578404228708e+01 4.130783055647248716e+02
3.136521520261767648e+01 4.131201091782181720e+02
3.136068462119305877e+01 4.131530892964158852e+02
3.135615403976844107e+01 4.132043416992248126e+02
3.135162345834382336e+01 4.132514447769722210e+02
3.134709287691920565e+01 4.133013998306851136e+02
3.134256229549459505e+01 4.133515114687514256e+02
3.133803171406997734e+01 4.133894112458152108e+02
3.133350113264535963e+01 4.134265697669946462e+02
3.132897055122074192e+01 4.134615844952341490e+02
3.132443996979613132e+01 4.135064029389195639e+02
3.131990938837151361e+01 4.135443726445699326e+02
3.131537880694689591e+01 4.135893183683243706e+02
3.131084822552227820e+01 4.136252934596907380e+02
3.130631764409766049e+01 4.136738887455011877e+02
3.130178706267304989e+01 4.137285912144295139e+02
3.129725648124843218e+01 4.137847757738672954e+02
3.129272589982381447e+01 4.138414897917867279e+02
3.128819531839919676e+01 4.138708378065761053e+02
3.128366473697458616e+01 4.139174051418307840e+02
3.127913415554996845e+01 4.139719533762103651e+02
3.127460357412535075e+01 4.140126015583146000e+02
3.127007299270073304e+01 4.140589247977121090e+02
3.126554241127611533e+01 4.140930818753380436e+02
3.126101182985150473e+01 4.141268222412335263e+02
3.125648124842688702e+01 4.141730085424060235e+02
3.125195066700226931e+01 4.142214782381326472e+02
3.124742008557765161e+01 4.142718846068336234e+02
3.124288950415303390e+01 4.143215337512473297e+02
3.123835892272842329e+01 4.143660263596369191e+02
3.123382834130380559e+01 4.144131648935226622e+02
3.122929775987918788e+01 4.144700682083994820e+02
3.122476717845457017e+01 4.145314922122014423e+02
3.122023659702995957e+01 4.145795587038995222e+02
3.121570601560534186e+01 4.146251524294443698e+02
3.121117543418072415e+01 4.146611945005956272e+02
3.120664485275610645e+01 4.147095549468997433e+02
3.120211427133148874e+01 4.147495889799362203e+02
3.119758368990687813e+01 4.147888930733088841e+02
3.119305310848226043e+01 4.148041968770987182e+02
3.118852252705764272e+01 4.148513693852268034e+02
3.118399194563302501e+01 4.148667392675747010e+02
3.117946136420841441e+01 4.149167363416707417e+02
3.117493078278379670e+01 4.149487584857686215e+02
3.117040020135917899e+01 4.149825094038948805e+02
3.116586961993456129e+01 4.150123384273640568e+02
3.116133903850994358e+01 4.150602362203120492e+02
3.115680845708533298e+01 4.151130366893592623e+02
3.115227787566071527e+01 4.151611424775553019e+02
3.114774729423609756e+01 4.152111827286340144e+02
3.114321671281147985e+01 4.152441697193868322e+02
3.113868613138686214e+01 4.152972190072720764e+02
3.113415554996225154e+01 4.153446872084879260e+02
3.112962496853763383e+01 4.153977698699470693e+02
3.112509438711301613e+01 4.154448594210795136e+02
3.112056380568839842e+01 4.154771327934751071e+02
3.111603322426378782e+01 4.155341321255936009e+02
3.111150264283917011e+01 4.155857319142986626e+02
3.110697206141455240e+01 4.156462605909781587e+02
3.110244147998993469e+01 4.156940741118643245e+02
3.109791089856531698e+01 4.157278778453456880e+02
3.109338031714070638e+01 4.157669265602556834e+02
3.108884973571608867e+01 4.157951858846628852e+02
3.108431915429147097e+01 4.158272517739303566e+02
3.107978857286685326e+01 4.158566591337655041e+02
3.107525799144224266e+01 4.158967723964841525e+02
3.107072741001762495e+01 4.159321441754424882e+02
3.106619682859300724e+01 4.159655635918974781e+02
3.106166624716838953e+01 4.160267163443898539e+02
3.105713566574377182e+01 4.160783321238134249e+02
3.105260508431916122e+01 4.161392630270095765e+02
3.104807450289454351e+01 4.161908780633773972e+02
3.104354392146992581e+01 4.162450041145417572e+02
3.103901334004530810e+01 4.162885690224396740e+02
3.103448275862069039e+01 4.163327204122013541e+02
3.102995217719607979e+01 4.163618105175889355e+02
3.102542159577146208e+01 4.164084012175623570e+02
3.102089101434684437e+01 4.164452684250549055e+02
3.101636043292222666e+01 4.164842400506120157e+02
3.101182985149761606e+01 4.165207074543268391e+02
3.100729927007299835e+01 4.165703278142198087e+02
3.100276868864838065e+01 4.166067193432960494e+02
3.099823810722376294e+01 4.166457705126476299e+02
3.099370752579914523e+01 4.166955797974874827e+02
3.098917694437453463e+01 4.167401269523407450e+02
3.098464636294991692e+01 4.167657987549028462e+02
3.098011578152529921e+01 4.168146001872301554e+02
3.097558520010068150e+01 4.168622785202258001e+02
3.097105461867607090e+01 4.169096130839344028e+02
3.096652403725145319e+01 4.169659657405373991e+02
3.096199345582683549e+01 4.170252852001494830e+02
3.095746287440221778e+01 4.170955302161097507e+02
3.095293229297760007e+01 4.171659062625960814e+02
3.094840171155298947e+01 4.172199404016135986e+02
3.094387113012837176e+01 4.172674850931023798e+02
3.093934054870375405e+01 4.173062168006572392e+02
3.093480996727913634e+01 4.173634397301258332e+02
3.093027938585452574e+01 4.173961143137153726e+02
3.092574880442990803e+01 4.174306546679397343e+02
3.092121822300529033e+01 4.174674041914432223e+02
3.091668764158067262e+01 4.174918509301161293e+02
3.091215706015605491e+01 4.175370173381668337e+02
3.090762647873144431e+01 4.175650045122997085e+02
3.090309589730682660e+01 4.176005685121094757e+02
3.089856531588220889e+01 4.176196869785217700e+02
3.089403473445759118e+01 4.176571851905542303e+02
3.088950415303297348e+01 4.176955482239757771e+02
3.088497357160836287e+01 4.177399759686740595e+02
3.088044299018374517e+01 4.177643694674459311e+02
3.087591240875912746e+01 4.178028544590288789e+02
3.087138182733450975e+01 4.178483536505620464e+02
3.086685124590989915e+01 4.178915117032174180e+02
3.086232066448528144e+01 4.179221634636747922e+02
3.085779008306066373e+01 4.179563153429574527e+02
3.085325950163604602e+01 4.179979789535672694e+02
3.084872892021142832e+01 4.180293922611608650e+02
3.084419833878681771e+01 4.180630644254258641e+02
3.083966775736220001e+01 4.181081244115680988e+02
3.083513717593758230e+01 4.181566405583394612e+02
3.083060659451296459e+01 4.182064010119181603e+02
3.082607601308835399e+01 4.182570024176089873e+02
3.082154543166373628e+01 4.183214319821996128e+02
3.081701485023911857e+01 4.183791533491448718e+02
3.081248426881450087e+01 4.184350978277164472e+02
3.080795368738988316e+01 4.184775538808244164e+02
3.080342310596527255e+01 4.185338160587171501e+02
3.079889252454065485e+01 4.185669656230081728e+02
3.079436194311603714e+01 4.186249414947330934e+02
3.078983136169141943e+01 4.186514919534965884e+02
3.078530078026680172e+01 4.186695799585208420e+02
3.078077019884219112e+01 4.187189620038422504e+02
3.077623961741757341e+01 4.187527569145793223e+02
3.077170903599295571e+01 4.187989207734229353e+02
3.076717845456833800e+01 4.188279964417542374e+02
3.076264787314372740e+01 4.188703753446265523e+02
3.075811729171910969e+01 4.189012897478879154e+02
3.075358671029449198e+01 4.189613566013548507e+02
3.074905612886987427e+01 4.189986757951970162e+02
3.074452554744525656e+01 4.190485539992691315e+02
3.073999496602064596e+01 4.190946365914302305e+02
3.073546438459602825e+01 4.191300382853845576e+02
3.073093380317141055e+01 4.191904381801670070e+02
3.072640322174679284e+01 4.192428532544797690e+02
3.072187264032218224e+01 4.192940384601129722e+02
3.071734205889756453e+01 4.193387615975784115e+02
3.071281147747294682e+01 4.193832504075338647e+02
3.070828089604832911e+01 4.194207302060162306e+02
3.070375031462371140e+01 4.194650907313680932e+02
3.069921973319910080e+01 4.195197949974408971e+02
3.069468915177448309e+01 4.195624203919026058e+02
3.069015857034986539e+01 4.196192016275550714e+02
3.068562798892524768e+01 4.196495665163289459e+02
3.068109740750063708e+01 4.196912107621482164e+02
3.067656682607601937e+01 4.197175602887784862e+02
3.067203624465140166e+01 4.197619826122075324e+02
3.066750566322678395e+01 4.197993564211638500e+02
3.066297508180216624e+01 4.198270803789401953e+02
3.065844450037755564e+01 4.198711153030436662e+02
3.065391391895293793e+01 4.199168445783859056e+02
3.064938333752832023e+01 4.199661412446648683e+02
3.064485275610370252e+01 4.200137404242782395e+02
3.064032217467908481e+01 4.200599676898037842e+02
3.063579159325447421e+01 4.201028283778775858e+02
3.063126101182985650e+01 4.201534224094797878e+02
3.062673043040523879e+01 4.202018987598077615e+02
3.062219984898062108e+01 4.202426665604099298e+02
3.061766926755601048e+01 4.202893062951781644e+02
3.061313868613139277e+01 4.203166715392071069e+02
3.060860810470677507e+01 4.203601442336774312e+02
3.060407752328215736e+01 4.204021448275128137e+02
3.059954694185753965e+01 4.204435606525145204e+02
3.059501636043292905e+01 4.204733760087415249e+02
3.059048577900831134e+01 4.205008736571455756e+02
3.058595519758369363e+01 4.205402350136228051e+02
3.058142461615907592e+01 4.205807581448791552e+02
3.057689403473446532e+01 4.206299196957394315e+02
3.057236345330984761e+01 4.206896088320220315e+02
3.056783287188522991e+01 4.207306339194004181e+02
3.056330229046061220e+01 4.207648207467909742e+02
3.055877170903599449e+01 4.208169841615986115e+02
3.055424112761138389e+01 4.208599948724952924e+02
3.054971054618676618e+01 4.209024748047030471e+02
3.054517996476214847e+01 4.209559342984932755e+02
3.054064938333753076e+01 4.210010933766898233e+02
3.053611880191291306e+01 4.210384858838771152e+02
3.053158822048830245e+01 4.210756558113368442e+02
3.052705763906368475e+01 4.211048435174744213e+02
3.052252705763906704e+01 4.211452933630864663e+02
3.051799647621444933e+01 4.211913476002819721e+02
3.051346589478983873e+01 4.212296125939778335e+02
3.050893531336522102e+01 4.212820265359189875e+02
3.050440473194060331e+01 4.213284465835378683e+02
3.049987415051598560e+01 4.213735968204036340e+02
3.049534356909136790e+01 4.214055514529985089e+02
3.049081298766675729e+01 4.214606623898559405e+02
3.048628240624213959e+01 4.214892530220052436e+02
3.048175182481752188e+01 4.215286993572544247e+02
3.047722124339290417e+01 4.215672856362817811e+02
3.047269066196829357e+01 4.216173792032221286e+02
3.046816008054367586e+01 4.216464328777346395e+02
3.046362949911905815e+01 4.216876275448018987e+02
3.045909891769444044e+01 4.217312367636050112e+02
3.045456833626982274e+01 4.217762954020628285e+02
3.045003775484521213e+01 4.218242269344065676e+02
3.044550717342059443e+01 4.218663135696692734e+02
3.044097659199597672e+01 4.219083464640401075e+02
3.043644601057135901e+01 4.219444034294787116e+02
3.043191542914674130e+01 4.219817799938675762e+02
3.042738484772213070e+01 4.220160515749179808e+02
3.042285426629751299e+01 4.220539861569523623e+02
3.041832368487289529e+01 4.220905874376388169e+02
3.041379310344827758e+01 4.221128186482393971e+02
3.040926252202366697e+01 4.221542053660687088e+02
3.040473194059904927e+01 4.222059050138362295e+02
3.040020135917443156e+01 4.222527531558826581e+02
3.039567077774981385e+01 4.223072739595644975e+02
3.039114019632519614e+01 4.223630883931206768e+02
3.038660961490058554e+01 4.224047131188158914e+02
3.038207903347596783e+01 4.224415445809568723e+02
3.037754845205135013e+01 4.224789788412882672e+02
3.037301787062673242e+01 4.225196492001203978e+02
3.036848728920212181e+01 4.225725547764391763e+02
3.036395670777750411e+01 4.226306476467627249e+02
3.035942612635288640e+01 4.226750142211240018e+02
3.035489554492826869e+01 4.227172936264386180e+02
3.035036496350365098e+01 4.227461962505920496e+02
3.034583438207904038e+01 4.227904941517859925e+02
3.034130380065442267e+01 4.228314666666252606e+02
3.033677321922980497e+01 4.228749761871184205e+02
3.033224263780518726e+01 4.229069049518799943e+02
3.032771205638057666e+01 4.229387375817472048e+02
3.032318147495595895e+01 4.229719834052408487e+02
3.031865089353134124e+01 4.230157126895446140e+02
3.031412031210672353e+01 4.230497163845566888e+02
3.030958973068210582e+01 4.230821817152120730e+02
3.030505914925749522e+01 4.231131251413145264e+02
3.030052856783287751e+01 4.231442661705991100e+02
3.029599798640825981e+01 4.231801375082418417e+02
3.029146740498364210e+01 4.232149409350763563e+02
3.028693682355902439e+01 4.232527384555717731e+02
3.028240624213441379e+01 4.232977352334814896e+02
3.027787566070979608e+01 4.233409696573783094e+02
3.027334507928517837e+01 4.233946857719355421e+02
3.026881449786056066e+01 4.234341865505958253e+02
3.026428391643595006e+01 4.234832081549986356e+02
3.025975333501133235e+01 4.235166526653334813e+02
3.025522275358671465e+01 4.235570833884750073e+02
3.025069217216209694e+01 4.236039002186363973e+02
3.024616159073747923e+01 4.236467192529955810e+02
3.024163100931286863e+01 4.236963857598079812e+02
3.023710042788825092e+01 4.237425600587786789e+02
3.023256984646363321e+01 4.237835822738344405e+02
3.022803926503901550e+01 4.238267982933082862e+02
3.022350868361440490e+01 4.238526514587608176e+02
3.021897810218978719e+01 4.238698296248249449e+02
3.021444752076516949e+01 4.238973216902085710e+02
3.020991693934055178e+01 4.239265462145845049e+02
3.020538635791593407e+01 4.239420359684430650e+02
3.020085577649132347e+01 4.239733891527451419e+02
3.019632519506670576e+01 4.240140996987715312e+02
3.019179461364208805e+01 4.240543847051744706e+02
3.018726403221747034e+01 4.241020437249778752e+02
3.018273345079285264e+01 4.241440365715540111e+02
3.017820286936824203e+01 4.241998123751965295e+02
3.017367228794362433e+01 4.242619070006367679e+02
3.016914170651900662e+01 4.243101068919089585e+02
3.016461112509438891e+01 4.243515379008176183e+02
3.016008054366977831e+01 4.244015486376419517e+02
3.015554996224516060e+01 4.244582995766831459e+02
3.015101938082054289e+01 4.245017677210905163e+02
3.014648879939592518e+01 4.245401637713536047e+02
3.014195821797130748e+01 4.245735923924332269e+02
3.013742763654669687e+01 4.246177073138370588e+02
3.013289705512207917e+01 4.246620766149700330e+02
3.012836647369746146e+01 4.247070959911238788e+02
3.012383589227284375e+01 4.247356341745847885e+02
3.011930531084823315e+01 4.247600852315587190e+02
3.011477472942361544e+01 4.248021055831600279e+02
3.011024414799899773e+01 4.248350973110790960e+02
3.010571356657438002e+01 4.248699962331415918e+02
3.010118298514976232e+01 4.249059725686974502e+02
3.009665240372515171e+01 4.249289636780801516e+02
3.009212182230053401e+01 4.249647092395024970e+02
3.008759124087591630e+01 4.249992259715861564e+02
3.008306065945129859e+01 4.250304374601463451e+02
3.007853007802668799e+01 4.250592803721862651e+02
3.007399949660207028e+01 4.250922941159503239e+02
3.006946891517745257e+01 4.251423640977592413e+02
3.006493833375283486e+01 4.251805363297694385e+02
3.006040775232821716e+01 4.252211208745950444e+02
3.005587717090360655e+01 4.252596447343447039e+02
3.005134658947898885e+01 4.252915362284010143e+02
3.004681600805437114e+01 4.253254326660120910e+02
3.004228542662975343e+01 4.253518728845246528e+02
3.003775484520513572e+01 4.253756837837142939e+02
3.003322426378052512e+01 4.253972590490566859e+02
3.002869368235590741e+01 4.254247050793765652e+02
3.002416310093128970e+01 4.254365945693244839e+02
3.001963251950667200e+01 4.254645205246796991e+02
3.001510193808206139e+01 4.254854474491412475e+02
3.001057135665744369e+01 4.255096756899887396e+02
3.000604077523282598e+01 4.255383924641885756e+02
3.000151019380820827e+01 4.255683300575704493e+02
2.999697961238359056e+01 4.256047496213169552e+02
2.999244903095897996e+01 4.256339905598306359e+02
2.998791844953436225e+01 4.256635329334260405e+02
2.998338786810974455e+01 4.256893086394181864e+02
2.997885728668512684e+01 4.257301130909603444e+02
2.997432670526051623e+01 4.257882235943842488e+02
2.996979612383589853e+01 4.258239696655232365e+02
2.996526554241128082e+01 4.258780458434934530e+02
2.996073496098666311e+01 4.259145500483199953e+02
2.995620437956204540e+01 4.259712542734322369e+02
2.995167379813743480e+01 4.260247136147595484e+02
2.994714321671281709e+01 4.260767075109832263e+02
2.994261263528819939e+01 4.261177759501770765e+02
2.993808205386358168e+01 4.261673809388837526e+02
2.993355147243896397e+01 4.262219664780088806e+02
2.992902089101435337e+01 4.262515687501981461e+02
2.992449030958973566e+01 4.262973532739777625e+02
2.991995972816511795e+01 4.263479653991201417e+02
2.991542914674050024e+01 4.263997510012174530e+02
2.991089856531588964e+01 4.264494434524008852e+02
2.990636798389127193e+01 4.264927950401530552e+02
2.990183740246665423e+01 4.265413654647098838e+02
2.989730682104203652e+01 4.265755417594091909e+02
2.989277623961741881e+01 4.266131586171200070e+02
2.988824565819280821e+01 4.266387744414826670e+02
2.988371507676819050e+01 4.266771332337282843e+02
2.987918449534357279e+01 4.267324658712289533e+02
2.987465391391895508e+01 4.267671633547866463e+02
2.987012333249434448e+01 4.268120719094516744e+02
2.986559275106972677e+01 4.268383794264440780e+02
2.986106216964510907e+01 4.268847296720434770e+02
2.985653158822049136e+01 4.269420613103397386e+02
2.985200100679587365e+01 4.270061609516013732e+02
2.984747042537126305e+01 4.270453985926984046e+02
2.984293984394664534e+01 4.270852454565221024e+02
2.983840926252202763e+01 4.271317746431727187e+02
2.983387868109740992e+01 4.271800537937972990e+02
2.982934809967279222e+01 4.272324929716139650e+02
2.982481751824818161e+01 4.272730900531253155e+02
2.982028693682356391e+01 4.273090282915095486e+02
2.981575635539894620e+01 4.273322989812859305e+02
2.981122577397432849e+01 4.273887044215626929e+02
2.980669519254971789e+01 4.274349891540416024e+02
2.980216461112510018e+01 4.274821312579116466e+02
2.979763402970048247e+01 4.275206106906665582e+02
2.979310344827586476e+01 4.275523753587955298e+02
2.978857286685124706e+01 4.275769519971235582e+02
2.978404228542663645e+01 4.276152733356803424e+02
2.977951170400201875e+01 4.276545682738097867e+02
2.977498112257740104e+01 4.276787463073458184e+02
2.977045054115278333e+01 4.277155138891361617e+02
2.976591995972817273e+01 4.277405937261299300e+02
2.976138937830355502e+01 4.277896544186614847e+02
2.975685879687893731e+01 4.278315353053143326e+02
2.975232821545431960e+01 4.278869839741847727e+02
2.974779763402970190e+01 4.279290421098485808e+02
2.974326705260509129e+01 4.279650412115189511e+02
2.973873647118047359e+01 4.280055301292572381e+02
2.973420588975585588e+01 4.280494339742592160e+02
2.972967530833123817e+01 4.280920985885886125e+02
2.972514472690662757e+01 4.281386348444185046e+02
2.972061414548200986e+01 4.281805373649792728e+02
2.971608356405739215e+01 4.282202062163709684e+02
2.971155298263277444e+01 4.282653288823444200e+02
2.970702240120815674e+01 4.283006272850134337e+02
2.970249181978354613e+01 4.283444080767160926e+02
2.969796123835892843e+01 4.283888904672141393e+02
2.969343065693431072e+01 4.284236091215331612e+02
2.968890007550969301e+01 4.284766052539704333e+02
2.968436949408507530e+01 4.285154544429433940e+02
2.967983891266046470e+01 4.285673709023801621e+02
2.967530833123584699e+01 4.285995618482625105e+02
2.967077774981122928e+01 4.286478785802910352e+02
2.966624716838661158e+01 4.286770841409388026e+02
2.966171658696200097e+01 4.287271474134739719e+02
2.965718600553738327e+01 4.287532554178957298e+02
2.965265542411276556e+01 4.287827459916816792e+02
2.964812484268814785e+01 4.288165110756647209e+02
2.964359426126353014e+01 4.288419014666131943e+02
2.963906367983891954e+01 4.288754515165279031e+02
2.963453309841430183e+01 4.288912856379770915e+02
2.963000251698968412e+01 4.289369444313676922e+02
2.962547193556506642e+01 4.289729475352056625e+02
2.962094135414045581e+01 4.290133665378259025e+02
2.961641077271583811e+01 4.290392084049112214e+02
2.961188019129122040e+01 4.290718943141130239e+02
2.960734960986660269e+01 4.291136118848972956e+02
2.960281902844198498e+01 4.291550782221297595e+02
2.959828844701737438e+01 4.291960664042942994e+02
2.959375786559275667e+01 4.292336729727286979e+02
2.958922728416813897e+01 4.292690337444540205e+02
2.958469670274352126e+01 4.293155410407435966e+02
2.958016612131890355e+01 4.293501125353786279e+02
2.957563553989429295e+01 4.293916837726266067e+02
2.957110495846967524e+01 4.294302782606278583e+02
2.956657437704505753e+01 4.294628640149787202e+02
2.956204379562043982e+01 4.294963411438411072e+02
2.955751321419582922e+01 4.295373600680619006e+02
2.955298263277121151e+01 4.295763236539116292e+02
2.954845205134659381e+01 4.296200545168509279e+02
2.954392146992197610e+01 4.296568849371178089e+02
2.953939088849735839e+01 4.297142852778341080e+02
2.953486030707274779e+01 4.297530231113191803e+02
2.953032972564813008e+01 4.298044852165405700e+02
2.952579914422351237e+01 4.298412348493081367e+02
2.952126856279889466e+01 4.298774794426076937e+02
2.951673798137428406e+01 4.299121029435572154e+02
2.951220739994966635e+01 4.299536385867040167e+02
2.950767681852504865e+01 4.300007529687563874e+02
2.950314623710043094e+01 4.300473956380096183e+02
2.949861565567581323e+01 4.300883864246433177e+02
2.949408507425120263e+01 4.301299763975773658e+02
2.948955449282658492e+01 4.301537036322106360e+02
2.948502391140196721e+01 4.301863993179333647e+02
2.948049332997734950e+01 4.302263273036879809e+02
2.947596274855273180e+01 4.302615712580153513e+02
2.947143216712812119e+01 4.302957496692575319e+02
2.946690158570350349e+01 4.303317040171628491e+02
2.946237100427888578e+01 4.303612474534222656e+02
2.945784042285426807e+01 4.304029157601349311e+02
2.945330984142965747e+01 4.304463142305046972e+02
2.944877926000503976e+01 4.304861239739844905e+02
2.944424867858042205e+01 4.305257293371305991e+02
2.943971809715580434e+01 4.305597817154004474e+02
2.943518751573118664e+01 4.305879579257363616e+02
2.943065693430657603e+01 4.306228163972604648e+02
2.942612635288195833e+01 4.306625731182733716e+02
2.942159577145734062e+01 4.306907821457922410e+02
2.941706519003272291e+01 4.307395322981151367e+02
2.941253460860811231e+01 4.307702421436635518e+02
2.940800402718349460e+01 4.308059273537645595e+02
2.940347344575887689e+01 4.308366639530858038e+02
2.939894286433425918e+01 4.308735585984626368e+02
2.939441228290964148e+01 4.309161486733444804e+02
2.938988170148503087e+01 4.309616252203280737e+02
2.938535112006041317e+01 4.310087304615895505e+02
2.938082053863579546e+01 4.310538534727490969e+02
2.937628995721117775e+01 4.310897361415633213e+02
2.937175937578656715e+01 4.311305746933009573e+02
2.936722879436194944e+01 4.311725899406916369e+02
2.936269821293733173e+01 4.312271208897770407e+02
2.935816763151271402e+01 4.312691986209671882e+02
2.935363705008809632e+01 4.312958431789999736e+02
2.934910646866348571e+01 4.313174209653835192e+02
2.934457588723886801e+01 4.313574220938808139e+02
2.934004530581425030e+01 4.313791912204181358e+02
2.933551472438963259e+01 4.314149379679486742e+02
2.933098414296501488e+01 4.314458340688363478e+02
2.932645356154040428e+01 4.314888834205252692e+02
2.932192298011578657e+01 4.315223231210765675e+02
2.931739239869116886e+01 4.315386740776118017e+02
2.931286181726655116e+01 4.315578170130049216e+02
2.930833123584194055e+01 4.315835629126914341e+02
2.930380065441732285e+01 4.316229492397278591e+02
2.929927007299270514e+01 4.316424351024916746e+02
2.929473949156808743e+01 4.316684917457221218e+02
2.929020891014346972e+01 4.317036019059878527e+02
2.928567832871885912e+01 4.317373167224657209e+02
2.928114774729424141e+01 4.317661901294672475e+02
2.927661716586962370e+01 4.317967381094259167e+02
2.927208658444500600e+01 4.318307875130208799e+02
2.926755600302039539e+01 4.318703550912117066e+02
2.926302542159577769e+01 4.319090129108626002e+02
2.925849484017115998e+01 4.319431967570779420e+02
2.925396425874654227e+01 4.319566641518769643e+02
2.924943367732192456e+01 4.319830280532282814e+02
2.924490309589731396e+01 4.319996795471149653e+02
2.924037251447269625e+01 4.320253705450290909e+02
2.923584193304807854e+01 4.320291514236778880e+02
2.923131135162346084e+01 4.320411950666539269e+02
2.922678077019884313e+01 4.320650734527043824e+02
2.922225018877423253e+01 4.320898881408236889e+02
2.921771960734961482e+01 4.321205918127730001e+02
2.921318902592499711e+01 4.321586651130884320e+02
2.920865844450037940e+01 4.321833000467446482e+02
2.920412786307576880e+01 4.322176157903164722e+02
2.919959728165115109e+01 4.322477790361808729e+02
2.919506670022653338e+01 4.322724546517932254e+02
2.919053611880191568e+01 4.323067543774436672e+02
2.918600553737729797e+01 4.323386148262420079e+02
2.918147495595268737e+01 4.323578124966832092e+02
2.917694437452806966e+01 4.323983018828851641e+02
2.917241379310345195e+01 4.324350385823707938e+02
2.916788321167883424e+01 4.324657947388401453e+02
2.916335263025422364e+01 4.325011589325266641e+02
2.915882204882960593e+01 4.325284485970967694e+02
2.915429146740498823e+01 4.325590902664574742e+02
2.914976088598037052e+01 4.325841968141579059e+02
2.914523030455575281e+01 4.326069923473084486e+02
2.914069972313114221e+01 4.326357278346510498e+02
2.913616914170652450e+01 4.326518933388499022e+02
2.913163856028190679e+01 4.326836824761867319e+02
2.912710797885728908e+01 4.327123544674128652e+02
2.912257739743267848e+01 4.327469585533356735e+02
2.911804681600806077e+01 4.327669802648527480e+02
2.911351623458344307e+01 4.328076782168673162e+02
2.910898565315882536e+01 4.328300396610737266e+02
2.910445507173420765e+01 4.328706774813234688e+02
2.909992449030959705e+01 4.328968894531718092e+02
2.909539390888497934e+01 4.329254305228662929e+02
2.909086332746036163e+01 4.329595011624818426e+02
2.908633274603574392e+01 4.329888835618130543e+02
2.908180216461112622e+01 4.330101943043602546e+02
2.907727158318651561e+01 4.330291760023005168e+02
2.907274100176189791e+01 4.330546937524495092e+02
2.906821042033728020e+01 4.330827646440906733e+02
2.906367983891266249e+01 4.331105875349622352e+02
2.905914925748805189e+01 4.331340865799950279e+02
2.905461867606343418e+01 4.331629301467834807e+02
2.905008809463881647e+01 4.331947524183339624e+02
2.904555751321419876e+01 4.332231453852144227e+02
2.904102693178958106e+01 4.332451793848947545e+02
2.903649635036497045e+01 4.332692494784986934e+02
2.903196576894035275e+01 4.332998820634264803e+02
2.902743518751573504e+01 4.333213559786943847e+02
2.902290460609111733e+01 4.333375142348081113e+02
2.901837402466650673e+01 4.333711711652154008e+02
2.901384344324188902e+01 4.334026051247449232e+02
2.900931286181727131e+01 4.334531652748466968e+02
2.900478228039265360e+01 4.334957692774070779e+02
2.900025169896803590e+01 4.335257488965781931e+02
2.899572111754342529e+01 4.335651915563229295e+02
2.899119053611880759e+01 4.335982432148336443e+02
2.898665995469418988e+01 4.336360034437180389e+02
2.898212937326957217e+01 4.336640241921642769e+02
2.897759879184495446e+01 4.336992340166581243e+02
2.897306821042034386e+01 4.337354395009856489e+02
2.896853762899572615e+01 4.337720048521634908e+02
2.896400704757110844e+01 4.338131536425998434e+02
2.895947646614649074e+01 4.338486693178143128e+02
2.895494588472188013e+01 4.338985137065656090e+02
2.895041530329726243e+01 4.339314142040645947e+02
2.894588472187264472e+01 4.339649659715073540e+02
2.894135414044802701e+01 4.339992431124154564e+02
2.893682355902340930e+01 4.340302751275492597e+02
2.893229297759879870e+01 4.340666837979699721e+02
2.892776239617418099e+01 4.340930437323135038e+02
2.892323181474956328e+01 4.341205736989621755e+02
2.891870123332494558e+01 4.341659572511377974e+02
2.891417065190033497e+01 4.341838614411802268e+02
2.890964007047571727e+01 4.342064193274745207e+02
2.890510948905109956e+01 4.342314119608577698e+02
2.890057890762648185e+01 4.342670362080546624e+02
2.889604832620186414e+01 4.342953448845179878e+02
2.889151774477725354e+01 4.343348911299578390e+02
2.888698716335263583e+01 4.343799860721949813e+02
2.888245658192801812e+01 4.344370724841652986e+02
2.887792600050340042e+01 4.344863364744254568e+02
2.887339541907878271e+01 4.345147177152863947e+02
2.886886483765417211e+01 4.345648335262549153e+02
2.886433425622955440e+01 4.345966248302398753e+02
2.885980367480493669e+01 4.346279482687059499e+02
2.885527309338031898e+01 4.346847074410053438e+02
2.885074251195570838e+01 4.347300577738532752e+02
2.884621193053109067e+01 4.347774872496897842e+02
2.884168134910647296e+01 4.348193129450136780e+02
2.883715076768185526e+01 4.348667422218090906e+02
2.883262018625723755e+01 4.349090401357000246e+02
2.882808960483262695e+01 4.349601779095547158e+02
2.882355902340800924e+01 4.349773965857914391e+02
2.881902844198339153e+01 4.350048931344049947e+02
2.881449786055877382e+01 4.350250726189591433e+02
2.880996727913416322e+01 4.350603175098900124e+02
2.880543669770954551e+01 4.350941202581378775e+02
2.880090611628492780e+01 4.351359682476697799e+02
2.879637553486031010e+01 4.351496559285567969e+02
2.879184495343569239e+01 4.351810404295097214e+02
2.878731437201108179e+01 4.352018534486510930e+02
2.878278379058646408e+01 4.352287724754364717e+02
2.877825320916184637e+01 4.352633966008331754e+02
2.877372262773722866e+01 4.352878340914754745e+02
2.876919204631261806e+01 4.353069285957731722e+02
2.876466146488800035e+01 4.353380000558431107e+02
2.876013088346338265e+01 4.353585354469664708e+02
2.875560030203876494e+01 4.353960699784415169e+02
2.875106972061414723e+01 4.354421772750712876e+02
2.874653913918953663e+01 4.354800947703976135e+02
2.874200855776491892e+01 4.355197496535756159e+02
2.873747797634030121e+01 4.355483830387359490e+02
2.873294739491568350e+01 4.355786223275836164e+02
2.872841681349106580e+01 4.356182724753365960e+02
2.872388623206645519e+01 4.356565005018709940e+02
2.871935565064183749e+01 4.356840826764453709e+02
2.871482506921721978e+01 4.357349696038986622e+02
2.871029448779260207e+01 4.357784466102112901e+02
2.870576390636799147e+01 4.358172978408406379e+02
2.870123332494337376e+01 4.358553634757860209e+02
2.869670274351875605e+01 4.359002936041579801e+02
2.869217216209413834e+01 4.359340990389457602e+02
2.868764158066952064e+01 4.359708230892019856e+02
2.868311099924491003e+01 4.359982591903846583e+02
2.867858041782029233e+01 4.360387557692523046e+02
2.867404983639567462e+01 4.360701608260967532e+02
2.866951925497105691e+01 4.360965498353855310e+02
2.866498867354644631e+01 4.361247303301990428e+02
2.866045809212182860e+01 4.361714381223812325e+02
2.865592751069721089e+01 4.362057803421130870e+02
2.865139692927259318e+01 4.362486504493627990e+02
2.864686634784797548e+01 4.362830680013375968e+02
2.864233576642336487e+01 4.363217763673310969e+02
2.863780518499874717e+01 4.363583105876983836e+02
2.863327460357412946e+01 4.364016394235998746e+02
2.862874402214951175e+01 4.364353117104965349e+02
2.862421344072489404e+01 4.364682572211722231e+02
2.861968285930028344e+01 4.365024314095688283e+02
2.861515227787566573e+01 4.365260203676173205e+02
2.861062169645104802e+01 4.365767287566145001e+02
2.860609111502643032e+01 4.366073820226882845e+02
2.860156053360181971e+01 4.366405550633673442e+02
2.859702995217720201e+01 4.366711939703708936e+02
2.859249937075258430e+01 4.367041227068492049e+02
2.858796878932796659e+01 4.367286430779375337e+02
2.858343820790334888e+01 4.367739459362724119e+02
2.857890762647873828e+01 4.368123780804708645e+02
2.857437704505412057e+01 4.368611795617987923e+02
2.856984646362950286e+01 4.369068580619071440e+02
2.856531588220488516e+01 4.369462909648805180e+02
2.856078530078027455e+01 4.369901842116565263e+02
2.855625471935565685e+01 4.370325178503284178e+02
2.855172413793103914e+01 4.370730969001884318e+02
2.854719355650642143e+01 4.371152055009449668e+02
2.854266297508180372e+01 4.371462850806601637e+02
2.853813239365719312e+01 4.371729858500400496e+02
2.853360181223257541e+01 4.371976913458093463e+02
2.852907123080795770e+01 4.372382065002092304e+02
2.852454064938334000e+01 4.372801599361037574e+02
2.852001006795872229e+01 4.373168174749619652e+02
2.851547948653411169e+01 4.373494756947445694e+02
2.851094890510949398e+01 4.373897498054536754e+02
2.850641832368487627e+01 4.374199014338288407e+02
2.850188774226025856e+01 4.374694638738911863e+02
2.849735716083564796e+01 4.375051728573772607e+02
2.849282657941103025e+01 4.375326299761078985e+02
2.848829599798641254e+01 4.375672211521568897e+02
2.848376541656179484e+01 4.375966480497552880e+02
2.847923483513717713e+01 4.376284421315246504e+02
2.847470425371256653e+01 4.376550728969707507e+02
2.847017367228794882e+01 4.376931221619709049e+02
2.846564309086333111e+01 4.377177957688854235e+02
2.846111250943871340e+01 4.377377464569353833e+02
2.845658192801410280e+01 4.377877636848173779e+02
2.845205134658948509e+01 4.378125457939394778e+02
2.844752076516486738e+01 4.378438757468733797e+02
2.844299018374024968e+01 4.378648098392047814e+02
2.843845960231563197e+01 4.378979486769475216e+02
2.843392902089102137e+01 4.379303431739241432e+02
2.842939843946640366e+01 4.379644730943110744e+02
2.842486785804178595e+01 4.380054675249741081e+02
2.842033727661716824e+01 4.380501128408602654e+02
2.841580669519255764e+01 4.380728009681438948e+02
2.841127611376793993e+01 4.381099185643001874e+02
2.840674553234332222e+01 4.381445059621832456e+02
2.840221495091870452e+01 4.381805804472602972e+02
2.839768436949408681e+01 4.382176723138671832e+02
2.839315378806947621e+01 4.382530343375663620e+02
2.838862320664485850e+01 4.382876487505684509e+02
2.838409262522024079e+01 4.383285786419459100e+02
2.837956204379562308e+01 4.383556450080224636e+02
2.837503146237100538e+01 4.383856819983173523e+02
2.837050088094639477e+01 4.384165965904473978e+02
2.836597029952177706e+01 4.384389888437040099e+02
2.836143971809715936e+01 4.384758067193992019e+02
2.835690913667254165e+01 4.385110001606331593e+02
2.835237855524793105e+01 4.385465893126322499e+02
2.834784797382331334e+01 4.385702589364667006e+02
2.834331739239869563e+01 4.385936713381978507e+02
2.833878681097407792e+01 4.386261129001557038e+02
2.833425622954946022e+01 4.386561536952469282e+02
2.832972564812484961e+01 4.386825384792650766e+02
2.832519506670023191e+01 4.387189442773049564e+02
2.832066448527561420e+01 4.387495988197137535e+02
2.831613390385099649e+01 4.387728832807029562e+02
2.831160332242638589e+01 4.388105294434088250e+02
2.830707274100176818e+01 4.388442346667110314e+02
2.830254215957715047e+01 4.388797004823487100e+02
2.829801157815253276e+01 4.389018659647623508e+02
2.829348099672791506e+01 4.389222882259483640e+02
2.828895041530330445e+01 4.389525620930908190e+02
2.828441983387868675e+01 4.389951943383191519e+02
2.827988925245406904e+01 4.390325678370216451e+02
2.827535867102945133e+01 4.390532411536118502e+02
2.827082808960483362e+01 4.390836217119258436e+02
2.826629750818022302e+01 4.391071742822236388e+02
2.826176692675560531e+01 4.391355780306295742e+02
2.825723634533098760e+01 4.391536764117898315e+02
2.825270576390636990e+01 4.391744658332111726e+02
2.824817518248175929e+01 4.391958522913702723e+02
2.824364460105714159e+01 4.392178191045857716e+02
2.823911401963252388e+01 4.392384902249151537e+02
2.823458343820790617e+01 4.392696010477958453e+02
2.823005285678328846e+01 4.392909513668507202e+02
2.822552227535867786e+01 4.393123495071471893e+02
2.822099169393406015e+01 4.393314025230190509e+02
2.821646111250944244e+01 4.393684554986179478e+02
2.821193053108482474e+01 4.393871632300852070e+02
2.820739994966021413e+01 4.394129803695273608e+02
2.820286936823559643e+01 4.394467039184785335e+02
2.819833878681097872e+01 4.394696822315710847e+02
2.819380820538636101e+01 4.395159384988610896e+02
2.818927762396174330e+01 4.395448006302518706e+02
2.818474704253713270e+01 4.395750373809788130e+02
2.818021646111251499e+01 4.396004248358595987e+02
2.817568587968789728e+01 4.396229149984692981e+02
2.817115529826327958e+01 4.396672454295464263e+02
2.816662471683866897e+01 4.396962161937570954e+02
2.816209413541405127e+01 4.397308563870494140e+02
2.815756355398943356e+01 4.397525697192691041e+02
2.815303297256481585e+01 4.397834620831860093e+02
2.814850239114019814e+01 4.398133642909610330e+02
2.814397180971558754e+01 4.398376376570966499e+02
2.813944122829096983e+01 4.398683328563130317e+02
2.813491064686635212e+01 4.398742006977695951e+02
2.813038006544173442e+01 4.399276490695169741e+02
2.812584948401711671e+01 4.399455771350042710e+02
2.812131890259250611e+01 4.399758448373386841e+02
2.811678832116788840e+01 4.399989785925202455e+02
2.811225773974327069e+01 4.400153151216853757e+02
2.810772715831865298e+01 4.400563030739297119e+02
2.810319657689404238e+01 4.400827218752482963e+02
2.809866599546942467e+01 4.401190000518129750e+02
2.809413541404480696e+01 4.401531877167481639e+02
2.808960483262018926e+01 4.401697469082465659e+02
2.808507425119557155e+01 4.402181341317002534e+02
2.808054366977096095e+01 4.402482784985755302e+02
2.807601308834634324e+01 4.402954272749158804e+02
2.807148250692172553e+01 4.403189329391049682e+02
2.806695192549710782e+01 4.403642448614760383e+02
2.806242134407249722e+01 4.403883185238194073e+02
2.805789076264787951e+01 4.404346985351280637e+02
2.805336018122326180e+01 4.404576533819330848e+02
2.804882959979864410e+01 4.404949606606051589e+02
2.804429901837402639e+01 4.405178852660188795e+02
2.803976843694941579e+01 4.405568672618940127e+02
2.803523785552479808e+01 4.405839255886240835e+02
2.803070727410018037e+01 4.406104538567988698e+02
2.802617669267556266e+01 4.406312832480118686e+02
2.802164611125094495e+01 4.406649900191106326e+02
2.801711552982633435e+01 4.406896727965422542e+02
2.801258494840171664e+01 4.407181276728022681e+02
2.800805436697709894e+01 4.407401087213673350e+02
2.800352378555248123e+01 4.407693249503078619e+02
2.799899320412787063e+01 4.407705714940054236e+02
2.799446262270325292e+01 4.408181461814755835e+02
2.798993204127863521e+01 4.408271270215253139e+02
2.798540145985401750e+01 4.408690297720078775e+02
2.798087087842939980e+01 4.408829692083082250e+02
2.797634029700478919e+01 4.409008711531178051e+02
2.797180971558017148e+01 4.409183445408924058e+02
2.796727913415555378e+01 4.409562257191066692e+02
2.796274855273093607e+01 4.409925469194112679e+02
2.795821797130632547e+01 4.410269373151467107e+02
2.795368738988170776e+01 4.410583079983718449e+02
2.794915680845709005e+01 4.410896649255334410e+02
2.794462622703247234e+01 4.411222551114054227e+02
2.794009564560785464e+01 4.411643764727223243e+02
2.793556506418324403e+01 4.412044858965700769e+02
2.793103448275862632e+01 4.412417629405837260e+02
2.792650390133400862e+01 4.412674284895348933e+02
2.792197331990939091e+01 4.413095140270032175e+02
2.791744273848477320e+01 4.413344912807764331e+02
2.791291215706016260e+01 4.413709611183375614e+02
2.790838157563554489e+01 4.414026087537630474e+02
2.790385099421092718e+01 4.414422019773493844e+02
2.789932041278630948e+01 4.414718006320358086e+02
2.789478983136169887e+01 4.415016131305139311e+02
2.789025924993708117e+01 4.415242136699234266e+02
2.788572866851246346e+01 4.415530807942353704e+02
2.788119808708784575e+01 4.415823014072040564e+02
2.787666750566322804e+01 4.416078005476974795e+02
2.787213692423861744e+01 4.416392375703540552e+02
2.786760634281399973e+01 4.416575532316100521e+02
2.786307576138938202e+01 4.416867129521012316e+02
2.785854517996476432e+01 4.416992159530607864e+02
2.785401459854015371e+01 4.417192155378888856e+02
2.784948401711553601e+01 4.417552705146623566e+02
2.784495343569091830e+01 4.417870241743095221e+02
2.784042285426630059e+01 4.418257234397118509e+02
2.783589227284168288e+01 4.418518733388789315e+02
2.783136169141707228e+01 4.418829189538951141e+02
2.782683110999245457e+01 4.419223543520709541e+02
2.782230052856783686e+01 4.419606823758355745e+02
2.781776994714321916e+01 4.419876621777781338e+02
2.781323936571860855e+01 4.420154690046497308e+02
2.780870878429399085e+01 4.420594341563995613e+02
2.780417820286937314e+01 4.420839147004656979e+02
2.779964762144475543e+01 4.421124688125556190e+02
2.779511704002013772e+01 4.421355638708054130e+02
2.779058645859552712e+01 4.421606259481479810e+02
2.778605587717090941e+01 4.421767226372577966e+02
2.778152529574629170e+01 4.421815523180240461e+02
2.777699471432167400e+01 4.421926422363164306e+02
2.777246413289705629e+01 4.422068071274098884e+02
2.776793355147244569e+01 4.422381880685487658e+02
2.776340297004782798e+01 4.422591862248900725e+02
2.775887238862321027e+01 4.422691572999533491e+02
2.775434180719859256e+01 4.422968634230881548e+02
2.774981122577398196e+01 4.423201874322023741e+02
2.774528064434936425e+01 4.423510063479004657e+02
2.774075006292474654e+01 4.423636249312908149e+02
2.773621948150012884e+01 4.423900033410718038e+02
2.773168890007551113e+01 4.424033883245864445e+02
2.772715831865090053e+01 4.424229948010686257e+02
2.772262773722628282e+01 4.424518659892394226e+02
2.771809715580166511e+01 4.424765247171098963e+02
2.771356657437704740e+01 4.425047862465777371e+02
2.770903599295243680e+01 4.425188708058598195e+02
2.770450541152781909e+01 4.425330954613515928e+02
2.769997483010320138e+01 4.425682207362493727e+02
2.769544424867858368e+01 4.425758813176414606e+02
2.769091366725396597e+01 4.425960273085690915e+02
2.768638308582935537e+01 4.426198786457915730e+02
2.768185250440473766e+01 4.426413573555054199e+02
2.767732192298011995e+01 4.426703708665836530e+02
2.767279134155550224e+01 4.426859127282659188e+02
2.766826076013088453e+01 4.426951439723579256e+02
2.766373017870627393e+01 4.426984272475658599e+02
2.765919959728165622e+01 4.427074370872841200e+02
2.765466901585703852e+01 4.427275531872423926e+02
2.765013843443242081e+01 4.427503292238300219e+02
2.764560785300781021e+01 4.427672820996420455e+02
2.764107727158319250e+01 4.427899688350422025e+02
2.763654669015857479e+01 4.428142364786394864e+02
2.763201610873395708e+01 4.428456713501175841e+02
2.762748552730933937e+01 4.428832024929087652e+02
2.762295494588472877e+01 4.429180152751669084e+02
2.761842436446011106e+01 4.429456233691677198e+02
2.761389378303549336e+01 4.429777549811940389e+02
2.760936320161087565e+01 4.430080261262151566e+02
2.760483262018626505e+01 4.430273276274927525e+02
2.760030203876164734e+01 4.430504557723281209e+02
2.759577145733702963e+01 4.430610465230677733e+02
2.759124087591241192e+01 4.430835080039231570e+02
2.758671029448779422e+01 4.430918003739035953e+02
2.758217971306318361e+01 4.431192529284337525e+02
2.757764913163856590e+01 4.431345471489362922e+02
2.757311855021394820e+01 4.431516913839220706e+02
2.756858796878933049e+01 4.431659211810096508e+02
2.756405738736471989e+01 4.431833806880314341e+02
2.755952680594010218e+01 4.432041004868800087e+02
2.755499622451548447e+01 4.432215495556617384e+02
2.755046564309086676e+01 4.432539098201275465e+02
2.754593506166624906e+01 4.432660455556375609e+02
2.754140448024163845e+01 4.432930759051672567e+02
2.753687389881702074e+01 4.433096587326849658e+02
2.753234331739240304e+01 4.433376523509372191e+02
2.752781273596778533e+01 4.433562146930922268e+02
2.752328215454316762e+01 4.433669189788042786e+02
2.751875157311855702e+01 4.433840883401910560e+02
2.751422099169393931e+01 4.433966192159822981e+02
2.750969041026932160e+01 4.434231065907692368e+02
2.750515982884470390e+01 4.434330193542966185e+02
2.750062924742009329e+01 4.434522068207783150e+02
2.749609866599547559e+01 4.434725201173046685e+02
2.749156808457085788e+01 4.435036673402824476e+02
2.748703750314624017e+01 4.435338315825445079e+02
2.748250692172162246e+01 4.435600682974512665e+02
2.747797634029701186e+01 4.435886571827701914e+02
2.747344575887239415e+01 4.436128409263383787e+02
2.746891517744777644e+01 4.436439617321567539e+02
2.746438459602315874e+01 4.436663422482656074e+02
2.745985401459854813e+01 4.436983612947803408e+02
2.745532343317393043e+01 4.437347994717717938e+02
2.745079285174931272e+01 4.437637816345207966e+02
2.744626227032469501e+01 4.437865605453832245e+02
2.744173168890007730e+01 4.438158624479637524e+02
2.743720110747546670e+01 4.438391958255063514e+02
2.743267052605084899e+01 4.438704140337615627e+02
2.742813994462623128e+01 4.438885076611265958e+02
2.742360936320161358e+01 4.438969275815182414e+02
2.741907878177699587e+01 4.439155063344855989e+02
2.741454820035238527e+01 4.439326804459869322e+02
2.741001761892776756e+01 4.439389454055764759e+02
2.740548703750314985e+01 4.439725650840036906e+02
2.740095645607853214e+01 4.439825534390565736e+02
2.739642587465392154e+01 4.439972244153247516e+02
2.739189529322930383e+01 4.440157990213216976e+02
2.738736471180468612e+01 4.440360168920825572e+02
2.738283413038006842e+01 4.440630494754673236e+02
2.737830354895545071e+01 4.440815957685703665e+02
2.737377296753084011e+01 4.440993364427910706e+02
2.736924238610622240e+01 4.441242651312033445e+02
2.736471180468160469e+01 4.441434019457331033e+02
2.736018122325698698e+01 4.441735462093506612e+02
2.735565064183237638e+01 4.441955342076360012e+02
2.735112006040775867e+01 4.442069789391171639e+02
2.734658947898314096e+01 4.442344160225505334e+02
2.734205889755852326e+01 4.442496732276509874e+02
2.733752831613390555e+01 4.442852482077814216e+02
2.733299773470929495e+01 4.443109852509795701e+02
2.732846715328467724e+01 4.443297829700484840e+02
2.732393657186005953e+01 4.443578766335817818e+02
2.731940599043544182e+01 4.443971860550371389e+02
2.731487540901082411e+01 4.444214115230481639e+02
2.731034482758621351e+01 4.444554201873767170e+02
2.730581424616159580e+01 4.444718473357140738e+02
2.730128366473697810e+01 4.444954188193725031e+02
2.729675308331236039e+01 4.445180338788431982e+02
2.729222250188774979e+01 4.445358636391303548e+02
2.728769192046313208e+01 4.445610084835533371e+02
2.728316133903851437e+01 4.445846315674424432e+02
2.727863075761389666e+01 4.446057201923446769e+02
2.727410017618927895e+01 4.446423682642819131e+02
2.726956959476466835e+01 4.446666235600021650e+02
2.726503901334005064e+01 4.446850435770057857e+02
2.726050843191543294e+01 4.447078497858376522e+02
2.725597785049081523e+01 4.447415595329762255e+02
2.725144726906620463e+01 4.447767587704461789e+02
2.724691668764158692e+01 4.448086928247021206e+02
2.724238610621696921e+01 4.448243895801511485e+02
2.723785552479235150e+01 4.448486718091853618e+02
2.723332494336773379e+01 4.448797285531009038e+02
2.722879436194312319e+01 4.448969904289882606e+02
2.722426378051850548e+01 4.449167132813278158e+02
2.721973319909388778e+01 4.449411542110782989e+02
2.721520261766927007e+01 4.449653614378503335e+02
2.721067203624465947e+01 4.450018519633080700e+02
2.720614145482004176e+01 4.450280842755922208e+02
2.720161087339542405e+01 4.450376753059771886e+02
2.719708029197080634e+01 4.450687642656100138e+02
2.719254971054618863e+01 4.450924456630795021e+02
2.718801912912157803e+01 4.451165106935690687e+02
2.718348854769696032e+01 4.451394938911689110e+02
2.717895796627234262e+01 4.451682561933643001e+02
2.717442738484772491e+01 4.451907497781983807e+02
2.716989680342310720e+01 4.452296867134494960e+02
2.716536622199849660e+01 4.452535578761212491e+02
2.716083564057387889e+01 4.452871214975688758e+02
2.715630505914926118e+01 4.453067112883864525e+02
2.715177447772464348e+01 4.453232677942208397e+02
2.714724389630003287e+01 4.453523926284095182e+02
2.714271331487541516e+01 4.453705022467229924e+02
2.713818273345079746e+01 4.454086427517165134e+02
2.713365215202617975e+01 4.454328584104941342e+02
2.712912157060156204e+01 4.454617613784987498e+02
2.712459098917695144e+01 4.454996568046319680e+02
2.712006040775233373e+01 4.455138134514846229e+02
2.711552982632771602e+01 4.455468642821392109e+02
2.711099924490309832e+01 4.455676355972310603e+02
2.710646866347848771e+01 4.456047890930171320e+02
2.710193808205387000e+01 4.456163169163594944e+02
2.709740750062925230e+01 4.456352855514128350e+02
2.709287691920463459e+01 4.456630888832021355e+02
2.708834633778001688e+01 4.456781865908052396e+02
2.708381575635540628e+01 4.457060048524270428e+02
2.707928517493078857e+01 4.457250202032218453e+02
2.707475459350617086e+01 4.457613386516123910e+02
2.707022401208155316e+01 4.457883671273086179e+02
2.706569343065693545e+01 4.458271617350409883e+02
2.706116284923232485e+01 4.458480009130346957e+02
2.705663226780770714e+01 4.458798601474274506e+02
2.705210168638308943e+01 4.459040037800720029e+02
2.704757110495847172e+01 4.459327846320297795e+02
2.704304052353386112e+01 4.459692507850057837e+02
2.703850994210924341e+01 4.459865611734769004e+02
2.703397936068462570e+01 4.460246432899530760e+02
2.702944877926000800e+01 4.460425781425277592e+02
2.702491819783539029e+01 4.460860651097702885e+02
2.702038761641077969e+01 4.461203390832566242e+02
2.701585703498616198e+01 4.461413748393389938e+02
2.701132645356154427e+01 4.461624279570214640e+02
2.700679587213692656e+01 4.461732415514506442e+02
2.700226529071231596e+01 4.462021675296338117e+02
2.699773470928769825e+01 4.462142626944732910e+02
2.699320412786308054e+01 4.462278547130685524e+02
2.698867354643846284e+01 4.462477820740892867e+02
2.698414296501384513e+01 4.462693660183877569e+02
2.697961238358923453e+01 4.463007259639134077e+02
2.697508180216461682e+01 4.463197026462834742e+02
2.697055122073999911e+01 4.463564057956426154e+02
2.696602063931538140e+01 4.463815039144715797e+02
2.696149005789076369e+01 4.464192575337722815e+02
2.695695947646615309e+01 4.464504665449968002e+02
2.695242889504153538e+01 4.464695802181969952e+02
2.694789831361691768e+01 4.464922391623314866e+02
2.694336773219229997e+01 4.465079424881166688e+02
2.693883715076768937e+01 4.465349313240540710e+02
2.693430656934307166e+01 4.465491295794970483e+02
2.692977598791845395e+01 4.465590404149667734e+02
2.692524540649383624e+01 4.465744085568760511e+02
2.692071482506921853e+01 4.465962151577475083e+02
2.691618424364460793e+01 4.466064222268567505e+02
2.691165366221999022e+01 4.466035646503786438e+02
2.690712308079537252e+01 4.466208226911688826e+02
2.690259249937075481e+01 4.466360496280075267e+02
2.689806191794614421e+01 4.466509868009744082e+02
2.689353133652152650e+01 4.466957571300689551e+02
2.688900075509690879e+01 4.467052248343124461e+02
2.688447017367229108e+01 4.467368048384882968e+02
2.687993959224767337e+01 4.467550752102588376e+02
2.687540901082306277e+01 4.467728470738076680e+02
2.687087842939844506e+01 4.468002862417785082e+02
2.686634784797382736e+01 4.468092444366479299e+02
2.686181726654920965e+01 4.468302597121704025e+02
2.685728668512459905e+01 4.468563209006595685e+02
2.685275610369998134e+01 4.468832765951016199e+02
2.684822552227536363e+01 4.469112705694359988e+02
2.684369494085074592e+01 4.469385186960624310e+02
2.683916435942612821e+01 4.469565062580443282e+02
2.683463377800151761e+01 4.469849159345100702e+02
2.683010319657689990e+01 4.470223097744574261e+02
2.682557261515228220e+01 4.470414310018933861e+02
2.682104203372766449e+01 4.470702479064649424e+02
2.681651145230304678e+01 4.470907790175849073e+02
2.681198087087843618e+01 4.471249277534246858e+02
2.680745028945381847e+01 4.471580980151481413e+02
2.680291970802920076e+01 4.471732172512650436e+02
2.679838912660458305e+01 4.471955109066130944e+02
2.679385854517997245e+01 4.472144491640780757e+02
2.678932796375535474e+01 4.472358163880958841e+02
2.678479738233073704e+01 4.472622270949436256e+02
2.678026680090611933e+01 4.472728583802307867e+02
2.677573621948150162e+01 4.472878869802473787e+02
2.677120563805689102e+01 4.472963278955532473e+02
2.676667505663227331e+01 4.473276790824943987e+02
2.676214447520765560e+01 4.473404578198934018e+02
2.675761389378303789e+01 4.473618594829812309e+02
2.675308331235842729e+01 4.473781395377083072e+02
2.674855273093380958e+01 4.474009807044517970e+02
2.674402214950919188e+01 4.474120396921894667e+02
2.673949156808457417e+01 4.474312171355037435e+02
2.673496098665995646e+01 4.474473764055351239e+02
2.673043040523534586e+01 4.474514768594515886e+02
2.672589982381072815e+01 4.474719462597009283e+02
2.672136924238611044e+01 4.474905290735885046e+02
2.671683866096149274e+01 4.475222943639408868e+02
2.671230807953687503e+01 4.475453395700895385e+02
2.670777749811226442e+01 4.475673020938517084e+02
2.670324691668764672e+01 4.476010369881039992e+02
2.669871633526302901e+01 4.476201078239111553e+02
2.669418575383841130e+01 4.476520992501389742e+02
2.668965517241380070e+01 4.476573802991330808e+02
2.668512459098918299e+01 4.476821706755693526e+02
2.668059400956456528e+01 4.477075813479971202e+02
2.667606342813994758e+01 4.477256065583980558e+02
2.667153284671532987e+01 4.477477104652494972e+02
2.666700226529071927e+01 4.477686614466295509e+02
2.666247168386610156e+01 4.477953975907831818e+02
2.665794110244148385e+01 4.478242663494307862e+02
2.665341052101686614e+01 4.478468035599966015e+02
2.664887993959225554e+01 4.478598797234515700e+02
2.664434935816763783e+01 4.478827520622519955e+02
2.663981877674302012e+01 4.479068482620211853e+02
2.663528819531840242e+01 4.479217532720377903e+02
2.663075761389378471e+01 4.479475729244002764e+02
2.662622703246917411e+01 4.479592483519115831e+02
2.662169645104455640e+01 4.479803055285659639e+02
2.661716586961993869e+01 4.479999374689087404e+02
2.661263528819532098e+01 4.480146179829246762e+02
2.660810470677071038e+01 4.480246372247007116e+02
2.660357412534609267e+01 4.480416605033855149e+02
2.659904354392147496e+01 4.480618078474349772e+02
2.659451296249685726e+01 4.480919069651110931e+02
2.658998238107223955e+01 4.481114066787944807e+02
2.658545179964762895e+01 4.481404443547234564e+02
2.658092121822301124e+01 4.481598117218325683e+02
2.657639063679839353e+01 4.481859012508853084e+02
2.657186005537377582e+01 4.482149196054854201e+02
2.656732947394915811e+01 4.482294689084438346e+02
2.656279889252454751e+01 4.482563901016146701e+02
2.655826831109992980e+01 4.482802626321557682e+02
2.655373772967531210e+01 4.483022143476350720e+02
2.654920714825069439e+01 4.483133017344449627e+02
2.654467656682608379e+01 4.483324526197170030e+02
2.654014598540146608e+01 4.483493905977910572e+02
2.653561540397684837e+01 4.483644565258556440e+02
2.653108482255223066e+01 4.483787984935182749e+02
2.652655424112761295e+01 4.483963083638101352e+02
2.652202365970300235e+01 4.484093002251448752e+02
2.651749307827838464e+01 4.484364048671608884e+02
2.651296249685376694e+01 4.484632492717352079e+02
2.650843191542914923e+01 4.484938188397483714e+02
2.650390133400453863e+01 4.485210662396578414e+02
2.649937075257992092e+01 4.485463902239042682e+02
2.649484017115530321e+01 4.485765821953206682e+02
2.649030958973068550e+01 4.486071950918843640e+02
2.648577900830606779e+01 4.486258399208139167e+02
2.648124842688145719e+01 4.486429388488444374e+02
2.647671784545683948e+01 4.486845486535229384e+02
2.647218726403222178e+01 4.487230375365921873e+02
2.646765668260760407e+01 4.487534317248470188e+02
2.646312610118298636e+01 4.487847551722617254e+02
2.645859551975837576e+01 4.488038844563100724e+02
2.645406493833375805e+01 4.488242424225022660e+02
2.644953435690914034e+01 4.488563491506893115e+02
2.644500377548452263e+01 4.488800134951304130e+02
2.644047319405991203e+01 4.488991995542706945e+02
2.643594261263529432e+01 4.489268671930581149e+02
2.643141203121067662e+01 4.489512642116582697e+02
2.642688144978605891e+01 4.489815245094723082e+02
2.642235086836144120e+01 4.489935205827042068e+02
2.641782028693683060e+01 4.490198005620413255e+02
2.641328970551221289e+01 4.490392026544191708e+02
2.640875912408759518e+01 4.490562344107443096e+02
2.640422854266297747e+01 4.490791289300249218e+02
2.639969796123836687e+01 4.491009586077181552e+02
2.639516737981374916e+01 4.491180999083321126e+02
2.639063679838913146e+01 4.491419458962026852e+02
2.638610621696451375e+01 4.491531550585518175e+02
2.638157563553989604e+01 4.491692163873589152e+02
2.637704505411528544e+01 4.491889508647781213e+02
2.637251447269066773e+01 4.492086440811625039e+02
2.636798389126605002e+01 4.492390705991484765e+02
2.636345330984143231e+01 4.492691454395928190e+02
2.635892272841681461e+01 4.492939407167222612e+02
2.635439214699220400e+01 4.493271305697663252e+02
2.634986156556758630e+01 4.493536042516248017e+02
2.634533098414296859e+01 4.493852700996347949e+02
2.634080040271835088e+01 4.494059218225766585e+02
2.633626982129374028e+01 4.494372348128818544e+02
2.633173923986912257e+01 4.494542771535934094e+02
2.632720865844450486e+01 4.494876458671075738e+02
2.632267807701988716e+01 4.495249604907960475e+02
2.631814749559526945e+01 4.495467824683020694e+02
2.631361691417065884e+01 4.495683949679788043e+02
2.630908633274604114e+01 4.495845141429254568e+02
2.630455575132142343e+01 4.496134497459326553e+02
2.630002516989680572e+01 4.496328298775557073e+02
2.629549458847219512e+01 4.496435461944161602e+02
2.629096400704757741e+01 4.496670290657491478e+02
2.628643342562295970e+01 4.496965133833840582e+02
2.628190284419834200e+01 4.497350881129988238e+02
2.627737226277372429e+01 4.497611138467762544e+02
2.627284168134911368e+01 4.497967699585247487e+02
2.626831109992449598e+01 4.498187574319975965e+02
2.626378051849987827e+01 4.498475882732410582e+02
2.625924993707526056e+01 4.498799049514138346e+02
2.625471935565064996e+01 4.498932820352482054e+02
2.625018877422603225e+01 4.499194847036732199e+02
2.624565819280141454e+01 4.499316536400910991e+02
2.624112761137679684e+01 4.499608159340673410e+02
2.623659702995217913e+01 4.499805694985035984e+02
2.623206644852756853e+01 4.500097281461054308e+02
2.622753586710295082e+01 4.500233827417475254e+02
2.622300528567833311e+01 4.500440924621684644e+02
2.621847470425371540e+01 4.500725555277972489e+02
2.621394412282909769e+01 4.500983850693659178e+02
2.620941354140448709e+01 4.501242740968330622e+02
2.620488295997986938e+01 4.501475339278524075e+02
2.620035237855525168e+01 4.501826399491497455e+02
2.619582179713063397e+01 4.502212867744535174e+02
2.619129121570602337e+01 4.502448105993069021e+02
2.618676063428140566e+01 4.502804243655295409e+02
2.618223005285678795e+01 4.503057590299044364e+02
2.617769947143217024e+01 4.503243993666786764e+02
2.617316889000755253e+01 4.503498746821796317e+02
2.616863830858294193e+01 4.503697109772323302e+02
2.616410772715832422e+01 4.503951242023920827e+02
2.615957714573370652e+01 4.504171831128628583e+02
2.615504656430908881e+01 4.504330912801322597e+02
2.615051598288447821e+01 4.504601450188282570e+02
2.614598540145986050e+01 4.504925988033999147e+02
2.614145482003524279e+01 4.505176273262330824e+02
2.613692423861062508e+01 4.505429354644920750e+02
2.613239365718600737e+01 4.505772467403015185e+02
2.612786307576139677e+01 4.506023460878709557e+02
2.612333249433677906e+01 4.506204229650548427e+02
2.611880191291216136e+01 4.506545439830589999e+02
2.611427133148754365e+01 4.506707469118402969e+02
2.610974075006292594e+01 4.507086929634837134e+02
2.610521016863831534e+01 4.507233184351325121e+02
2.610067958721369763e+01 4.507439937751310026e+02
2.609614900578907992e+01 4.507651010792559987e+02
2.609161842436446221e+01 4.507918005501995253e+02
2.608708784293985161e+01 4.508177555128398808e+02
2.608255726151523390e+01 4.508533884550591893e+02
2.607802668009061620e+01 4.508818715958569214e+02
2.607349609866599849e+01 4.509131417800333566e+02
2.606896551724138078e+01 4.509247997320273385e+02
2.606443493581677018e+01 4.509618910304021711e+02
2.605990435439215247e+01 4.509855048361467880e+02
2.605537377296753476e+01 4.510209334566009716e+02
2.605084319154291705e+01 4.510469692135117725e+02
2.604631261011830645e+01 4.510746053145815040e+02
2.604178202869368874e+01 4.510957952206507002e+02
2.603725144726907104e+01 4.511209431553949685e+02
2.603272086584445333e+01 4.511430235985853301e+02
2.602819028441983562e+01 4.511629112245136071e+02
2.602365970299522502e+01 4.511804499257775092e+02
2.601912912157060731e+01 4.512153207439646394e+02
2.601459854014598960e+01 4.512328900462937895e+02
2.601006795872137189e+01 4.512568594662546957e+02
2.600553737729675419e+01 4.512748220070265575e+02
2.600100679587214358e+01 4.512892944400136912e+02
2.599647621444752588e+01 4.513078866762990629e+02
2.599194563302290817e+01 4.513170423177792827e+02
2.598741505159829046e+01 4.513474211992847813e+02
2.598288447017367275e+01 4.513555523944622792e+02
2.597835388874905505e+01 4.513797170373522931e+02
2.597382330732445155e+01 4.514030989912759537e+02
2.596929272589983384e+01 4.514168803937212715e+02
2.596476214447521613e+01 4.514519422648675118e+02
2.596023156305059842e+01 4.514718853580764630e+02
2.595570098162598072e+01 4.515046056233521199e+02
2.595117040020136301e+01 4.515269636982047814e+02
2.594663981877674530e+01 4.515534470874225690e+02
2.594210923735212759e+01 4.515780400413713664e+02
2.593757865592750989e+01 4.516084396765885458e+02
2.593304807450289218e+01 4.516391298644225571e+02
2.592851749307828868e+01 4.516486120791803955e+02
2.592398691165367097e+01 4.516662096375024475e+02
2.591945633022905326e+01 4.516939135377684806e+02
2.591492574880443556e+01 4.517194033714118291e+02
2.591039516737981785e+01 4.517396700403612044e+02
2.590586458595520014e+01 4.517476261831723718e+02
2.590133400453058243e+01 4.517723980125642242e+02
2.589680342310596473e+01 4.517961776221103491e+02
2.589227284168134702e+01 4.518259162223111502e+02
2.588774226025674352e+01 4.518563150617076758e+02
2.588321167883212581e+01 4.518808464937808935e+02
2.587868109740750810e+01 4.519061279209826125e+02
2.587415051598289040e+01 4.519185369223317821e+02
2.586961993455827269e+01 4.519457752263900261e+02
2.586508935313365498e+01 4.519588203394364427e+02
2.586055877170903727e+01 4.519670620885578387e+02
2.585602819028441957e+01 4.519833009153009584e+02
2.585149760885980186e+01 4.520060591111167696e+02
2.584696702743519836e+01 4.520283160530784698e+02
2.584243644601058065e+01 4.520612206479362953e+02
2.583790586458596295e+01 4.520786810372993045e+02
2.583337528316134524e+01 4.521047300846772146e+02
2.582884470173672753e+01 4.521286108997497308e+02
2.582431412031210982e+01 4.521690693944433406e+02
2.581978353888749211e+01 4.521935467896003615e+02
2.581525295746287441e+01 4.522219797268029424e+02
2.581072237603825670e+01 4.522537765707301674e+02
2.580619179461365320e+01 4.522815755786333511e+02
2.580166121318903549e+01 4.523053283185245164e+02
2.579713063176441779e+01 4.523307431110157495e+02
2.579260005033980008e+01 4.523544710024395954e+02
2.578806946891518237e+01 4.523904233804842647e+02
2.578353888749056466e+01 4.524241629691816797e+02
2.577900830606594695e+01 4.524544528209847840e+02
2.577447772464132925e+01 4.524696518692686595e+02
2.576994714321671154e+01 4.525002484625425154e+02
2.576541656179210804e+01 4.525222916183254256e+02
2.576088598036749033e+01 4.525423014872144449e+02
2.575635539894287263e+01 4.525645196371878569e+02
2.575182481751825492e+01 4.525783009604333529e+02
2.574729423609363721e+01 4.526092955130405358e+02
2.574276365466901950e+01 4.526438375442741631e+02
2.573823307324440179e+01 4.526723206829427113e+02
2.573370249181978409e+01 4.526916933359445920e+02
2.572917191039516638e+01 4.527062287835998404e+02
2.572464132897056288e+01 4.527327152286625278e+02
2.572011074754594517e+01 4.527575166183418105e+02
2.571558016612132747e+01 4.527922439016005001e+02
2.571104958469670976e+01 4.528072969396893086e+02
2.570651900327209205e+01 4.528408335621238052e+02
2.570198842184747434e+01 4.528860792447611630e+02
2.569745784042285663e+01 4.529264402236461251e+02
2.569292725899823893e+01 4.529605149776842836e+02
2.568839667757362122e+01 4.529920193394360695e+02
2.568386609614900351e+01 4.530216582824840543e+02
2.567933551472440001e+01 4.530489759928961462e+02
2.567480493329978231e+01 4.530771183907869499e+02
2.567027435187516460e+01 4.530997130597480123e+02
2.566574377045054689e+01 4.531159601806801902e+02
2.566121318902592918e+01 4.531374005825990139e+02
2.565668260760131147e+01 4.531552319491036087e+02
2.565215202617669377e+01 4.531795201486087308e+02
2.564762144475207606e+01 4.531896114945342333e+02
2.564309086332745835e+01 4.532049209110424499e+02
2.563856028190285485e+01 4.532133992332820753e+02
2.563402970047823715e+01 4.532297968169619935e+02
2.562949911905361944e+01 4.532550078091248338e+02
2.562496853762900173e+01 4.532736611519648022e+02
2.562043795620438402e+01 4.533070000506544943e+02
2.561590737477976631e+01 4.533426861478486103e+02
2.561137679335514861e+01 4.533639478059459407e+02
2.560684621193053090e+01 4.533925693788089575e+02
2.560231563050591319e+01 4.534280948332659023e+02
2.559778504908130969e+01 4.534661913884617661e+02
2.559325446765669199e+01 4.535067828611262826e+02
2.558872388623207428e+01 4.535446059023889234e+02
2.558419330480745657e+01 4.535818054342708479e+02
2.557966272338283886e+01 4.536226726194093430e+02
2.557513214195822115e+01 4.536611812767067136e+02
2.557060156053360345e+01 4.536901562134582946e+02
2.556607097910898574e+01 4.537295651006962771e+02
2.556154039768436803e+01 4.537696000916274670e+02
2.555700981625976453e+01 4.538081413826511721e+02
2.555247923483514683e+01 4.538482029959785109e+02
2.554794865341052912e+01 4.538842012532037415e+02
2.554341807198591141e+01 4.539143891469389587e+02
2.553888749056129370e+01 4.539510748462442393e+02
2.553435690913667599e+01 4.539781319907787633e+02
2.552982632771205829e+01 4.540079175453972766e+02
2.552529574628744058e+01 4.540449016698685227e+02
2.552076516486282287e+01 4.540789141520392036e+02
2.551623458343821937e+01 4.541269962097403550e+02
2.551170400201360167e+01 4.541807291110994242e+02
2.550717342058898396e+01 4.542083237771580002e+02
2.550264283916436625e+01 4.542428857279468275e+02
2.549811225773974854e+01 4.542470728974308258e+02
2.549358167631513084e+01 4.542664213869472860e+02
2.548905109489051313e+01 4.542874794312783138e+02
2.548452051346589542e+01 4.543034566786935216e+02
2.547998993204127771e+01 4.543309826514116025e+02
2.547545935061667421e+01 4.543534637191586398e+02
2.547092876919205651e+01 4.543766621749135197e+02
2.546639818776743880e+01 4.544259770399187914e+02
2.546186760634282109e+01 4.544380511663220545e+02
2.545733702491820338e+01 4.544775990002831350e+02
2.545280644349358568e+01 4.545119219755702602e+02
2.544827586206896797e+01 4.545482244694817382e+02
2.544374528064435026e+01 4.545865929104888892e+02
2.543921469921973255e+01 4.546101594405917012e+02
2.543468411779511484e+01 4.546351045494533878e+02
2.543015353637051135e+01 4.546596533813206520e+02
2.542562295494589364e+01 4.547003092352169347e+02
2.542109237352127593e+01 4.547320278749706404e+02
2.541656179209665822e+01 4.547639531973611042e+02
2.541203121067204052e+01 4.547929674534898368e+02
2.540750062924742281e+01 4.548097687137370144e+02
2.540297004782280510e+01 4.548391043065070107e+02
2.539843946639818739e+01 4.548604197870428720e+02
2.539390888497356968e+01 4.548881621351835634e+02
2.538937830354896619e+01 4.549071365996722420e+02
2.538484772212434848e+01 4.549379393284868343e+02
2.538031714069973077e+01 4.549657766325246939e+02
2.537578655927511306e+01 4.550072621404632400e+02
2.537125597785049536e+01 4.550461275773104148e+02
2.536672539642587765e+01 4.550762384472876647e+02
2.536219481500125994e+01 4.551180405149714261e+02
2.535766423357664223e+01 4.551370468717256585e+02
2.535313365215202452e+01 4.551810855935662516e+02
2.534860307072742103e+01 4.552021253384417037e+02
2.534407248930280332e+01 4.552324962890627376e+02
2.533954190787818561e+01 4.552707641406448715e+02
2.533501132645356790e+01 4.553051078039021604e+02
2.533048074502895020e+01 4.553400902274837563e+02
2.532595016360433249e+01 4.553769000845812229e+02
2.532141958217971478e+01 4.554077259167379452e+02
2.531688900075509707e+01 4.554391287327905502e+02
2.531235841933047936e+01 4.554607198041875904e+02
2.530782783790587587e+01 4.554947508204329552e+02
2.530329725648125816e+01 4.555244333411918092e+02
2.529876667505664045e+01 4.555634054628099534e+02
2.529423609363202274e+01 4.555893676002842199e+02
2.528970551220740504e+01 4.556262080510442161e+02
2.528517493078278733e+01 4.556513031120465484e+02
2.528064434935816962e+01 4.556876831194707620e+02
2.527611376793355191e+01 4.557249885362349460e+02
2.527158318650893420e+01 4.557559282199516133e+02
2.526705260508433071e+01 4.557897739842130136e+02
2.526252202365971300e+01 4.558236068690766842e+02
2.525799144223509529e+01 4.558606856863696635e+02
2.525346086081047758e+01 4.559074743662972651e+02
2.524893027938585988e+01 4.559418090359623648e+02
2.524439969796124217e+01 4.559646166491625081e+02
2.523986911653662446e+01 4.559912490688526532e+02
2.523533853511200675e+01 4.560150214920651024e+02
2.523080795368738904e+01 4.560417305373833301e+02
2.522627737226277134e+01 4.560729881000975752e+02
2.522174679083816784e+01 4.560982468447294877e+02
2.521721620941355013e+01 4.561195817327399027e+02
2.521268562798893242e+01 4.561528189079762114e+02
2.520815504656431472e+01 4.561742532802806522e+02
2.520362446513969701e+01 4.562090504100079329e+02
2.519909388371507930e+01 4.562366364066905930e+02
2.519456330229046159e+01 4.562750932528048224e+02
2.519003272086584388e+01 4.563009207527817921e+02
2.518550213944122618e+01 4.563277475584606009e+02
2.518097155801662268e+01 4.563552482108607364e+02
2.517644097659200497e+01 4.563961404483163733e+02
2.517191039516738726e+01 4.564092260875564762e+02
2.516737981374276956e+01 4.564416649752251374e+02
2.516284923231815185e+01 4.564502658934782744e+02
2.515831865089353414e+01 4.564653433963091516e+02
2.515378806946891643e+01 4.564804179383218639e+02
2.514925748804429873e+01 4.565132995033709449e+02
2.514472690661968102e+01 4.565262691636062300e+02
2.514019632519507752e+01 4.565398726417345188e+02
2.513566574377045981e+01 4.565570314625545620e+02
2.513113516234584210e+01 4.565884085907383110e+02
2.512660458092122440e+01 4.566223404963391204e+02
2.512207399949660669e+01 4.566410052660202723e+02
2.511754341807198898e+01 4.566667126585281267e+02
2.511301283664737127e+01 4.566886402879073330e+02
2.510848225522275357e+01 4.567173891985746650e+02
2.510395167379813586e+01 4.567465392351280684e+02
2.509942109237353236e+01 4.567659495022342071e+02
2.509489051094891465e+01 4.567941598069535303e+02
2.509035992952429694e+01 4.568122406339578561e+02
2.508582934809967924e+01 4.568396811930223294e+02
2.508129876667506153e+01 4.568599156528867979e+02
2.507676818525044382e+01 4.568882319847918438e+02
2.507223760382582611e+01 4.569075793243322892e+02
2.506770702240120841e+01 4.569394997912487497e+02
2.506317644097659070e+01 4.569747993885881101e+02
2.505864585955198720e+01 4.569950049909234622e+02
2.505411527812736949e+01 4.570192895576016099e+02
2.504958469670275178e+01 4.570412278606990526e+02
2.504505411527813408e+01 4.570669159131608694e+02
2.504052353385351637e+01 4.571069123408416317e+02
2.503599295242889866e+01 4.571329152795219102e+02
2.503146237100428095e+01 4.571456342636820409e+02
2.502693178957966325e+01 4.571812102061047653e+02
2.502240120815504554e+01 4.572029175600428630e+02
2.501787062673044204e+01 4.572374546364580965e+02
2.501334004530582433e+01 4.572659814718475673e+02
2.500880946388120663e+01 4.572910985095733736e+02
2.500427888245658892e+01 4.573179230379203091e+02
2.499974830103197121e+01 4.573446166169471780e+02
2.499521771960735350e+01 4.573789258345111080e+02
2.499068713818273579e+01 4.573880790606253299e+02
2.498615655675811809e+01 4.574139813096279568e+02
2.498162597533350038e+01 4.574329308799418641e+02
2.497709539390888267e+01 4.574466441646276280e+02
2.497256481248427917e+01 4.574775488992012811e+02
2.496803423105966147e+01 4.574828823675150034e+02
2.496350364963504376e+01 4.575087175568173734e+02
2.495897306821042605e+01 4.575339605031670089e+02
2.495444248678580834e+01 4.575508442609071267e+02
2.494991190536119063e+01 4.575644576921993121e+02
2.494538132393657293e+01 4.575810245003769978e+02
2.494085074251195522e+01 4.576038581506444984e+02
2.493632016108733751e+01 4.576165022072452189e+02
2.493178957966273401e+01 4.576426602007438191e+02
2.492725899823811631e+01 4.576425946175361332e+02
2.492272841681349860e+01 4.576577088684629189e+02
2.491819783538888089e+01 4.576653560586108824e+02
2.491366725396426318e+01 4.576785115050550985e+02
2.490913667253964547e+01 4.576822860147012761e+02
2.490460609111502777e+01 4.576903832886016517e+02
2.490007550969041006e+01 4.577083289725823647e+02
2.489554492826579235e+01 4.577052385751037491e+02
2.489101434684118885e+01 4.577114783536094933e+02
2.488648376541657115e+01 4.577032508208199602e+02
2.488195318399195344e+01 4.577198204172780720e+02
2.487742260256733573e+01 4.577293536977038002e+02
2.487289202114271802e+01 4.577538930245355573e+02
2.486836143971810031e+01 4.577614398960214999e+02
2.486383085829348261e+01 4.577712702228138255e+02
2.485930027686886490e+01 4.577799100771478038e+02
2.485476969544424719e+01 4.577899806272700403e+02
2.485023911401964369e+01 4.578080106663176139e+02
2.484570853259502599e+01 4.578218459178283410e+02
2.484117795117040828e+01 4.578305446609200544e+02
2.483664736974579057e+01 4.578370355183167248e+02
2.483211678832117286e+01 4.578440718066052000e+02
2.482758620689655515e+01 4.578627226031637747e+02
2.482305562547193745e+01 4.578814075268343231e+02
2.481852504404731974e+01 4.579114741213610955e+02
2.481399446262270203e+01 4.579321390301221300e+02
2.480946388119809853e+01 4.579420582761031255e+02
2.480493329977348083e+01 4.579462249282354378e+02
2.480040271834886312e+01 4.579435736278064155e+02
2.479587213692424541e+01 4.579545526351297440e+02
2.479134155549962770e+01 4.579574655861927113e+02
2.478681097407500999e+01 4.579693303968724081e+02
2.478228039265039229e+01 4.579711610807139550e+02
2.477774981122577458e+01 4.579839571232265598e+02
2.477321922980115687e+01 4.580018587831741002e+02
2.476868864837655337e+01 4.580141239222714376e+02
2.476415806695193567e+01 4.580210455837303698e+02
2.475962748552731796e+01 4.580359430397945744e+02
2.475509690410270025e+01 4.580508318251651758e+02
2.475056632267808254e+01 4.580633072354486899e+02
2.474603574125346483e+01 4.580748352265385392e+02
2.474150515982884713e+01 4.580842311080741069e+02
2.473697457840422942e+01 4.580957781999540543e+02
2.473244399697961171e+01 4.581106073860168522e+02
2.472791341555499400e+01 4.581255293790037513e+02
2.472338283413039051e+01 4.581413950030348587e+02
2.471885225270577280e+01 4.581477569787775792e+02
2.471432167128115509e+01 4.581492106432339710e+02
2.470979108985653738e+01 4.581609001965504717e+02
2.470526050843191967e+01 4.581761461894591321e+02
2.470072992700730197e+01 4.581864757833694171e+02
2.469619934558268426e+01 4.582032674526544156e+02
2.469166876415806655e+01 4.582084691497454401e+02
2.468713818273344884e+01 4.582278439079449868e+02
2.468260760130884535e+01 4.582297035674288850e+02
2.467807701988422764e+01 4.582431165566095501e+02
2.467354643845960993e+01 4.582508918947606276e+02
2.466901585703499222e+01 4.582699629247289863e+02
2.466448527561037452e+01 4.582837201654479031e+02
2.465995469418575681e+01 4.583016702314384361e+02
2.465542411276113910e+01 4.583162101119906424e+02
2.465089353133652139e+01 4.583299129776635823e+02
2.464636294991190368e+01 4.583405374054505046e+02
2.464183236848730019e+01 4.583432191557988062e+02
2.463730178706268248e+01 4.583513655426256150e+02
2.463277120563806477e+01 4.583480966697071040e+02
2.462824062421344706e+01 4.583565350173108754e+02
2.462371004278882936e+01 4.583511729380002180e+02
2.461917946136421165e+01 4.583650489030737845e+02
2.461464887993959394e+01 4.583735635690038066e+02
2.461011829851497623e+01 4.583829529338989914e+02
2.460558771709035852e+01 4.584055297168400216e+02
2.460105713566575503e+01 4.584158316035337748e+02
2.459652655424113732e+01 4.584326628348530903e+02
2.459199597281651961e+01 4.584502246165730526e+02
2.458746539139190190e+01 4.584670878839344823e+02
2.458293480996728420e+01 4.584883248519020640e+02
2.457840422854266649e+01 4.585017953247129867e+02
2.457387364711804878e+01 4.585153054531035650e+02
2.456934306569343107e+01 4.585192583738196959e+02
2.456481248426881336e+01 4.585266023262632302e+02
2.456028190284420987e+01 4.585472042197350220e+02
2.455575132141959216e+01 4.585639593341283557e+02
2.455122073999497445e+01 4.585595603527311255e+02
2.454669015857035674e+01 4.585634517732112272e+02
2.454215957714573904e+01 4.585653714106356347e+02
2.453762899572112133e+01 4.585778815596816003e+02
2.453309841429650362e+01 4.585912930716559117e+02
2.452856783287188591e+01 4.586082656942692779e+02
2.452403725144726820e+01 4.586124221865568416e+02
2.451950667002266471e+01 4.586110480888214624e+02
2.451497608859804700e+01 4.586217096622522149e+02
2.451044550717342929e+01 4.586379677258884158e+02
2.450591492574881158e+01 4.586544534707094840e+02
2.450138434432419388e+01 4.586709609987315162e+02
2.449685376289957617e+01 4.586811683852313877e+02
2.449232318147495846e+01 4.586974002984308072e+02
2.448779260005034075e+01 4.587230734733075792e+02
2.448326201862572304e+01 4.587480324483374829e+02
2.447873143720110534e+01 4.587427547902590845e+02
2.447420085577650184e+01 4.587476809413673209e+02
2.446967027435188413e+01 4.587619278742929509e+02
2.446513969292726642e+01 4.587728095171343625e+02
2.446060911150264872e+01 4.587722705810733714e+02
2.445607853007803101e+01 4.587702455986175778e+02
2.445154794865341330e+01 4.587859240591097318e+02
2.444701736722879559e+01 4.587838752652886001e+02
2.444248678580417788e+01 4.587994634709607453e+02
2.443795620437956018e+01 4.588089015971606273e+02
2.443342562295495668e+01 4.588091128760177071e+02
2.442889504153033897e+01 4.588316466252173882e+02
2.442436446010572126e+01 4.588417439186714546e+02
2.441983387868110356e+01 4.588578159622034605e+02
2.441530329725648585e+01 4.588752974203155759e+02
2.441077271583186814e+01 4.588924956818857481e+02
2.440624213440725043e+01 4.589129424889415532e+02
2.440171155298263272e+01 4.589348943979509272e+02
2.439718097155801502e+01 4.589540590956435722e+02
2.439265039013341152e+01 4.589653258916653158e+02
2.438811980870879381e+01 4.589783598788642962e+02
2.438358922728417610e+01 4.589900573218567956e+02
2.437905864585955840e+01 4.590031134840816662e+02
2.437452806443494069e+01 4.590205128054361126e+02
2.436999748301032298e+01 4.590418909676196790e+02
2.436546690158570527e+01 4.590468700333554466e+02
2.436093632016108756e+01 4.590664973639448476e+02
2.435640573873646986e+01 4.590794185184125240e+02
2.435187515731186636e+01 4.590971146431289753e+02
2.434734457588724865e+01 4.591020151207482627e+02
2.434281399446263094e+01 4.591161465658083785e+02
2.433828341303801324e+01 4.591180450296807862e+02
2.433375283161339553e+01 4.591211914068951501e+02
2.432922225018877782e+01 4.591230576977391706e+02
2.432469166876416011e+01 4.591373518024026907e+02
2.432016108733954241e+01 4.591543732587412592e+02
2.431563050591492470e+01 4.591818644214658889e+02
2.431109992449032120e+01 4.591896840819233603e+02
2.430656934306570349e+01 4.591976870426980213e+02
2.430203876164108578e+01 4.592023982446079344e+02
2.429750818021646808e+01 4.592198896254569149e+02
2.429297759879185037e+01 4.592415779692979640e+02
2.428844701736723266e+01 4.592595927475873054e+02
2.428391643594261495e+01 4.592734582241146768e+02
2.427938585451799725e+01 4.592875179826642693e+02
2.427485527309337954e+01 4.592892473202011274e+02
2.427032469166876183e+01 4.593028476175149990e+02
2.426579411024415833e+01 4.593155599841515482e+02
2.426126352881954062e+01 4.593415570167975943e+02
2.425673294739492292e+01 4.593552515614201752e+02
2.425220236597030521e+01 4.593555236871497414e+02
2.424767178454568750e+01 4.593568684454255049e+02
2.424314120312106979e+01 4.593565005737709157e+02
2.423861062169645209e+01 4.593598681219782520e+02
2.423408004027183438e+01 4.593823876443638596e+02
2.422954945884721667e+01 4.593951808152131093e+02
2.422501887742261317e+01 4.594113453198884827e+02
2.422048829599799546e+01 4.594111487987146916e+02
2.421595771457337776e+01 4.594141192395055100e+02
2.421142713314876005e+01 4.594303034617157095e+02
2.420689655172414234e+01 4.594449528770883830e+02
2.420236597029952463e+01 4.594692477006237254e+02
2.419783538887490693e+01 4.594765457605140000e+02
2.419330480745028922e+01 4.594840980472278602e+02
2.418877422602567151e+01 4.595007384994351014e+02
2.418424364460106801e+01 4.595146454650110286e+02
2.417971306317645031e+01 4.595322936668624152e+02
2.417518248175183260e+01 4.595343810178445665e+02
2.417065190032721489e+01 4.595383332440978847e+02
2.416612131890259718e+01 4.595459150201498346e+02
2.416159073747797947e+01 4.595434175381024602e+02
2.415706015605336177e+01 4.595414755442413366e+02
2.415252957462874406e+01 4.595515079547036521e+02
2.414799899320412635e+01 4.595536937498407042e+02
2.414346841177952285e+01 4.595465728638852738e+02
2.413893783035490515e+01 4.595534223447348836e+02
2.413440724893028744e+01 4.595675719628637239e+02
2.412987666750566973e+01 4.595891274995765343e+02
2.412534608608105202e+01 4.595901556866166402e+02
2.412081550465643431e+01 4.596082968120234682e+02
2.411628492323181661e+01 4.596188723875189339e+02
2.411175434180719890e+01 4.596360443996533149e+02
2.410722376038258119e+01 4.596413170375622599e+02
2.410269317895797769e+01 4.596580248883661284e+02
2.409816259753335999e+01 4.596764172184773543e+02
2.409363201610874228e+01 4.597009720651353177e+02
2.408910143468412457e+01 4.597129333437308105e+02
2.408457085325950686e+01 4.597241997497230273e+02
2.408004027183488915e+01 4.597379687800365105e+02
2.407550969041027145e+01 4.597469466480972642e+02
2.407097910898565374e+01 4.597644546490126913e+02
2.406644852756103603e+01 4.597669215284007578e+02
2.406191794613643253e+01 4.597897372924944079e+02
2.405738736471181483e+01 4.597923447893094817e+02
2.405285678328719712e+01 4.598015535804305500e+02
2.404832620186257941e+01 4.598019765869734101e+02
2.404379562043796170e+01 4.598140002487370452e+02
2.403926503901334399e+01 4.598270834849101902e+02
2.403473445758872629e+01 4.598416990872014480e+02
2.403020387616410858e+01 4.598489748703007649e+02
2.402567329473949087e+01 4.598640251758858426e+02
2.402114271331487316e+01 4.598697989721376302e+02
2.401661213189026967e+01 4.598763337601020567e+02
2.401208155046565196e+01 4.598719237101337285e+02
2.400755096904103425e+01 4.598663114451249498e+02
2.400302038761641654e+01 4.598755375540562795e+02
2.399848980619179883e+01 4.598844744608349515e+02
2.399395922476718113e+01 4.598769409653456250e+02
2.398942864334256342e+01 4.598804847161447356e+02
2.398489806191794571e+01 4.598860887067685326e+02
2.398036748049332800e+01 4.599126709210493686e+02
2.397583689906872451e+01 4.599218435302651642e+02
2.397130631764410680e+01 4.599319739773587798e+02
2.396677573621948909e+01 4.599556140491875453e+02
2.396224515479487138e+01 4.599783640954861426e+02
2.395771457337025367e+01 4.599979425080971396e+02
2.395318399194563597e+01 4.600161160792748092e+02
2.394865341052101826e+01 4.600243220812117215e+02
2.394412282909640055e+01 4.600399232408735202e+02
2.393959224767178284e+01 4.600454786429537535e+02
2.393506166624717935e+01 4.600664793992429509e+02
2.393053108482256164e+01 4.600623720753247312e+02
2.392600050339794393e+01 4.600748950381843656e+02
2.392146992197332622e+01 4.600914852660869769e+02
2.391693934054870851e+01 4.600907851381556384e+02
2.391240875912409081e+01 4.601037909150691689e+02
2.390787817769947310e+01 4.600954265129051919e+02
2.390334759627485539e+01 4.600967520849457628e+02
2.389881701485023768e+01 4.601058429973335819e+02
2.389428643342563419e+01 4.601161163193054335e+02
2.388975585200101648e+01 4.601244559402638856e+02
2.388522527057639877e+01 4.601290630962134287e+02
2.388069468915178106e+01 4.601456350909892876e+02
2.387616410772716335e+01 4.601613289427723430e+02
2.387163352630254565e+01 4.601874367909535977e+02
2.386710294487792794e+01 4.601934110987335202e+02
2.386257236345331023e+01 4.602163512396369356e+02
2.385804178202869252e+01 4.602191063175460499e+02
2.385351120060408903e+01 4.602269131224186367e+02
2.384898061917947132e+01 4.602485850370538856e+02
2.384445003775485361e+01 4.602490031072910597e+02
2.383991945633023590e+01 4.602596427502406868e+02
2.383538887490561820e+01 4.602646983224869359e+02
2.383085829348100049e+01 4.602706164518630203e+02
2.382632771205638278e+01 4.602804660924130076e+02
2.382179713063176507e+01 4.602832475700461146e+02
2.381726654920714736e+01 4.602954495034098841e+02
2.381273596778254387e+01 4.602969795233564696e+02
2.380820538635792616e+01 4.603085814817034134e+02
2.380367480493330845e+01 4.603208666720034898e+02
2.379914422350869074e+01 4.603255247139690596e+02
2.379461364208407304e+01 4.603239154053177913e+02
2.379008306065945533e+01 4.603394381070801273e+02
2.378555247923483762e+01 4.603517293563758130e+02
2.378102189781021991e+01 4.603621477649954841e+02
2.377649131638560220e+01 4.603708395282987453e+02
2.377196073496098450e+01 4.603700190940763264e+02
2.376743015353638100e+01 4.603791444530750709e+02
2.376289957211176329e+01 4.603985727569381652e+02
2.375836899068714558e+01 4.604097013888603556e+02
2.375383840926252788e+01 4.604290835086834477e+02
2.374930782783791017e+01 4.604427509402008241e+02
2.374477724641329246e+01 4.604607721108144460e+02
2.374024666498867475e+01 4.604617007432549940e+02
2.373571608356405704e+01 4.604671563288708285e+02
2.373118550213943934e+01 4.604719263685276474e+02
2.372665492071483584e+01 4.604775696892526184e+02
2.372212433929021813e+01 4.604895442352535611e+02
2.371759375786560042e+01 4.604987180338431472e+02
2.371306317644098272e+01 4.605082242551865761e+02
2.370853259501636501e+01 4.605185804004186139e+02
2.370400201359174730e+01 4.605304493363822189e+02
2.369947143216712959e+01 4.605555141136622979e+02
2.369494085074251188e+01 4.605668330206531778e+02
2.369041026931789418e+01 4.605920796089358760e+02
2.368587968789329068e+01 4.606045250295871369e+02
2.368134910646867297e+01 4.606231171381704144e+02
2.367681852504405526e+01 4.606340551688830374e+02
2.367228794361943756e+01 4.606491736496958538e+02
2.366775736219481985e+01 4.606639548142150602e+02
2.366322678077020214e+01 4.606809455979802124e+02
2.365869619934558443e+01 4.606909643432462644e+02
2.365416561792096672e+01 4.606913654616590748e+02
2.364963503649634902e+01 4.607052691177384531e+02
2.364510445507174552e+01 4.607133073801075511e+02
2.364057387364712781e+01 4.607199730547737317e+02
2.363604329222251010e+01 4.607198046804483056e+02
2.363151271079789240e+01 4.607226575493784253e+02
2.362698212937327469e+01 4.607377928016625788e+02
2.362245154794865698e+01 4.607527326830753509e+02
2.361792096652403927e+01 4.607661100529556961e+02
2.361339038509942156e+01 4.607785030917042945e+02
2.360885980367480386e+01 4.607947755389310487e+02
2.360432922225020036e+01 4.608021193992067310e+02
2.359979864082558265e+01 4.608157257583990827e+02
2.359526805940096494e+01 4.608074036727396674e+02
2.359073747797634724e+01 4.608193098930762517e+02
2.358620689655172953e+01 4.608258126336838245e+02
2.358167631512711182e+01 4.608379045976962516e+02
2.357714573370249411e+01 4.608618160245062541e+02
2.357261515227787640e+01 4.608771832529064909e+02
2.356808457085325870e+01 4.608877949753064058e+02
2.356355398942865520e+01 4.609025360537906408e+02
2.355902340800403749e+01 4.609146799353917459e+02
2.355449282657941978e+01 4.609228137796579858e+02
2.354996224515480208e+01 4.609415004099015505e+02
2.354543166373018437e+01 4.609410518643189789e+02
2.354090108230556666e+01 4.609489731216279438e+02
2.353637050088094895e+01 4.609598804667477339e+02
2.353183991945633124e+01 4.609645636707723497e+02
2.352730933803171354e+01 4.609829019999821185e+02
2.352277875660709583e+01 4.609941260471873079e+02
2.351824817518249233e+01 4.610179153176036380e+02
2.351371759375787462e+01 4.610368423218848761e+02
2.350918701233325692e+01 4.610423915241887585e+02
2.350465643090863921e+01 4.610562034847855557e+02
2.350012584948402150e+01 4.610652844316067558e+02
2.349559526805940379e+01 4.610873024735940930e+02
2.349106468663478609e+01 4.610941908536759115e+02
2.348653410521016838e+01 4.611121080836146575e+02
2.348200352378555067e+01 4.611154017518188653e+02
2.347747294236094717e+01 4.611257785413957890e+02
2.347294236093632946e+01 4.611423516897484092e+02
2.346841177951171176e+01 4.611593972005940145e+02
2.346388119808709405e+01 4.611730828765717547e+02
2.345935061666247634e+01 4.611871388120242727e+02
2.345482003523785863e+01 4.611903004425396944e+02
2.345028945381324093e+01 4.612107601617579462e+02
2.344575887238862322e+01 4.612187091956257063e+02
2.344122829096400551e+01 4.612414646075606584e+02
2.343669770953940201e+01 4.612493826427251520e+02
2.343216712811478430e+01 4.612616580972872953e+02
2.342763654669016660e+01 4.612785432347114920e+02
2.342310596526554889e+01 4.612900792319599077e+02
2.341857538384093118e+01 4.613048653610862857e+02
2.341404480241631347e+01 4.613110325664818561e+02
2.340951422099169577e+01 4.613258142242835333e+02
2.340498363956707806e+01 4.613365335854584828e+02
2.340045305814246035e+01 4.613521438169725570e+02
2.339592247671785685e+01 4.613641841028965018e+02
2.339139189529323914e+01 4.613851645844782752e+02
2.338686131386862144e+01 4.614057099281543515e+02
2.338233073244400373e+01 4.614301950329868873e+02
2.337780015101938602e+01 4.614461514321910727e+02
2.337326956959476831e+01 4.614526394180554121e+02
2.336873898817015061e+01 4.614648717257535395e+02
2.336420840674553290e+01 4.614863615726237640e+02
2.335967782532091519e+01 4.615076896924307448e+02
2.335514724389631169e+01 4.615188573949623674e+02
2.335061666247169399e+01 4.615408324753640841e+02
2.334608608104707628e+01 4.615502810805437548e+02
2.334155549962245857e+01 4.615651091408660704e+02
2.333702491819784086e+01 4.615761185910474182e+02
2.333249433677322315e+01 4.616016408473473689e+02
2.332796375534860545e+01 4.616190305156735576e+02
2.332343317392398774e+01 4.616381338147626821e+02
2.331890259249937003e+01 4.616406416050960502e+02
2.331437201107476653e+01 4.616443312614166530e+02
2.330984142965014883e+01 4.616548783136200313e+02
2.330531084822553112e+01 4.616695504800939602e+02
2.330078026680091341e+01 4.616725447595010223e+02
2.329624968537629570e+01 4.616848155142296264e+02
2.329171910395167799e+01 4.617025545841260055e+02
2.328718852252706029e+01 4.617224712090244907e+02
2.328265794110244258e+01 4.617376745941064655e+02
2.327812735967782487e+01 4.617570989451636478e+02
2.327359677825320716e+01 4.617659920083093539e+02
2.326906619682860367e+01 4.617836990833529853e+02
2.326453561540398596e+01 4.617946801251348461e+02
2.326000503397936825e+01 4.618232663376727487e+02
2.325547445255475054e+01 4.618310028588308001e+02
2.325094387113013283e+01 4.618418183880142465e+02
2.324641328970551513e+01 4.618627768648161691e+02
2.324188270828089742e+01 4.618681778746509394e+02
2.323735212685627971e+01 4.618809361389617152e+02
2.323282154543166200e+01 4.618968082189205120e+02
2.322829096400705851e+01 4.619231433907909832e+02
2.322376038258244080e+01 4.619163264400884827e+02
2.321922980115782309e+01 4.619244470470457031e+02
2.321469921973320538e+01 4.619244133477359355e+02
2.321016863830858767e+01 4.619308414403973870e+02
2.320563805688396997e+01 4.619379672416244489e+02
2.320110747545935226e+01 4.619543907056640819e+02
2.319657689403473455e+01 4.619663659354057472e+02
2.319204631261011684e+01 4.619840658144302665e+02
2.318751573118551335e+01 4.620132603740967170e+02
2.318298514976089564e+01 4.620324599039016107e+02
2.317845456833627793e+01 4.620512722743298468e+02
2.317392398691166022e+01 4.620758157667880255e+02
2.316939340548704251e+01 4.620984927811728085e+02
2.316486282406242481e+01 4.621182992298967633e+02
2.316033224263780710e+01 4.621307841062074999e+02
2.315580166121318939e+01 4.621475475930733978e+02
2.315127107978857168e+01 4.621485238668136049e+02
2.314674049836396819e+01 4.621630285749426434e+02
2.314220991693935048e+01 4.621902619025296985e+02
2.313767933551473277e+01 4.622050536554694418e+02
2.313314875409011506e+01 4.622029324007396553e+02
2.312861817266549735e+01 4.622117421671545685e+02
2.312408759124087965e+01 4.622252925203805489e+02
2.311955700981626194e+01 4.622446203809927852e+02
2.311502642839164423e+01 4.622619657230264352e+02
2.311049584696702652e+01 4.622745574844063299e+02
2.310596526554242303e+01 4.622986205829405435e+02
2.310143468411780532e+01 4.623168446358351389e+02
2.309690410269318761e+01 4.623352589647296895e+02
2.309237352126856990e+01 4.623460202186518018e+02
2.308784293984395219e+01 4.623595905921459916e+02
2.308331235841933449e+01 4.623693839590715129e+02
2.307878177699471678e+01 4.623705404949375861e+02
2.307425119557009907e+01 4.623862984642090055e+02
2.306972061414548136e+01 4.623894998613908456e+02
2.306519003272086366e+01 4.624116995427588108e+02
2.306065945129626016e+01 4.624144663490750986e+02
2.305612886987164245e+01 4.624209817197258872e+02
2.305159828844702474e+01 4.624413520274001712e+02
2.304706770702240703e+01 4.624573998395172225e+02
2.304253712559778933e+01 4.624787635029454123e+02
2.303800654417317162e+01 4.624857171027185245e+02
2.303347596274855391e+01 4.624966543059579749e+02
2.302894538132393620e+01 4.625123106414524159e+02
2.302441479989931850e+01 4.625190666217754938e+02
2.301988421847471500e+01 4.625309842736091923e+02
2.301535363705009729e+01 4.625386432990399044e+02
2.301082305562547958e+01 4.625533682989769773e+02
2.300629247420086188e+01 4.625683393583895509e+02
2.300176189277624417e+01 4.625796203391926724e+02
2.299723131135162646e+01 4.625945054623050510e+02
2.299270072992700875e+01 4.626114143318053493e+02
2.298817014850239104e+01 4.626319287725685285e+02
2.298363956707777334e+01 4.626495368712563163e+02
2.297910898565316984e+01 4.626577236448160875e+02
2.297457840422855213e+01 4.626568080196807955e+02
2.297004782280393442e+01 4.626615579596059433e+02
2.296551724137931672e+01 4.626715907529789433e+02
2.296098665995469901e+01 4.626759648925339548e+02
2.295645607853008130e+01 4.626761238398987075e+02
2.295192549710546359e+01 4.626837537560353439e+02
2.294739491568084588e+01 4.626967034773190903e+02
2.294286433425622818e+01 4.627104052110977932e+02
2.293833375283162468e+01 4.627172049756285332e+02
2.293380317140700697e+01 4.627305131899883577e+02
2.292927258998238926e+01 4.627473555011591202e+02
2.292474200855777156e+01 4.627644797494598379e+02
2.292021142713315385e+01 4.627728320179613206e+02
2.291568084570853614e+01 4.627936416069523489e+02
2.291115026428391843e+01 4.628075604840526012e+02
2.290661968285930072e+01 4.628253977678467663e+02
2.290208910143468302e+01 4.628496832655618505e+02
2.289755852001007952e+01 4.628528240963821077e+02
2.289302793858546181e+01 4.628671830206654931e+02
2.288849735716084410e+01 4.628566953919365687e+02
2.288396677573622640e+01 4.628774479775435680e+02
2.287943619431160869e+01 4.628782288536460783e+02
2.287490561288699098e+01 4.629007662912505339e+02
2.287037503146237327e+01 4.629077875877516135e+02
2.286584445003775556e+01 4.629174385306056934e+02
2.286131386861313786e+01 4.629254445735655850e+02
2.285678328718853436e+01 4.629341542231261997e+02
2.285225270576391665e+01 4.629324824673341823e+02
2.284772212433929894e+01 4.629342769141758822e+02
2.284319154291468124e+01 4.629451788676455521e+02
2.283866096149006353e+01 4.629592441060549959e+02
2.283413038006544582e+01 4.629581512717821283e+02
2.282959979864082811e+01 4.629555947898563204e+02
2.282506921721621040e+01 4.629517234166944490e+02
2.282053863579159270e+01 4.629510410065145152e+02
2.281600805436697499e+01 4.629527744157009010e+02
2.281147747294237149e+01 4.629583465253781469e+02
2.280694689151775378e+01 4.629557928876088226e+02
2.280241631009313608e+01 4.629657500037787372e+02
2.279788572866851837e+01 4.629813425178705870e+02
2.279335514724390066e+01 4.629851131953132608e+02
2.278882456581928295e+01 4.629852300198259059e+02
2.278429398439466524e+01 4.629990176298219353e+02
2.277976340297004754e+01 4.630079437475134796e+02
2.277523282154542983e+01 4.630215746848604113e+02
2.277070224012082633e+01 4.630177953060520508e+02
2.276617165869620862e+01 4.630278851515200813e+02
2.276164107727159092e+01 4.630349753981510617e+02
2.275711049584697321e+01 4.630445047303888373e+02
2.275257991442235550e+01 4.630347134470334822e+02
2.274804933299773779e+01 4.630407929611226905e+02
2.274351875157312008e+01 4.630385624214485460e+02
2.273898817014850238e+01 4.630544062597207926e+02
2.273445758872388467e+01 4.630522018104570634e+02
2.272992700729928117e+01 4.630609320366274346e+02
2.272539642587466346e+01 4.630631602214431268e+02
2.272086584445004576e+01 4.630710284845655451e+02
2.271633526302542805e+01 4.630773079119771296e+02
2.271180468160081034e+01 4.630761731176838225e+02
2.270727410017619263e+01 4.630826036619337174e+02
2.270274351875157492e+01 4.630885438863099353e+02
2.269821293732695722e+01 4.630917574447890388e+02
2.269368235590233951e+01 4.631000444890732410e+02
2.268915177447773601e+01 4.630882196080765425e+02
2.268462119305311830e+01 4.630957023087765378e+02
2.268009061162850060e+01 4.630879939151407143e+02
2.267556003020388289e+01 4.630976460288487715e+02
2.267102944877926518e+01 4.630990528600733001e+02
2.266649886735464747e+01 4.631095231566157508e+02
2.266196828593002977e+01 4.631185142675511770e+02
2.265743770450541206e+01 4.631278571933449371e+02
2.265290712308079435e+01 4.631270198514046683e+02
2.264837654165619085e+01 4.631267315694123567e+02
2.264384596023157314e+01 4.631421449865947579e+02
2.263931537880695544e+01 4.631547869722402879e+02
2.263478479738233773e+01 4.631621612288655001e+02
2.263025421595772002e+01 4.631697668402792942e+02
2.262572363453310231e+01 4.631746677034303730e+02
2.262119305310848461e+01 4.631849288295509268e+02
2.261666247168386690e+01 4.631963144662843206e+02
2.261213189025924919e+01 4.632096690074563412e+02
2.260760130883464569e+01 4.632034379581002099e+02
2.260307072741002798e+01 4.632041641905351526e+02
2.259854014598541028e+01 4.631989694881023638e+02
2.259400956456079257e+01 4.631945438474339767e+02
2.258947898313617486e+01 4.631971822648199009e+02
2.258494840171155715e+01 4.631878277266487771e+02
2.258041782028693945e+01 4.631968487874564744e+02
2.257588723886232174e+01 4.632075971335888767e+02
2.257135665743770403e+01 4.632254204289101267e+02
2.256682607601308632e+01 4.632274435785980700e+02
2.256229549458848282e+01 4.632288291581422754e+02
2.255776491316386512e+01 4.632287928244916770e+02
2.255323433173924741e+01 4.632324557773233096e+02
2.254870375031462970e+01 4.632448496304056107e+02
2.254417316889001199e+01 4.632529034997020290e+02
2.253964258746539429e+01 4.632584876335961326e+02
2.253511200604077658e+01 4.632550294399597988e+02
2.253058142461615887e+01 4.632566192372773912e+02
2.252605084319154116e+01 4.632631195915884632e+02
2.252152026176693767e+01 4.632686145755449729e+02
2.251698968034231996e+01 4.632809126015756078e+02
2.251245909891770225e+01 4.632866843476984400e+02
2.250792851749308454e+01 4.632959783290640416e+02
2.250339793606846683e+01 4.633055498589333752e+02
2.249886735464384913e+01 4.633045555089482832e+02
2.249433677321923142e+01 4.632976879574098916e+02
2.248980619179461371e+01 4.632918968971737286e+02
2.248527561036999600e+01 4.633009516584708081e+02
2.248074502894539251e+01 4.633199021638711201e+02
2.247621444752077480e+01 4.633273652861903997e+02
2.247168386609615709e+01 4.633297430262990702e+02
2.246715328467153938e+01 4.633340350246649564e+02
2.246262270324692167e+01 4.633343843983939792e+02
2.245809212182230397e+01 4.633493816968022543e+02
2.245356154039768626e+01 4.633578577306564057e+02
2.244903095897306855e+01 4.633632621044366147e+02
2.244450037754845084e+01 4.633591848933191386e+02
2.243996979612384735e+01 4.633723729560053357e+02
2.243543921469922964e+01 4.633648491981289794e+02
2.243090863327461193e+01 4.633764196354342175e+02
2.242637805184999422e+01 4.633789378654279858e+02
2.242184747042537651e+01 4.634000582535691706e+02
2.241731688900075881e+01 4.633929548333869661e+02
2.241278630757614110e+01 4.633997536126496470e+02
2.240825572615152339e+01 4.634024632847203407e+02
2.240372514472690568e+01 4.634184015729252906e+02
2.239919456330230219e+01 4.634203291380167116e+02
2.239466398187768448e+01 4.634130665037456538e+02
2.239013340045306677e+01 4.634190135764608840e+02
2.238560281902844906e+01 4.634341189985753999e+02
2.238107223760383135e+01 4.634499545811562484e+02
2.237654165617921365e+01 4.634424122979841627e+02
2.237201107475459594e+01 4.634454299479505721e+02
2.236748049332997823e+01 4.634424726609998402e+02
2.236294991190536052e+01 4.634387464136283938e+02
2.235841933048075703e+01 4.634537358352445722e+02
2.235388874905613932e+01 4.634545127852027235e+02
2.234935816763152161e+01 4.634729085742667394e+02
2.234482758620690390e+01 4.634648245071476822e+02
2.234029700478228619e+01 4.634722973926815257e+02
2.233576642335766849e+01 4.634735949762199994e+02
2.233123584193305078e+01 4.634795301514153607e+02
2.232670526050843307e+01 4.634822083281063669e+02
2.232217467908381536e+01 4.634840246603898777e+02
2.231764409765919766e+01 4.634874955706029596e+02
2.231311351623459416e+01 4.634899579521307942e+02
2.230858293480997645e+01 4.634951528157727125e+02
2.230405235338535874e+01 4.634920308603674357e+02
2.229952177196074103e+01 4.634960625907003191e+02
2.229499119053612333e+01 4.635012814608612643e+02
2.229046060911150562e+01 4.635252741774039578e+02
2.228593002768688791e+01 4.635307023783225304e+02
2.228139944626227020e+01 4.635327879613044502e+02
2.227686886483765250e+01 4.635263848734086878e+02
2.227233828341304900e+01 4.635273160778916690e+02
2.226780770198843129e+01 4.635334935393308342e+02
2.226327712056381358e+01 4.635419415045734013e+02
2.225874653913919587e+01 4.635569334895769202e+02
2.225421595771457817e+01 4.635592762796551938e+02
2.224968537628996046e+01 4.635624378359033244e+02
2.224515479486534275e+01 4.635776194685293490e+02
2.224062421344072504e+01 4.635881694044262531e+02
2.223609363201610734e+01 4.636038822095077307e+02
2.223156305059150384e+01 4.636069977293024635e+02
2.222703246916688613e+01 4.636226780690572582e+02
2.222250188774226842e+01 4.636431083872894305e+02
2.221797130631765071e+01 4.636517993846071022e+02
2.221344072489303301e+01 4.636503122942684740e+02
2.220891014346841530e+01 4.636391455344289056e+02
2.220437956204379759e+01 4.636487975804873258e+02
2.219984898061917988e+01 4.636482919113660728e+02
2.219531839919456218e+01 4.636610213731951262e+02
2.219078781776995868e+01 4.636835361986305770e+02
2.218625723634534097e+01 4.636894652434651789e+02
2.218172665492072326e+01 4.636983587556937891e+02
2.217719607349610556e+01 4.637045949813574452e+02
2.217266549207148785e+01 4.637135951840579651e+02
2.216813491064687014e+01 4.637275797892359606e+02
2.216360432922225243e+01 4.637402366496338004e+02
2.215907374779763472e+01 4.637663498328385003e+02
2.215454316637301702e+01 4.637737328672457693e+02
2.215001258494841352e+01 4.637877245236751946e+02
2.214548200352379581e+01 4.637888028713986728e+02
2.214095142209917810e+01 4.638020907246595925e+02
2.213642084067456040e+01 4.638137477246455092e+02
2.213189025924994269e+01 4.638187268236168848e+02
2.212735967782532498e+01 4.638273678977019472e+02
2.212282909640070727e+01 4.638333874749574761e+02
2.211829851497608956e+01 4.638516794098113678e+02
2.211376793355147186e+01 4.638436915911894403e+02
2.210923735212685415e+01 4.638459790095046742e+02
2.210470677070225065e+01 4.638442494128528324e+02
2.210017618927763294e+01 4.638593571512415679e+02
2.209564560785301524e+01 4.638788267440421009e+02
2.209111502642839753e+01 4.638820487965721782e+02
2.208658444500377982e+01 4.638941008607127969e+02
2.208205386357916211e+01 4.638945001707372739e+02
2.207752328215454440e+01 4.638995926921195974e+02
2.207299270072992670e+01 4.638997287733424741e+02
2.206846211930530899e+01 4.639031986241658956e+02
2.206393153788070549e+01 4.638984375148076538e+02
2.205940095645608778e+01 4.639109716417505069e+02
2.205487037503147008e+01 4.639238380271115716e+02
2.205033979360685237e+01 4.639295434707187837e+02
2.204580921218223466e+01 4.639329527982758350e+02
2.204127863075761695e+01 4.639357269366404921e+02
2.203674804933299924e+01 4.639404046079180262e+02
2.203221746790838154e+01 4.639477014797492416e+02
2.202768688648376383e+01 4.639603557607163680e+02
2.202315630505916033e+01 4.639716291096373197e+02
2.201862572363454262e+01 4.639885477204322228e+02
2.201409514220992492e+01 4.639908604059486379e+02
2.200956456078530721e+01 4.639928240278807152e+02
2.200503397936068950e+01 4.640002030960292814e+02
2.200050339793607179e+01 4.639999417333567635e+02
2.199597281651145408e+01 4.640114666384314432e+02
2.199144223508683638e+01 4.640191576944480971e+02
2.198691165366221867e+01 4.640180126510746277e+02
2.198238107223761517e+01 4.640146796154876938e+02
2.197785049081299746e+01 4.640132466829413147e+02
2.197331990938837976e+01 4.640224519343921656e+02
2.196878932796376205e+01 4.640139177728539153e+02
2.196425874653914434e+01 4.640182594640863272e+02
2.195972816511452663e+01 4.640177077914440815e+02
2.195519758368990892e+01 4.640324624674572647e+02
2.195066700226529122e+01 4.640449351054335239e+02
2.194613642084067351e+01 4.640503758907119050e+02
2.194160583941607001e+01 4.640700907430778557e+02
2.193707525799145230e+01 4.640834040783620935e+02
2.193254467656683460e+01 4.640968412318275682e+02
2.192801409514221689e+01 4.640964866254159915e+02
2.192348351371759918e+01 4.640979165462488254e+02
2.191895293229298147e+01 4.641022546198327063e+02
2.191442235086836376e+01 4.641115163155905634e+02
2.190989176944374606e+01 4.641155331415586716e+02
2.190536118801912835e+01 4.641229803784936507e+02
2.190083060659452485e+01 4.641276346256112788e+02
2.189630002516990714e+01 4.641189168664046747e+02
2.189176944374528944e+01 4.641251063117423428e+02
2.188723886232067173e+01 4.641218516115001762e+02
2.188270828089605402e+01 4.641285552187359826e+02
2.187817769947143631e+01 4.641434338018250401e+02
2.187364711804681860e+01 4.641623727716772123e+02
2.186911653662220090e+01 4.641768112226055791e+02
2.186458595519758319e+01 4.641824986870319663e+02
2.186005537377296548e+01 4.641818391108279798e+02
2.185552479234836198e+01 4.641835208018438834e+02
2.185099421092374428e+01 4.641855450873258064e+02
2.184646362949912657e+01 4.641976790686325103e+02
2.184193304807450886e+01 4.641957251759056362e+02
2.183740246664989115e+01 4.642030163612074602e+02
2.183287188522527345e+01 4.642131505917141112e+02
2.182834130380065574e+01 4.642261467329978473e+02
2.182381072237603803e+01 4.642497604178971642e+02
2.181928014095142032e+01 4.642590941151102584e+02
2.181474955952681682e+01 4.642618692044780460e+02
2.181021897810219912e+01 4.642563430114080916e+02
2.180568839667758141e+01 4.642590434411124534e+02
2.180115781525296370e+01 4.642666356323055084e+02
2.179662723382834599e+01 4.642704763413206592e+02
2.179209665240372829e+01 4.642780115437739710e+02
2.178756607097911058e+01 4.642836928222526467e+02
2.178303548955449287e+01 4.642776716541183646e+02
2.177850490812987516e+01 4.642691863253346582e+02
2.177397432670527166e+01 4.642715664121308805e+02
2.176944374528065396e+01 4.642774675891333800e+02
2.176491316385603625e+01 4.642914036649773379e+02
2.176038258243141854e+01 4.643071712094440500e+02
2.175585200100680083e+01 4.643214517470774467e+02
2.175132141958218313e+01 4.643272717312939335e+02
2.174679083815756542e+01 4.643328191550443762e+02
2.174226025673294771e+01 4.643342677641181240e+02
2.173772967530833000e+01 4.643317074956241868e+02
2.173319909388372650e+01 4.643318052441182999e+02
2.172866851245910880e+01 4.643328956359616200e+02
2.172413793103449109e+01 4.643449938442107623e+02
2.171960734960987338e+01 4.643514487693657316e+02
2.171507676818525567e+01 4.643607630848901522e+02
2.171054618676063797e+01 4.643501401942917823e+02
2.170601560533602026e+01 4.643500369590255445e+02
2.170148502391140255e+01 4.643469745824653501e+02
2.169695444248678484e+01 4.643597302596795657e+02
2.169242386106218135e+01 4.643579367876538981e+02
2.168789327963756364e+01 4.643668719510311576e+02
2.168336269821294593e+01 4.643687433600120471e+02
2.167883211678832822e+01 4.643942998441435748e+02
2.167430153536371051e+01 4.644016852132325539e+02
2.166977095393909281e+01 4.644094961506957020e+02
2.166524037251447510e+01 4.644247586365938218e+02
2.166070979108985739e+01 4.644306870142330013e+02
2.165617920966523968e+01 4.644365901193749551e+02
2.165164862824063619e+01 4.644353552986479485e+02
2.164711804681601848e+01 4.644399340970293224e+02
2.164258746539140077e+01 4.644449053811820249e+02
2.163805688396678306e+01 4.644459366118659318e+02
2.163352630254216535e+01 4.644445189633084965e+02
2.162899572111754765e+01 4.644379489737987683e+02
2.162446513969292994e+01 4.644476014132860655e+02
2.161993455826831223e+01 4.644481338065860427e+02
2.161540397684369452e+01 4.644544715833072246e+02
2.161087339541907681e+01 4.644662442324272433e+02
2.160634281399447332e+01 4.644749312012961582e+02
2.160181223256985561e+01 4.644781205533275283e+02
2.159728165114523790e+01 4.644864406993559101e+02
2.159275106972062019e+01 4.644910582255850500e+02
2.158822048829600249e+01 4.645004277482095745e+02
2.158368990687138478e+01 4.644983577674739763e+02
2.157915932544676707e+01 4.645071267532943580e+02
2.157462874402214936e+01 4.645092715593210073e+02
2.157009816259753165e+01 4.645238488486116353e+02
2.156556758117292816e+01 4.645206397562933489e+02
2.156103699974831045e+01 4.645390207076421802e+02
2.155650641832369274e+01 4.645380070551456129e+02
2.155197583689907503e+01 4.645395689311368983e+02
2.154744525547445733e+01 4.645205979493214841e+02
2.154291467404983962e+01 4.645247159584706651e+02
2.153838409262522191e+01 4.645266898350068345e+02
2.153385351120060420e+01 4.645335157667817612e+02
2.152932292977598649e+01 4.645508232994050672e+02
2.152479234835138300e+01 4.645626647446772495e+02
2.152026176692676529e+01 4.645795000270139212e+02
2.151573118550214758e+01 4.645880517865750221e+02
2.151120060407752987e+01 4.646036558445760534e+02
2.150667002265291217e+01 4.646089489682307772e+02
2.150213944122829446e+01 4.646296930129148564e+02
2.149760885980367675e+01 4.646563844281650404e+02
2.149307827837905904e+01 4.646775388242342046e+02
2.148854769695444134e+01 4.646861622082590202e+02
2.148401711552983784e+01 4.647025838842455983e+02
2.147948653410522013e+01 4.647062269627569435e+02
2.147495595268060242e+01 4.647237113969329130e+02
2.147042537125598471e+01 4.647318978096137130e+02
2.146589478983136701e+01 4.647420821780448819e+02
2.146136420840674930e+01 4.647499039960954406e+02
2.145683362698213159e+01 4.647536072235026836e+02
2.145230304555751388e+01 4.647536189953007693e+02
2.144777246413289618e+01 4.647585706863843029e+02
2.144324188270829268e+01 4.647786661097964043e+02
2.143871130128367497e+01 4.647868314847972329e+02
2.143418071985905726e+01 4.648112335677165561e+02
2.142965013843443955e+01 4.648142248950546787e+02
2.142511955700982185e+01 4.648225628665383056e+02
2.142058897558520414e+01 4.648288258630728933e+02
2.141605839416058643e+01 4.648308442435001098e+02
2.141152781273596872e+01 4.648439301738407607e+02
2.140699723131135102e+01 4.648506259220012566e+02
2.140246664988674752e+01 4.648654087201249467e+02
2.139793606846212981e+01 4.648795868580203319e+02
2.139340548703751210e+01 4.648966912448677249e+02
2.138887490561289439e+01 4.649005508980208106e+02
2.138434432418827669e+01 4.649020108002810616e+02
2.137981374276365898e+01 4.649204698416008341e+02
2.137528316133904127e+01 4.649283006193996926e+02
2.137075257991442356e+01 4.649329330504500604e+02
2.136622199848980586e+01 4.649247162463736913e+02
2.136169141706518815e+01 4.649181225379796274e+02
2.135716083564058465e+01 4.649108430897397852e+02
2.135263025421596694e+01 4.649018679942584527e+02
2.134809967279134924e+01 4.649017727120058794e+02
2.134356909136673153e+01 4.648991526849757179e+02
2.133903850994211382e+01 4.648907311574905634e+02
2.133450792851749611e+01 4.648955224288819750e+02
2.132997734709287840e+01 4.648885743404516120e+02
2.132544676566826070e+01 4.649073962493784506e+02
2.132091618424364299e+01 4.649131838997378168e+02
2.131638560281903949e+01 4.649290584834993751e+02
2.131185502139442178e+01 4.649285295577165584e+02
2.130732443996980408e+01 4.649376034293163116e+02
2.130279385854518637e+01 4.649385324348756967e+02
2.129826327712056866e+01 4.649491191532067091e+02
2.129373269569595095e+01 4.649427735924214176e+02
2.128920211427133324e+01 4.649518375797074441e+02
2.128467153284671554e+01 4.649399931286632182e+02
2.128014095142209783e+01 4.649453809965606297e+02
2.127561036999749433e+01 4.649423338942220880e+02
2.127107978857287662e+01 4.649438119313487618e+02
2.126654920714825892e+01 4.649508711466801856e+02
2.126201862572364121e+01 4.649479668826796797e+02
2.125748804429902350e+01 4.649604359259964781e+02
2.125295746287440579e+01 4.649531261423989008e+02
2.124842688144978808e+01 4.649666889433373171e+02
2.124389630002517038e+01 4.649587998504186999e+02
2.123936571860055267e+01 4.649652244162052170e+02
2.123483513717594917e+01 4.649669008527321239e+02
2.123030455575133146e+01 4.649657583916350063e+02
2.122577397432671376e+01 4.649665469846012229e+02
2.122124339290209605e+01 4.649671364898383672e+02
2.121671281147747834e+01 4.649750089955965109e+02
2.121218223005286063e+01 4.649801586568881362e+02
2.120765164862824292e+01 4.649835451141982503e+02
2.120312106720362522e+01 4.649817196174913079e+02
2.119859048577900751e+01 4.649809989510771970e+02
2.119405990435440401e+01 4.649825579586135404e+02
2.118952932292978630e+01 4.649917036911230639e+02
2.118499874150516860e+01 4.649873931676905841e+02
2.118046816008055089e+01 4.649903986219468379e+02
2.117593757865593318e+01 4.649816477267393680e+02
2.117140699723131547e+01 4.649866877650179049e+02
2.116687641580669776e+01 4.649875410608374295e+02
2.116234583438208006e+01 4.649955869743356516e+02
2.115781525295746235e+01 4.650088303063749322e+02
2.115328467153284464e+01 4.650121493512202164e+02
2.114875409010824114e+01 4.650208431912611786e+02
2.114422350868362344e+01 4.650079100996873080e+02
2.113969292725900573e+01 4.650075970996763886e+02
2.113516234583438802e+01 4.650143548584292716e+02
2.113063176440977031e+01 4.650323606024256833e+02
2.112610118298515260e+01 4.650432244412053251e+02
2.112157060156053490e+01 4.650436814124335569e+02
2.111704002013591719e+01 4.650500132863956537e+02
2.111250943871129948e+01 4.650579235062673433e+02
2.110797885728669598e+01 4.650623552357998278e+02
2.110344827586207828e+01 4.650670713457108718e+02
2.109891769443746057e+01 4.650775519823248487e+02
2.109438711301284286e+01 4.650888476830952527e+02
2.108985653158822515e+01 4.650807812500279397e+02
2.108532595016360744e+01 4.650773661922453925e+02
2.108079536873898974e+01 4.650721213062286097e+02
2.107626478731437203e+01 4.650656008520208502e+02
2.107173420588975432e+01 4.650599090600973682e+02
2.106720362446515082e+01 4.650657713477328912e+02
2.106267304304053312e+01 4.650639951489454802e+02
2.105814246161591541e+01 4.650703317315148411e+02
2.105361188019129770e+01 4.650760113366091559e+02
2.104908129876667999e+01 4.650751003007075610e+02
2.104455071734206228e+01 4.650777954146514617e+02
2.104002013591744458e+01 4.650874257693688492e+02
2.103548955449282687e+01 4.650858028546201126e+02
2.103095897306820916e+01 4.650939370934638646e+02
2.102642839164360566e+01 4.650982969136171050e+02
2.102189781021898796e+01 4.651076026940437487e+02
2.101736722879437025e+01 4.651135282927425578e+02
2.101283664736975254e+01 4.651280507214419231e+02
2.100830606594513483e+01 4.651322408068089089e+02
2.100377548452051713e+01 4.651274309935988072e+02
2.099924490309589942e+01 4.651215241784946670e+02
2.099471432167128171e+01 4.651217252813797245e+02
2.099018374024666400e+01 4.651255663336378916e+02
2.098565315882206050e+01 4.651284446518990876e+02
2.098112257739744280e+01 4.651222330577057278e+02
2.097659199597282509e+01 4.651123253233702144e+02
2.097206141454820738e+01 4.650988536385442558e+02
2.096753083312358967e+01 4.651046693532379663e+02
2.096300025169897197e+01 4.651070812930746001e+02
2.095846967027435426e+01 4.651052511149751467e+02
2.095393908884973655e+01 4.651040989600071498e+02
2.094940850742511884e+01 4.651022008798341858e+02
2.094487792600051534e+01 4.651039533206823648e+02
2.094034734457589764e+01 4.651052538625542638e+02
2.093581676315127993e+01 4.651184737658288100e+02
2.093128618172666222e+01 4.651185035179037754e+02
2.092675560030204451e+01 4.651280475224704105e+02
2.092222501887742681e+01 4.651248963385137358e+02
2.091769443745280910e+01 4.651322776821352818e+02
2.091316385602819139e+01 4.651256011672144837e+02
2.090863327460357368e+01 4.651237861390504804e+02
2.090410269317895597e+01 4.651169952455308021e+02
2.089957211175435248e+01 4.651207308496904034e+02
2.089504153032973477e+01 4.651278337791009108e+02
2.089051094890511706e+01 4.651277386206172082e+02
2.088598036748049935e+01 4.651323568074574837e+02
2.088144978605588165e+01 4.651283087955533233e+02
2.087691920463126394e+01 4.651257523695592795e+02
2.087238862320664623e+01 4.651233429895727340e+02
2.086785804178202852e+01 4.651237312321818536e+02
2.086332746035741081e+01 4.651271190421139750e+02
2.085879687893280732e+01 4.651257392166738782e+02
2.085426629750818961e+01 4.651223530601491234e+02
2.084973571608357190e+01 4.651213570135323039e+02
2.084520513465895419e+01 4.651194958337676439e+02
2.084067455323433649e+01 4.651304194411913500e+02
2.083614397180971878e+01 4.651312344358714768e+02
2.083161339038510107e+01 4.651493708385509080e+02
2.082708280896048336e+01 4.651438056632485427e+02
2.082255222753586565e+01 4.651511138661017526e+02
2.081802164611126216e+01 4.651621748215140428e+02
2.081349106468664445e+01 4.651623533178418484e+02
2.080896048326202674e+01 4.651735970468232608e+02
2.080442990183740903e+01 4.651811344875083023e+02
2.079989932041279133e+01 4.651914410255001826e+02
2.079536873898817362e+01 4.651963193120353139e+02
2.079083815756355591e+01 4.652020085383729224e+02
2.078630757613893820e+01 4.651949427468078966e+02
2.078177699471432049e+01 4.652010613342143301e+02
2.077724641328971700e+01 4.651952749563806719e+02
2.077271583186509929e+01 4.652008901404205403e+02
2.076818525044048158e+01 4.652010697945595439e+02
2.076365466901586387e+01 4.652026847700242342e+02
2.075912408759124617e+01 4.651947575706824978e+02
2.075459350616662846e+01 4.652045351902808648e+02
2.075006292474201075e+01 4.652065934423056888e+02
2.074553234331739304e+01 4.652150256042561978e+02
2.074100176189277533e+01 4.652135147603829068e+02
2.073647118046817184e+01 4.652025826332207998e+02
2.073194059904355413e+01 4.652057794323149551e+02
2.072741001761893642e+01 4.652045908554586617e+02
2.072287943619431871e+01 4.652103305871859789e+02
2.071834885476970101e+01 4.652150561734588337e+02
2.071381827334508330e+01 4.652203909954285450e+02
2.070928769192046559e+01 4.652341892682101161e+02
2.070475711049584788e+01 4.652368004951754301e+02
2.070022652907123017e+01 4.652279800983607743e+02
2.069569594764662668e+01 4.652466400436984486e+02
2.069116536622200897e+01 4.652433611667131004e+02
2.068663478479739126e+01 4.652512916845452651e+02
2.068210420337277355e+01 4.652408725133028611e+02
2.067757362194815585e+01 4.652410979244384635e+02
2.067304304052353814e+01 4.652320900683441209e+02
2.066851245909892043e+01 4.652230376989626848e+02
2.066398187767430272e+01 4.652246239370156786e+02
2.065945129624968502e+01 4.652151373848236062e+02
2.065492071482506731e+01 4.652218362732570540e+02
2.065039013340046381e+01 4.652112007801773643e+02
2.064585955197584610e+01 4.652155853709842859e+02
2.064132897055122839e+01 4.652266063903053919e+02
2.063679838912661069e+01 4.652438984781181261e+02
2.063226780770199298e+01 4.652511715333616849e+02
2.062773722627737527e+01 4.652585691016643636e+02
2.062320664485275756e+01 4.652619453539154506e+02
2.061867606342813986e+01 4.652654379964329223e+02
2.061414548200352215e+01 4.652582699170044407e+02
2.060961490057891865e+01 4.652602953812342435e+02
2.060508431915430094e+01 4.652574458116683900e+02
2.060055373772968323e+01 4.652440178537896713e+02
2.059602315630506553e+01 4.652470914042478967e+02
2.059149257488044782e+01 4.652328315778995034e+02
2.058696199345583011e+01 4.652350400781507460e+02
2.058243141203121240e+01 4.652376603385143881e+02
2.057790083060659470e+01 4.652511860203212564e+02
2.057337024918197699e+01 4.652548863822648286e+02
2.056883966775737349e+01 4.652646108317343305e+02
2.056430908633275578e+01 4.652640643383990096e+02
2.055977850490813807e+01 4.652740669986418425e+02
2.055524792348352037e+01 4.652881086044012591e+02
2.055071734205890266e+01 4.652866079808057975e+02
2.054618676063428495e+01 4.652903980689215473e+02
2.054165617920966724e+01 4.652848571678313192e+02
2.053712559778504954e+01 4.652959358645466068e+02
2.053259501636043183e+01 4.652969800942741472e+02
2.052806443493582833e+01 4.653114422945884030e+02
2.052353385351121062e+01 4.653108460941830913e+02
2.051900327208659292e+01 4.653079368095467316e+02
2.051447269066197521e+01 4.653057107821774139e+02
2.050994210923735750e+01 4.653084184241668595e+02
2.050541152781273979e+01 4.653171779901250034e+02
2.050088094638812208e+01 4.653109814818103587e+02
2.049635036496350438e+01 4.653114252288586954e+02
2.049181978353888667e+01 4.653000025135111173e+02
2.048728920211428317e+01 4.652987859450162205e+02
2.048275862068966546e+01 4.653016463438356709e+02
2.047822803926504776e+01 4.653002317918394510e+02
2.047369745784043005e+01 4.653103070017659206e+02
2.046916687641581234e+01 4.653086624934409770e+02
2.046463629499119463e+01 4.653087452308992056e+02
2.046010571356657692e+01 4.653035092818211069e+02
2.045557513214195922e+01 4.652986800688599942e+02
2.045104455071734151e+01 4.653053849304628784e+02
2.044651396929273801e+01 4.652977398734849430e+02
2.044198338786812030e+01 4.653092274632930412e+02
2.043745280644350260e+01 4.653055686797032990e+02
2.043292222501888489e+01 4.653133767021876110e+02
2.042839164359426718e+01 4.653085692221596332e+02
2.042386106216964947e+01 4.653066462535109054e+02
2.041933048074503176e+01 4.653009577367652696e+02
2.041479989932041406e+01 4.652934575610275942e+02
2.041026931789579635e+01 4.652996292214127152e+02
2.040573873647117864e+01 4.652950156992001212e+02
2.040120815504657514e+01 4.652998015715256201e+02
2.039667757362195744e+01 4.652963675365485869e+02
2.039214699219733973e+01 4.652912920118495776e+02
2.038761641077272202e+01 4.652923538319752197e+02
2.038308582934810431e+01 4.652965653990852388e+02
2.037855524792348660e+01 4.653113835936114810e+02
2.037402466649886890e+01 4.653203296498067516e+02
2.036949408507425119e+01 4.653318901434747090e+02
2.036496350364963348e+01 4.653394759564748711e+02
2.036043292222502998e+01 4.653461528764883610e+02
2.035590234080041228e+01 4.653451535825710721e+02
2.035137175937579457e+01 4.653488198829679732e+02
2.034684117795117686e+01 4.653434385739466848e+02
2.034231059652655915e+01 4.653544424402768414e+02
2.033778001510194144e+01 4.653545675406708142e+02
2.033324943367732374e+01 4.653602709194695422e+02
2.032871885225270603e+01 4.653597348079023845e+02
2.032418827082808832e+01 4.653723085590632422e+02
2.031965768940348482e+01 4.653742663173251799e+02
2.031512710797886712e+01 4.653854768395435144e+02
2.031059652655424941e+01 4.653883990643711854e+02
2.030606594512963170e+01 4.654024792932491437e+02
2.030153536370501399e+01 4.653968693324183050e+02
2.029700478228039628e+01 4.653957876692509217e+02
2.029247420085577858e+01 4.654031124894588629e+02
2.028794361943116087e+01 4.654008355622079307e+02
2.028341303800654316e+01 4.654089848016778888e+02
2.027888245658193966e+01 4.654089069609498210e+02
2.027435187515732196e+01 4.654163633987001276e+02
2.026982129373270425e+01 4.654125994790159666e+02
2.026529071230808654e+01 4.654167023442770414e+02
2.026076013088346883e+01 4.654230161394573884e+02
2.025622954945885112e+01 4.654217223634184961e+02
2.025169896803423342e+01 4.654289057182721763e+02
2.024716838660961571e+01 4.654245156867882542e+02
2.024263780518499800e+01 4.654315182150297687e+02
2.023810722376039450e+01 4.654257267462371033e+02
2.023357664233577680e+01 4.654263883894647051e+02
2.022904606091115909e+01 4.654214952325474997e+02
2.022451547948654138e+01 4.654144142414028238e+02
2.021998489806192367e+01 4.654217915240425327e+02
2.021545431663730596e+01 4.654342082065249429e+02
2.021092373521268826e+01 4.654546831911615641e+02
2.020639315378807055e+01 4.654605311751627710e+02
2.020186257236345284e+01 4.654702446153294204e+02
2.019733199093883513e+01 4.654811534134934732e+02
2.019280140951423164e+01 4.654917886439152994e+02
2.018827082808961393e+01 4.654864263234981649e+02
2.018374024666499622e+01 4.654984452196193843e+02
2.017920966524037851e+01 4.654974386762286258e+02
2.017467908381576081e+01 4.655082951224718499e+02
2.017014850239114310e+01 4.655302367044801031e+02
2.016561792096652539e+01 4.655443725409203921e+02
2.016108733954190768e+01 4.655580050928252831e+02
2.015655675811728997e+01 4.655655712731522726e+02
2.015202617669268648e+01 4.655687560785455616e+02
2.014749559526806877e+01 4.655754248013334973e+02
2.014296501384345106e+01 4.655763928974624264e+02
2.013843443241883335e+01 4.655802450153514656e+02
2.013390385099421565e+01 4.655761399376538634e+02
2.012937326956959794e+01 4.655760811232880769e+02
2.012484268814498023e+01 4.655781966585078067e+02
2.012031210672036252e+01 4.655750827641527962e+02
2.011578152529574481e+01 4.655829218481098906e+02
2.011125094387114132e+01 4.655874354882142256e+02
2.010672036244652361e+01 4.655982992211905866e+02
2.010218978102190590e+01 4.656064040011829661e+02
2.009765919959728819e+01 4.656242230129806785e+02
2.009312861817267049e+01 4.656244111241072687e+02
2.008859803674805278e+01 4.656294988508959705e+02
2.008406745532343507e+01 4.656298436492564861e+02
2.007953687389881736e+01 4.656374276409026720e+02
2.007500629247419965e+01 4.656489953337984389e+02
2.007047571104959616e+01 4.656591278011321720e+02
2.006594512962497845e+01 4.656687257492288836e+02
2.006141454820036074e+01 4.656712202627390411e+02
2.005688396677574303e+01 4.656856605266410725e+02
2.005235338535112533e+01 4.656963568658259192e+02
2.004782280392650762e+01 4.657052310186221575e+02
2.004329222250188991e+01 4.657007008751471631e+02
2.003876164107727220e+01 4.656891286588388539e+02
2.003423105965265449e+01 4.656886488138485447e+02
2.002970047822805100e+01 4.656896779816960930e+02
2.002516989680343329e+01 4.656889921853492069e+02
2.002063931537881558e+01 4.656804537559174832e+02
2.001610873395419787e+01 4.656728929577468534e+02
2.001157815252958017e+01 4.656689971865480402e+02
2.000704757110496246e+01 4.656563639133719334e+02
2.000251698968034475e+01 4.656596733387960967e+02
1.999798640825572704e+01 4.656390660501078287e+02
1.999345582683110933e+01 4.656372656929840446e+02
1.998892524540650584e+01 4.656273340024349636e+02
1.998439466398188813e+01 4.656382137009112512e+02
1.997986408255727042e+01 4.656342906964242161e+02
1.997533350113265271e+01 4.656419687860973795e+02
1.997080291970803501e+01 4.656337464255433360e+02
1.996627233828341730e+01 4.656392162540758477e+02
1.996174175685879959e+01 4.656465438768739205e+02
1.995721117543418188e+01 4.656599317243749852e+02
1.995268059400956417e+01 4.656644586193113469e+02
1.994815001258494647e+01 4.656668967906893499e+02
1.994361943116034297e+01 4.656676674178872304e+02
1.993908884973572526e+01 4.656753827185158912e+02
1.993455826831110755e+01 4.656866830653101488e+02
1.993002768688648985e+01 4.656893698107948580e+02
1.992549710546187214e+01 4.656837982190401704e+02
1.992096652403725443e+01 4.656812642214650850e+02
1.991643594261263672e+01 4.656880689296415881e+02
1.991190536118801901e+01 4.656915540289749060e+02
1.990737477976340131e+01 4.657005453290099695e+02
1.990284419833879781e+01 4.657003379590182703e+02
1.989831361691418010e+01 4.657052277078373663e+02
1.989378303548956239e+01 4.657056874956473962e+02
1.988925245406494469e+01 4.657106045351483203e+02
1.988472187264032698e+01 4.657144882735629494e+02
1.988019129121570927e+01 4.657186915438467736e+02
1.987566070979109156e+01 4.657100081172472983e+02
1.987113012836647385e+01 4.657043901140539219e+02
1.986659954694185615e+01 4.657040402562065537e+02
1.986206896551725265e+01 4.657030513420569946e+02
1.985753838409263494e+01 4.656908562057402605e+02
1.985300780266801723e+01 4.657019812087607420e+02
1.984847722124339953e+01 4.656949554771791213e+02
1.984394663981878182e+01 4.657079543055671706e+02
1.983941605839416411e+01 4.657092796060306910e+02
1.983488547696954640e+01 4.657165329913573260e+02
1.983035489554492870e+01 4.657251733203028152e+02
1.982582431412031099e+01 4.657318913461631382e+02
1.982129373269570749e+01 4.657264768492584039e+02
1.981676315127108978e+01 4.657159113026376644e+02
1.981223256984647207e+01 4.657153082688836321e+02
1.980770198842185437e+01 4.657122893845753993e+02
1.980317140699723666e+01 4.657162334126292080e+02
1.979864082557261895e+01 4.657104348539360785e+02
1.979411024414800124e+01 4.657142490285813210e+02
1.978957966272338354e+01 4.657200028356248254e+02
1.978504908129876583e+01 4.657217544569021470e+02
1.978051849987416233e+01 4.657262300588482162e+02
1.977598791844954462e+01 4.657226897101550094e+02
1.977145733702492691e+01 4.657325207904461308e+02
1.976692675560030921e+01 4.657237402411860216e+02
1.976239617417569150e+01 4.657254880220795030e+02
1.975786559275107379e+01 4.657236427934359995e+02
1.975333501132645608e+01 4.657338552908362885e+02
1.974880442990183838e+01 4.657422188233048246e+02
1.974427384847722067e+01 4.657329059403006681e+02
1.973974326705261717e+01 4.657275633558095933e+02
1.973521268562799946e+01 4.657197640836398591e+02
1.973068210420338175e+01 4.657220703652951102e+02
1.972615152277876405e+01 4.657191406537421017e+02
1.972162094135414634e+01 4.657250299185445215e+02
1.971709035992952863e+01 4.657259163006941094e+02
1.971255977850491092e+01 4.657281809987970860e+02
1.970802919708029322e+01 4.657266813911074337e+02
1.970349861565567551e+01 4.657260931484406115e+02
1.969896803423105780e+01 4.657451403986204923e+02
1.969443745280645430e+01 4.657611751053036073e+02
1.968990687138183659e+01 4.657821827089214821e+02
1.968537628995721889e+01 4.657878291324253155e+02
1.968084570853260118e+01 4.657881026552169033e+02
1.967631512710798347e+01 4.657908306705948007e+02
1.967178454568336576e+01 4.657909183644356972e+02
1.966725396425874806e+01 4.657978294940006663e+02
1.966272338283413035e+01 4.658005329301801112e+02
1.965819280140951264e+01 4.658098898049595959e+02
1.965366221998490914e+01 4.658140570276798940e+02
1.964913163856029144e+01 4.658219714307072081e+02
1.964460105713567373e+01 4.658305335859923844e+02
1.964007047571105602e+01 4.658400967924430347e+02
1.963553989428643831e+01 4.658485133268578124e+02
1.963100931286182060e+01 4.658536192339191757e+02
1.962647873143720290e+01 4.658576549926004304e+02
1.962194815001258519e+01 4.658480772881773646e+02
1.961741756858796748e+01 4.658485335425382345e+02
1.961288698716336398e+01 4.658443037646463267e+02
1.960835640573874628e+01 4.658460782761769110e+02
1.960382582431412857e+01 4.658447706860068820e+02
1.959929524288951086e+01 4.658505043190172046e+02
1.959476466146489315e+01 4.658639376146923041e+02
1.959023408004027544e+01 4.658731715443274197e+02
1.958570349861565774e+01 4.658895009184524838e+02
1.958117291719104003e+01 4.658943478381315799e+02
1.957664233576642232e+01 4.659006679141694462e+02
1.957211175434181882e+01 4.659075262365345225e+02
1.956758117291720112e+01 4.659167970314337026e+02
1.956305059149258341e+01 4.659340908419264906e+02
1.955852001006796570e+01 4.659471664995811011e+02
1.955398942864334799e+01 4.659579550181330774e+02
1.954945884721873028e+01 4.659685477020427697e+02
1.954492826579411258e+01 4.659803120944501416e+02
1.954039768436949487e+01 4.659930684506658167e+02
1.953586710294487716e+01 4.659960895680537192e+02
1.953133652152027366e+01 4.660033939328228030e+02
1.952680594009565596e+01 4.660175640482104313e+02
1.952227535867103825e+01 4.660277832421620019e+02
1.951774477724642054e+01 4.660362247939916074e+02
1.951321419582180283e+01 4.660490268104931602e+02
1.950868361439718512e+01 4.660616924399748768e+02
1.950415303297256742e+01 4.660711779344437105e+02
1.949962245154794971e+01 4.660790547359353013e+02
1.949509187012333200e+01 4.660882571915923336e+02
1.949056128869872850e+01 4.660850166320523726e+02
1.948603070727411080e+01 4.660919982898751073e+02
1.948150012584949309e+01 4.660929674003766081e+02
1.947696954442487538e+01 4.661081259946029149e+02
1.947243896300025767e+01 4.661117573397329465e+02
1.946790838157563996e+01 4.661189463600648537e+02
1.946337780015102226e+01 4.661256908839029620e+02
1.945884721872640455e+01 4.661417830026023239e+02
1.945431663730178684e+01 4.661644384180838188e+02
1.944978605587716913e+01 4.661750967669028114e+02
1.944525547445256564e+01 4.661806352678179906e+02
1.944072489302794793e+01 4.661886901472609566e+02
1.943619431160333022e+01 4.662016652914415999e+02
1.943166373017871251e+01 4.662150212767820108e+02
1.942713314875409480e+01 4.662181926874776536e+02
1.942260256732947710e+01 4.662242265248586364e+02
1.941807198590485939e+01 4.662223710124338254e+02
1.941354140448024168e+01 4.662237622363244895e+02
1.940901082305562397e+01 4.662264437335524576e+02
1.940448024163102048e+01 4.662315809197044700e+02
1.939994966020640277e+01 4.662405362067697183e+02
1.939541907878178506e+01 4.662510239362216566e+02
1.939088849735716735e+01 4.662520715251227443e+02
1.938635791593254964e+01 4.662647262239865995e+02
1.938182733450793194e+01 4.662716647971106454e+02
1.937729675308331423e+01 4.662854429678473025e+02
1.937276617165869652e+01 4.662928348028610799e+02
1.936823559023407881e+01 4.663027521870058649e+02
1.936370500880947532e+01 4.663114288686445548e+02
1.935917442738485761e+01 4.663269075082227459e+02
1.935464384596023990e+01 4.663512409778103915e+02
1.935011326453562219e+01 4.663586732614510879e+02
1.934558268311100448e+01 4.663695088786693645e+02
1.934105210168638678e+01 4.663736563103589674e+02
1.933652152026176907e+01 4.663883374101680488e+02
1.933199093883715136e+01 4.664023642687961342e+02
1.932746035741253365e+01 4.664185153330652156e+02
1.932292977598793016e+01 4.664425367316376878e+02
1.931839919456331245e+01 4.664544684258422649e+02
1.931386861313869474e+01 4.664670495329122559e+02
1.930933803171407703e+01 4.664756879324264673e+02
1.930480745028945933e+01 4.664827206938714426e+02
1.930027686886484162e+01 4.664801647513124294e+02
1.929574628744022391e+01 4.664774434368562765e+02
1.929121570601560620e+01 4.664795763883138875e+02
1.928668512459098849e+01 4.664824681731804503e+02
1.928215454316638500e+01 4.664958222999572968e+02
1.927762396174176729e+01 4.664978783202910222e+02
1.927309338031714958e+01 4.665198996224947336e+02
1.926856279889253187e+01 4.665259442247241850e+02
1.926403221746791417e+01 4.665406230315716130e+02
1.925950163604329646e+01 4.665532803769796715e+02
1.925497105461867875e+01 4.665581036282385412e+02
1.925044047319406104e+01 4.665662972565264681e+02
1.924590989176944333e+01 4.665624917142874324e+02
1.924137931034482563e+01 4.665741823622638549e+02
1.923684872892022213e+01 4.665783078717315107e+02
1.923231814749560442e+01 4.665952114824150385e+02
1.922778756607098671e+01 4.666101357184826952e+02
1.922325698464636901e+01 4.666324347969917312e+02
1.921872640322175130e+01 4.666461819510953433e+02
1.921419582179713359e+01 4.666611444836493661e+02
1.920966524037251588e+01 4.666670869407096802e+02
1.920513465894789817e+01 4.666755580748320540e+02
1.920060407752328047e+01 4.666824748834673642e+02
1.919607349609867697e+01 4.666797750339534332e+02
1.919154291467405926e+01 4.666910014529319142e+02
1.918701233324944155e+01 4.666951113055405358e+02
1.918248175182482385e+01 4.667097536126536284e+02
1.917795117040020614e+01 4.667198466287924816e+02
1.917342058897558843e+01 4.667290536955850939e+02
1.916889000755097072e+01 4.667405534067399344e+02
1.916435942612635301e+01 4.667516416914458546e+02
1.915982884470173531e+01 4.667580645667157455e+02
1.915529826327713181e+01 4.667639675902643717e+02
1.915076768185251410e+01 4.667634340592852595e+02
1.914623710042789639e+01 4.667728888127085725e+02
1.914170651900327869e+01 4.667720152612102424e+02
1.913717593757866098e+01 4.667769807125291663e+02
1.913264535615404327e+01 4.667806982448333315e+02
1.912811477472942556e+01 4.667905932654750814e+02
1.912358419330480785e+01 4.667932415523394525e+02
1.911905361188019015e+01 4.668082712069070226e+02
1.911452303045558665e+01 4.668209449078486273e+02
1.910999244903096894e+01 4.668308647851696378e+02
1.910546186760635123e+01 4.668381497808711629e+02
1.910093128618173353e+01 4.668519374576943619e+02
1.909640070475711582e+01 4.668646193240578555e+02
1.909187012333249811e+01 4.668825247568205441e+02
1.908733954190788040e+01 4.668956457518797833e+02
1.908280896048326269e+01 4.669081052002765659e+02
1.907827837905864499e+01 4.669244932845408584e+02
1.907374779763404149e+01 4.669408183613310825e+02
1.906921721620942378e+01 4.669573474751518347e+02
1.906468663478480607e+01 4.669546257692363156e+02
1.906015605336018837e+01 4.669698208915655755e+02
1.905562547193557066e+01 4.669709324192589293e+02
1.905109489051095295e+01 4.669733534546961664e+02
1.904656430908633524e+01 4.669747674616329505e+02
1.904203372766171753e+01 4.669853774803441411e+02
1.903750314623709983e+01 4.669928436992585716e+02
1.903297256481249633e+01 4.670075402760929251e+02
1.902844198338787862e+01 4.670184380119640650e+02
1.902391140196326091e+01 4.670296290010427924e+02
1.901938082053864321e+01 4.670362908773760182e+02
1.901485023911402550e+01 4.670456068824877320e+02
1.901031965768940779e+01 4.670470048640491996e+02
1.900578907626479008e+01 4.670625838971002963e+02
1.900125849484017238e+01 4.670793752820421787e+02
1.899672791341555467e+01 4.670934853003469129e+02
1.899219733199093696e+01 4.671152310565175867e+02
1.898766675056633346e+01 4.671342963117502336e+02
1.898313616914171575e+01 4.671494832254086305e+02
1.897860558771709805e+01 4.671558278384489995e+02
1.897407500629248034e+01 4.671719169695537062e+02
1.896954442486786263e+01 4.671743637322213658e+02
1.896501384344324492e+01 4.671756701697730136e+02
1.896048326201862722e+01 4.671883187160942157e+02
1.895595268059400951e+01 4.672008597045322631e+02
1.895142209916939180e+01 4.672216978873453286e+02
1.894689151774478830e+01 4.672285853336407513e+02
1.894236093632017059e+01 4.672289682347923190e+02
1.893783035489555289e+01 4.672337640667081473e+02
1.893329977347093518e+01 4.672406404502873443e+02
1.892876919204631747e+01 4.672473358191178363e+02
1.892423861062169976e+01 4.672530928711739193e+02
1.891970802919708206e+01 4.672694219244112332e+02
1.891517744777246435e+01 4.672805396048462967e+02
1.891064686634784664e+01 4.672921379583439148e+02
1.890611628492324314e+01 4.673021768455951701e+02
1.890158570349862543e+01 4.673163092852859108e+02
1.889705512207400773e+01 4.673207925151365885e+02
1.889252454064939002e+01 4.673337727304802911e+02
1.888799395922477231e+01 4.673467260788008844e+02
1.888346337780015460e+01 4.673503131004434294e+02
1.887893279637553690e+01 4.673525804636296925e+02
1.887440221495091919e+01 4.673538419649373736e+02
1.886987163352630148e+01 4.673693014794586702e+02
1.886534105210169798e+01 4.673786125054830336e+02
1.886081047067708027e+01 4.674015905637896253e+02
1.885627988925246257e+01 4.673996741241862196e+02
1.885174930782784486e+01 4.674030749289818800e+02
1.884721872640322715e+01 4.674074091849105912e+02
1.884268814497860944e+01 4.674174044817630147e+02
1.883815756355399174e+01 4.674233437779385554e+02
1.883362698212937403e+01 4.674333089087733129e+02
1.882909640070475632e+01 4.674294050273543917e+02
1.882456581928015282e+01 4.674453745286154458e+02
1.882003523785553512e+01 4.674496130848862663e+02
1.881550465643091741e+01 4.674554475111932561e+02
1.881097407500629970e+01 4.674731281094210544e+02
1.880644349358168199e+01 4.674820251691310204e+02
1.880191291215706428e+01 4.674957336809804929e+02
1.879738233073244658e+01 4.675034001356414706e+02
1.879285174930782887e+01 4.675150744937264449e+02
1.878832116788321116e+01 4.675294990011366849e+02
1.878379058645860766e+01 4.675317240271839978e+02
1.877926000503398996e+01 4.675401945685031251e+02
1.877472942360937225e+01 4.675453226914726201e+02
1.877019884218475454e+01 4.675604407229202479e+02
1.876566826076013683e+01 4.675723240682483492e+02
1.876113767933551912e+01 4.675856434441483316e+02
1.875660709791090142e+01 4.675927634929944361e+02
1.875207651648628371e+01 4.675979595851665636e+02
1.874754593506166600e+01 4.676083090133411133e+02
1.874301535363704829e+01 4.676213050300086707e+02
1.873848477221244480e+01 4.676332702737995533e+02
1.873395419078782709e+01 4.676386490516628101e+02
1.872942360936320938e+01 4.676501379830369842e+02
1.872489302793859167e+01 4.676638399191586473e+02
1.872036244651397396e+01 4.676670942464623408e+02
1.871583186508935626e+01 4.676755944688767386e+02
1.871130128366473855e+01 4.676773358369733273e+02
1.870677070224012084e+01 4.676898827239016896e+02
1.870224012081550313e+01 4.676953452493402210e+02
1.869770953939089964e+01 4.677056874545880305e+02
1.869317895796628193e+01 4.677127682051607849e+02
1.868864837654166422e+01 4.677287894288672874e+02
1.868411779511704651e+01 4.677418109893120004e+02
1.867958721369242880e+01 4.677492422258279134e+02
1.867505663226781110e+01 4.677459638190564419e+02
1.867052605084319339e+01 4.677468403316692047e+02
1.866599546941857568e+01 4.677511240528921803e+02
1.866146488799395797e+01 4.677703706594814435e+02
1.865693430656935448e+01 4.677890003731473030e+02
1.865240372514473677e+01 4.678020418686675157e+02
1.864787314372011906e+01 4.678104089217436581e+02
1.864334256229550135e+01 4.678147503177767703e+02
1.863881198087088364e+01 4.678223841807511576e+02
1.863428139944626594e+01 4.678307911835820505e+02
1.862975081802164823e+01 4.678428138685796966e+02
1.862522023659703052e+01 4.678600257255107522e+02
1.862068965517241281e+01 4.678696675516289929e+02
1.861615907374780932e+01 4.678846079303049237e+02
1.861162849232319161e+01 4.678870819619766053e+02
1.860709791089857390e+01 4.678878170362320930e+02
1.860256732947395619e+01 4.678935752476575658e+02
1.859803674804933848e+01 4.679083793658276704e+02
1.859350616662472078e+01 4.679176587338232025e+02
1.858897558520010307e+01 4.679356187738266613e+02
1.858444500377548536e+01 4.679571710115712904e+02
1.857991442235086765e+01 4.679732438459440118e+02
1.857538384092626416e+01 4.679877702822710717e+02
1.857085325950164645e+01 4.679894951024211309e+02
1.856632267807702874e+01 4.679957531849872225e+02
1.856179209665241103e+01 4.680075825064929518e+02
1.855726151522779332e+01 4.680097926235312116e+02
1.855273093380317562e+01 4.680201002322701243e+02
1.854820035237855791e+01 4.680242962847402168e+02
1.854366977095394020e+01 4.680331416293783491e+02
1.853913918952932249e+01 4.680453328156832526e+02
1.853460860810471900e+01 4.680594756812538435e+02
1.853007802668010129e+01 4.680682947966184884e+02
1.852554744525548358e+01 4.680772070985593132e+02
1.852101686383086587e+01 4.680847876437971422e+02
1.851648628240624816e+01 4.680887867078163822e+02
1.851195570098163046e+01 4.681017745358636830e+02
1.850742511955701275e+01 4.681053411192702924e+02
1.850289453813239504e+01 4.681203750333451126e+02
1.849836395670777733e+01 4.681152944975568744e+02
1.849383337528315963e+01 4.681206184230699705e+02
1.848930279385855613e+01 4.681287319295825000e+02
1.848477221243393842e+01 4.681364770886873998e+02
1.848024163100932071e+01 4.681433583417524460e+02
1.847571104958470301e+01 4.681480764583492373e+02
1.847118046816008530e+01 4.681568715756033043e+02
1.846664988673546759e+01 4.681601620334834593e+02
1.846211930531084988e+01 4.681555756216141617e+02
1.845758872388623217e+01 4.681623585385355568e+02
1.845305814246161447e+01 4.681663865434324521e+02
1.844852756103701097e+01 4.681734226793336688e+02
1.844399697961239326e+01 4.681892256405934063e+02
1.843946639818777555e+01 4.681996500639574492e+02
1.843493581676315785e+01 4.682099785330819941e+02
1.843040523533854014e+01 4.682157247866404646e+02
1.842587465391392243e+01 4.682246429751313599e+02
1.842134407248930472e+01 4.682319945816695963e+02
1.841681349106468701e+01 4.682445166086605468e+02
1.841228290964006931e+01 4.682506096444881223e+02
1.840775232821546581e+01 4.682556211312858068e+02
1.840322174679084810e+01 4.682628130453674089e+02
1.839869116536623039e+01 4.682705433658897505e+02
1.839416058394161269e+01 4.682902839516496556e+02
1.838963000251699498e+01 4.683090726647362203e+02
1.838509942109237727e+01 4.683233820804832135e+02
1.838056883966775956e+01 4.683444121950809063e+02
1.837603825824314185e+01 4.683531337250617526e+02
1.837150767681852415e+01 4.683672399763041767e+02
1.836697709539392065e+01 4.683680494543677355e+02
1.836244651396930294e+01 4.683768818456768486e+02
1.835791593254468523e+01 4.683978054101384600e+02
1.835338535112006753e+01 4.684090664153029024e+02
1.834885476969544982e+01 4.684193346036969388e+02
1.834432418827083211e+01 4.684200045672647548e+02
1.833979360684621440e+01 4.684291447089457847e+02
1.833526302542159669e+01 4.684277355941712813e+02
1.833073244399697899e+01 4.684288954365143809e+02
1.832620186257237549e+01 4.684333381920575334e+02
1.832167128114775778e+01 4.684398890263300927e+02
1.831714069972314007e+01 4.684466468099023473e+02
1.831261011829852237e+01 4.684464141793386034e+02
1.830807953687390466e+01 4.684581696249662741e+02
1.830354895544928695e+01 4.684676973485113649e+02
1.829901837402466924e+01 4.684819205693266895e+02
1.829448779260005153e+01 4.684898049602189189e+02
1.828995721117543383e+01 4.684980057747982300e+02
1.828542662975083033e+01 4.685121258243843840e+02
1.828089604832621262e+01 4.685287256323992438e+02
1.827636546690159491e+01 4.685419478297540081e+02
1.827183488547697721e+01 4.685435204699417682e+02
1.826730430405235950e+01 4.685445712759695311e+02
1.826277372262774179e+01 4.685478975094097223e+02
1.825824314120312408e+01 4.685452235806608314e+02
1.825371255977850637e+01 4.685446042388375645e+02
1.824918197835388867e+01 4.685380690723969224e+02
1.824465139692927096e+01 4.685404023918088683e+02
1.824012081550466746e+01 4.685397783621043004e+02
1.823559023408004975e+01 4.685511321965540219e+02
1.823105965265543205e+01 4.685476243531729210e+02
1.822652907123081434e+01 4.685542311531892210e+02
1.822199848980619663e+01 4.685505832282891561e+02
1.821746790838157892e+01 4.685645864786932293e+02
1.821293732695696121e+01 4.685634201041467577e+02
1.820840674553234351e+01 4.685840093790878882e+02
1.820387616410772580e+01 4.685951132461491966e+02
1.819934558268312230e+01 4.686136333190154915e+02
1.819481500125850459e+01 4.686264710275569314e+02
1.819028441983388689e+01 4.686337839384992208e+02
1.818575383840926918e+01 4.686432575731402608e+02
1.818122325698465147e+01 4.686564698860719318e+02
1.817669267556003376e+01 4.686628439869548401e+02
1.817216209413541605e+01 4.686745072010186846e+02
1.816763151271079835e+01 4.686839666326595193e+02
1.816310093128618064e+01 4.687039541249844206e+02
1.815857034986157714e+01 4.687060606856238678e+02
1.815403976843695943e+01 4.687155954931304791e+02
1.814950918701234173e+01 4.687178819554511620e+02
1.814497860558772402e+01 4.687333653107443183e+02
1.814044802416310631e+01 4.687373523607387256e+02
1.813591744273848860e+01 4.687492628213821604e+02
1.813138686131387090e+01 4.687580935567331721e+02
1.812685627988925319e+01 4.687600019663316857e+02
1.812232569846463548e+01 4.687725239638885455e+02
1.811779511704003198e+01 4.687795675977700398e+02
1.811326453561541427e+01 4.687872554047015115e+02
1.810873395419079657e+01 4.687922275845002105e+02
1.810420337276617886e+01 4.688011927498485534e+02
1.809967279134156115e+01 4.688028304386162972e+02
1.809514220991694344e+01 4.688088912805204700e+02
1.809061162849232574e+01 4.688126376396247679e+02
1.808608104706770803e+01 4.688102071591119397e+02
1.808155046564309032e+01 4.688107240767048438e+02
1.807701988421848682e+01 4.688029466918032995e+02
1.807248930279386911e+01 4.688042780276795156e+02
1.806795872136925141e+01 4.688088203367406663e+02
1.806342813994463370e+01 4.688097122610485030e+02
1.805889755852001599e+01 4.688170496020997007e+02
1.805436697709539828e+01 4.688233419600761636e+02
1.804983639567078058e+01 4.688298422746058804e+02
1.804530581424616287e+01 4.688412537253833534e+02
1.804077523282154516e+01 4.688482858785441181e+02
1.803624465139692745e+01 4.688635288383907778e+02
1.803171406997232395e+01 4.688891016172629520e+02
1.802718348854770625e+01 4.689030567542914127e+02
1.802265290712308854e+01 4.689139174687525724e+02
1.801812232569847083e+01 4.689157261541045614e+02
1.801359174427385312e+01 4.689220320751068130e+02
1.800906116284923542e+01 4.689306989817517319e+02
1.800453058142461771e+01 4.689382739119922121e+02
1.800000000000000000e+01 4.689422033307315019e+02
1.799546941857538229e+01 4.689489695976295707e+02
1.799093883715077880e+01 4.689580225899669585e+02
1.798640825572616109e+01 4.689646283704801704e+02
1.798187767430154338e+01 4.689718219225181315e+02
1.797734709287692567e+01 4.689765944098551245e+02
1.797281651145230796e+01 4.689880491970175171e+02
1.796828593002769026e+01 4.689930560815191143e+02
1.796375534860307255e+01 4.690000130368127884e+02
1.795922476717845484e+01 4.690088597178282726e+02
1.795469418575383713e+01 4.690113295335492012e+02
1.795016360432923364e+01 4.690169863941663380e+02
1.794563302290461593e+01 4.690420297900073479e+02
1.794110244147999822e+01 4.690624058013070226e+02
1.793657186005538051e+01 4.690840451107121112e+02
1.793204127863076280e+01 4.690919611314681106e+02
1.792751069720614510e+01 4.691085204730513283e+02
1.792298011578152739e+01 4.691199345578442603e+02
1.791844953435690968e+01 4.691291715319531477e+02
1.791391895293229197e+01 4.691331719933352815e+02
1.790938837150768848e+01 4.691399231831320549e+02
1.790485779008307077e+01 4.691549973985533484e+02
1.790032720865845306e+01 4.691736679210220586e+02
1.789579662723383535e+01 4.691911792257836851e+02
1.789126604580921764e+01 4.692053972280028233e+02
1.788673546438459994e+01 4.692121272482903578e+02
1.788220488295998223e+01 4.692200691753396882e+02
1.787767430153536452e+01 4.692284705165623677e+02
1.787314372011074681e+01 4.692408606738389381e+02
1.786861313868614332e+01 4.692420314740311369e+02
1.786408255726152561e+01 4.692411422237638590e+02
1.785955197583690790e+01 4.692441699190837312e+02
1.785502139441229019e+01 4.692539043039412832e+02
1.785049081298767248e+01 4.692682385800957263e+02
1.784596023156305478e+01 4.692751919830797078e+02
1.784142965013843707e+01 4.692834314441278707e+02
1.783689906871381936e+01 4.692851158514203007e+02
1.783236848728920165e+01 4.692882810261942268e+02
1.782783790586459816e+01 4.692935447178682580e+02
1.782330732443998045e+01 4.692988809311597720e+02
1.781877674301536274e+01 4.693105062715887925e+02
1.781424616159074503e+01 4.693123408040931395e+02
1.780971558016612732e+01 4.693218746977119054e+02
1.780518499874150962e+01 4.693204504721111903e+02
1.780065441731689191e+01 4.693317954139652670e+02
1.779612383589227420e+01 4.693395170705629766e+02
1.779159325446765649e+01 4.693415581760981468e+02
1.778706267304303879e+01 4.693549494379729481e+02
1.778253209161843529e+01 4.693682359639607284e+02
1.777800151019381758e+01 4.693835550487202681e+02
1.777347092876919987e+01 4.693943387633905786e+02
1.776894034734458216e+01 4.694033100571965633e+02
1.776440976591996446e+01 4.694139909666350263e+02
1.775987918449534675e+01 4.694214466824870442e+02
1.775534860307072904e+01 4.694297391259977417e+02
1.775081802164611133e+01 4.694463092839392857e+02
1.774628744022149363e+01 4.694502178230614504e+02
1.774175685879689013e+01 4.694670289971527382e+02
1.773722627737227242e+01 4.694737465677229125e+02
1.773269569594765471e+01 4.694844325985715159e+02
1.772816511452303700e+01 4.694939566476967343e+02
1.772363453309841930e+01 4.694933814517346491e+02
1.771910395167380159e+01 4.694975427378695372e+02
1.771457337024918388e+01 4.695050153137507891e+02
1.771004278882456617e+01 4.695138921265624958e+02
1.770551220739994847e+01 4.695196222408156927e+02
1.770098162597534497e+01 4.695284456679424920e+02
1.769645104455072726e+01 4.695341865659824521e+02
1.769192046312610955e+01 4.695310474974214685e+02
1.768738988170149184e+01 4.695300333808320943e+02
1.768285930027687414e+01 4.695294278527280767e+02
1.767832871885225643e+01 4.695221602248101931e+02
1.767379813742763872e+01 4.695243249382933755e+02
1.766926755600302101e+01 4.695258004350228589e+02
1.766473697457840331e+01 4.695354539742779139e+02
1.766020639315379981e+01 4.695376317868759770e+02
1.765567581172918210e+01 4.695434844373766055e+02
1.765114523030456439e+01 4.695488281834718123e+02
1.764661464887994669e+01 4.695660976022510908e+02
1.764208406745532898e+01 4.695819473195527394e+02
1.763755348603071127e+01 4.696026187408771762e+02
1.763302290460609356e+01 4.696076145304496663e+02
1.762849232318147585e+01 4.696326463208832251e+02
1.762396174175685815e+01 4.696399385346588815e+02
1.761943116033225465e+01 4.696515942665039915e+02
1.761490057890763694e+01 4.696552471583027568e+02
1.761036999748301923e+01 4.696560958663159795e+02
1.760583941605840153e+01 4.696642924527857303e+02
1.760130883463378382e+01 4.696646240605169282e+02
1.759677825320916611e+01 4.696678332393570372e+02
1.759224767178454840e+01 4.696724482297836403e+02
1.758771709035993069e+01 4.696736083665122123e+02
1.758318650893531299e+01 4.696768480593576669e+02
1.757865592751070949e+01 4.696773805339298633e+02
1.757412534608609178e+01 4.696914732723238330e+02
1.756959476466147407e+01 4.697028871557035927e+02
1.756506418323685637e+01 4.697237919240720316e+02
1.756053360181223866e+01 4.697256199110988177e+02
1.755600302038762095e+01 4.697432442049827728e+02
1.755147243896300324e+01 4.697491715786261466e+02
1.754694185753838553e+01 4.697626217004180376e+02
1.754241127611376783e+01 4.697769173401102307e+02
1.753788069468915012e+01 4.697768937254118100e+02
1.753335011326454662e+01 4.697770870207683060e+02
1.752881953183992891e+01 4.697839758381292086e+02
1.752428895041531121e+01 4.697821436963112660e+02
1.751975836899069350e+01 4.697882597957778898e+02
1.751522778756607579e+01 4.698051537764492878e+02
1.751069720614145808e+01 4.698070722471684348e+02
1.750616662471684037e+01 4.698118052666534368e+02
1.750163604329222267e+01 4.698184035985765945e+02
1.749710546186760496e+01 4.698127395259843979e+02
1.749257488044300146e+01 4.698198170492796066e+02
1.748804429901838375e+01 4.698244947985693329e+02
1.748351371759376605e+01 4.698332251879257910e+02
1.747898313616914834e+01 4.698304864098883513e+02
1.747445255474453063e+01 4.698304663837306521e+02
1.746992197331991292e+01 4.698418780370852801e+02
1.746539139189529521e+01 4.698490627054835045e+02
1.746086081047067751e+01 4.698640768567165651e+02
1.745633022904605980e+01 4.698583162814522893e+02
1.745179964762145630e+01 4.698663914826408927e+02
1.744726906619683859e+01 4.698650162125127849e+02
1.744273848477222089e+01 4.698644560288462344e+02
1.743820790334760318e+01 4.698858455244749166e+02
1.743367732192298547e+01 4.698976540163717459e+02
1.742914674049836776e+01 4.699180791378460071e+02
1.742461615907375005e+01 4.699267109119399493e+02
1.742008557764913235e+01 4.699363934104208624e+02
1.741555499622451464e+01 4.699430588717594333e+02
1.741102441479991114e+01 4.699503789782115177e+02
1.740649383337529343e+01 4.699553047997308681e+02
1.740196325195067573e+01 4.699511960679720346e+02
1.739743267052605802e+01 4.699624758851314823e+02
1.739290208910144031e+01 4.699613485920411335e+02
1.738837150767682260e+01 4.699613655846815163e+02
1.738384092625220489e+01 4.699650830386190137e+02
1.737931034482758719e+01 4.699612655506449528e+02
1.737477976340296948e+01 4.699680699649141502e+02
1.737024918197836598e+01 4.699716974299461185e+02
1.736571860055374827e+01 4.699839606781650900e+02
1.736118801912913057e+01 4.699932539391926980e+02
1.735665743770451286e+01 4.699997655831165844e+02
1.735212685627989515e+01 4.700123182986546340e+02
1.734759627485527744e+01 4.700156099821895737e+02
1.734306569343065973e+01 4.700175374757699274e+02
1.733853511200604203e+01 4.700262219414931337e+02
1.733400453058142432e+01 4.700280149382269315e+02
1.732947394915682082e+01 4.700449581540431723e+02
1.732494336773220311e+01 4.700598229314471723e+02
1.732041278630758541e+01 4.700762476970247690e+02
1.731588220488296770e+01 4.700848639504794164e+02
1.731135162345834999e+01 4.700965055428097230e+02
1.730682104203373228e+01 4.700999995761552555e+02
1.730229046060911458e+01 4.700930642469469944e+02
1.729775987918449687e+01 4.700953476687017769e+02
1.729322929775987916e+01 4.700949560336275113e+02
1.728869871633526145e+01 4.700967587800564047e+02
1.728416813491065795e+01 4.700997236090331626e+02
1.727963755348604025e+01 4.701067849767605935e+02
1.727510697206142254e+01 4.701162812577846921e+02
1.727057639063680483e+01 4.701224924756563723e+02
1.726604580921218712e+01 4.701261745529185418e+02
1.726151522778756942e+01 4.701213085690862954e+02
1.725698464636295171e+01 4.701247480706376791e+02
1.725245406493833400e+01 4.701293566290364652e+02
1.724792348351371629e+01 4.701393914409271133e+02
1.724339290208911279e+01 4.701428560775649999e+02
1.723886232066449509e+01 4.701540577023554306e+02
1.723433173923987738e+01 4.701693037215847539e+02
1.722980115781525967e+01 4.701759935303884959e+02
1.722527057639064196e+01 4.701905296275642172e+02
1.722073999496602426e+01 4.701946201441144808e+02
1.721620941354140655e+01 4.702082405006149202e+02
1.721167883211678884e+01 4.702126974365476144e+02
1.720714825069217113e+01 4.702206853855803956e+02
1.720261766926756763e+01 4.702372683843849472e+02
1.719808708784294993e+01 4.702393161678068054e+02
1.719355650641833222e+01 4.702534956458479201e+02
1.718902592499371451e+01 4.702591478633288489e+02
1.718449534356909680e+01 4.702677594061030391e+02
1.717996476214447910e+01 4.702740641567590387e+02
1.717543418071986139e+01 4.702821558444326797e+02
1.717090359929524368e+01 4.702870649824769771e+02
1.716637301787062597e+01 4.702997461051088521e+02
1.716184243644602248e+01 4.703041255803129275e+02
1.715731185502140477e+01 4.703190450745826752e+02
1.715278127359678706e+01 4.703219438391849962e+02
1.714825069217216935e+01 4.703307328885313723e+02
1.714372011074755164e+01 4.703452814682467533e+02
1.713918952932293394e+01 4.703548537345698151e+02
1.713465894789831623e+01 4.703652871672999254e+02
1.713012836647369852e+01 4.703729135590592136e+02
1.712559778504908081e+01 4.703876981860172464e+02
1.712106720362447732e+01 4.703998307229030615e+02
1.711653662219985961e+01 4.704083393644085618e+02
1.711200604077524190e+01 4.704023818390621727e+02
1.710747545935062419e+01 4.704019569499232034e+02
1.710294487792600648e+01 4.704093057184975919e+02
1.709841429650138878e+01 4.704234171902181174e+02
1.709388371507677107e+01 4.704294996934722803e+02
1.708935313365215336e+01 4.704368532353233832e+02
1.708482255222753565e+01 4.704429563149643059e+02
1.708029197080291794e+01 4.704620496892059691e+02
1.707576138937831445e+01 4.704629984619801917e+02
1.707123080795369674e+01 4.704757890748879277e+02
1.706670022652907903e+01 4.704792273786354713e+02
1.706216964510446132e+01 4.704925298991131513e+02
1.705763906367984362e+01 4.705020778258960945e+02
1.705310848225522591e+01 4.705135259657154734e+02
1.704857790083060820e+01 4.705162663808458205e+02
1.704404731940599049e+01 4.705136476870453635e+02
1.703951673798137278e+01 4.705244844433924527e+02
1.703498615655676929e+01 4.705226115754933289e+02
1.703045557513215158e+01 4.705434035929166043e+02
1.702592499370753387e+01 4.705484703170228045e+02
1.702139441228291616e+01 4.705522605071520843e+02
1.701686383085829846e+01 4.705495780080843815e+02
1.701233324943368075e+01 4.705500304777177689e+02
1.700780266800906304e+01 4.705639505212986364e+02
1.700327208658444533e+01 4.705748466033364252e+02
1.699874150515982762e+01 4.705815862195414638e+02
1.699421092373522413e+01 4.705858295219395018e+02
1.698968034231060642e+01 4.705931922250379102e+02
1.698514976088598871e+01 4.706000667991174851e+02
1.698061917946137100e+01 4.706096494850717136e+02
1.697608859803675330e+01 4.706119762918378910e+02
1.697155801661213559e+01 4.706255376433961715e+02
1.696702743518751788e+01 4.706257707399806804e+02
1.696249685376290017e+01 4.706422295691709223e+02
1.695796627233828247e+01 4.706478489060165202e+02
1.695343569091367897e+01 4.706593293864020211e+02
1.694890510948906126e+01 4.706755590289555471e+02
1.694437452806444355e+01 4.706873932480556846e+02
1.693984394663982584e+01 4.707046865700609715e+02
1.693531336521520814e+01 4.707156113968654836e+02
1.693078278379059043e+01 4.707337668943584390e+02
1.692625220236597272e+01 4.707396032872050000e+02
1.692172162094135501e+01 4.707528441216335295e+02
1.691719103951673731e+01 4.707647124487036763e+02
1.691266045809213381e+01 4.707692453637721428e+02
1.690812987666751610e+01 4.707765026384030307e+02
1.690359929524289839e+01 4.707807380773367640e+02
1.689906871381828068e+01 4.707756437595156740e+02
1.689453813239366298e+01 4.707790432264774836e+02
1.689000755096904527e+01 4.707824042346466626e+02
1.688547696954442756e+01 4.707900477103850676e+02
1.688094638811980985e+01 4.708010529826863717e+02
1.687641580669519215e+01 4.708050538164336558e+02
1.687188522527058865e+01 4.708210269957724563e+02
1.686735464384597094e+01 4.708276200870611774e+02
1.686282406242135323e+01 4.708386997128725966e+02
1.685829348099673552e+01 4.708579554691982025e+02
1.685376289957211782e+01 4.708628443673709967e+02
1.684923231814750011e+01 4.708778171706302942e+02
1.684470173672288240e+01 4.708847012838999149e+02
1.684017115529826469e+01 4.708892141253729164e+02
1.683564057387364699e+01 4.708988633575070253e+02
1.683110999244902928e+01 4.709157344231194884e+02
1.682657941102442578e+01 4.709216349696389443e+02
1.682204882959980807e+01 4.709312294327628479e+02
1.681751824817519037e+01 4.709364429348442513e+02
1.681298766675057266e+01 4.709444601209598318e+02
1.680845708532595495e+01 4.709421310562848362e+02
1.680392650390133724e+01 4.709457868273016743e+02
1.679939592247671953e+01 4.709526962534642962e+02
1.679486534105210183e+01 4.709570250342962368e+02
1.679033475962748412e+01 4.709612136239659321e+02
1.678580417820288062e+01 4.709637047028901407e+02
1.678127359677826291e+01 4.709726108354509506e+02
1.677674301535364521e+01 4.709822721265114751e+02
1.677221243392902750e+01 4.709927767526887692e+02
1.676768185250440979e+01 4.710048235462114690e+02
1.676315127107979208e+01 4.710127415615463633e+02
1.675862068965517437e+01 4.710171101194837888e+02
1.675409010823055667e+01 4.710272509853809311e+02
1.674955952680593896e+01 4.710333038327633517e+02
1.674502894538133546e+01 4.710404961366257908e+02
1.674049836395671775e+01 4.710477875692819225e+02
1.673596778253210005e+01 4.710532989645583370e+02
1.673143720110748234e+01 4.710550975715921140e+02
1.672690661968286463e+01 4.710609072848183132e+02
1.672237603825824692e+01 4.710712213366458627e+02
1.671784545683362921e+01 4.710799305272759057e+02
1.671331487540901151e+01 4.710825057147244479e+02
1.670878429398439380e+01 4.710913665473601100e+02
1.670425371255979030e+01 4.710959093557497681e+02
1.669972313113517259e+01 4.711031806938295858e+02
1.669519254971055489e+01 4.711149229468025510e+02
1.669066196828593718e+01 4.711260200858953908e+02
1.668613138686131947e+01 4.711372208190616107e+02
1.668160080543670176e+01 4.711494992538670772e+02
1.667707022401208405e+01 4.711540706815380872e+02
1.667253964258746635e+01 4.711554451318021961e+02
1.666800906116284864e+01 4.711599777077095155e+02
1.666347847973824514e+01 4.711699141589226656e+02
1.665894789831362743e+01 4.711738702930695695e+02
1.665441731688900973e+01 4.711806582380461919e+02
1.664988673546439202e+01 4.711926115883437092e+02
1.664535615403977431e+01 4.712033530696695038e+02
1.664082557261515660e+01 4.712182018621707016e+02
1.663629499119053889e+01 4.712245061927730490e+02
1.663176440976592119e+01 4.712366756063627236e+02
1.662723382834130348e+01 4.712333318917052907e+02
1.662270324691669998e+01 4.712456888390991594e+02
1.661817266549208227e+01 4.712525523294312393e+02
1.661364208406746457e+01 4.712625274198205148e+02
1.660911150264284686e+01 4.712796176909462815e+02
1.660458092121822915e+01 4.712888150643090057e+02
1.660005033979361144e+01 4.712916780097024230e+02
1.659551975836899373e+01 4.713020730998514409e+02
1.659098917694437603e+01 4.713062379941271729e+02
1.658645859551975832e+01 4.713156417277391483e+02
1.658192801409514061e+01 4.713238631488866872e+02
1.657739743267053711e+01 4.713356980644559258e+02
1.657286685124591941e+01 4.713469859656834728e+02
1.656833626982130170e+01 4.713500363741613910e+02
1.656380568839668399e+01 4.713615806485129269e+02
1.655927510697206628e+01 4.713676182967764703e+02
1.655474452554744857e+01 4.713742538467975010e+02
1.655021394412283087e+01 4.713742090932018982e+02
1.654568336269821316e+01 4.713787148137661802e+02
1.654115278127359545e+01 4.713776748522988669e+02
1.653662219984899195e+01 4.713877630220198398e+02
1.653209161842437425e+01 4.713995435516422390e+02
1.652756103699975654e+01 4.714039453406875850e+02
1.652303045557513883e+01 4.714093740124792475e+02
1.651849987415052112e+01 4.714078511913753005e+02
1.651396929272590341e+01 4.714136722283739118e+02
1.650943871130128571e+01 4.714114538007961528e+02
1.650490812987666800e+01 4.714280413776385785e+02
1.650037754845205029e+01 4.714351051691221528e+02
1.649584696702744679e+01 4.714425750042742038e+02
1.649131638560282909e+01 4.714421945195347803e+02
1.648678580417821138e+01 4.714456925247652634e+02
1.648225522275359367e+01 4.714483885992206069e+02
1.647772464132897596e+01 4.714601871705184521e+02
1.647319405990435826e+01 4.714604912099858893e+02
1.646866347847974055e+01 4.714768894237778341e+02
1.646413289705512284e+01 4.714848745026461074e+02
1.645960231563050513e+01 4.714988641522426747e+02
1.645507173420590163e+01 4.715166291119143693e+02
1.645054115278128393e+01 4.715242893692647499e+02
1.644601057135666622e+01 4.715368964543031325e+02
1.644147998993204851e+01 4.715453856101958081e+02
1.643694940850743080e+01 4.715537294891938700e+02
1.643241882708281310e+01 4.715654266219975170e+02
1.642788824565819539e+01 4.715785468247950121e+02
1.642335766423357768e+01 4.715833545740549653e+02
1.641882708280895997e+01 4.715965795102981701e+02
1.641429650138435647e+01 4.715918796654663083e+02
1.640976591995973877e+01 4.716021380548518778e+02
1.640523533853512106e+01 4.716041681815046900e+02
1.640070475711050335e+01 4.716136784336881647e+02
1.639617417568588564e+01 4.716208621315029745e+02
1.639164359426126794e+01 4.716191855749389106e+02
1.638711301283665023e+01 4.716295546902659339e+02
1.638258243141203252e+01 4.716282581759449499e+02
1.637805184998741481e+01 4.716373530637033582e+02
1.637352126856281131e+01 4.716403599649734701e+02
1.636899068713819361e+01 4.716499732930063828e+02
1.636446010571357590e+01 4.716704277548035975e+02
1.635992952428895819e+01 4.716812731886074062e+02
1.635539894286434048e+01 4.716931478975185428e+02
1.635086836143972278e+01 4.717045078814545604e+02
1.634633778001510507e+01 4.717134977696184137e+02
1.634180719859048736e+01 4.717199836867397380e+02
1.633727661716586965e+01 4.717369115037301412e+02
1.633274603574125194e+01 4.717460715894312102e+02
1.632821545431664845e+01 4.717574686434783757e+02
1.632368487289203074e+01 4.717593303065260670e+02
1.631915429146741303e+01 4.717586829747326647e+02
1.631462371004279532e+01 4.717689709045819768e+02
1.631009312861817762e+01 4.717720951340661486e+02
1.630556254719355991e+01 4.717888517714287673e+02
1.630103196576894220e+01 4.717908066697645495e+02
1.629650138434432449e+01 4.718070042532895627e+02
1.629197080291970678e+01 4.718108668328669637e+02
1.628744022149510329e+01 4.718203045943916436e+02
1.628290964007048558e+01 4.718267099032655665e+02
1.627837905864586787e+01 4.718402086418239492e+02
1.627384847722125016e+01 4.718584581060693495e+02
1.626931789579663246e+01 4.718603462094507677e+02
1.626478731437201475e+01 4.718658943934745480e+02
1.626025673294739704e+01 4.718671187920389798e+02
1.625572615152277933e+01 4.718811860710391670e+02
1.625119557009816162e+01 4.718812374955329574e+02
1.624666498867355813e+01 4.718938950161111734e+02
1.624213440724894042e+01 4.719101061668854413e+02
1.623760382582432271e+01 4.719272813658927248e+02
1.623307324439970500e+01 4.719396225990570315e+02
1.622854266297508730e+01 4.719416356308002491e+02
1.622401208155046959e+01 4.719511650858045755e+02
1.621948150012585188e+01 4.719557051332699871e+02
1.621495091870123417e+01 4.719728787966023447e+02
1.621042033727661646e+01 4.719786347493565017e+02
1.620588975585201297e+01 4.719921740516105615e+02
1.620135917442739526e+01 4.719952765989850150e+02
1.619682859300277755e+01 4.720085334271281567e+02
1.619229801157815984e+01 4.720067309719145214e+02
1.618776743015354214e+01 4.720171446101766719e+02
1.618323684872892443e+01 4.720293715773202621e+02
1.617870626730430672e+01 4.720388800892285985e+02
1.617417568587968901e+01 4.720554888567792773e+02
1.616964510445507130e+01 4.720612559133621744e+02
1.616511452303046781e+01 4.720766076861319220e+02
1.616058394160585010e+01 4.720823379941444387e+02
1.615605336018123239e+01 4.720988245491495263e+02
1.615152277875661468e+01 4.721034098511500474e+02
1.614699219733199698e+01 4.721116273501762635e+02
1.614246161590737927e+01 4.721106723205183471e+02
1.613793103448276156e+01 4.721183771953519113e+02
1.613340045305814385e+01 4.721230759427101589e+02
1.612886987163352615e+01 4.721246228825668254e+02
1.612433929020890844e+01 4.721445465278368374e+02
1.611980870878430494e+01 4.721529094442423116e+02
1.611527812735968723e+01 4.721580736598253907e+02
1.611074754593506952e+01 4.721606498219140349e+02
1.610621696451045182e+01 4.721676748250340552e+02
1.610168638308583411e+01 4.721745551228926843e+02
1.609715580166121640e+01 4.721824541811271274e+02
1.609262522023659869e+01 4.721943525225559029e+02
1.608809463881198099e+01 4.721914250853109820e+02
1.608356405738736328e+01 4.722036065174843884e+02
1.607903347596275978e+01 4.722164911672748531e+02
1.607450289453814207e+01 4.722230337375160616e+02
1.606997231311352436e+01 4.722320212791469771e+02
1.606544173168890666e+01 4.722330772609640235e+02
1.606091115026428895e+01 4.722424135777674792e+02
1.605638056883967124e+01 4.722417186959922333e+02
1.605184998741505353e+01 4.722524312346510555e+02
1.604731940599043583e+01 4.722596911692170920e+02
1.604278882456581812e+01 4.722696493145321597e+02
1.603825824314121462e+01 4.722782437817634218e+02
1.603372766171659691e+01 4.722930763824422229e+02
1.602919708029197920e+01 4.723047604814559577e+02
1.602466649886736150e+01 4.723121957145316401e+02
1.602013591744274379e+01 4.723175159631503561e+02
1.601560533601812608e+01 4.723229101109795351e+02
1.601107475459350837e+01 4.723305595466037516e+02
1.600654417316889067e+01 4.723378913621273227e+02
1.600201359174427296e+01 4.723435023973842135e+02
1.599748301031966946e+01 4.723449923192547431e+02
1.599295242889505175e+01 4.723503140016685506e+02
1.598842184747043405e+01 4.723598448273010035e+02
1.598389126604581634e+01 4.723549024639930281e+02
1.597936068462119863e+01 4.723569376189050217e+02
1.597483010319658092e+01 4.723619448557748228e+02
1.597029952177196321e+01 4.723747323332967198e+02
1.596576894034734551e+01 4.723833186102099830e+02
1.596123835892272780e+01 4.723880003470561633e+02
1.595670777749812430e+01 4.724030244313810272e+02
1.595217719607350659e+01 4.724066272317597850e+02
1.594764661464888889e+01 4.724176752066640006e+02
1.594311603322427118e+01 4.724230231249816256e+02
1.593858545179965347e+01 4.724321199963978870e+02
1.593405487037503576e+01 4.724329404986142436e+02
1.592952428895041805e+01 4.724408088701392217e+02
1.592499370752580035e+01 4.724481565661753848e+02
1.592046312610118264e+01 4.724568977078791363e+02
1.591593254467657914e+01 4.724583649856354555e+02
1.591140196325196143e+01 4.724603340255829949e+02
1.590687138182734373e+01 4.724626277602421283e+02
1.590234080040272602e+01 4.724691848038730768e+02
1.589781021897810831e+01 4.724808064379349730e+02
1.589327963755349060e+01 4.724861532275958211e+02
1.588874905612887289e+01 4.724959985509001399e+02
1.588421847470425519e+01 4.725048711487897322e+02
1.587968789327963748e+01 4.725054196182089754e+02
1.587515731185501977e+01 4.725165782766620737e+02
1.587062673043041627e+01 4.725278826070643277e+02
1.586609614900579857e+01 4.725389251197541967e+02
1.586156556758118086e+01 4.725502361571070651e+02
1.585703498615656315e+01 4.725565106463247957e+02
1.585250440473194544e+01 4.725707640909154748e+02
1.584797382330732773e+01 4.725704829166797367e+02
1.584344324188271003e+01 4.725785695446342629e+02
1.583891266045809232e+01 4.725842055585518438e+02
1.583438207903347461e+01 4.726006345325635039e+02
1.582985149760887111e+01 4.726060078974120415e+02
1.582532091618425341e+01 4.726188314042976799e+02
1.582079033475963570e+01 4.726202689781974300e+02
1.581625975333501799e+01 4.726316151977592313e+02
1.581172917191040028e+01 4.726398299295508991e+02
1.580719859048578257e+01 4.726603664043237245e+02
1.580266800906116487e+01 4.726716886990823241e+02
1.579813742763654716e+01 4.726739581874472265e+02
1.579360684621192945e+01 4.726786411945728901e+02
1.578907626478732595e+01 4.726809581492560710e+02
1.578454568336270825e+01 4.726903803384280423e+02
1.578001510193809054e+01 4.726943141845725336e+02
1.577548452051347283e+01 4.727000228625633440e+02
1.577095393908885512e+01 4.727027675166143013e+02
1.576642335766423741e+01 4.727136398261052364e+02
1.576189277623961971e+01 4.727188539808549308e+02
1.575736219481500200e+01 4.727230784773243499e+02
1.575283161339038429e+01 4.727270611021387481e+02
1.574830103196578079e+01 4.727343876563379013e+02
1.574377045054116309e+01 4.727323820921631068e+02
1.573923986911654538e+01 4.727353703964747069e+02
1.573470928769192767e+01 4.727450236654003675e+02
1.573017870626730996e+01 4.727523474433007209e+02
1.572564812484269225e+01 4.727576811213195356e+02
1.572111754341807455e+01 4.727616692041459032e+02
1.571658696199345684e+01 4.727645562016864460e+02
1.571205638056883913e+01 4.727687570991275265e+02
1.570752579914423563e+01 4.727785726145160652e+02
1.570299521771961793e+01 4.727919327825937899e+02
1.569846463629500022e+01 4.727989126098290171e+02
1.569393405487038251e+01 4.728151414838957294e+02
1.568940347344576480e+01 4.728184234809705799e+02
1.568487289202114709e+01 4.728389596371351900e+02
1.568034231059652939e+01 4.728448131292718699e+02
1.567581172917191168e+01 4.728656766791359587e+02
1.567128114774729397e+01 4.728664002545040717e+02
1.566675056632269047e+01 4.728793159204224139e+02
1.566221998489807277e+01 4.728827216327798055e+02
1.565768940347345506e+01 4.728913159979898069e+02
1.565315882204883735e+01 4.729058952680320544e+02
1.564862824062421964e+01 4.729106331384525674e+02
1.564409765919960194e+01 4.729170596137288385e+02
1.563956707777498423e+01 4.729145603808245824e+02
1.563503649635036652e+01 4.729183876750415152e+02
1.563050591492574881e+01 4.729215908214482624e+02
1.562597533350113110e+01 4.729263824666782057e+02
1.562144475207652761e+01 4.729287882881989731e+02
1.561691417065190990e+01 4.729353803843909532e+02
1.561238358922729219e+01 4.729401777531899143e+02
1.560785300780267448e+01 4.729409682253637470e+02
1.560332242637805678e+01 4.729425886446881577e+02
1.559879184495343907e+01 4.729432684907669682e+02
1.559426126352882136e+01 4.729459397416169395e+02
1.558973068210420365e+01 4.729484055052881786e+02
1.558520010067958594e+01 4.729584223824783749e+02
1.558066951925498245e+01 4.729640458129808280e+02
1.557613893783036474e+01 4.729685439700105576e+02
1.557160835640574703e+01 4.729680919425732100e+02
1.556707777498112932e+01 4.729648717656386907e+02
1.556254719355651162e+01 4.729764916528176286e+02
1.555801661213189391e+01 4.729865722581778869e+02
1.555348603070727620e+01 4.729983050850880204e+02
1.554895544928265849e+01 4.730110186212090753e+02
1.554442486785804078e+01 4.730227511057336187e+02
1.553989428643343729e+01 4.730268180784825631e+02
1.553536370500881958e+01 4.730311960203095509e+02
1.553083312358420187e+01 4.730393840328931674e+02
1.552630254215958416e+01 4.730456566269501764e+02
1.552177196073496646e+01 4.730502881139585725e+02
1.551724137931034875e+01 4.730501693855956660e+02
1.551271079788573104e+01 4.730539702379213622e+02
1.550818021646111333e+01 4.730536536741522582e+02
1.550364963503649562e+01 4.730653113040660287e+02
1.549911905361189213e+01 4.730668537362510051e+02
1.549458847218727442e+01 4.730748303084868098e+02
1.549005789076265671e+01 4.730806970505452682e+02
1.548552730933803900e+01 4.730886298603212481e+02
1.548099672791342130e+01 4.730972988818040790e+02
1.547646614648880359e+01 4.731149771506862862e+02
1.547193556506418588e+01 4.731251374232517151e+02
1.546740498363956817e+01 4.731338334034607556e+02
1.546287440221495046e+01 4.731354807640886406e+02
1.545834382079034697e+01 4.731415046826517141e+02
1.545381323936572926e+01 4.731505280940784246e+02
1.544928265794111155e+01 4.731567136732988956e+02
1.544475207651649384e+01 4.731692747048899150e+02
1.544022149509187614e+01 4.731753809253164604e+02
1.543569091366725843e+01 4.731841117292220815e+02
1.543116033224264072e+01 4.731920129772274777e+02
1.542662975081802301e+01 4.732016096743639650e+02
1.542209916939340530e+01 4.732062790378873274e+02
1.541756858796880181e+01 4.732106728694988647e+02
1.541303800654418410e+01 4.732120216296403896e+02
1.540850742511956639e+01 4.732131070950193248e+02
1.540397684369494868e+01 4.732174000694496385e+02
1.539944626227033098e+01 4.732227658622132935e+02
1.539491568084571327e+01 4.732250774893840912e+02
1.539038509942109556e+01 4.732273339035144204e+02
1.538585451799647785e+01 4.732279144976943144e+02
1.538132393657186014e+01 4.732272444565482488e+02
1.537679335514724244e+01 4.732295995383807394e+02
1.537226277372263894e+01 4.732277720868885353e+02
1.536773219229802123e+01 4.732312972073420383e+02
1.536320161087340352e+01 4.732326179524677627e+02
1.535867102944878582e+01 4.732316469318908503e+02
1.535414044802416811e+01 4.732428681190568227e+02
1.534960986659955040e+01 4.732530138778082573e+02
1.534507928517493269e+01 4.732718112971508617e+02
1.534054870375031498e+01 4.732771500687217667e+02
1.533601812232569728e+01 4.732892483830887045e+02
1.533148754090109378e+01 4.732935570042574795e+02
1.532695695947647607e+01 4.732995753702510910e+02
1.532242637805185836e+01 4.733075546860809482e+02
1.531789579662724066e+01 4.733170271962096081e+02
1.531336521520262295e+01 4.733264391855524877e+02
1.530883463377800524e+01 4.733221047190543800e+02
1.530430405235338753e+01 4.733282895363037142e+02
1.529977347092876983e+01 4.733349040661775575e+02
1.529524288950415212e+01 4.733375712417357022e+02
1.529071230807954862e+01 4.733340897933409792e+02
1.528618172665493091e+01 4.733437174489723702e+02
1.528165114523031320e+01 4.733439524710797741e+02
1.527712056380569550e+01 4.733548531375042216e+02
1.527258998238107779e+01 4.733574370439355334e+02
1.526805940095646008e+01 4.733668844544514513e+02
1.526352881953184237e+01 4.733782657198062793e+02
1.525899823810722467e+01 4.733944922755698030e+02
1.525446765668260696e+01 4.734091756819900070e+02
1.524993707525800346e+01 4.734184375405814649e+02
1.524540649383338575e+01 4.734248014504592561e+02
1.524087591240876804e+01 4.734374999785819114e+02
1.523634533098415034e+01 4.734505962674198827e+02
1.523181474955953263e+01 4.734586999505065137e+02
1.522728416813491492e+01 4.734631085309142122e+02
1.522275358671029721e+01 4.734649646294902823e+02
1.521822300528567951e+01 4.734695949787090967e+02
1.521369242386106180e+01 4.734696130141711592e+02
1.520916184243645830e+01 4.734750782305171128e+02
1.520463126101184059e+01 4.734814593352107295e+02
1.520010067958722288e+01 4.734792784335387523e+02
1.519557009816260518e+01 4.734904776764231542e+02
1.519103951673798747e+01 4.734944748969075476e+02
1.518650893531336976e+01 4.735034154762064418e+02
1.518197835388875205e+01 4.735124304262291730e+02
1.517744777246413435e+01 4.735111741691291058e+02
1.517291719103951664e+01 4.735171319296156867e+02
1.516838660961489893e+01 4.735168662592261626e+02
1.516385602819029543e+01 4.735253639531780436e+02
1.515932544676567773e+01 4.735355938228634614e+02
1.515479486534106002e+01 4.735439308764986777e+02
1.515026428391644231e+01 4.735540183302127843e+02
1.514573370249182460e+01 4.735549118910836910e+02
1.514120312106720689e+01 4.735550968348877063e+02
1.513667253964258919e+01 4.735489464098840813e+02
1.513214195821797148e+01 4.735560095920791355e+02
1.512761137679335377e+01 4.735524845246978316e+02
1.512308079536875027e+01 4.735551519108822731e+02
1.511855021394413257e+01 4.735578983395812998e+02
1.511401963251951486e+01 4.735605781297584826e+02
1.510948905109489715e+01 4.735697609588202113e+02
1.510495846967027944e+01 4.735695582997477118e+02
1.510042788824566173e+01 4.735773286792826298e+02
1.509589730682104403e+01 4.735742075492689196e+02
1.509136672539642632e+01 4.735748859706120584e+02
1.508683614397180861e+01 4.735694153338139927e+02
1.508230556254720511e+01 4.735712253605589694e+02
1.507777498112258741e+01 4.735678325546157339e+02
1.507324439969796970e+01 4.735773627429138628e+02
1.506871381827335199e+01 4.735831057773552857e+02
1.506418323684873428e+01 4.735903016697199632e+02
1.505965265542411657e+01 4.736011161412436081e+02
1.505512207399949887e+01 4.736012119809728347e+02
1.505059149257488116e+01 4.736074149497565031e+02
1.504606091115026345e+01 4.736013231249924615e+02
1.504153032972565995e+01 4.736104631704922667e+02
1.503699974830104225e+01 4.736136575430801372e+02
1.503246916687642454e+01 4.736183603102475672e+02
1.502793858545180683e+01 4.736181390188568230e+02
1.502340800402718912e+01 4.736182228310574374e+02
1.501887742260257141e+01 4.736144631527181446e+02
1.501434684117795371e+01 4.736101858287403275e+02
1.500981625975333600e+01 4.736173831256192557e+02
1.500528567832871829e+01 4.736132999888592394e+02
1.500075509690411479e+01 4.736169742962634359e+02
1.499622451547949709e+01 4.736162171770495775e+02
1.499169393405487938e+01 4.736202432613271753e+02
1.498716335263026167e+01 4.736272429515802855e+02
1.498263277120564396e+01 4.736381618720336633e+02
1.497810218978102625e+01 4.736441483821371321e+02
1.497357160835640855e+01 4.736517089511816607e+02
1.496904102693179084e+01 4.736491777172903426e+02
1.496451044550717313e+01 4.736504160107498933e+02
1.495997986408256963e+01 4.736574006659486145e+02
1.495544928265795193e+01 4.736553477856375594e+02
1.495091870123333422e+01 4.736560482334143103e+02
1.494638811980871651e+01 4.736592382128503687e+02
1.494185753838409880e+01 4.736620562738798981e+02
1.493732695695948109e+01 4.736612884086989084e+02
1.493279637553486339e+01 4.736620449962624662e+02
1.492826579411024568e+01 4.736713688118115329e+02
1.492373521268562797e+01 4.736787177251324010e+02
1.491920463126101026e+01 4.736829513450404647e+02
1.491467404983640677e+01 4.736899393686874760e+02
1.491014346841178906e+01 4.736880533342543913e+02
1.490561288698717135e+01 4.736927846308341259e+02
1.490108230556255364e+01 4.736914540092050743e+02
1.489655172413793593e+01 4.736910995206300186e+02
1.489202114271331823e+01 4.736925597310083162e+02
1.488749056128870052e+01 4.736955644114586903e+02
1.488295997986408281e+01 4.737020608185312085e+02
1.487842939843946510e+01 4.736999608256601846e+02
1.487389881701486161e+01 4.737017303662634049e+02
1.486936823559024390e+01 4.737092652268528923e+02
1.486483765416562619e+01 4.737105160842389182e+02
1.486030707274100848e+01 4.737146556420472052e+02
1.485577649131639077e+01 4.737138928603331465e+02
1.485124590989177307e+01 4.737215471322844564e+02
1.484671532846715536e+01 4.737214926472254888e+02
1.484218474704253765e+01 4.737208009025756610e+02
1.483765416561791994e+01 4.737172458233775956e+02
1.483312358419331645e+01 4.737156432324389925e+02
1.482859300276869874e+01 4.737171801276839460e+02
1.482406242134408103e+01 4.737163438225355776e+02
1.481953183991946332e+01 4.737173297280054385e+02
1.481500125849484562e+01 4.737201594773825377e+02
1.481047067707022791e+01 4.737231579028655233e+02
1.480594009564561020e+01 4.737229181937558451e+02
1.480140951422099249e+01 4.737299871676388534e+02
1.479687893279637478e+01 4.737301624252515353e+02
1.479234835137177129e+01 4.737280025892291064e+02
1.478781776994715358e+01 4.737382528763651521e+02
1.478328718852253587e+01 4.737408217481996076e+02
1.477875660709791816e+01 4.737511328491046925e+02
1.477422602567330046e+01 4.737479801466293452e+02
1.476969544424868275e+01 4.737560686173160320e+02
1.476516486282406504e+01 4.737619634045437351e+02
1.476063428139944733e+01 4.737698969325870735e+02
1.475610369997482962e+01 4.737720333715587344e+02
1.475157311855022613e+01 4.737732275026180560e+02
1.474704253712560842e+01 4.737679273318815945e+02
1.474251195570099071e+01 4.737704759116740547e+02
1.473798137427637300e+01 4.737748613944024214e+02
1.473345079285175530e+01 4.737790671061487160e+02
1.472892021142713759e+01 4.737851013844634736e+02
1.472438963000251988e+01 4.737900996389831221e+02
1.471985904857790217e+01 4.737904240887480682e+02
1.471532846715328446e+01 4.737958369825976774e+02
1.471079788572868097e+01 4.737856770787520873e+02
1.470626730430406326e+01 4.737912894766189424e+02
1.470173672287944555e+01 4.737854002618321942e+02
1.469720614145482784e+01 4.737911362501475310e+02
1.469267556003021014e+01 4.737996722563313483e+02
1.468814497860559243e+01 4.737931923355494064e+02
1.468361439718097472e+01 4.737975834317345516e+02
1.467908381575635701e+01 4.737988211291021230e+02
1.467455323433173930e+01 4.738004268398582894e+02
1.467002265290712160e+01 4.738007067757932305e+02
1.466549207148251810e+01 4.738040654527093807e+02
1.466096149005790039e+01 4.738034377686461198e+02
1.465643090863328268e+01 4.738072542632655768e+02
1.465190032720866498e+01 4.738134209029502699e+02
1.464736974578404727e+01 4.738175894907856218e+02
1.464283916435942956e+01 4.738128949622255845e+02
1.463830858293481185e+01 4.738160163849060496e+02
1.463377800151019414e+01 4.738220880263565391e+02
1.462924742008557644e+01 4.738246853657107067e+02
1.462471683866097294e+01 4.738330198139685763e+02
1.462018625723635523e+01 4.738305249248558653e+02
1.461565567581173752e+01 4.738318891162844011e+02
1.461112509438711982e+01 4.738271340606901845e+02
1.460659451296250211e+01 4.738251604372198926e+02
1.460206393153788440e+01 4.738293803290752066e+02
1.459753335011326669e+01 4.738240481481097390e+02
1.459300276868864898e+01 4.738325169819325993e+02
1.458847218726403128e+01 4.738434628522100525e+02
1.458394160583942778e+01 4.738561209058103145e+02
1.457941102441481007e+01 4.738616751022297535e+02
1.457488044299019236e+01 4.738622980519780867e+02
1.457034986156557466e+01 4.738618092573182139e+02
1.456581928014095695e+01 4.738617457411151577e+02
1.456128869871633924e+01 4.738660738947239111e+02
1.455675811729172153e+01 4.738615791035473421e+02
1.455222753586710382e+01 4.738604811863224313e+02
1.454769695444248612e+01 4.738593149136660827e+02
1.454316637301788262e+01 4.738613581018849459e+02
1.453863579159326491e+01 4.738655895187023930e+02
1.453410521016864720e+01 4.738661237316426309e+02
1.452957462874402950e+01 4.738772501524507561e+02
1.452504404731941179e+01 4.738825353545766461e+02
1.452051346589479408e+01 4.738853586343548159e+02
1.451598288447017637e+01 4.738895435879601905e+02
1.451145230304555866e+01 4.738842972990278213e+02
1.450692172162094096e+01 4.738913868120165489e+02
1.450239114019633746e+01 4.738866094351886886e+02
1.449786055877171975e+01 4.738846111324803019e+02
1.449332997734710204e+01 4.738923805093293709e+02
1.448879939592248434e+01 4.738866082154924015e+02
1.448426881449786663e+01 4.738874837221616190e+02
1.447973823307324892e+01 4.738828229430271790e+02
1.447520765164863121e+01 4.738812443255350786e+02
1.447067707022401351e+01 4.738776457694277724e+02
1.446614648879939580e+01 4.738732609056201568e+02
1.446161590737479230e+01 4.738755619011555495e+02
1.445708532595017459e+01 4.738693643701597011e+02
1.445255474452555688e+01 4.738725081764440574e+02
1.444802416310093918e+01 4.738767284736179022e+02
1.444349358167632147e+01 4.738843352775797371e+02
1.443896300025170376e+01 4.738857803439119607e+02
1.443443241882708605e+01 4.738834787143977678e+02
1.442990183740246835e+01 4.738882138269336792e+02
1.442537125597785064e+01 4.738890110113069341e+02
1.442084067455323293e+01 4.738912429244310829e+02
1.441631009312862943e+01 4.738833593644707776e+02
1.441177951170401172e+01 4.738820127824268980e+02
1.440724893027939402e+01 4.738868393653739872e+02
1.440271834885477631e+01 4.738816229384633516e+02
1.439818776743015860e+01 4.738835333229724824e+02
1.439365718600554089e+01 4.738812306103737910e+02
1.438912660458092319e+01 4.738902995750946161e+02
1.438459602315630548e+01 4.738882983354010321e+02
1.438006544173168777e+01 4.738888670120693405e+02
1.437553486030708427e+01 4.738926523537638218e+02
1.437100427888246656e+01 4.738967008388364661e+02
1.436647369745784886e+01 4.738944973429297534e+02
1.436194311603323115e+01 4.738960909197395495e+02
1.435741253460861344e+01 4.738999030058164408e+02
1.435288195318399573e+01 4.739076891327710541e+02
1.434835137175937803e+01 4.739108350912813989e+02
1.434382079033476032e+01 4.739158242203014879e+02
1.433929020891014261e+01 4.739175057886038758e+02
1.433475962748553911e+01 4.739122255679459386e+02
1.433022904606092141e+01 4.739141476733341278e+02
1.432569846463630370e+01 4.739121222350202061e+02
1.432116788321168599e+01 4.739148286974092343e+02
1.431663730178706828e+01 4.739198396274654215e+02
1.431210672036245057e+01 4.739225509103578133e+02
1.430757613893783287e+01 4.739188346693671292e+02
1.430304555751321516e+01 4.739099078120385684e+02
1.429851497608859745e+01 4.739043003043473732e+02
1.429398439466399395e+01 4.739015648197197947e+02
1.428945381323937625e+01 4.739073332441032562e+02
1.428492323181475854e+01 4.739141931176816911e+02
1.428039265039014083e+01 4.739132710384596976e+02
1.427586206896552312e+01 4.739172620997175613e+02
1.427133148754090541e+01 4.739111964847508034e+02
1.426680090611628771e+01 4.739086842918717934e+02
1.426227032469167000e+01 4.739097207846804167e+02
1.425773974326705229e+01 4.739143221836187649e+02
1.425320916184244879e+01 4.739216538715896831e+02
1.424867858041783109e+01 4.739276435099223477e+02
1.424414799899321338e+01 4.739323180573604759e+02
1.423961741756859567e+01 4.739372156729842231e+02
1.423508683614397796e+01 4.739394715168617154e+02
1.423055625471936025e+01 4.739473119979961666e+02
1.422602567329474255e+01 4.739510053343888103e+02
1.422149509187012484e+01 4.739534867064236323e+02
1.421696451044550713e+01 4.739587965365381024e+02
1.421243392902088942e+01 4.739650705835890676e+02
1.420790334759628593e+01 4.739713708285379994e+02
1.420337276617166822e+01 4.739843062068530912e+02
1.419884218474705051e+01 4.739923570152565730e+02
1.419431160332243280e+01 4.739947814527432683e+02
1.418978102189781509e+01 4.740053394993193479e+02
1.418525044047319739e+01 4.740049168702456086e+02
1.418071985904857968e+01 4.740104214887419403e+02
1.417618927762396197e+01 4.740165722529424670e+02
1.417165869619934426e+01 4.740168604552781062e+02
1.416712811477474077e+01 4.740152946279357593e+02
1.416259753335012306e+01 4.740127107548302661e+02
1.415806695192550535e+01 4.740129805318678677e+02
1.415353637050088764e+01 4.740077658748298290e+02
1.414900578907626993e+01 4.740049017477834354e+02
1.414447520765165223e+01 4.740043716563252474e+02
1.413994462622703452e+01 4.740018144919484371e+02
1.413541404480241681e+01 4.740004825843897152e+02
1.413088346337779910e+01 4.740046011745571946e+02
1.412635288195319561e+01 4.740099634855959607e+02
1.412182230052857790e+01 4.740075512498606827e+02
1.411729171910396019e+01 4.740178881255128545e+02
1.411276113767934248e+01 4.740101383696336939e+02
1.410823055625472477e+01 4.740097666801980267e+02
1.410369997483010707e+01 4.740080288075204180e+02
1.409916939340548936e+01 4.740024364476615801e+02
1.409463881198087165e+01 4.740099352216496413e+02
1.409010823055625394e+01 4.740130535107091418e+02
1.408557764913165045e+01 4.740218849526185068e+02
1.408104706770703274e+01 4.740300620613305682e+02
1.407651648628241503e+01 4.740309297639730630e+02
1.407198590485779732e+01 4.740310150094300639e+02
1.406745532343317961e+01 4.740252309465303711e+02
1.406292474200856191e+01 4.740265872846096045e+02
1.405839416058394420e+01 4.740322312732308205e+02
1.405386357915932649e+01 4.740393520827730072e+02
1.404933299773470878e+01 4.740478135149275545e+02
1.404480241631010529e+01 4.740537983427564654e+02
1.404027183488548758e+01 4.740617874794660906e+02
1.403574125346086987e+01 4.740606552947977548e+02
1.403121067203625216e+01 4.740690311070963503e+02
1.402668009061163445e+01 4.740698387290692608e+02
1.402214950918701675e+01 4.740727417732164781e+02
1.401761892776239904e+01 4.740798561035333023e+02
1.401308834633778133e+01 4.740831094663968770e+02
1.400855776491316362e+01 4.740851953289384824e+02
1.400402718348856013e+01 4.740844781793580864e+02
1.399949660206394242e+01 4.740881643695939829e+02
1.399496602063932471e+01 4.740877497781344800e+02
1.399043543921470700e+01 4.740854836137016832e+02
1.398590485779008930e+01 4.740865806868264372e+02
1.398137427636547159e+01 4.740825613134969672e+02
1.397684369494085388e+01 4.740872880591647345e+02
1.397231311351623617e+01 4.740875965295035712e+02
1.396778253209161846e+01 4.740912139258894058e+02
1.396325195066700076e+01 4.740931886962921453e+02
1.395872136924239726e+01 4.740947451696392818e+02
1.395419078781777955e+01 4.741112132275192721e+02
1.394966020639316184e+01 4.741120647901298071e+02
1.394512962496854414e+01 4.741196938823110827e+02
1.394059904354392643e+01 4.741274459735480491e+02
1.393606846211930872e+01 4.741224787361026642e+02
1.393153788069469101e+01 4.741247462793173213e+02
1.392700729927007330e+01 4.741239971107494284e+02
1.392247671784545560e+01 4.741298554039655073e+02
1.391794613642085210e+01 4.741398114534708270e+02
1.391341555499623439e+01 4.741462531743373461e+02
1.390888497357161668e+01 4.741513249082595394e+02
1.390435439214699898e+01 4.741516699037910598e+02
1.389982381072238127e+01 4.741570786472581744e+02
1.389529322929776356e+01 4.741569834124121030e+02
1.389076264787314585e+01 4.741571571421911244e+02
1.388623206644852814e+01 4.741582053759966584e+02
1.388170148502391044e+01 4.741628701249174469e+02
1.387717090359930694e+01 4.741785439999947585e+02
1.387264032217468923e+01 4.741884112412071204e+02
1.386810974075007152e+01 4.741937385668595653e+02
1.386357915932545382e+01 4.741959818733795942e+02
1.385904857790083611e+01 4.741958530024443235e+02
1.385451799647621840e+01 4.741982104751255065e+02
1.384998741505160069e+01 4.741966847270631433e+02
1.384545683362698298e+01 4.741990464663045941e+02
1.384092625220236528e+01 4.741992096462334416e+02
1.383639567077776178e+01 4.741986172602696001e+02
1.383186508935314407e+01 4.742001931714767125e+02
1.382733450792852636e+01 4.741966365616559642e+02
1.382280392650390866e+01 4.741940402782655610e+02
1.381827334507929095e+01 4.741909594048374856e+02
1.381374276365467324e+01 4.741929322585658042e+02
1.380921218223005553e+01 4.742045475481107815e+02
1.380468160080543782e+01 4.742107916013293902e+02
1.380015101938082012e+01 4.742235813806829015e+02
1.379562043795621662e+01 4.742283513463842723e+02
1.379108985653159891e+01 4.742265127624469301e+02
1.378655927510698120e+01 4.742316316185333562e+02
1.378202869368236350e+01 4.742293440718739816e+02
1.377749811225774579e+01 4.742376624395215003e+02
1.377296753083312808e+01 4.742427942548878264e+02
1.376843694940851037e+01 4.742473482035700272e+02
1.376390636798389266e+01 4.742506090763505426e+02
1.375937578655927496e+01 4.742516486878933506e+02
1.375484520513467146e+01 4.742536382773044465e+02
1.375031462371005375e+01 4.742561442826105349e+02
1.374578404228543604e+01 4.742631145145937808e+02
1.374125346086081834e+01 4.742738311176462389e+02
1.373672287943620063e+01 4.742772457003741238e+02
1.373219229801158292e+01 4.742794906486880677e+02
1.372766171658696521e+01 4.742801923461972819e+02
1.372313113516234750e+01 4.742774172484470796e+02
1.371860055373772980e+01 4.742791375066609589e+02
1.371406997231311209e+01 4.742834649692988478e+02
1.370953939088850859e+01 4.742850327224287525e+02
1.370500880946389088e+01 4.742892965120159943e+02
1.370047822803927318e+01 4.742841190661197857e+02
1.369594764661465547e+01 4.742846390531141765e+02
1.369141706519003776e+01 4.742829319342277472e+02
1.368688648376542005e+01 4.742829023900737297e+02
1.368235590234080234e+01 4.742883548267897140e+02
1.367782532091618464e+01 4.742920781724973267e+02
1.367329473949156693e+01 4.742983505272505909e+02
1.366876415806696343e+01 4.743057260684956873e+02
1.366423357664234572e+01 4.743112187671669062e+02
1.365970299521772802e+01 4.743148661482840680e+02
1.365517241379311031e+01 4.743166716400118617e+02
1.365064183236849260e+01 4.743191522985173947e+02
1.364611125094387489e+01 4.743214408073062032e+02
1.364158066951925719e+01 4.743218189139931837e+02
1.363705008809463948e+01 4.743269851920885003e+02
1.363251950667002177e+01 4.743317377912018173e+02
1.362798892524541827e+01 4.743303967940728398e+02
1.362345834382080056e+01 4.743317633215106071e+02
1.361892776239618286e+01 4.743330835679449820e+02
1.361439718097156515e+01 4.743397987631621504e+02
1.360986659954694744e+01 4.743446654925704706e+02
1.360533601812232973e+01 4.743515824992364287e+02
1.360080543669771203e+01 4.743577779614558381e+02
1.359627485527309432e+01 4.743594909260536951e+02
1.359174427384847661e+01 4.743693805573740860e+02
1.358721369242387311e+01 4.743726320511196377e+02
1.358268311099925540e+01 4.743800117143152875e+02
1.357815252957463770e+01 4.743826014792337560e+02
1.357362194815001999e+01 4.743869965840911505e+02
1.356909136672540228e+01 4.743947073226182169e+02
1.356456078530078457e+01 4.743944774213308619e+02
1.356003020387616687e+01 4.744007619684425663e+02
1.355549962245154916e+01 4.743993706762033753e+02
1.355096904102693145e+01 4.744052350646849732e+02
1.354643845960232795e+01 4.743983122253886791e+02
1.354190787817771024e+01 4.743958138325902496e+02
1.353737729675309254e+01 4.743996204632131253e+02
1.353284671532847483e+01 4.744048714964130227e+02
1.352831613390385712e+01 4.744152595850734428e+02
1.352378555247923941e+01 4.744168960497891021e+02
1.351925497105462171e+01 4.744244077630285688e+02
1.351472438963000400e+01 4.744284306512760168e+02
1.351019380820538629e+01 4.744327793811350489e+02
1.350566322678078279e+01 4.744417614227919557e+02
1.350113264535616509e+01 4.744453719982847701e+02
1.349660206393154738e+01 4.744558580672790526e+02
1.349207148250692967e+01 4.744550597408120893e+02
1.348754090108231196e+01 4.744625268472697144e+02
1.348301031965769425e+01 4.744697509843109060e+02
1.347847973823307655e+01 4.744678537754129479e+02
1.347394915680845884e+01 4.744678964799020946e+02
1.346941857538384113e+01 4.744660493706596185e+02
1.346488799395922342e+01 4.744656805196411256e+02
1.346035741253461993e+01 4.744657041665636257e+02
1.345582683111000222e+01 4.744668930991948628e+02
1.345129624968538451e+01 4.744678901381388982e+02
1.344676566826076680e+01 4.744694119489631134e+02
1.344223508683614909e+01 4.744653480682050031e+02
1.343770450541153139e+01 4.744633105768690484e+02
1.343317392398691368e+01 4.744621949477701150e+02
1.342864334256229597e+01 4.744603394583651266e+02
1.342411276113767826e+01 4.744638585567334985e+02
1.341958217971307477e+01 4.744688539662128051e+02
1.341505159828845706e+01 4.744684609743445662e+02
1.341052101686383935e+01 4.744678877080189636e+02
1.340599043543922164e+01 4.744670802854848262e+02
1.340145985401460393e+01 4.744676042340436766e+02
1.339692927258998623e+01 4.744677111391976041e+02
1.339239869116536852e+01 4.744708602422210220e+02
1.338786810974075081e+01 4.744706398342753459e+02
1.338333752831613310e+01 4.744731576479965725e+02
1.337880694689152961e+01 4.744731653820608699e+02
1.337427636546691190e+01 4.744768370864968574e+02
1.336974578404229419e+01 4.744783354738860339e+02
1.336521520261767648e+01 4.744783056666725543e+02
1.336068462119305877e+01 4.744800480240081129e+02
1.335615403976844107e+01 4.744840120644267927e+02
1.335162345834382336e+01 4.744874213973320138e+02
1.334709287691920565e+01 4.744926742043300010e+02
1.334256229549458794e+01 4.744982378004598900e+02
1.333803171406998445e+01 4.745028663725454408e+02
1.333350113264536674e+01 4.745090372637887981e+02
1.332897055122074903e+01 4.745096478312412955e+02
1.332443996979613132e+01 4.745111543894628312e+02
1.331990938837151361e+01 4.745111602267403441e+02
1.331537880694689591e+01 4.745109741387286135e+02
1.331084822552227820e+01 4.745174128013048289e+02
1.330631764409766049e+01 4.745182915921654399e+02
1.330178706267304278e+01 4.745271953094595574e+02
1.329725648124843929e+01 4.745323482945025262e+02
1.329272589982382158e+01 4.745370047689282273e+02
1.328819531839920387e+01 4.745428259889611695e+02
1.328366473697458616e+01 4.745415721617704321e+02
1.327913415554996845e+01 4.745484218853555944e+02
1.327460357412535075e+01 4.745475619955666389e+02
1.327007299270073304e+01 4.745565552833897982e+02
1.326554241127611533e+01 4.745550584114211574e+02
1.326101182985149762e+01 4.745595616189099246e+02
1.325648124842687992e+01 4.745604228223924110e+02
1.325195066700227642e+01 4.745613937053868199e+02
1.324742008557765871e+01 4.745620148244355505e+02
1.324288950415304100e+01 4.745704225515694930e+02
1.323835892272842329e+01 4.745755630764512034e+02
1.323382834130380559e+01 4.745807838558439471e+02
1.322929775987918788e+01 4.745874031606377912e+02
1.322476717845457017e+01 4.745890420461298618e+02
1.322023659702995246e+01 4.745872391060489122e+02
1.321570601560533476e+01 4.745888853393504405e+02
1.321117543418073126e+01 4.745887655736074180e+02
1.320664485275611355e+01 4.745896843503113587e+02
1.320211427133149584e+01 4.745916590624351556e+02
1.319758368990687813e+01 4.745923132862767488e+02
1.319305310848226043e+01 4.745941366924892009e+02
1.318852252705764272e+01 4.745923330697684719e+02
1.318399194563302501e+01 4.745951839968727199e+02
1.317946136420840730e+01 4.745948184567339467e+02
1.317493078278378960e+01 4.746027651404566541e+02
1.317040020135918610e+01 4.746057450161119391e+02
1.316586961993456839e+01 4.746064743814189910e+02
1.316133903850995068e+01 4.746132806429030211e+02
1.315680845708533298e+01 4.746092877284571614e+02
1.315227787566071527e+01 4.746072386833186556e+02
1.314774729423609756e+01 4.746049698240066164e+02
1.314321671281147985e+01 4.746004436396173674e+02
1.313868613138686214e+01 4.746018398406130245e+02
1.313415554996224444e+01 4.746021220344204607e+02
1.312962496853764094e+01 4.746049022179289523e+02
1.312509438711302323e+01 4.745997685369534906e+02
1.312056380568840552e+01 4.746035308784175299e+02
1.311603322426378782e+01 4.746054266820627845e+02
1.311150264283917011e+01 4.746141496240020388e+02
1.310697206141455240e+01 4.746182590036100919e+02
1.310244147998993469e+01 4.746181878441461208e+02
1.309791089856531698e+01 4.746224995609650819e+02
1.309338031714069928e+01 4.746178044825195457e+02
1.308884973571609578e+01 4.746259529168031577e+02
1.308431915429147807e+01 4.746309182084501685e+02
1.307978857286686036e+01 4.746432303214251647e+02
1.307525799144224266e+01 4.746435540880609096e+02
1.307072741001762495e+01 4.746437224135259498e+02
1.306619682859300724e+01 4.746456838569309298e+02
1.306166624716838953e+01 4.746474599244411365e+02
1.305713566574377182e+01 4.746517198168915002e+02
1.305260508431915412e+01 4.746529320529791676e+02
1.304807450289455062e+01 4.746574968783542658e+02
1.304354392146993291e+01 4.746688925453474894e+02
1.303901334004531520e+01 4.746645271994002542e+02
1.303448275862069750e+01 4.746716743572912378e+02
1.302995217719607979e+01 4.746768543967081655e+02
1.302542159577146208e+01 4.746859706103950316e+02
1.302089101434684437e+01 4.746981582801870445e+02
1.301636043292222666e+01 4.746950148544460149e+02
1.301182985149760896e+01 4.747046790336355002e+02
1.300729927007299125e+01 4.747031538416912326e+02
1.300276868864838775e+01 4.747098729037172120e+02
1.299823810722377004e+01 4.747113000091562753e+02
1.299370752579915234e+01 4.747187159979391140e+02
1.298917694437453463e+01 4.747196261402719983e+02
1.298464636294991692e+01 4.747241802317205952e+02
1.298011578152529921e+01 4.747268623798006502e+02
1.297558520010068150e+01 4.747280897857357900e+02
1.297105461867606380e+01 4.747355151035972085e+02
1.296652403725144609e+01 4.747396393000281591e+02
1.296199345582684259e+01 4.747496778306743295e+02
1.295746287440222488e+01 4.747503821415066341e+02
1.295293229297760718e+01 4.747491786805161382e+02
1.294840171155298947e+01 4.747427937486226597e+02
1.294387113012837176e+01 4.747423034626903586e+02
1.293934054870375405e+01 4.747450376270214747e+02
1.293480996727913634e+01 4.747516436896205505e+02
1.293027938585451864e+01 4.747616444035185168e+02
1.292574880442990093e+01 4.747672832585111564e+02
1.292121822300529743e+01 4.747706746335666139e+02
1.291668764158067972e+01 4.747692353055255126e+02
1.291215706015606202e+01 4.747719816867648319e+02
1.290762647873144431e+01 4.747755127559898938e+02
1.290309589730682660e+01 4.747792162126052631e+02
1.289856531588220889e+01 4.747836522121149301e+02
1.289403473445759118e+01 4.747822884163172148e+02
1.288950415303297348e+01 4.747864643719795481e+02
1.288497357160835577e+01 4.747904665489413674e+02
1.288044299018375227e+01 4.747938936756542603e+02
1.287591240875913456e+01 4.747988189587160832e+02
1.287138182733451686e+01 4.748038353732853238e+02
1.286685124590989915e+01 4.748045307552737313e+02
1.286232066448528144e+01 4.748008250679309867e+02
1.285779008306066373e+01 4.748023473989535432e+02
1.285325950163604602e+01 4.748036246370766094e+02
1.284872892021142832e+01 4.748064471701543994e+02
1.284419833878681061e+01 4.748094187883665427e+02
1.283966775736220711e+01 4.748047945951512361e+02
1.283513717593758940e+01 4.748090286158442836e+02
1.283060659451297170e+01 4.748046723608453021e+02
1.282607601308835399e+01 4.748075217986957455e+02
1.282154543166373628e+01 4.748050187131685789e+02
1.281701485023911857e+01 4.748071361075377581e+02
1.281248426881450087e+01 4.748091316138464322e+02
1.280795368738988316e+01 4.748114475506470740e+02
1.280342310596526545e+01 4.748180771176041048e+02
1.279889252454066195e+01 4.748220902503155116e+02
1.279436194311604424e+01 4.748224955080307268e+02
1.278983136169142654e+01 4.748300554951370600e+02
1.278530078026680883e+01 4.748352740684666742e+02
1.278077019884219112e+01 4.748422463417182939e+02
1.277623961741757341e+01 4.748525432035626750e+02
1.277170903599295571e+01 4.748521856063797486e+02
1.276717845456833800e+01 4.748511545072122999e+02
1.276264787314372029e+01 4.748501476828055274e+02
1.275811729171910258e+01 4.748552687988089360e+02
1.275358671029449908e+01 4.748585827229825895e+02
1.274905612886988138e+01 4.748589358534638905e+02
1.274452554744526367e+01 4.748586887224308839e+02
1.273999496602064596e+01 4.748591064205528482e+02
1.273546438459602825e+01 4.748595062390691055e+02
1.273093380317141055e+01 4.748556942587231333e+02
1.272640322174679284e+01 4.748553683669471752e+02
1.272187264032217513e+01 4.748549579721808982e+02
1.271734205889755742e+01 4.748560622749971003e+02
1.271281147747295392e+01 4.748585592551868331e+02
1.270828089604833622e+01 4.748611166976720597e+02
1.270375031462371851e+01 4.748662462544345999e+02
1.269921973319910080e+01 4.748678023507426929e+02
1.269468915177448309e+01 4.748679091325927857e+02
1.269015857034986539e+01 4.748691401434946897e+02
1.268562798892524768e+01 4.748704572972924893e+02
1.268109740750062997e+01 4.748755570362661160e+02
1.267656682607601226e+01 4.748799427960618686e+02
1.267203624465140877e+01 4.748823328698932187e+02
1.266750566322679106e+01 4.748879661531790362e+02
1.266297508180217335e+01 4.748939545721103741e+02
1.265844450037755564e+01 4.748963652820848438e+02
1.265391391895293793e+01 4.749021233984386754e+02
1.264938333752832023e+01 4.749063180932267869e+02
1.264485275610370252e+01 4.749079700996870201e+02
1.264032217467908481e+01 4.749157824274644781e+02
1.263579159325446710e+01 4.749280797835589851e+02
1.263126101182986361e+01 4.749351500292743822e+02
1.262673043040524590e+01 4.749460941537587360e+02
1.262219984898062819e+01 4.749502081297871996e+02
1.261766926755601048e+01 4.749518285005287339e+02
1.261313868613139277e+01 4.749518073523748285e+02
1.260860810470677507e+01 4.749488137891321458e+02
1.260407752328215736e+01 4.749508057387587314e+02
1.259954694185753965e+01 4.749590629259050729e+02
1.259501636043292194e+01 4.749638815202761748e+02
1.259048577900831845e+01 4.749739810660528860e+02
1.258595519758370074e+01 4.749743758101957383e+02
1.258142461615908303e+01 4.749780077557991831e+02
1.257689403473446532e+01 4.749805608988290260e+02
1.257236345330984761e+01 4.749762145659060479e+02
1.256783287188522991e+01 4.749795995145788652e+02
1.256330229046061220e+01 4.749799557869178557e+02
1.255877170903599449e+01 4.749809361224175177e+02
1.255424112761137678e+01 4.749857637204654566e+02
1.254971054618677329e+01 4.749877951914293703e+02
1.254517996476215558e+01 4.749921817144683018e+02
1.254064938333753787e+01 4.749902345591279413e+02
1.253611880191292016e+01 4.749977130237971323e+02
1.253158822048830245e+01 4.750039672174955854e+02
1.252705763906368475e+01 4.750100214508551062e+02
1.252252705763906704e+01 4.750144324219245959e+02
1.251799647621444933e+01 4.750155198978453654e+02
1.251346589478983162e+01 4.750226542714464131e+02
1.250893531336521391e+01 4.750191960787403787e+02
1.250440473194061042e+01 4.750204323693479296e+02
1.249987415051599271e+01 4.750211970548434692e+02
1.249534356909137500e+01 4.750220377407393357e+02
1.249081298766675729e+01 4.750309622064377209e+02
1.248628240624213959e+01 4.750366715047320554e+02
1.248175182481752188e+01 4.750466983409781392e+02
1.247722124339290417e+01 4.750499114852561888e+02
1.247269066196828646e+01 4.750521020395651135e+02
1.246816008054366876e+01 4.750593258947077402e+02
1.246362949911906526e+01 4.750590733181674068e+02
1.245909891769444755e+01 4.750636868499504999e+02
1.245456833626982984e+01 4.750640675888172950e+02
1.245003775484521213e+01 4.750672874680144560e+02
1.244550717342059443e+01 4.750688712191017657e+02
1.244097659199597672e+01 4.750660245647294460e+02
1.243644601057135901e+01 4.750792937260555959e+02
1.243191542914674130e+01 4.750824469779402079e+02
1.242738484772212360e+01 4.750941335141051240e+02
1.242285426629752010e+01 4.750962615640513604e+02
1.241832368487290239e+01 4.750994213911341717e+02
1.241379310344828468e+01 4.751061274164411543e+02
1.240926252202366697e+01 4.751015438997869751e+02
1.240473194059904927e+01 4.751050390448933172e+02
1.240020135917443156e+01 4.750988124118702558e+02
1.239567077774981385e+01 4.750995816895556345e+02
1.239114019632519614e+01 4.751021590206373162e+02
1.238660961490057844e+01 4.751029210796154416e+02
1.238207903347597494e+01 4.751082890877043496e+02
1.237754845205135723e+01 4.751179820117664576e+02
1.237301787062673952e+01 4.751294916409603957e+02
1.236848728920212181e+01 4.751330506637580697e+02
1.236395670777750411e+01 4.751370136141430294e+02
1.235942612635288640e+01 4.751368193436265983e+02
1.235489554492826869e+01 4.751375598684300030e+02
1.235036496350365098e+01 4.751388376804784457e+02
1.234583438207903328e+01 4.751409518924725717e+02
1.234130380065442978e+01 4.751529196814211105e+02
1.233677321922981207e+01 4.751633004045131656e+02
1.233224263780519436e+01 4.751756185258928440e+02
1.232771205638057666e+01 4.751815611394844154e+02
1.232318147495595895e+01 4.751897960018258686e+02
1.231865089353134124e+01 4.751922874698873329e+02
1.231412031210672353e+01 4.751938238947526543e+02
1.230958973068210582e+01 4.752013105007341096e+02
1.230505914925748812e+01 4.752008620679364412e+02
1.230052856783288462e+01 4.752088172120944023e+02
1.229599798640826691e+01 4.752097491033691767e+02
1.229146740498364920e+01 4.752191512384959537e+02
1.228693682355903150e+01 4.752237044070053571e+02
1.228240624213441379e+01 4.752265490763949742e+02
1.227787566070979608e+01 4.752303114521569114e+02
1.227334507928517837e+01 4.752252346511787096e+02
1.226881449786056066e+01 4.752262080969122167e+02
1.226428391643594296e+01 4.752192953627461520e+02
1.225975333501132525e+01 4.752176641158786197e+02
1.225522275358672175e+01 4.752195064721697122e+02
1.225069217216210404e+01 4.752184750449434318e+02
1.224616159073748634e+01 4.752189177895617718e+02
1.224163100931286863e+01 4.752159029202737202e+02
1.223710042788825092e+01 4.752172173187861972e+02
1.223256984646363321e+01 4.752176769521049096e+02
1.222803926503901550e+01 4.752226668457914229e+02
1.222350868361439780e+01 4.752258843072673926e+02
1.221897810218978009e+01 4.752312706606630854e+02
1.221444752076517659e+01 4.752361924433016611e+02
1.220991693934055888e+01 4.752417018280157208e+02
1.220538635791594118e+01 4.752519223502791874e+02
1.220085577649132347e+01 4.752536714811924412e+02
1.219632519506670576e+01 4.752610437718020080e+02
1.219179461364208805e+01 4.752692859742749647e+02
1.218726403221747034e+01 4.752725218975552366e+02
1.218273345079285264e+01 4.752768611359308011e+02
1.217820286936823493e+01 4.752837293877063303e+02
1.217367228794363143e+01 4.752898317465695754e+02
1.216914170651901372e+01 4.752990682390914117e+02
1.216461112509439602e+01 4.753092791282526264e+02
1.216008054366977831e+01 4.753163771616587496e+02
1.215554996224516060e+01 4.753245189649470603e+02
1.215101938082054289e+01 4.753277152283447435e+02
1.214648879939592518e+01 4.753327943015457322e+02
1.214195821797130748e+01 4.753431797369815399e+02
1.213742763654668977e+01 4.753452817188474455e+02
1.213289705512208627e+01 4.753478025264127496e+02
1.212836647369746856e+01 4.753465194020771492e+02
1.212383589227285086e+01 4.753436226685591919e+02
1.211930531084823315e+01 4.753430233982079471e+02
1.211477472942361544e+01 4.753447065072280111e+02
1.211024414799899773e+01 4.753418852474200662e+02
1.210571356657438002e+01 4.753437579164929616e+02
1.210118298514976232e+01 4.753396207716430126e+02
1.209665240372514461e+01 4.753398820714909903e+02
1.209212182230054111e+01 4.753293663659192703e+02
1.208759124087592340e+01 4.753268766066948956e+02
1.208306065945130570e+01 4.753296941760266350e+02
1.207853007802668799e+01 4.753240909668128324e+02
1.207399949660207028e+01 4.753327549870917892e+02
1.206946891517745257e+01 4.753317010043990081e+02
1.206493833375283486e+01 4.753400587778297108e+02
1.206040775232821716e+01 4.753474828763696678e+02
1.205587717090359945e+01 4.753508372058179816e+02
1.205134658947898174e+01 4.753600302975634122e+02
1.204681600805437824e+01 4.753601921410146360e+02
1.204228542662976054e+01 4.753650873360585365e+02
1.203775484520514283e+01 4.753644193537056708e+02
1.203322426378052512e+01 4.753679387729573591e+02
1.202869368235590741e+01 4.753735207990627600e+02
1.202416310093128970e+01 4.753752926480993324e+02
1.201963251950667200e+01 4.753776921560132109e+02
1.201510193808205429e+01 4.753811329620733659e+02
1.201057135665743658e+01 4.753878609790420455e+02
1.200604077523283308e+01 4.753954330150598366e+02
1.200151019380821538e+01 4.753960537730094984e+02
1.199697961238359767e+01 4.754016972441017401e+02
1.199244903095897996e+01 4.754077797733099260e+02
1.198791844953436225e+01 4.754108861931496790e+02
1.198338786810974455e+01 4.754140776744906702e+02
1.197885728668512684e+01 4.754175485515567061e+02
1.197432670526050913e+01 4.754202757852838772e+02
1.196979612383589142e+01 4.754194482198951732e+02
1.196526554241128792e+01 4.754202570493924895e+02
1.196073496098667022e+01 4.754211708871241058e+02
1.195620437956205251e+01 4.754218919315587755e+02
1.195167379813743480e+01 4.754271519176507468e+02
1.194714321671281709e+01 4.754283949941718106e+02
1.194261263528819939e+01 4.754310484679229489e+02
1.193808205386358168e+01 4.754370880787935221e+02
1.193355147243896397e+01 4.754394829597924854e+02
1.192902089101434626e+01 4.754464522426639519e+02
1.192449030958974276e+01 4.754467038231733795e+02
1.191995972816512506e+01 4.754472949533508199e+02
1.191542914674050735e+01 4.754518870452848773e+02
1.191089856531588964e+01 4.754548675118447818e+02
1.190636798389127193e+01 4.754608870562558991e+02
1.190183740246665423e+01 4.754624108616686158e+02
1.189730682104203652e+01 4.754662009138061194e+02
1.189277623961741881e+01 4.754711157901461434e+02
1.188824565819280110e+01 4.754761455711569056e+02
1.188371507676819760e+01 4.754836292551807446e+02
1.187918449534357990e+01 4.754823103580604311e+02
1.187465391391896219e+01 4.754892196279505470e+02
1.187012333249434448e+01 4.754845032554853788e+02
1.186559275106972677e+01 4.754833690647882349e+02
1.186106216964510907e+01 4.754854106750319147e+02
1.185653158822049136e+01 4.754832146508970823e+02
1.185200100679587365e+01 4.754791815566410946e+02
1.184747042537125594e+01 4.754799305088934034e+02
1.184293984394665245e+01 4.754799413568489967e+02
1.183840926252203474e+01 4.754794862567940186e+02
1.183387868109741703e+01 4.754833282841961477e+02
1.182934809967279932e+01 4.754850059517596037e+02
1.182481751824818161e+01 4.754873266465569372e+02
1.182028693682356391e+01 4.754861382155955312e+02
1.181575635539894620e+01 4.754844417249504431e+02
1.181122577397432849e+01 4.754905027362597139e+02
1.180669519254971078e+01 4.754936295142449012e+02
1.180216461112509307e+01 4.754980930242971340e+02
1.179763402970048958e+01 4.755085634320337817e+02
1.179310344827587187e+01 4.755114556940299622e+02
1.178857286685125416e+01 4.755184829887277829e+02
1.178404228542663645e+01 4.755230659950404402e+02
1.177951170400201875e+01 4.755248421581883349e+02
1.177498112257740104e+01 4.755226957905451286e+02
1.177045054115278333e+01 4.755233821055595058e+02
1.176591995972816562e+01 4.755225331313304196e+02
1.176138937830354791e+01 4.755267051455562637e+02
1.175685879687894442e+01 4.755313716539647544e+02
1.175232821545432671e+01 4.755317578650073074e+02
1.174779763402970900e+01 4.755410849531814392e+02
1.174326705260509129e+01 4.755397695472727264e+02
1.173873647118047359e+01 4.755384178787548990e+02
1.173420588975585588e+01 4.755376301510931398e+02
1.172967530833123817e+01 4.755351868144128957e+02
1.172514472690662046e+01 4.755441835411615443e+02
1.172061414548200275e+01 4.755456673543109787e+02
1.171608356405739926e+01 4.755469848830259707e+02
1.171155298263278155e+01 4.755515277984677027e+02
1.170702240120816384e+01 4.755509740051340373e+02
1.170249181978354613e+01 4.755546437153981856e+02
1.169796123835892843e+01 4.755583755578564933e+02
1.169343065693431072e+01 4.755627420302650989e+02
1.168890007550969301e+01 4.755675611513366334e+02
1.168436949408507530e+01 4.755711174648046722e+02
1.167983891266045759e+01 4.755754173269355647e+02
1.167530833123585410e+01 4.755838459270656244e+02
1.167077774981123639e+01 4.755869197747327917e+02
1.166624716838661868e+01 4.755977967154151429e+02
1.166171658696200097e+01 4.755990983633287783e+02
1.165718600553738327e+01 4.756041652178098502e+02
1.165265542411276556e+01 4.756072960031896741e+02
1.164812484268814785e+01 4.756059561984125139e+02
1.164359426126353014e+01 4.756097397339197528e+02
1.163906367983891244e+01 4.756066061649984817e+02
1.163453309841430894e+01 4.756133409647579242e+02
1.163000251698969123e+01 4.756149506604795079e+02
1.162547193556507352e+01 4.756163601411723221e+02
1.162094135414045581e+01 4.756181661983319486e+02
1.161641077271583811e+01 4.756142199029812332e+02
1.161188019129122040e+01 4.756175924218725868e+02
1.160734960986660269e+01 4.756160961595477943e+02
1.160281902844198498e+01 4.756245233609885759e+02
1.159828844701736728e+01 4.756223333613896784e+02
1.159375786559276378e+01 4.756265747397479799e+02
1.158922728416814607e+01 4.756357104430795175e+02
1.158469670274352836e+01 4.756402657181187692e+02
1.158016612131891065e+01 4.756476231131946975e+02
1.157563553989429295e+01 4.756470740111462305e+02
1.157110495846967524e+01 4.756475501786101745e+02
1.156657437704505753e+01 4.756550097120339728e+02
1.156204379562043982e+01 4.756541197875129683e+02
1.155751321419582212e+01 4.756608230743074159e+02
1.155298263277120441e+01 4.756581624860218085e+02
1.154845205134660091e+01 4.756549528190960245e+02
1.154392146992198320e+01 4.756534263030701482e+02
1.153939088849736549e+01 4.756520909335455940e+02
1.153486030707274779e+01 4.756508050602349726e+02
1.153032972564813008e+01 4.756551144185212365e+02
1.152579914422351237e+01 4.756560810106493022e+02
1.152126856279889466e+01 4.756593761568153695e+02
1.151673798137427696e+01 4.756572016445441022e+02
1.151220739994965925e+01 4.756595319702271922e+02
1.150767681852505575e+01 4.756630763990817172e+02
1.150314623710043804e+01 4.756647097241861957e+02
1.149861565567582034e+01 4.756763504061306094e+02
1.149408507425120263e+01 4.756820034178477385e+02
1.148955449282658492e+01 4.756863665318053336e+02
1.148502391140196721e+01 4.756925723446977941e+02
1.148049332997734950e+01 4.756925606144277481e+02
1.147596274855273180e+01 4.756984128990013119e+02
1.147143216712811409e+01 4.757035570254109302e+02
1.146690158570351059e+01 4.757093100094384113e+02
1.146237100427889288e+01 4.757171498319436864e+02
1.145784042285427518e+01 4.757195535455940103e+02
1.145330984142965747e+01 4.757189453956978014e+02
1.144877926000503976e+01 4.757214443226952199e+02
1.144424867858042205e+01 4.757218180897331195e+02
1.143971809715580434e+01 4.757224086357499573e+02
1.143518751573118664e+01 4.757225939454859827e+02
1.143065693430656893e+01 4.757196208321747122e+02
1.142612635288196543e+01 4.757244483091947131e+02
1.142159577145734772e+01 4.757249776045263729e+02
1.141706519003273002e+01 4.757277326049202770e+02
1.141253460860811231e+01 4.757334898984776714e+02
1.140800402718349460e+01 4.757344697673775045e+02
1.140347344575887689e+01 4.757369566085445172e+02
1.139894286433425918e+01 4.757433863039474886e+02
1.139441228290964148e+01 4.757484012379346154e+02
1.138988170148502377e+01 4.757581603614301571e+02
1.138535112006042027e+01 4.757620946953310295e+02
1.138082053863580256e+01 4.757700261952203959e+02
1.137628995721118486e+01 4.757710660674779319e+02
1.137175937578656715e+01 4.757743576956300444e+02
1.136722879436194944e+01 4.757801329462576518e+02
1.136269821293733173e+01 4.757808529293003517e+02
1.135816763151271402e+01 4.757858302717737615e+02
1.135363705008809632e+01 4.757854302448451449e+02
1.134910646866347861e+01 4.757874864011965883e+02
1.134457588723887511e+01 4.757835603628752779e+02
1.134004530581425740e+01 4.757855209573335173e+02
1.133551472438963970e+01 4.757864021509051895e+02
1.133098414296502199e+01 4.757851183914204967e+02
1.132645356154040428e+01 4.757901981256122212e+02
1.132192298011578657e+01 4.757882306744373295e+02
1.131739239869116886e+01 4.758007149392879001e+02
1.131286181726655116e+01 4.758022947892463890e+02
1.130833123584193345e+01 4.758077970260307552e+02
1.130380065441731574e+01 4.758119471654919721e+02
1.129927007299271224e+01 4.758090986714900623e+02
1.129473949156809454e+01 4.758147929183490987e+02
1.129020891014347683e+01 4.758150815906402045e+02
1.128567832871885912e+01 4.758198345867018588e+02
1.128114774729424141e+01 4.758221141850393110e+02
1.127661716586962370e+01 4.758252980231752076e+02
1.127208658444500600e+01 4.758289770521593027e+02
1.126755600302038829e+01 4.758337091374950774e+02
1.126302542159577058e+01 4.758433899548442696e+02
1.125849484017116708e+01 4.758454652929767121e+02
1.125396425874654938e+01 4.758498666328988520e+02
1.124943367732193167e+01 4.758510448538190758e+02
1.124490309589731396e+01 4.758516969605331610e+02
1.124037251447269625e+01 4.758551244617097495e+02
1.123584193304807854e+01 4.758583885054011944e+02
1.123131135162346084e+01 4.758622489987229187e+02
1.122678077019884313e+01 4.758610256061317045e+02
1.122225018877422542e+01 4.758671308401848705e+02
1.121771960734962192e+01 4.758677547425342595e+02
1.121318902592500422e+01 4.758677537630769052e+02
1.120865844450038651e+01 4.758746237151358400e+02
1.120412786307576880e+01 4.758763672948458066e+02
1.119959728165115109e+01 4.758769099875494248e+02
1.119506670022653338e+01 4.758767489018490551e+02
1.119053611880191568e+01 4.758779789341515993e+02
1.118600553737729797e+01 4.758837387241505326e+02
1.118147495595268026e+01 4.758846573536920914e+02
1.117694437452807676e+01 4.758918238162266334e+02
1.117241379310345906e+01 4.758915774406518153e+02
1.116788321167884135e+01 4.758993910615848790e+02
1.116335263025422364e+01 4.759002620449400069e+02
1.115882204882960593e+01 4.758973605938775790e+02
1.115429146740498823e+01 4.759002669466011639e+02
1.114976088598037052e+01 4.758992057137782581e+02
1.114523030455575281e+01 4.758998746707568444e+02
1.114069972313113510e+01 4.759010950610503414e+02
1.113616914170653160e+01 4.759018397407499492e+02
1.113163856028191390e+01 4.759093912076704669e+02
1.112710797885729619e+01 4.759079239816500717e+02
1.112257739743267848e+01 4.759090846660517968e+02
1.111804681600806077e+01 4.759121089995971943e+02
1.111351623458344307e+01 4.759141359441576355e+02
1.110898565315882536e+01 4.759150172859406780e+02
1.110445507173420765e+01 4.759176283226369719e+02
1.109992449030958994e+01 4.759215980120353038e+02
1.109539390888497223e+01 4.759262305586900084e+02
1.109086332746036874e+01 4.759336107584803699e+02
1.108633274603575103e+01 4.759342305502781869e+02
1.108180216461113332e+01 4.759350527395114909e+02
1.107727158318651561e+01 4.759370745213283271e+02
1.107274100176189791e+01 4.759332995649871236e+02
1.106821042033728020e+01 4.759370595568418594e+02
1.106367983891266249e+01 4.759352761876069167e+02
1.105914925748804478e+01 4.759371345449834507e+02
1.105461867606342707e+01 4.759330687673405578e+02
1.105008809463882358e+01 4.759340685237335151e+02
1.104555751321420587e+01 4.759400534390918551e+02
1.104102693178958816e+01 4.759406587720752100e+02
1.103649635036497045e+01 4.759462789480976994e+02
1.103196576894035275e+01 4.759482338753006729e+02
1.102743518751573504e+01 4.759501781260743769e+02
1.102290460609111733e+01 4.759509631123470967e+02
1.101837402466649962e+01 4.759522920417492173e+02
1.101384344324188191e+01 4.759555766766057445e+02
1.100931286181727842e+01 4.759596109208605412e+02
1.100478228039266071e+01 4.759669251688339386e+02
1.100025169896804300e+01 4.759678442052222636e+02
1.099572111754342529e+01 4.759695003567852609e+02
1.099119053611880759e+01 4.759660826271981477e+02
1.098665995469418988e+01 4.759675132029207703e+02
1.098212937326957217e+01 4.759639461755103866e+02
1.097759879184495446e+01 4.759604095332317684e+02
1.097306821042033675e+01 4.759532229136751766e+02
1.096853762899573326e+01 4.759522093546516430e+02
1.096400704757111555e+01 4.759535926424926515e+02
1.095947646614649784e+01 4.759552642764631969e+02
1.095494588472188013e+01 4.759628189261766806e+02
1.095041530329726243e+01 4.759613583470430171e+02
1.094588472187264472e+01 4.759603111481562792e+02
1.094135414044802701e+01 4.759629869801667041e+02
1.093682355902340930e+01 4.759598212102044954e+02
1.093229297759879159e+01 4.759639562104860602e+02
1.092776239617418810e+01 4.759687391146763389e+02
1.092323181474957039e+01 4.759762329667020708e+02
1.091870123332495268e+01 4.759785124661836448e+02
1.091417065190033497e+01 4.759814050522821844e+02
1.090964007047571727e+01 4.759843373745233635e+02
1.090510948905109956e+01 4.759809601385672977e+02
1.090057890762648185e+01 4.759894675650320437e+02
1.089604832620186414e+01 4.759912260645604078e+02
1.089151774477724643e+01 4.760003759442370210e+02
1.088698716335264294e+01 4.760018075775145689e+02
1.088245658192802523e+01 4.760052251576925073e+02
1.087792600050340752e+01 4.760086102316636243e+02
1.087339541907878981e+01 4.760067649018338898e+02
1.086886483765417211e+01 4.760129473077520856e+02
1.086433425622955440e+01 4.760177455340706274e+02
1.085980367480493669e+01 4.760227652040138651e+02
1.085527309338031898e+01 4.760271648528586752e+02
1.085074251195570127e+01 4.760320166425250932e+02
1.084621193053108357e+01 4.760375369198644648e+02
1.084168134910648007e+01 4.760390560164684643e+02
1.083715076768186236e+01 4.760398384224548636e+02
1.083262018625724465e+01 4.760425180577315700e+02
1.082808960483262695e+01 4.760478143047898811e+02
1.082355902340800924e+01 4.760551594637629478e+02
1.081902844198339153e+01 4.760626841774850391e+02
1.081449786055877382e+01 4.760677977055714223e+02
1.080996727913415612e+01 4.760670707440336855e+02
1.080543669770953841e+01 4.760645545790771962e+02
1.080090611628493491e+01 4.760595484390067895e+02
1.079637553486031720e+01 4.760569162296815193e+02
1.079184495343569949e+01 4.760554212803784822e+02
1.078731437201108179e+01 4.760561964616994715e+02
1.078278379058646408e+01 4.760622834983595340e+02
1.077825320916184637e+01 4.760620955008679402e+02
1.077372262773722866e+01 4.760662534401761263e+02
1.076919204631261096e+01 4.760671909710573573e+02
1.076466146488799325e+01 4.760661257616905573e+02
1.076013088346338975e+01 4.760700582918689179e+02
1.075560030203877204e+01 4.760738033116359702e+02
1.075106972061415433e+01 4.760773151451752483e+02
1.074653913918953663e+01 4.760801107092829056e+02
1.074200855776491892e+01 4.760828585476907051e+02
1.073747797634030121e+01 4.760845014891337996e+02
1.073294739491568350e+01 4.760862305350350994e+02
1.072841681349106580e+01 4.760838351622976461e+02
1.072388623206644809e+01 4.760842907619473294e+02
1.071935565064184459e+01 4.760915013125492123e+02
1.071482506921722688e+01 4.760950133520831287e+02
1.071029448779260917e+01 4.760984865659499974e+02
1.070576390636799147e+01 4.761027012436650239e+02
1.070123332494337376e+01 4.761074542526714026e+02
1.069670274351875605e+01 4.761111678274867245e+02
1.069217216209413834e+01 4.761141069472559479e+02
1.068764158066952064e+01 4.761158557858370273e+02
1.068311099924490293e+01 4.761176261802587533e+02
1.067858041782029943e+01 4.761199440858402454e+02
1.067404983639568172e+01 4.761209421358007035e+02
1.066951925497106402e+01 4.761236472245917071e+02
1.066498867354644631e+01 4.761254781768629414e+02
1.066045809212182860e+01 4.761316141180456043e+02
1.065592751069721089e+01 4.761355700178706911e+02
1.065139692927259318e+01 4.761397761025244790e+02
1.064686634784797548e+01 4.761425011704133681e+02
1.064233576642335777e+01 4.761425848123295168e+02
1.063780518499875427e+01 4.761455346568859568e+02
1.063327460357413656e+01 4.761515963397198448e+02
1.062874402214951886e+01 4.761542596952897952e+02
1.062421344072490115e+01 4.761543816995855991e+02
1.061968285930028344e+01 4.761560883786339673e+02
1.061515227787566573e+01 4.761490000142532608e+02
1.061062169645104802e+01 4.761473870178275547e+02
1.060609111502643032e+01 4.761436352326608130e+02
1.060156053360181261e+01 4.761481412286501040e+02
1.059702995217719490e+01 4.761557185913966350e+02
1.059249937075259140e+01 4.761658307569999806e+02
1.058796878932797370e+01 4.761751662361403419e+02
1.058343820790335599e+01 4.761778881035007771e+02
1.057890762647873828e+01 4.761839734650322384e+02
1.057437704505412057e+01 4.761838956330716428e+02
1.056984646362950286e+01 4.761902428251883066e+02
1.056531588220488516e+01 4.761925973523315747e+02
1.056078530078026745e+01 4.761962839667236835e+02
1.055625471935564974e+01 4.762007057454878804e+02
1.055172413793104624e+01 4.762012276750341471e+02
1.054719355650642854e+01 4.762043828649983652e+02
1.054266297508181083e+01 4.762043269110030792e+02
1.053813239365719312e+01 4.762115637696369959e+02
1.053360181223257541e+01 4.762125736052468596e+02
1.052907123080795770e+01 4.762182322518934825e+02
1.052454064938334000e+01 4.762282560439423946e+02
1.052001006795872229e+01 4.762265837433408251e+02
1.051547948653410458e+01 4.762297534543118900e+02
1.051094890510950108e+01 4.762319190571074046e+02
1.050641832368488338e+01 4.762298471470658683e+02
1.050188774226026567e+01 4.762323532541824989e+02
1.049735716083564796e+01 4.762341682445455717e+02
1.049282657941103025e+01 4.762409357035309654e+02
1.048829599798641254e+01 4.762350237391277687e+02
1.048376541656179484e+01 4.762427205594547104e+02
1.047923483513717713e+01 4.762445487531352910e+02
1.047470425371255942e+01 4.762555562205307069e+02
1.047017367228795592e+01 4.762596450054089132e+02
1.046564309086333822e+01 4.762609390148645048e+02
1.046111250943872051e+01 4.762711829003947059e+02
1.045658192801410280e+01 4.762719720623247213e+02
1.045205134658948509e+01 4.762775778625782550e+02
1.044752076516486738e+01 4.762816463134760170e+02
1.044299018374024968e+01 4.762845763227771840e+02
1.043845960231563197e+01 4.762856664707966843e+02
1.043392902089101426e+01 4.762823830610842606e+02
1.042939843946641076e+01 4.762827362406505927e+02
1.042486785804179306e+01 4.762889076134601964e+02
1.042033727661717535e+01 4.762945382343973506e+02
1.041580669519255764e+01 4.762996614862371985e+02
1.041127611376793993e+01 4.763096197204462214e+02
1.040674553234332222e+01 4.763168199343837728e+02
1.040221495091870452e+01 4.763212987672998793e+02
1.039768436949408681e+01 4.763241724650396804e+02
1.039315378806946910e+01 4.763279092139514432e+02
1.038862320664486560e+01 4.763344292876973896e+02
1.038409262522024790e+01 4.763396883118649043e+02
1.037956204379563019e+01 4.763446808401345720e+02
1.037503146237101248e+01 4.763465827219736184e+02
1.037050088094639477e+01 4.763509590961286904e+02
1.036597029952177706e+01 4.763626275611304663e+02
1.036143971809715936e+01 4.763712092628508117e+02
1.035690913667254165e+01 4.763827246374448805e+02
1.035237855524792394e+01 4.763913004519276342e+02
1.034784797382330623e+01 4.763982556908422907e+02
1.034331739239870274e+01 4.764001415996188484e+02
1.033878681097408503e+01 4.764016341474127216e+02
1.033425622954946732e+01 4.764023617349531037e+02
1.032972564812484961e+01 4.764024130596912414e+02
1.032519506670023191e+01 4.764042446833717008e+02
1.032066448527561420e+01 4.764078872834496678e+02
1.031613390385099649e+01 4.764173612678803806e+02
1.031160332242637878e+01 4.764216747262969989e+02
1.030707274100176107e+01 4.764290970244400683e+02
1.030254215957715758e+01 4.764353260821754930e+02
1.029801157815253987e+01 4.764370660984002370e+02
1.029348099672792216e+01 4.764372908114256120e+02
1.028895041530330445e+01 4.764464621648220373e+02
1.028441983387868675e+01 4.764542186902762069e+02
1.027988925245406904e+01 4.764548365013459943e+02
1.027535867102945133e+01 4.764596170800647315e+02
1.027082808960483362e+01 4.764596239660658057e+02
1.026629750818021591e+01 4.764628889403846301e+02
1.026176692675561242e+01 4.764625909038786062e+02
1.025723634533099471e+01 4.764641440942142481e+02
1.025270576390637700e+01 4.764700654120314312e+02
1.024817518248175929e+01 4.764723910974535102e+02
1.024364460105714159e+01 4.764743073575000381e+02
1.023911401963252388e+01 4.764711546094998198e+02
1.023458343820790617e+01 4.764742302093530952e+02
1.023005285678328846e+01 4.764746194534758956e+02
1.022552227535867075e+01 4.764743202948834551e+02
1.022099169393406726e+01 4.764759462804720442e+02
1.021646111250944955e+01 4.764811267627852089e+02
1.021193053108483184e+01 4.764832177948542835e+02
1.020739994966021413e+01 4.764889341328945420e+02
1.020286936823559643e+01 4.764947332385941650e+02
1.019833878681097872e+01 4.764954363708638425e+02
1.019380820538636101e+01 4.765011734557242562e+02
1.018927762396174330e+01 4.765060515015106830e+02
1.018474704253712559e+01 4.765160883615106400e+02
1.018021646111252210e+01 4.765204873198049427e+02
1.017568587968790439e+01 4.765261967932335097e+02
1.017115529826328668e+01 4.765297633733754310e+02
1.016662471683866897e+01 4.765322375731514626e+02
1.016209413541405127e+01 4.765366662217988960e+02
1.015756355398943356e+01 4.765383664519468425e+02
1.015303297256481585e+01 4.765461583783452966e+02
1.014850239114019814e+01 4.765579930277958738e+02
1.014397180971558043e+01 4.765635243682446003e+02
1.013944122829096273e+01 4.765649307762274702e+02
1.013491064686635923e+01 4.765695884738671566e+02
1.013038006544174152e+01 4.765689555194452396e+02
1.012584948401712381e+01 4.765665300792833250e+02
1.012131890259250611e+01 4.765705700669178100e+02
1.011678832116788840e+01 4.765768739014757784e+02
1.011225773974327069e+01 4.765855808657333910e+02
1.010772715831865298e+01 4.765877633774392166e+02
1.010319657689403527e+01 4.765919217627222793e+02
1.009866599546941757e+01 4.765965185818900522e+02
1.009413541404481407e+01 4.766005077322645889e+02
1.008960483262019636e+01 4.766086225007361463e+02
1.008507425119557865e+01 4.766109748691966388e+02
1.008054366977096095e+01 4.766167200934174843e+02
1.007601308834634324e+01 4.766182728485256916e+02
1.007148250692172553e+01 4.766211046628914687e+02
1.006695192549710782e+01 4.766232268659797455e+02
1.006242134407249011e+01 4.766283577588674234e+02
1.005789076264787241e+01 4.766363388749095975e+02
1.005336018122326891e+01 4.766379048532180036e+02
1.004882959979865120e+01 4.766417759035512063e+02
1.004429901837403349e+01 4.766474448269774484e+02
1.003976843694941579e+01 4.766542063395252740e+02
1.003523785552479808e+01 4.766637067551205291e+02
1.003070727410018037e+01 4.766663665672322168e+02
1.002617669267556266e+01 4.766684211846245489e+02
1.002164611125094495e+01 4.766715883643560119e+02
1.001711552982632725e+01 4.766708783019700491e+02
1.001258494840172375e+01 4.766736383201799185e+02
1.000805436697710604e+01 4.766792981949589034e+02
1.000352378555248833e+01 4.766772567596871681e+02
9.998993204127870627e+00 4.766782239965359054e+02
9.994462622703252919e+00 4.766775391756283398e+02
9.989932041278635211e+00 4.766810836011007382e+02
9.985401459854017503e+00 4.766791199065896194e+02
9.980870878429399795e+00 4.766846036746035224e+02
9.976340297004782087e+00 4.766877151430252866e+02
9.971809715580178590e+00 4.766888625380261146e+02
9.967279134155560882e+00 4.766887781043230348e+02
9.962748552730943175e+00 4.766950006942254845e+02
9.958217971306325467e+00 4.767007122381810973e+02
9.953687389881707759e+00 4.767049655045373129e+02
9.949156808457090051e+00 4.767125484966307454e+02
9.944626227032472343e+00 4.767135081850617553e+02
9.940095645607854635e+00 4.767178186432482221e+02
9.935565064183236927e+00 4.767191727736246207e+02
9.931034482758633430e+00 4.767217917958867019e+02
9.926503901334015723e+00 4.767314745712020567e+02
9.921973319909398015e+00 4.767361382494655686e+02
9.917442738484780307e+00 4.767464969992719261e+02
9.912912157060162599e+00 4.767463146354303944e+02
9.908381575635544891e+00 4.767488457054623154e+02
9.903850994210927183e+00 4.767510540953697955e+02
9.899320412786309475e+00 4.767479054988273219e+02
9.894789831361691768e+00 4.767527642890842117e+02
9.890259249937074060e+00 4.767510517464235704e+02
9.885728668512470563e+00 4.767561102161752160e+02
9.881198087087852855e+00 4.767576193789678882e+02
9.876667505663235147e+00 4.767603867053796876e+02
9.872136924238617439e+00 4.767644021418931288e+02
9.867606342813999731e+00 4.767664591569882759e+02
9.863075761389382023e+00 4.767708667326260183e+02
9.858545179964764316e+00 4.767720676696881696e+02
9.854014598540146608e+00 4.767766826226216494e+02
9.849484017115528900e+00 4.767807840980225365e+02
9.844953435690925403e+00 4.767780618178921941e+02
9.840422854266307695e+00 4.767802815671828398e+02
9.835892272841689987e+00 4.767847119720385081e+02
9.831361691417072279e+00 4.767915877776983393e+02
9.826831109992454572e+00 4.767953087053613217e+02
9.822300528567836864e+00 4.768007285289270385e+02
9.817769947143219156e+00 4.768020168137134647e+02
9.813239365718601448e+00 4.768049407106904027e+02
9.808708784293983740e+00 4.768085298891604680e+02
9.804178202869380243e+00 4.768140433970611980e+02
9.799647621444762535e+00 4.768195536378757993e+02
9.795117040020144827e+00 4.768222540227876607e+02
9.790586458595527120e+00 4.768256126808068416e+02
9.786055877170909412e+00 4.768298706347970892e+02
9.781525295746291704e+00 4.768317489907316258e+02
9.776994714321673996e+00 4.768344489756922258e+02
9.772464132897056288e+00 4.768331558596119635e+02
9.767933551472438580e+00 4.768312492291232161e+02
9.763402970047835083e+00 4.768344902944965042e+02
9.758872388623217375e+00 4.768374257217816421e+02
9.754341807198599668e+00 4.768400063374209594e+02
9.749811225773981960e+00 4.768425625610693714e+02
9.745280644349364252e+00 4.768484319701900631e+02
9.740750062924746544e+00 4.768522534585709991e+02
9.736219481500128836e+00 4.768577817410866260e+02
9.731688900075511128e+00 4.768657022834814256e+02
9.727158318650893420e+00 4.768708656054187713e+02
9.722627737226289923e+00 4.768758589796539127e+02
9.718097155801672216e+00 4.768805731577445499e+02
9.713566574377054508e+00 4.768792278571871179e+02
9.709035992952436800e+00 4.768788387737416201e+02
9.704505411527819092e+00 4.768759538047020783e+02
9.699974830103201384e+00 4.768773633474600047e+02
9.695444248678583676e+00 4.768775189469545808e+02
9.690913667253965968e+00 4.768758469280730310e+02
9.686383085829348261e+00 4.768786662474814761e+02
9.681852504404744764e+00 4.768821903182691813e+02
9.677321922980127056e+00 4.768861392288542902e+02
9.672791341555509348e+00 4.768923851351186727e+02
9.668260760130891640e+00 4.768935716508602809e+02
9.663730178706273932e+00 4.768942173012260923e+02
9.659199597281656224e+00 4.768913257406544517e+02
9.654669015857038517e+00 4.768895283559705831e+02
9.650138434432420809e+00 4.768933240202259185e+02
9.645607853007803101e+00 4.768946826244395538e+02
9.641077271583185393e+00 4.768999966327388051e+02
9.636546690158581896e+00 4.768977870286433358e+02
9.632016108733964188e+00 4.768992595034641226e+02
9.627485527309346480e+00 4.769045202577128180e+02
9.622954945884728772e+00 4.769123987284626764e+02
9.618424364460111065e+00 4.769185028055733824e+02
9.613893783035493357e+00 4.769238906307933803e+02
9.609363201610875649e+00 4.769307574422608127e+02
9.604832620186257941e+00 4.769393887483509502e+02
9.600302038761640233e+00 4.769454571797330686e+02
9.595771457337036736e+00 4.769484537720787216e+02
9.591240875912419028e+00 4.769510871250529931e+02
9.586710294487801320e+00 4.769567545386757388e+02
9.582179713063183613e+00 4.769592259572464172e+02
9.577649131638565905e+00 4.769607980767628987e+02
9.573118550213948197e+00 4.769674362495852620e+02
9.568587968789330489e+00 4.769670381533879322e+02
9.564057387364712781e+00 4.769757025825795722e+02
9.559526805940095073e+00 4.769846811052099156e+02
9.554996224515491576e+00 4.769881295459678654e+02
9.550465643090873868e+00 4.769942131533603060e+02
9.545935061666256161e+00 4.769964195676488430e+02
9.541404480241638453e+00 4.770058733825956665e+02
9.536873898817020745e+00 4.770061421034341720e+02
9.532343317392403037e+00 4.770088702967090057e+02
9.527812735967785329e+00 4.770144163038988268e+02
9.523282154543167621e+00 4.770164595333440047e+02
9.518751573118549913e+00 4.770262389005364412e+02
9.514220991693946416e+00 4.770287372093098384e+02
9.509690410269328709e+00 4.770339015230657651e+02
9.505159828844711001e+00 4.770361332718878771e+02
9.500629247420093293e+00 4.770385964062894573e+02
9.496098665995475585e+00 4.770425328313265254e+02
9.491568084570857877e+00 4.770470101104081664e+02
9.487037503146240169e+00 4.770488511288475024e+02
9.482506921721622462e+00 4.770520423108715136e+02
9.477976340297004754e+00 4.770516082821179111e+02
9.473445758872401257e+00 4.770528868532599063e+02
9.468915177447783549e+00 4.770536714711590207e+02
9.464384596023165841e+00 4.770547161095244064e+02
9.459854014598548133e+00 4.770587987090574984e+02
9.455323433173930425e+00 4.770691315261084355e+02
9.450792851749312717e+00 4.770724674940645968e+02
9.446262270324695010e+00 4.770783101869800475e+02
9.441731688900077302e+00 4.770810167746159891e+02
9.437201107475459594e+00 4.770861297305404491e+02
9.432670526050856097e+00 4.770921729081517810e+02
9.428139944626238389e+00 4.770927364419391665e+02
9.423609363201620681e+00 4.770978944723351560e+02
9.419078781777002973e+00 4.771004947773642471e+02
9.414548200352385265e+00 4.771038551670555421e+02
9.410017618927767558e+00 4.771103857462599649e+02
9.405487037503149850e+00 4.771127696157990385e+02
9.400956456078532142e+00 4.771219773541766926e+02
9.396425874653914434e+00 4.771212858601210201e+02
9.391895293229296726e+00 4.771255500802282086e+02
9.387364711804693229e+00 4.771320710356223458e+02
9.382834130380075521e+00 4.771320661194927197e+02
9.378303548955457813e+00 4.771372688679452949e+02
9.373772967530840106e+00 4.771392577157915866e+02
9.369242386106222398e+00 4.771420415940351063e+02
9.364711804681604690e+00 4.771451218702655410e+02
9.360181223256986982e+00 4.771500878830726151e+02
9.355650641832369274e+00 4.771523573956841346e+02
9.351120060407751566e+00 4.771588153187878447e+02
9.346589478983148069e+00 4.771602691069618913e+02
9.342058897558530361e+00 4.771686130899853993e+02
9.337528316133912654e+00 4.771663558263508662e+02
9.332997734709294946e+00 4.771755474691386780e+02
9.328467153284677238e+00 4.771840924320674731e+02
9.323936571860059530e+00 4.771940463727150359e+02
9.319405990435441822e+00 4.771982811905251651e+02
9.314875409010824114e+00 4.772046964998267526e+02
9.310344827586206407e+00 4.772145896798384115e+02
9.305814246161602910e+00 4.772202227111032471e+02
9.301283664736985202e+00 4.772293140152196997e+02
9.296753083312367494e+00 4.772358191835094203e+02
9.292222501887749786e+00 4.772443117438124318e+02
9.287691920463132078e+00 4.772475880676217344e+02
9.283161339038514370e+00 4.772521019388420314e+02
9.278630757613896662e+00 4.772567495445830446e+02
9.274100176189278955e+00 4.772599883036349979e+02
9.269569594764661247e+00 4.772622055621339427e+02
9.265039013340057750e+00 4.772657339277088226e+02
9.260508431915440042e+00 4.772662321343755139e+02
9.255977850490822334e+00 4.772689237891853509e+02
9.251447269066204626e+00 4.772676680944655345e+02
9.246916687641586918e+00 4.772711508663007862e+02
9.242386106216969210e+00 4.772731308977246272e+02
9.237855524792351503e+00 4.772752679045668174e+02
9.233324943367733795e+00 4.772775004687075011e+02
9.228794361943116087e+00 4.772787355218961807e+02
9.224263780518512590e+00 4.772809662804251616e+02
9.219733199093894882e+00 4.772848933815744203e+02
9.215202617669277174e+00 4.772874715582915996e+02
9.210672036244659466e+00 4.772904880887214176e+02
9.206141454820041758e+00 4.772988411343828830e+02
9.201610873395424051e+00 4.773079321506551196e+02
9.197080291970806343e+00 4.773112039050156454e+02
9.192549710546188635e+00 4.773167746187147600e+02
9.188019129121570927e+00 4.773234231258352906e+02
9.183488547696953219e+00 4.773307668355339501e+02
9.178957966272349722e+00 4.773415437510974471e+02
9.174427384847732014e+00 4.773461403719347800e+02
9.169896803423114306e+00 4.773526656085120976e+02
9.165366221998496599e+00 4.773564950524899473e+02
9.160835640573878891e+00 4.773553954638914547e+02
9.156305059149261183e+00 4.773614305982713972e+02
9.151774477724643475e+00 4.773607133883659230e+02
9.147243896300025767e+00 4.773700374621374749e+02
9.142713314875408059e+00 4.773737564025749975e+02
9.138182733450804562e+00 4.773815924063510465e+02
9.133652152026186855e+00 4.773868897681815042e+02
9.129121570601569147e+00 4.773941712880115915e+02
9.124590989176951439e+00 4.773958206060657972e+02
9.120060407752333731e+00 4.774012049037030465e+02
9.115529826327716023e+00 4.774081725493623480e+02
9.110999244903098315e+00 4.774143397856216211e+02
9.106468663478480607e+00 4.774203257106167371e+02
9.101938082053862900e+00 4.774272931463318059e+02
9.097407500629259403e+00 4.774380843169703326e+02
9.092876919204641695e+00 4.774438734203945387e+02
9.088346337780023987e+00 4.774518028093614816e+02
9.083815756355406279e+00 4.774588152718897618e+02
9.079285174930788571e+00 4.774593226112387470e+02
9.074754593506170863e+00 4.774608797213413141e+02
9.070224012081553155e+00 4.774642681761956737e+02
9.065693430656935448e+00 4.774663376589503514e+02
9.061162849232317740e+00 4.774713526859928834e+02
9.056632267807714243e+00 4.774741994731183468e+02
9.052101686383096535e+00 4.774802004331513103e+02
9.047571104958478827e+00 4.774836058801004128e+02
9.043040523533861119e+00 4.774876752172575038e+02
9.038509942109243411e+00 4.774907141774828574e+02
9.033979360684625703e+00 4.774893314526561880e+02
9.029448779260007996e+00 4.774920258492315952e+02
9.024918197835390288e+00 4.774893734054923584e+02
9.020387616410772580e+00 4.774895138389410931e+02
9.015857034986169083e+00 4.774916287744828765e+02
9.011326453561551375e+00 4.774916721800992150e+02
9.006795872136933667e+00 4.774975917155006186e+02
9.002265290712315959e+00 4.774989375502324833e+02
8.997734709287698252e+00 4.775029884476163602e+02
8.993204127863080544e+00 4.775072259284308984e+02
8.988673546438462836e+00 4.775084510749218225e+02
8.984142965013845128e+00 4.775169768589971113e+02
8.979612383589227420e+00 4.775165483045893779e+02
8.975081802164623923e+00 4.775188833493613743e+02
8.970551220740006215e+00 4.775228326311866454e+02
8.966020639315388507e+00 4.775222122067838768e+02
8.961490057890770800e+00 4.775274111214743016e+02
8.956959476466153092e+00 4.775305485708911988e+02
8.952428895041535384e+00 4.775345827709674609e+02
8.947898313616917676e+00 4.775387503639640840e+02
8.943367732192299968e+00 4.775429202664584523e+02
8.938837150767682260e+00 4.775505814401462317e+02
8.934306569343064552e+00 4.775523320368488385e+02
8.929775987918461055e+00 4.775593084286632006e+02
8.925245406493843348e+00 4.775645307088316827e+02
8.920714825069225640e+00 4.775698177026818598e+02
8.916184243644607932e+00 4.775737913941868555e+02
8.911653662219990224e+00 4.775762614303893088e+02
8.907123080795372516e+00 4.775789727544777179e+02
8.902592499370754808e+00 4.775846158097747320e+02
8.898061917946137100e+00 4.775932082688560172e+02
8.893531336521519393e+00 4.776006744791450842e+02
8.889000755096915896e+00 4.776077560012468552e+02
8.884470173672298188e+00 4.776122909651775217e+02
8.879939592247680480e+00 4.776188540493397454e+02
8.875409010823062772e+00 4.776246098575493306e+02
8.870878429398445064e+00 4.776228335800641389e+02
8.866347847973827356e+00 4.776313401412209600e+02
8.861817266549209648e+00 4.776335730675080526e+02
8.857286685124591941e+00 4.776380976557782105e+02
8.852756103699974233e+00 4.776418776534038102e+02
8.848225522275370736e+00 4.776426520428850608e+02
8.843694940850753028e+00 4.776482550152641693e+02
8.839164359426135320e+00 4.776516888141596837e+02
8.834633778001517612e+00 4.776552397430604628e+02
8.830103196576899904e+00 4.776606249202682193e+02
8.825572615152282197e+00 4.776632675812671778e+02
8.821042033727664489e+00 4.776681958800411962e+02
8.816511452303046781e+00 4.776700785372430573e+02
8.811980870878429073e+00 4.776720544603126086e+02
8.807450289453825576e+00 4.776762699658845577e+02
8.802919708029207868e+00 4.776768527623738692e+02
8.798389126604590160e+00 4.776752768670974660e+02
8.793858545179972452e+00 4.776820381207016908e+02
8.789327963755354745e+00 4.776825364230097080e+02
8.784797382330737037e+00 4.776890306766240428e+02
8.780266800906119329e+00 4.776961659087489238e+02
8.775736219481501621e+00 4.777019312956522299e+02
8.771205638056883913e+00 4.777113981094223050e+02
8.766675056632280416e+00 4.777126460010399001e+02
8.762144475207662708e+00 4.777184582318813568e+02
8.757613893783045000e+00 4.777230854398359838e+02
8.753083312358427293e+00 4.777250025704829000e+02
8.748552730933809585e+00 4.777342367853979113e+02
8.744022149509191877e+00 4.777388167469412679e+02
8.739491568084574169e+00 4.777459934362889840e+02
8.734960986659956461e+00 4.777506812315447746e+02
8.730430405235338753e+00 4.777535556627111646e+02
8.725899823810735256e+00 4.777643040732783106e+02
8.721369242386117548e+00 4.777669879985773491e+02
8.716838660961499841e+00 4.777716878661944406e+02
8.712308079536882133e+00 4.777767559656598451e+02
8.707777498112264425e+00 4.777782535968437401e+02
8.703246916687646717e+00 4.777838116495703957e+02
8.698716335263029009e+00 4.777811125279442308e+02
8.694185753838411301e+00 4.777834225948508333e+02
8.689655172413793593e+00 4.777837460090261175e+02
8.685124590989175886e+00 4.777849486060205777e+02
8.680594009564572389e+00 4.777892914085053349e+02
8.676063428139954681e+00 4.777898983904573811e+02
8.671532846715336973e+00 4.777988745534001396e+02
8.667002265290719265e+00 4.778013544572841624e+02
8.662471683866101557e+00 4.778070101684866131e+02
8.657941102441483849e+00 4.778106504764916735e+02
8.653410521016866142e+00 4.778153203238860556e+02
8.648879939592248434e+00 4.778217235885561536e+02
8.644349358167630726e+00 4.778209614686446116e+02
8.639818776743027229e+00 4.778245909682113393e+02
8.635288195318409521e+00 4.778271310849714837e+02
8.630757613893791813e+00 4.778319919706980841e+02
8.626227032469174105e+00 4.778376105528431594e+02
8.621696451044556397e+00 4.778409733728199740e+02
8.617165869619938690e+00 4.778458377755588913e+02
8.612635288195320982e+00 4.778470945165037165e+02
8.608104706770703274e+00 4.778522658133961727e+02
8.603574125346085566e+00 4.778567277208051678e+02
8.599043543921482069e+00 4.778646578276852779e+02
8.594512962496864361e+00 4.778732865373268055e+02
8.589982381072246653e+00 4.778781128244258412e+02
8.585451799647628945e+00 4.778868501378775591e+02
8.580921218223011238e+00 4.778914210329368757e+02
8.576390636798393530e+00 4.779017501693556937e+02
8.571860055373775822e+00 4.779081940120347554e+02
8.567329473949158114e+00 4.779123746537630382e+02
8.562798892524540406e+00 4.779168273569981693e+02
8.558268311099936909e+00 4.779199456393559444e+02
8.553737729675319201e+00 4.779227540713459916e+02
8.549207148250701493e+00 4.779203490031517845e+02
8.544676566826083786e+00 4.779234439298346047e+02
8.540145985401466078e+00 4.779270841662296903e+02
8.535615403976848370e+00 4.779294191228245836e+02
8.531084822552230662e+00 4.779358924611585167e+02
8.526554241127612954e+00 4.779360406990647903e+02
8.522023659702995246e+00 4.779417319719830175e+02
8.517493078278391749e+00 4.779403563635746650e+02
8.512962496853774041e+00 4.779435856599748718e+02
8.508431915429156334e+00 4.779521915827684779e+02
8.503901334004538626e+00 4.779513473810490041e+02
8.499370752579920918e+00 4.779547135169111698e+02
8.494840171155303210e+00 4.779564207284402073e+02
8.490309589730685502e+00 4.779571827477597594e+02
8.485779008306067794e+00 4.779609965446637148e+02
8.481248426881450087e+00 4.779617661760814826e+02
8.476717845456846590e+00 4.779635451331151330e+02
8.472187264032228882e+00 4.779670871566424353e+02
8.467656682607611174e+00 4.779692467980015635e+02
8.463126101182993466e+00 4.779771854140615233e+02
8.458595519758375758e+00 4.779820827369103995e+02
8.454064938333758050e+00 4.779884604134580854e+02
8.449534356909140342e+00 4.779971163386629200e+02
8.445003775484522635e+00 4.780003782476063066e+02
8.440473194059904927e+00 4.780065242463417690e+02
8.435942612635287219e+00 4.780094702930113044e+02
8.431412031210683722e+00 4.780140788751215268e+02
8.426881449786066014e+00 4.780198417537043838e+02
8.422350868361448306e+00 4.780263899543182333e+02
8.417820286936830598e+00 4.780310064999487167e+02
8.413289705512212890e+00 4.780346082924772304e+02
8.408759124087595183e+00 4.780441710292496964e+02
8.404228542662977475e+00 4.780486368028201696e+02
8.399697961238359767e+00 4.780554359125968062e+02
8.395167379813742059e+00 4.780582172846640105e+02
8.390636798389138562e+00 4.780652730076097328e+02
8.386106216964520854e+00 4.780685079466308594e+02
8.381575635539903146e+00 4.780674886508876398e+02
8.377045054115285438e+00 4.780765765095071060e+02
8.372514472690667731e+00 4.780801714820523785e+02
8.367983891266050023e+00 4.780870248630176320e+02
8.363453309841432315e+00 4.780901051569018705e+02
8.358922728416814607e+00 4.780916783605664477e+02
8.354392146992196899e+00 4.780990187698535010e+02
8.349861565567593402e+00 4.781002580636045991e+02
8.345330984142975694e+00 4.781008413440046638e+02
8.340800402718357986e+00 4.781002798645827170e+02
8.336269821293740279e+00 4.781069466796299707e+02
8.331739239869122571e+00 4.781097110308998595e+02
8.327208658444504863e+00 4.781133677660063199e+02
8.322678077019887155e+00 4.781219706015558586e+02
8.318147495595269447e+00 4.781273642191749786e+02
8.313616914170651739e+00 4.781315684739612948e+02
8.309086332746048242e+00 4.781373962920529266e+02
8.304555751321430535e+00 4.781412466468187290e+02
8.300025169896812827e+00 4.781446415082476733e+02
8.295494588472195119e+00 4.781445270708998123e+02
8.290964007047577411e+00 4.781459144045259677e+02
8.286433425622959703e+00 4.781488650597277683e+02
8.281902844198341995e+00 4.781490734298777738e+02
8.277372262773724287e+00 4.781526849795416183e+02
8.272841681349106580e+00 4.781565045193232208e+02
8.268311099924503083e+00 4.781635100705422587e+02
8.263780518499885375e+00 4.781665984281380588e+02
8.259249937075267667e+00 4.781715296545480669e+02
8.254719355650649959e+00 4.781786656143062260e+02
8.250188774226032251e+00 4.781806595183890067e+02
8.245658192801414543e+00 4.781855625707176500e+02
8.241127611376796835e+00 4.781886450704922140e+02
8.236597029952179128e+00 4.781947996292116159e+02
8.232066448527561420e+00 4.782015854132383765e+02
8.227535867102943712e+00 4.782031312450832843e+02
8.223005285678340215e+00 4.782106251958483654e+02
8.218474704253722507e+00 4.782166210816421881e+02
8.213944122829104799e+00 4.782194048046434318e+02
8.209413541404487091e+00 4.782238108609001870e+02
8.204882959979869383e+00 4.782267618332126631e+02
8.200352378555251676e+00 4.782334868518264557e+02
8.195821797130633968e+00 4.782363350613366606e+02
8.191291215706016260e+00 4.782405727081562645e+02
8.186760634281398552e+00 4.782439624037834278e+02
8.182230052856795055e+00 4.782470286667921755e+02
8.177699471432177347e+00 4.782501049537925155e+02
8.173168890007559639e+00 4.782510565089824581e+02
8.168638308582941931e+00 4.782548133505202372e+02
8.164107727158324224e+00 4.782569341717971270e+02
8.159577145733706516e+00 4.782590215842357111e+02
8.155046564309088808e+00 4.782612677719764633e+02
8.150515982884471100e+00 4.782658592826278436e+02
8.145985401459853392e+00 4.782698187340037066e+02
8.141454820035249895e+00 4.782736348270415760e+02
8.136924238610632187e+00 4.782769882332435145e+02
8.132393657186014480e+00 4.782790724352096845e+02
8.127863075761396772e+00 4.782808312038479244e+02
8.123332494336779064e+00 4.782855413001865372e+02
8.118801912912161356e+00 4.782912905965933419e+02
8.114271331487543648e+00 4.782969512914648362e+02
8.109740750062925940e+00 4.783002800988534773e+02
8.105210168638308232e+00 4.783033300142948292e+02
8.100679587213704735e+00 4.783034175965244117e+02
8.096149005789087028e+00 4.783064047822916223e+02
8.091618424364469320e+00 4.783109211309966895e+02
8.087087842939851612e+00 4.783134208424513645e+02
8.082557261515233904e+00 4.783186559114196257e+02
8.078026680090616196e+00 4.783214866302867563e+02
8.073496098665998488e+00 4.783283645872077159e+02
8.068965517241380780e+00 4.783325577207977517e+02
8.064434935816763073e+00 4.783356894019108836e+02
8.059904354392159576e+00 4.783373027685477723e+02
8.055373772967541868e+00 4.783365150584497769e+02
8.050843191542924160e+00 4.783363441673815828e+02
8.046312610118306452e+00 4.783385567934533924e+02
8.041782028693688744e+00 4.783434373489042741e+02
8.037251447269071036e+00 4.783451043676321319e+02
8.032720865844453328e+00 4.783498713067849053e+02
8.028190284419835621e+00 4.783519090995936267e+02
8.023659702995217913e+00 4.783558729605151711e+02
8.019129121570614416e+00 4.783595170048306500e+02
8.014598540145996708e+00 4.783606390953801792e+02
8.010067958721379000e+00 4.783671475879881427e+02
8.005537377296761292e+00 4.783710745588205100e+02
8.001006795872143584e+00 4.783781472715438099e+02
7.996476214447525876e+00 4.783810469909302014e+02
7.991945633022908169e+00 4.783858958398726031e+02
7.987415051598290461e+00 4.783888864692993366e+02
7.982884470173672753e+00 4.783907590658488971e+02
7.978353888749055045e+00 4.783936158522133724e+02
7.973823307324451548e+00 4.783973833219094445e+02
7.969292725899833840e+00 4.784005925373792252e+02
7.964762144475216132e+00 4.784022973041890054e+02
7.960231563050598425e+00 4.784054083157436708e+02
7.955700981625980717e+00 4.784080487043087828e+02
7.951170400201363009e+00 4.784098782677933741e+02
7.946639818776745301e+00 4.784134828938785517e+02
7.942109237352127593e+00 4.784176557982622739e+02
7.937578655927509885e+00 4.784251255589543916e+02
7.933048074502906388e+00 4.784288305156453589e+02
7.928517493078288680e+00 4.784360081496549810e+02
7.923986911653670973e+00 4.784411638598643890e+02
7.919456330229053265e+00 4.784444496209201247e+02
7.914925748804435557e+00 4.784469986791814335e+02
7.910395167379817849e+00 4.784476666569918279e+02
7.905864585955200141e+00 4.784545633431919782e+02
7.901334004530582433e+00 4.784628473439098570e+02
7.896803423105964725e+00 4.784708651903030159e+02
7.892272841681361228e+00 4.784762675355636361e+02
7.887742260256743521e+00 4.784784202469332399e+02
7.883211678832125813e+00 4.784836013086097068e+02
7.878681097407508105e+00 4.784839303966145962e+02
7.874150515982890397e+00 4.784860844315372219e+02
7.869619934558272689e+00 4.784895719352821857e+02
7.865089353133654981e+00 4.784927532349809098e+02
7.860558771709037273e+00 4.784955856200286917e+02
7.856028190284419566e+00 4.784977619738442627e+02
7.851497608859816069e+00 4.785016381523714131e+02
7.846967027435198361e+00 4.785054905920439978e+02
7.842436446010580653e+00 4.785089046773437644e+02
7.837905864585962945e+00 4.785121466798035499e+02
7.833375283161345237e+00 4.785141435963519143e+02
7.828844701736727529e+00 4.785219784342503431e+02
7.824314120312109821e+00 4.785240655217770041e+02
7.819783538887492114e+00 4.785261330013651673e+02
7.815252957462874406e+00 4.785266454062763728e+02
7.810722376038270909e+00 4.785304591838657302e+02
7.806191794613653201e+00 4.785312388491299203e+02
7.801661213189035493e+00 4.785313497425823357e+02
7.797130631764417785e+00 4.785361890870624961e+02
7.792600050339800077e+00 4.785370316015845447e+02
7.788069468915182370e+00 4.785429134278388119e+02
7.783538887490564662e+00 4.785482124278394167e+02
7.779008306065946954e+00 4.785565290234256395e+02
7.774477724641329246e+00 4.785646126311700641e+02
7.769947143216725749e+00 4.785674051522630066e+02
7.765416561792108041e+00 4.785725021111450133e+02
7.760885980367490333e+00 4.785729844183750288e+02
7.756355398942872625e+00 4.785785873295595820e+02
7.751824817518254918e+00 4.785818040506861166e+02
7.747294236093637210e+00 4.785858624700355790e+02
7.742763654669019502e+00 4.785919734222959505e+02
7.738233073244401794e+00 4.785915911009693673e+02
7.733702491819784086e+00 4.785966278973906469e+02
7.729171910395166378e+00 4.785987222022973810e+02
7.724641328970562881e+00 4.786033180574963239e+02
7.720110747545945173e+00 4.786076229828584587e+02
7.715580166121327466e+00 4.786049848489498686e+02
7.711049584696709758e+00 4.786113194719910098e+02
7.706519003272092050e+00 4.786139174829581862e+02
7.701988421847474342e+00 4.786159567978076552e+02
7.697457840422856634e+00 4.786205864544983228e+02
7.692927258998238926e+00 4.786239074031649352e+02
7.688396677573621218e+00 4.786319762940428291e+02
7.683866096149017721e+00 4.786379236196082161e+02
7.679335514724400014e+00 4.786404973644212646e+02
7.674804933299782306e+00 4.786433545899154183e+02
7.670274351875164598e+00 4.786445763285601629e+02
7.665743770450546890e+00 4.786466284584865889e+02
7.661213189025929182e+00 4.786502608891361206e+02
7.656682607601311474e+00 4.786530915359670075e+02
7.652152026176693767e+00 4.786577067157007264e+02
7.647621444752076059e+00 4.786619177260088804e+02
7.643090863327472562e+00 4.786635523686487659e+02
7.638560281902854854e+00 4.786695150931624312e+02
7.634029700478237146e+00 4.786695616067041783e+02
7.629499119053619438e+00 4.786737293927191104e+02
7.624968537629001730e+00 4.786761390685553579e+02
7.620437956204384022e+00 4.786761827538131229e+02
7.615907374779766315e+00 4.786790558463536058e+02
7.611376793355148607e+00 4.786875878861194451e+02
7.606846211930530899e+00 4.786940964679137096e+02
7.602315630505927402e+00 4.786981362137692031e+02
7.597785049081309694e+00 4.787039691940217949e+02
7.593254467656691986e+00 4.787085946224988788e+02
7.588723886232074278e+00 4.787138938840558353e+02
7.584193304807456570e+00 4.787168381315527199e+02
7.579662723382838863e+00 4.787194245545802005e+02
7.575132141958221155e+00 4.787272998886170967e+02
7.570601560533603447e+00 4.787336737468634738e+02
7.566070979108985739e+00 4.787358207856433410e+02
7.561540397684382242e+00 4.787381263191241487e+02
7.557009816259764534e+00 4.787406815544293863e+02
7.552479234835146826e+00 4.787462339790222927e+02
7.547948653410529118e+00 4.787522431307119746e+02
7.543418071985911411e+00 4.787619376292745415e+02
7.538887490561293703e+00 4.787633421519186072e+02
7.534356909136675995e+00 4.787670117480120098e+02
7.529826327712058287e+00 4.787708708229994272e+02
7.525295746287440579e+00 4.787727463813206441e+02
7.520765164862837082e+00 4.787774730513653481e+02
7.516234583438219374e+00 4.787805783748663657e+02
7.511704002013601666e+00 4.787892717978446626e+02
7.507173420588983959e+00 4.787936454309405008e+02
7.502642839164366251e+00 4.787982120498596714e+02
7.498112257739748543e+00 4.788083184412629976e+02
7.493581676315130835e+00 4.788105054615770086e+02
7.489051094890513127e+00 4.788175360526042255e+02
7.484520513465895419e+00 4.788191486451105447e+02
7.479989932041277712e+00 4.788205955068075923e+02
7.475459350616674215e+00 4.788278098481377469e+02
7.470928769192056507e+00 4.788304625909754009e+02
7.466398187767438799e+00 4.788395264947055807e+02
7.461867606342821091e+00 4.788465369373331555e+02
7.457337024918203383e+00 4.788551985558917181e+02
7.452806443493585675e+00 4.788586650027367000e+02
7.448275862068967967e+00 4.788625212915717952e+02
7.443745280644350260e+00 4.788652648092880213e+02
7.439214699219732552e+00 4.788646895072430993e+02
7.434684117795129055e+00 4.788653305453590292e+02
7.430153536370511347e+00 4.788672220254247236e+02
7.425622954945893639e+00 4.788667869393611909e+02
7.421092373521275931e+00 4.788690055815526421e+02
7.416561792096658223e+00 4.788686101256170673e+02
7.412031210672040515e+00 4.788725050793105424e+02
7.407500629247422808e+00 4.788762333528786712e+02
7.402970047822805100e+00 4.788848900479126200e+02
7.398439466398187392e+00 4.788910298815056876e+02
7.393908884973583895e+00 4.788959960773098601e+02
7.389378303548966187e+00 4.789038023226094083e+02
7.384847722124348479e+00 4.789093932149180546e+02
7.380317140699730771e+00 4.789175045133954995e+02
7.375786559275113063e+00 4.789207146254171334e+02
7.371255977850495356e+00 4.789245016825213952e+02
7.366725396425877648e+00 4.789304919610231082e+02
7.362194815001259940e+00 4.789339596801698349e+02
7.357664233576642232e+00 4.789370599814599245e+02
7.353133652152038735e+00 4.789397327965415343e+02
7.348603070727421027e+00 4.789449887893650839e+02
7.344072489302803319e+00 4.789458055157696776e+02
7.339541907878185611e+00 4.789487034520587940e+02
7.335011326453567904e+00 4.789547410229464504e+02
7.330480745028950196e+00 4.789578981932799024e+02
7.325950163604332488e+00 4.789630342112121184e+02
7.321419582179714780e+00 4.789679459072698364e+02
7.316889000755097072e+00 4.789729535492912760e+02
7.312358419330493575e+00 4.789795149470566002e+02
7.307827837905875867e+00 4.789841042799881734e+02
7.303297256481258160e+00 4.789942633019420555e+02
7.298766675056640452e+00 4.790004194938996420e+02
7.294236093632022744e+00 4.790030592455617011e+02
7.289705512207405036e+00 4.790091222384459115e+02
7.285174930782787328e+00 4.790136457097279390e+02
7.280644349358169620e+00 4.790189994533352547e+02
7.276113767933551912e+00 4.790227536449631884e+02
7.271583186508948415e+00 4.790244836271284612e+02
7.267052605084330708e+00 4.790331266063766407e+02
7.262522023659713000e+00 4.790351288823190998e+02
7.257991442235095292e+00 4.790406315723745365e+02
7.253460860810477584e+00 4.790383973101894526e+02
7.248930279385859876e+00 4.790429465122724650e+02
7.244399697961242168e+00 4.790437036460815534e+02
7.239869116536624460e+00 4.790452921321094095e+02
7.235338535112006753e+00 4.790496383079301950e+02
7.230807953687389045e+00 4.790503354899325927e+02
7.226277372262785548e+00 4.790560635971270358e+02
7.221746790838167840e+00 4.790569546631334106e+02
7.217216209413550132e+00 4.790628773666996949e+02
7.212685627988932424e+00 4.790706792237121476e+02
7.208155046564314716e+00 4.790743812629467016e+02
7.203624465139697008e+00 4.790797534136307263e+02
7.199093883715079301e+00 4.790778167666526315e+02
7.194563302290461593e+00 4.790844453850302784e+02
7.190032720865843885e+00 4.790850067384218960e+02
7.185502139441240388e+00 4.790879614193489147e+02
7.180971558016622680e+00 4.790926348216933661e+02
7.176440976592004972e+00 4.790958323763950375e+02
7.171910395167387264e+00 4.791004290826309102e+02
7.167379813742769556e+00 4.791032996638336385e+02
7.162849232318151849e+00 4.791060584102763187e+02
7.158318650893534141e+00 4.791083104236677173e+02
7.153788069468916433e+00 4.791092847686828122e+02
7.149257488044298725e+00 4.791121437208253724e+02
7.144726906619695228e+00 4.791158709151009703e+02
7.140196325195077520e+00 4.791188436592826179e+02
7.135665743770459812e+00 4.791223253032918024e+02
7.131135162345842105e+00 4.791273403033065961e+02
7.126604580921224397e+00 4.791293730734730048e+02
7.122073999496606689e+00 4.791333572693256997e+02
7.117543418071988981e+00 4.791372667396184966e+02
7.113012836647371273e+00 4.791402215987088198e+02
7.108482255222753565e+00 4.791410519060299862e+02
7.103951673798150068e+00 4.791428006405203632e+02
7.099421092373532360e+00 4.791456816927327509e+02
7.094890510948914653e+00 4.791523534650695524e+02
7.090359929524296945e+00 4.791556698090881810e+02
7.085829348099679237e+00 4.791602791775576407e+02
7.081298766675061529e+00 4.791626240201837845e+02
7.076768185250443821e+00 4.791662672332167290e+02
7.072237603825826113e+00 4.791705962081687744e+02
7.067707022401208405e+00 4.791723116316969708e+02
7.063176440976604908e+00 4.791804209308687632e+02
7.058645859551987201e+00 4.791842498421639220e+02
7.054115278127369493e+00 4.791915078883272940e+02
7.049584696702751785e+00 4.791987943452378431e+02
7.045054115278134077e+00 4.792012188527522198e+02
7.040523533853516369e+00 4.792049927120573898e+02
7.035992952428898661e+00 4.792094490697960509e+02
7.031462371004280953e+00 4.792133019911114502e+02
7.026931789579663246e+00 4.792192086136834064e+02
7.022401208155045538e+00 4.792246750428977862e+02
7.017870626730442041e+00 4.792276837136254244e+02
7.013340045305824333e+00 4.792306250442122177e+02
7.008809463881206625e+00 4.792357545370211369e+02
7.004278882456588917e+00 4.792403871999617309e+02
6.999748301031971209e+00 4.792450761625059386e+02
6.995217719607353501e+00 4.792507514356318552e+02
6.990687138182735794e+00 4.792555235799997035e+02
6.986156556758118086e+00 4.792582263814158523e+02
6.981625975333500378e+00 4.792637729324105749e+02
6.977095393908896881e+00 4.792714520796419606e+02
6.972564812484279173e+00 4.792757285140393151e+02
6.968034231059661465e+00 4.792790122002379576e+02
6.963503649635043757e+00 4.792841119038078546e+02
6.958973068210426050e+00 4.792853156009196027e+02
6.954442486785808342e+00 4.792916313920258062e+02
6.949911905361190634e+00 4.792933843819600952e+02
6.945381323936572926e+00 4.792972017764295742e+02
6.940850742511955218e+00 4.792981356339200261e+02
6.936320161087351721e+00 4.793003446437313642e+02
6.931789579662734013e+00 4.793005423392617104e+02
6.927258998238116305e+00 4.793000138000521702e+02
6.922728416813498598e+00 4.793019134308705702e+02
6.918197835388880890e+00 4.793043882786219569e+02
6.913667253964263182e+00 4.793085064992598632e+02
6.909136672539645474e+00 4.793105460259791357e+02
6.904606091115027766e+00 4.793149940134771896e+02
6.900075509690410058e+00 4.793173937856433326e+02
6.895544928265806561e+00 4.793154723556022532e+02
6.891014346841188853e+00 4.793152550352813250e+02
6.886483765416571146e+00 4.793156262366132978e+02
6.881953183991953438e+00 4.793197875119386140e+02
6.877422602567335730e+00 4.793211063441272586e+02
6.872892021142718022e+00 4.793233199369927320e+02
6.868361439718100314e+00 4.793256103815848519e+02
6.863830858293482606e+00 4.793282032479948498e+02
6.859300276868864898e+00 4.793303194190460772e+02
6.854769695444261401e+00 4.793321219322926368e+02
6.850239114019643694e+00 4.793384424485579416e+02
6.845708532595025986e+00 4.793454323801630039e+02
6.841177951170408278e+00 4.793510197545078313e+02
6.836647369745790570e+00 4.793510786493946512e+02
6.832116788321172862e+00 4.793531702972376820e+02
6.827586206896555154e+00 4.793549149420875324e+02
6.823055625471937446e+00 4.793545569145624654e+02
6.818525044047319739e+00 4.793596376667104551e+02
6.813994462622716242e+00 4.793649979778628563e+02
6.809463881198098534e+00 4.793675312591377633e+02
6.804933299773480826e+00 4.793708500550698091e+02
6.800402718348863118e+00 4.793753243079339086e+02
6.795872136924245410e+00 4.793778216321586569e+02
6.791341555499627702e+00 4.793813055758840846e+02
6.786810974075009995e+00 4.793813192433968311e+02
6.782280392650392287e+00 4.793857231829938996e+02
6.777749811225774579e+00 4.793843412377910909e+02
6.773219229801156871e+00 4.793860544881184182e+02
6.768688648376553374e+00 4.793903300513645718e+02
6.764158066951935666e+00 4.793927186116551979e+02
6.759627485527317958e+00 4.793989344521165208e+02
6.755096904102700250e+00 4.794010996765650248e+02
6.750566322678082543e+00 4.794040551921098654e+02
6.746035741253464835e+00 4.794097065419672958e+02
6.741505159828847127e+00 4.794124912279536943e+02
6.736974578404229419e+00 4.794197979922793138e+02
6.732443996979611711e+00 4.794247291156315782e+02
6.727913415555008214e+00 4.794288327920246502e+02
6.723382834130390506e+00 4.794323472803603181e+02
6.718852252705772798e+00 4.794323287952616397e+02
6.714321671281155091e+00 4.794319704440501937e+02
6.709791089856537383e+00 4.794310355905220717e+02
6.705260508431919675e+00 4.794299519282943720e+02
6.700729927007301967e+00 4.794293457181941562e+02
6.696199345582684259e+00 4.794262280525064170e+02
6.691668764158066551e+00 4.794263434941614719e+02
6.687138182733463054e+00 4.794243922811982088e+02
6.682607601308845346e+00 4.794293756718809618e+02
6.678077019884227639e+00 4.794326123716479628e+02
6.673546438459609931e+00 4.794374016697495904e+02
6.669015857034992223e+00 4.794426491221935294e+02
6.664485275610374515e+00 4.794481558233337637e+02
6.659954694185756807e+00 4.794556005245361803e+02
6.655424112761139099e+00 4.794584277402856856e+02
6.650893531336521391e+00 4.794614998421906193e+02
6.646362949911917894e+00 4.794675635830456031e+02
6.641832368487300187e+00 4.794709369792155940e+02
6.637301787062682479e+00 4.794769188701569078e+02
6.632771205638064771e+00 4.794829745702444370e+02
6.628240624213447063e+00 4.794847289292103483e+02
6.623710042788829355e+00 4.794863703592141064e+02
6.619179461364211647e+00 4.794861786861091559e+02
6.614648879939593940e+00 4.794883734147765608e+02
6.610118298514976232e+00 4.794912301463920699e+02
6.605587717090372735e+00 4.794914869470616736e+02
6.601057135665755027e+00 4.794957503988259191e+02
6.596526554241137319e+00 4.794985745200764882e+02
6.591995972816519611e+00 4.795034215695770285e+02
6.587465391391901903e+00 4.795068247452425112e+02
6.582934809967284195e+00 4.795085147247623922e+02
6.578404228542666488e+00 4.795122827158661494e+02
6.573873647118048780e+00 4.795121491505956328e+02
6.569343065693431072e+00 4.795138561642272066e+02
6.564812484268827575e+00 4.795177033504964470e+02
6.560281902844209867e+00 4.795194156374624868e+02
6.555751321419592159e+00 4.795220079806099420e+02
6.551220739994974451e+00 4.795222913513549088e+02
6.546690158570356743e+00 4.795219982429476318e+02
6.542159577145739036e+00 4.795217205494723771e+02
6.537628995721121328e+00 4.795203832910871711e+02
6.533098414296503620e+00 4.795217910899040135e+02
6.528567832871885912e+00 4.795252883488392968e+02
6.524037251447268204e+00 4.795290899477752760e+02
6.519506670022664707e+00 4.795327300922518248e+02
6.514976088598046999e+00 4.795365487348289548e+02
6.510445507173429291e+00 4.795395593152861693e+02
6.505914925748811584e+00 4.795418140366875832e+02
6.501384344324193876e+00 4.795450064526040137e+02
6.496853762899576168e+00 4.795482538476277909e+02
6.492323181474958460e+00 4.795527533819224004e+02
6.487792600050340752e+00 4.795554327089118374e+02
6.483262018625723044e+00 4.795576451628241443e+02
6.478731437201119547e+00 4.795609349900718712e+02
6.474200855776501840e+00 4.795648517141502225e+02
6.469670274351884132e+00 4.795694389525777410e+02
6.465139692927266424e+00 4.795723155890407270e+02
6.460609111502648716e+00 4.795765031356422696e+02
6.456078530078031008e+00 4.795814530382935459e+02
6.451547948653413300e+00 4.795838408272657603e+02
6.447017367228795592e+00 4.795876028469842822e+02
6.442486785804177885e+00 4.795900911654911170e+02
6.437956204379574388e+00 4.795929043109306349e+02
6.433425622954956680e+00 4.795975714082405830e+02
6.428895041530338972e+00 4.796001649647469094e+02
6.424364460105721264e+00 4.796044147451877393e+02
6.419833878681103556e+00 4.796078786626954411e+02
6.415303297256485848e+00 4.796109949468478817e+02
6.410772715831868140e+00 4.796155926681657888e+02
6.406242134407250433e+00 4.796189331123876514e+02
6.401711552982632725e+00 4.796224902852824243e+02
6.397180971558029228e+00 4.796261343199272460e+02
6.392650390133411520e+00 4.796320774864917098e+02
6.388119808708793812e+00 4.796344821134407539e+02
6.383589227284176104e+00 4.796350989411815817e+02
6.379058645859558396e+00 4.796392504540242498e+02
6.374528064434940688e+00 4.796413815398635734e+02
6.369997483010322981e+00 4.796444770705288079e+02
6.365466901585705273e+00 4.796477690963945406e+02
6.360936320161087565e+00 4.796485289912458256e+02
6.356405738736484068e+00 4.796519728638706397e+02
6.351875157311866360e+00 4.796552905066566268e+02
6.347344575887248652e+00 4.796586652850327255e+02
6.342813994462630944e+00 4.796650845756666968e+02
6.338283413038013236e+00 4.796674336994184387e+02
6.333752831613395529e+00 4.796678857928163779e+02
6.329222250188777821e+00 4.796700459784599389e+02
6.324691668764160113e+00 4.796716879106639340e+02
6.320161087339542405e+00 4.796749517061271035e+02
6.315630505914938908e+00 4.796774788890683112e+02
6.311099924490321200e+00 4.796811279070896035e+02
6.306569343065703492e+00 4.796847833267169676e+02
6.302038761641085785e+00 4.796840933645260066e+02
6.297508180216468077e+00 4.796913673540157674e+02
6.292977598791850369e+00 4.796922884114630392e+02
6.288447017367232661e+00 4.796935568797063638e+02
6.283916435942614953e+00 4.796982069743738748e+02
6.279385854517997245e+00 4.796970547328683665e+02
6.274855273093379537e+00 4.797027104980868444e+02
6.270324691668776040e+00 4.797023736232017086e+02
6.265794110244158333e+00 4.797060672111743997e+02
6.261263528819540625e+00 4.797099182365582806e+02
6.256732947394922917e+00 4.797108234300220602e+02
6.252202365970305209e+00 4.797140911528957190e+02
6.247671784545687501e+00 4.797174626378475182e+02
6.243141203121069793e+00 4.797230857711989529e+02
6.238610621696452085e+00 4.797263988702950996e+02
6.234080040271834378e+00 4.797291670040268627e+02
6.229549458847230881e+00 4.797310807509507526e+02
6.225018877422613173e+00 4.797315087105437783e+02
6.220488295997995465e+00 4.797350729162940297e+02
6.215957714573377757e+00 4.797347331139804396e+02
6.211427133148760049e+00 4.797383714602123632e+02
6.206896551724142341e+00 4.797394731460215667e+02
6.202365970299524633e+00 4.797417400862486261e+02
6.197835388874906926e+00 4.797449665302551693e+02
6.193304807450289218e+00 4.797455424785301261e+02
6.188774226025685721e+00 4.797470520138700181e+02
6.184243644601068013e+00 4.797500819155717977e+02
6.179713063176450305e+00 4.797527960523055981e+02
6.175182481751832597e+00 4.797562404723076384e+02
6.170651900327214889e+00 4.797594297172344682e+02
6.166121318902597181e+00 4.797622758471308657e+02
6.161590737477979474e+00 4.797639112782725874e+02
6.157060156053361766e+00 4.797648183655991829e+02
6.152529574628744058e+00 4.797658638730843563e+02
6.147998993204140561e+00 4.797684755781477293e+02
6.143468411779522853e+00 4.797691791922811717e+02
6.138937830354905145e+00 4.797712639745042225e+02
6.134407248930287437e+00 4.797733219839738581e+02
6.129876667505669730e+00 4.797758926230280281e+02
6.125346086081052022e+00 4.797775904639538567e+02
6.120815504656434314e+00 4.797787559576830745e+02
6.116284923231816606e+00 4.797820924289833329e+02
6.111754341807198898e+00 4.797864556591761698e+02
6.107223760382595401e+00 4.797916367032611333e+02
6.102693178957977693e+00 4.797947348169024622e+02
6.098162597533359985e+00 4.797985024673230328e+02
6.093632016108742278e+00 4.797997660654672814e+02
6.089101434684124570e+00 4.798028349543488389e+02
6.084570853259506862e+00 4.798044967000823249e+02
6.080040271834889154e+00 4.798064193833330933e+02
6.075509690410271446e+00 4.798105718487927334e+02
6.070979108985653738e+00 4.798121873767276497e+02
6.066448527561036030e+00 4.798138022286178739e+02
6.061917946136432533e+00 4.798132737315432337e+02
6.057387364711814826e+00 4.798132832024271011e+02
6.052856783287197118e+00 4.798158944945711255e+02
6.048326201862579410e+00 4.798176588525204238e+02
6.043795620437961702e+00 4.798197805114908192e+02
6.039265039013343994e+00 4.798224383642744897e+02
6.034734457588726286e+00 4.798254480922034872e+02
6.030203876164108578e+00 4.798273404182261288e+02
6.025673294739490871e+00 4.798302051129527968e+02
6.021142713314887374e+00 4.798321844585121880e+02
6.016612131890269666e+00 4.798328233543060151e+02
6.012081550465651958e+00 4.798351584628038609e+02
6.007550969041034250e+00 4.798361491310620295e+02
6.003020387616416542e+00 4.798411959923640779e+02
5.998489806191798834e+00 4.798442946191386227e+02
5.993959224767181126e+00 4.798481128200230614e+02
5.989428643342563419e+00 4.798501011412681123e+02
5.984898061917945711e+00 4.798517268967787572e+02
5.980367480493342214e+00 4.798552924868296827e+02
5.975836899068724506e+00 4.798605044423541699e+02
5.971306317644106798e+00 4.798640938055563083e+02
5.966775736219489090e+00 4.798672124737625495e+02
5.962245154794871382e+00 4.798674632266773301e+02
5.957714573370253675e+00 4.798711285474302599e+02
5.953183991945635967e+00 4.798743165761190426e+02
5.948653410521018259e+00 4.798769976221075240e+02
5.944122829096400551e+00 4.798803873982471941e+02
5.939592247671797054e+00 4.798805325403127426e+02
5.935061666247179346e+00 4.798836723998905995e+02
5.930531084822561638e+00 4.798831229858961365e+02
5.926000503397943930e+00 4.798836532640965515e+02
5.921469921973326223e+00 4.798871980416346901e+02
5.916939340548708515e+00 4.798859900393856037e+02
5.912408759124090807e+00 4.798911165237803971e+02
5.907878177699473099e+00 4.798926008264060101e+02
5.903347596274855391e+00 4.798956667973520211e+02
5.898817014850251894e+00 4.798992234495227081e+02
5.894286433425634186e+00 4.798998214320504871e+02
5.889755852001016478e+00 4.799033221776965661e+02
5.885225270576398771e+00 4.799067506767688087e+02
5.880694689151781063e+00 4.799087910684031613e+02
5.876164107727163355e+00 4.799119786589821501e+02
5.871633526302545647e+00 4.799126392563814534e+02
5.867102944877927939e+00 4.799144967521517060e+02
5.862572363453310231e+00 4.799174334103332171e+02
5.858041782028706734e+00 4.799214878243701605e+02
5.853511200604089026e+00 4.799244515521070298e+02
5.848980619179471319e+00 4.799280292103566126e+02
5.844450037754853611e+00 4.799301228949584583e+02
5.839919456330235903e+00 4.799323001331316618e+02
5.835388874905618195e+00 4.799365990827708401e+02
5.830858293481000487e+00 4.799400668706331317e+02
5.826327712056382779e+00 4.799450888357716849e+02
5.821797130631765071e+00 4.799479051383244723e+02
5.817266549207147364e+00 4.799501402704285624e+02
5.812735967782543867e+00 4.799516034743543855e+02
5.808205386357926159e+00 4.799529408900976932e+02
5.803674804933308451e+00 4.799564570545018114e+02
5.799144223508690743e+00 4.799607311662073812e+02
5.794613642084073035e+00 4.799610229514190678e+02
5.790083060659455327e+00 4.799631791670257144e+02
5.785552479234837620e+00 4.799655793259413485e+02
5.781021897810219912e+00 4.799678400444902309e+02
5.776491316385602204e+00 4.799707292850806652e+02
5.771960734960998707e+00 4.799748769766910073e+02
5.767430153536380999e+00 4.799801583758718380e+02
5.762899572111763291e+00 4.799819778252979745e+02
5.758368990687145583e+00 4.799858812432551076e+02
5.753838409262527875e+00 4.799895748293976681e+02
5.749307827837910168e+00 4.799911697959574894e+02
5.744777246413292460e+00 4.799950796024428428e+02
5.740246664988674752e+00 4.799975105778029842e+02
5.735716083564057044e+00 4.799983144891331790e+02
5.731185502139453547e+00 4.800015460396748495e+02
5.726654920714835839e+00 4.800026567566915787e+02
5.722124339290218131e+00 4.800030461938225699e+02
5.717593757865600423e+00 4.800046499086714675e+02
5.713063176440982716e+00 4.800050488839279410e+02
5.708532595016365008e+00 4.800056417443416876e+02
5.704002013591747300e+00 4.800054285276656287e+02
5.699471432167129592e+00 4.800053274090154218e+02
5.694940850742511884e+00 4.800073402618468208e+02
5.690410269317908387e+00 4.800082502073609021e+02
5.685879687893290679e+00 4.800092214524809719e+02
5.681349106468672971e+00 4.800105994147498905e+02
5.676818525044055264e+00 4.800118537672275352e+02
5.672287943619437556e+00 4.800138123717614462e+02
5.667757362194819848e+00 4.800141407657717423e+02
5.663226780770202140e+00 4.800183810546048448e+02
5.658696199345584432e+00 4.800227618233757312e+02
5.654165617920966724e+00 4.800267458863489765e+02
5.649635036496363227e+00 4.800312116447337303e+02
5.645104455071745519e+00 4.800336026938346663e+02
5.640573873647127812e+00 4.800385785921341153e+02
5.636043292222510104e+00 4.800417276290821746e+02
5.631512710797892396e+00 4.800456033433932248e+02
5.626982129373274688e+00 4.800496489281293293e+02
5.622451547948656980e+00 4.800546605365298092e+02
5.617920966524039272e+00 4.800590567700870110e+02
5.613390385099421565e+00 4.800628710848728247e+02
5.608859803674818068e+00 4.800646640802942215e+02
5.604329222250200360e+00 4.800670870839063582e+02
5.599798640825582652e+00 4.800671359054758796e+02
5.595268059400964944e+00 4.800658594970417994e+02
5.590737477976347236e+00 4.800654609852831527e+02
5.586206896551729528e+00 4.800642675203847602e+02
5.581676315127111820e+00 4.800663640723847720e+02
5.577145733702494113e+00 4.800684343991105720e+02
5.572615152277876405e+00 4.800679945360586771e+02
5.568084570853258697e+00 4.800705958366800132e+02
5.563553989428655200e+00 4.800727070764070277e+02
5.559023408004037492e+00 4.800755859563453782e+02
5.554492826579419784e+00 4.800776948263331860e+02
5.549962245154802076e+00 4.800770282389788690e+02
5.545431663730184368e+00 4.800811199553359643e+02
5.540901082305566661e+00 4.800812083474315841e+02
5.536370500880948953e+00 4.800831832967079436e+02
5.531839919456331245e+00 4.800862743808545474e+02
5.527309338031713537e+00 4.800883254612233486e+02
5.522778756607110040e+00 4.800912030486960589e+02
5.518248175182492332e+00 4.800964197150545374e+02
5.513717593757874624e+00 4.801017668277861503e+02
5.509187012333256916e+00 4.801074503676780409e+02
5.504656430908639209e+00 4.801127239983740083e+02
5.500125849484021501e+00 4.801170690166397321e+02
5.495595268059403793e+00 4.801194007143361091e+02
5.491064686634786085e+00 4.801204711669992093e+02
5.486534105210168377e+00 4.801225210765786073e+02
5.482003523785564880e+00 4.801247685148062487e+02
5.477472942360947172e+00 4.801265559808541639e+02
5.472942360936329464e+00 4.801281403887423380e+02
5.468411779511711757e+00 4.801316408100383342e+02
5.463881198087094049e+00 4.801334205236984758e+02
5.459350616662476341e+00 4.801331043387729665e+02
5.454820035237858633e+00 4.801346962586646896e+02
5.450289453813240925e+00 4.801358239233032350e+02
5.445758872388623217e+00 4.801362963548760945e+02
5.441228290964019720e+00 4.801357581414982292e+02
5.436697709539402013e+00 4.801406197932067244e+02
5.432167128114784305e+00 4.801444602179957428e+02
5.427636546690166597e+00 4.801469843636822361e+02
5.423105965265548889e+00 4.801501838145763941e+02
5.418575383840931181e+00 4.801521488909197046e+02
5.414044802416313473e+00 4.801556019301373226e+02
5.409514220991695765e+00 4.801584266702055288e+02
5.404983639567078058e+00 4.801596984296106143e+02
5.400453058142474561e+00 4.801638477858739407e+02
5.395922476717856853e+00 4.801640945446753221e+02
5.391391895293239145e+00 4.801657515554233555e+02
5.386861313868621437e+00 4.801677587243843277e+02
5.382330732444003729e+00 4.801709617563919892e+02
5.377800151019386021e+00 4.801740747590571914e+02
5.373269569594768313e+00 4.801750066261838015e+02
5.368738988170150606e+00 4.801763130589936281e+02
5.364208406745532898e+00 4.801769735196135684e+02
5.359677825320929401e+00 4.801770017164708406e+02
5.355147243896311693e+00 4.801793990804100076e+02
5.350616662471693985e+00 4.801805391562559180e+02
5.346086081047076277e+00 4.801831800985928567e+02
5.341555499622458569e+00 4.801835085281484226e+02
5.337024918197840861e+00 4.801845134053060065e+02
5.332494336773223154e+00 4.801849019017734577e+02
5.327963755348605446e+00 4.801860510650880656e+02
5.323433173923987738e+00 4.801899302263238951e+02
5.318902592499370030e+00 4.801923138199775849e+02
5.314372011074766533e+00 4.801968752201035500e+02
5.309841429650148825e+00 4.802000187779939324e+02
5.305310848225531117e+00 4.802028549821686738e+02
5.300780266800913409e+00 4.802043422522145875e+02
5.296249685376295702e+00 4.802049275462455284e+02
5.291719103951677994e+00 4.802075873555556313e+02
5.287188522527060286e+00 4.802108666532074608e+02
5.282657941102442578e+00 4.802120590476284292e+02
5.278127359677824870e+00 4.802151867169501429e+02
5.273596778253221373e+00 4.802215278758334875e+02
5.269066196828603665e+00 4.802258263630747592e+02
5.264535615403985958e+00 4.802294110300805983e+02
5.260005033979368250e+00 4.802334964581218060e+02
5.255474452554750542e+00 4.802350307592679997e+02
5.250943871130132834e+00 4.802356561160740398e+02
5.246413289705515126e+00 4.802384062017343922e+02
5.241882708280897418e+00 4.802409368457515484e+02
5.237352126856279710e+00 4.802429946694261389e+02
5.232821545431676213e+00 4.802447910078284963e+02
5.228290964007058506e+00 4.802466571420105197e+02
5.223760382582440798e+00 4.802480634379170965e+02
5.219229801157823090e+00 4.802493592079369478e+02
5.214699219733205382e+00 4.802517364913893516e+02
5.210168638308587674e+00 4.802547046582039911e+02
5.205638056883969966e+00 4.802553456225982700e+02
5.201107475459352258e+00 4.802592672674915661e+02
5.196576894034734551e+00 4.802592821915311561e+02
5.192046312610131054e+00 4.802623239546838931e+02
5.187515731185513346e+00 4.802652924362514000e+02
5.182985149760895638e+00 4.802658742781750902e+02
5.178454568336277930e+00 4.802705231800372303e+02
5.173923986911660222e+00 4.802745634654431797e+02
5.169393405487042514e+00 4.802781077715464448e+02
5.164862824062424806e+00 4.802803511685737590e+02
5.160332242637807099e+00 4.802814063437275536e+02
5.155801661213189391e+00 4.802838498776326901e+02
5.151271079788585894e+00 4.802841397446171641e+02
5.146740498363968186e+00 4.802878908062514256e+02
5.142209916939350478e+00 4.802903858853139809e+02
5.137679335514732770e+00 4.802895763737506627e+02
5.133148754090115062e+00 4.802923449596303271e+02
5.128618172665497355e+00 4.802932554322842975e+02
5.124087591240879647e+00 4.802971613417903427e+02
5.119557009816261939e+00 4.803005524427591126e+02
5.115026428391644231e+00 4.803015582646127086e+02
5.110495846967026523e+00 4.803059133016975011e+02
5.105965265542423026e+00 4.803073831085449683e+02
5.101434684117805318e+00 4.803103253117115514e+02
5.096904102693187610e+00 4.803146503909159719e+02
5.092373521268569903e+00 4.803182369635255213e+02
5.087842939843952195e+00 4.803225203943324004e+02
5.083312358419334487e+00 4.803260405432918105e+02
5.078781776994716779e+00 4.803275581658216424e+02
5.074251195570099071e+00 4.803291508950258049e+02
5.069720614145481363e+00 4.803311523629622002e+02
5.065190032720877866e+00 4.803334162767328621e+02
5.060659451296260158e+00 4.803362071888472542e+02
5.056128869871642451e+00 4.803386910412721704e+02
5.051598288447024743e+00 4.803404648414914391e+02
5.047067707022407035e+00 4.803424428433256139e+02
5.042537125597789327e+00 4.803430662627902166e+02
5.038006544173171619e+00 4.803443538170221245e+02
5.033475962748553911e+00 4.803442867024299971e+02
5.028945381323936203e+00 4.803479367267879638e+02
5.024414799899332706e+00 4.803491338994576267e+02
5.019884218474714999e+00 4.803495897732457820e+02
5.015353637050097291e+00 4.803511832262592520e+02
5.010823055625479583e+00 4.803527193328582712e+02
5.006292474200861875e+00 4.803561380839011008e+02
5.001761892776244167e+00 4.803586723273611483e+02
4.997231311351626459e+00 4.803611526721149971e+02
4.992700729927008751e+00 4.803628790531341792e+02
4.988170148502391044e+00 4.803661802772412557e+02
4.983639567077787547e+00 4.803699273159620589e+02
4.979108985653169839e+00 4.803734840512306050e+02
4.974578404228552131e+00 4.803772532369974329e+02
4.970047822803934423e+00 4.803816946904265137e+02
4.965517241379316715e+00 4.803831926243416319e+02
4.960986659954699007e+00 4.803848478471396675e+02
4.956456078530081300e+00 4.803881624714037457e+02
4.951925497105463592e+00 4.803899700781754518e+02
4.947394915680845884e+00 4.803916004248544596e+02
4.942864334256242387e+00 4.803951109871135827e+02
4.938333752831624679e+00 4.803969103216178382e+02
4.933803171407006971e+00 4.804017792838039327e+02
4.929272589982389263e+00 4.804045132444322235e+02
4.924742008557771555e+00 4.804059516457922996e+02
4.920211427133153848e+00 4.804078091093143712e+02
4.915680845708536140e+00 4.804105052802246405e+02
4.911150264283918432e+00 4.804141226993214673e+02
4.906619682859300724e+00 4.804170442407876180e+02
4.902089101434697227e+00 4.804211520564018656e+02
4.897558520010079519e+00 4.804263675990793558e+02
4.893027938585461811e+00 4.804293474097614194e+02
4.888497357160844103e+00 4.804329215825808319e+02
4.883966775736226396e+00 4.804366382911425717e+02
4.879436194311608688e+00 4.804398693738879729e+02
4.874905612886990980e+00 4.804406750347328057e+02
4.870375031462373272e+00 4.804453490603273167e+02
4.865844450037755564e+00 4.804460722075074273e+02
4.861313868613137856e+00 4.804486473752900224e+02
4.856783287188534359e+00 4.804482699449523579e+02
4.852252705763916651e+00 4.804483108957165882e+02
4.847722124339298944e+00 4.804512993193764601e+02
4.843191542914681236e+00 4.804514809536460120e+02
4.838660961490063528e+00 4.804536290719664180e+02
4.834130380065445820e+00 4.804545863080047070e+02
4.829599798640828112e+00 4.804574408998504396e+02
4.825069217216210404e+00 4.804615501740643708e+02
4.820538635791592696e+00 4.804643242493612547e+02
4.816008054366989199e+00 4.804671693624999307e+02
4.811477472942371492e+00 4.804705880869115617e+02
4.806946891517753784e+00 4.804714161041531497e+02
4.802416310093136076e+00 4.804726742572858029e+02
4.797885728668518368e+00 4.804759372411594995e+02
4.793355147243900660e+00 4.804764320023876962e+02
4.788824565819282952e+00 4.804796458344579264e+02
4.784293984394665245e+00 4.804837400679482471e+02
4.779763402970047537e+00 4.804854605490714903e+02
4.775232821545444040e+00 4.804887160749119062e+02
4.770702240120826332e+00 4.804905055266660838e+02
4.766171658696208624e+00 4.804949155646810937e+02
4.761641077271590916e+00 4.804972141091448066e+02
4.757110495846973208e+00 4.805018494466394827e+02
4.752579914422355500e+00 4.805054443175343977e+02
4.748049332997737793e+00 4.805089601238889827e+02
4.743518751573120085e+00 4.805099993591587122e+02
4.738988170148502377e+00 4.805133518450551833e+02
4.734457588723898880e+00 4.805162961133622730e+02
4.729927007299281172e+00 4.805176791141769854e+02
4.725396425874663464e+00 4.805207149715009223e+02
4.720865844450045756e+00 4.805203610108306407e+02
4.716335263025428048e+00 4.805223511324621768e+02
4.711804681600810341e+00 4.805228036500903386e+02
4.707274100176192633e+00 4.805234170466507635e+02
4.702743518751574925e+00 4.805253779386422366e+02
4.698212937326957217e+00 4.805259139365343231e+02
4.693682355902353720e+00 4.805271329143665753e+02
4.689151774477736012e+00 4.805279679848483170e+02
4.684621193053118304e+00 4.805291335608170584e+02
4.680090611628500596e+00 4.805312317507172679e+02
4.675560030203882889e+00 4.805319336239424501e+02
4.671029448779265181e+00 4.805344706903530891e+02
4.666498867354647473e+00 4.805366763166192072e+02
4.661968285930029765e+00 4.805389037280161801e+02
4.657437704505412057e+00 4.805421323693172440e+02
4.652907123080808560e+00 4.805447646716589247e+02
4.648376541656190852e+00 4.805503441689701845e+02
4.643845960231573144e+00 4.805547332662804934e+02
4.639315378806955437e+00 4.805588191520815826e+02
4.634784797382337729e+00 4.805610699966061361e+02
4.630254215957720021e+00 4.805630604085156392e+02
4.625723634533102313e+00 4.805653347213315101e+02
4.621193053108484605e+00 4.805648486245804634e+02
4.616662471683866897e+00 4.805667528914302693e+02
4.612131890259249190e+00 4.805671600139794464e+02
4.607601308834645693e+00 4.805682153709724389e+02
4.603070727410027985e+00 4.805686268069978837e+02
4.598540145985410277e+00 4.805705560468603608e+02
4.594009564560792569e+00 4.805736436687260493e+02
4.589478983136174861e+00 4.805749863406410327e+02
4.584948401711557153e+00 4.805760439985797348e+02
4.580417820286939445e+00 4.805758483449230312e+02
4.575887238862321738e+00 4.805742826232251446e+02
4.571356657437704030e+00 4.805734929528308612e+02
4.566826076013100533e+00 4.805735993474001475e+02
4.562295494588482825e+00 4.805771849440717460e+02
4.557764913163865117e+00 4.805788167825398318e+02
4.553234331739247409e+00 4.805806034423320057e+02
4.548703750314629701e+00 4.805821494565127523e+02
4.544173168890011993e+00 4.805838993065066234e+02
4.539642587465394286e+00 4.805841929921429596e+02
4.535112006040776578e+00 4.805850247858563193e+02
4.530581424616158870e+00 4.805869618414412798e+02
4.526050843191555373e+00 4.805895048189595400e+02
4.521520261766937665e+00 4.805910979708933723e+02
4.516989680342319957e+00 4.805933374073487698e+02
4.512459098917702249e+00 4.805932228020024013e+02
4.507928517493084541e+00 4.805974170493241786e+02
4.503397936068466834e+00 4.805983685390303890e+02
4.498867354643849126e+00 4.805990910404523788e+02
4.494336773219231418e+00 4.806018365882318903e+02
4.489806191794613710e+00 4.806036193544437651e+02
4.485275610370010213e+00 4.806071226852835707e+02
4.480745028945392505e+00 4.806076806657115412e+02
4.476214447520774797e+00 4.806122147640236335e+02
4.471683866096157089e+00 4.806159363507673561e+02
4.467153284671539382e+00 4.806204450365515868e+02
4.462622703246921674e+00 4.806257615570169719e+02
4.458092121822303966e+00 4.806273337263318126e+02
4.453561540397686258e+00 4.806296744286511853e+02
4.449030958973068550e+00 4.806298981563077746e+02
4.444500377548465053e+00 4.806313898638197770e+02
4.439969796123847345e+00 4.806326163532769442e+02
4.435439214699229638e+00 4.806329878633824251e+02
4.430908633274611930e+00 4.806348180622215978e+02
4.426378051849994222e+00 4.806363733295475527e+02
4.421847470425376514e+00 4.806400258237804906e+02
4.417316889000758806e+00 4.806436125878486223e+02
4.412786307576141098e+00 4.806461030030462780e+02
4.408255726151523390e+00 4.806487600200885595e+02
4.403725144726919893e+00 4.806486005713859981e+02
4.399194563302302186e+00 4.806496956177745119e+02
4.394663981877684478e+00 4.806489603588735804e+02
4.390133400453066770e+00 4.806500283767852011e+02
4.385602819028449062e+00 4.806530178979649577e+02
4.381072237603831354e+00 4.806527901058069006e+02
4.376541656179213646e+00 4.806544274886540506e+02
4.372011074754595938e+00 4.806541220957619771e+02
4.367480493329978231e+00 4.806551385298780588e+02
4.362949911905360523e+00 4.806573399360199801e+02
4.358419330480757026e+00 4.806593358518720720e+02
4.353888749056139318e+00 4.806635978268274130e+02
4.349358167631521610e+00 4.806634619267188668e+02
4.344827586206903902e+00 4.806653623152932369e+02
4.340297004782286194e+00 4.806672674151383831e+02
4.335766423357668486e+00 4.806682528303455797e+02
4.331235841933050779e+00 4.806725865531720956e+02
4.326705260508433071e+00 4.806764596596941033e+02
4.322174679083815363e+00 4.806795177661679759e+02
4.317644097659211866e+00 4.806818685402481037e+02
4.313113516234594158e+00 4.806826238810149334e+02
4.308582934809976450e+00 4.806835594170614172e+02
4.304052353385358742e+00 4.806852271307820956e+02
4.299521771960741034e+00 4.806880484381836141e+02
4.294991190536123327e+00 4.806904633210303928e+02
4.290460609111505619e+00 4.806939526396049018e+02
4.285930027686887911e+00 4.806962877385296338e+02
4.281399446262270203e+00 4.807003782965863365e+02
4.276868864837666706e+00 4.807042317366428392e+02
4.272338283413048998e+00 4.807081255545803629e+02
4.267807701988431290e+00 4.807106788476947372e+02
4.263277120563813583e+00 4.807114641621035958e+02
4.258746539139195875e+00 4.807137174873570302e+02
4.254215957714578167e+00 4.807153676770793140e+02
4.249685376289960459e+00 4.807159425948391913e+02
4.245154794865342751e+00 4.807189011112907338e+02
4.240624213440725043e+00 4.807196662131877360e+02
4.236093632016121546e+00 4.807220863297650340e+02
4.231563050591503838e+00 4.807226404152434611e+02
4.227032469166886131e+00 4.807230110672771843e+02
4.222501887742268423e+00 4.807245175794214447e+02
4.217971306317650715e+00 4.807262871088312295e+02
4.213440724893033007e+00 4.807285177288654836e+02
4.208910143468415299e+00 4.807285153429754132e+02
4.204379562043797591e+00 4.807307387486887933e+02
4.199848980619179883e+00 4.807325631600130578e+02
4.195318399194576386e+00 4.807342357383117246e+02
4.190787817769958679e+00 4.807376192277246219e+02
4.186257236345340971e+00 4.807376582042489872e+02
4.181726654920723263e+00 4.807409489336186539e+02
4.177196073496105555e+00 4.807422288690328287e+02
4.172665492071487847e+00 4.807430349274740138e+02
4.168134910646870139e+00 4.807466963947117051e+02
4.163604329222252431e+00 4.807479176925940578e+02
4.159073747797634724e+00 4.807531471652961841e+02
4.154543166373017016e+00 4.807563769148767960e+02
4.150012584948413519e+00 4.807571893375376249e+02
4.145482003523795811e+00 4.807582864479110754e+02
4.140951422099178103e+00 4.807613366783591573e+02
4.136420840674560395e+00 4.807629685322810928e+02
4.131890259249942687e+00 4.807625786436725548e+02
4.127359677825324979e+00 4.807646071507973602e+02
4.122829096400707272e+00 4.807669003155792780e+02
4.118298514976089564e+00 4.807673744503092621e+02
4.113767933551471856e+00 4.807689129910868360e+02
4.109237352126868359e+00 4.807678394765745793e+02
4.104706770702250651e+00 4.807687185563004277e+02
4.100176189277632943e+00 4.807696287525608341e+02
4.095645607853015235e+00 4.807700772151489446e+02
4.091115026428397528e+00 4.807717601782239285e+02
4.086584445003779820e+00 4.807736624639700835e+02
4.082053863579162112e+00 4.807769277872114912e+02
4.077523282154544404e+00 4.807791658830054189e+02
4.072992700729926696e+00 4.807820599420426220e+02
4.068462119305323199e+00 4.807848756634182337e+02
4.063931537880705491e+00 4.807865955355685514e+02
4.059400956456087783e+00 4.807910591116105934e+02
4.054870375031470076e+00 4.807923186255922587e+02
4.050339793606852368e+00 4.807946750836454157e+02
4.045809212182234660e+00 4.807966420513755565e+02
4.041278630757616952e+00 4.807971428734054484e+02
4.036748049332999244e+00 4.807979428098464609e+02
4.032217467908381536e+00 4.807993092535352844e+02
4.027686886483778039e+00 4.808023706863323241e+02
4.023156305059160331e+00 4.808029923591585657e+02
4.018625723634542624e+00 4.808048585050310635e+02
4.014095142209924916e+00 4.808066002177436644e+02
4.009564560785307208e+00 4.808080100792153075e+02
4.005033979360689500e+00 4.808075215283986381e+02
4.000503397936071792e+00 4.808085106009164633e+02
3.995972816511454084e+00 4.808085109005136815e+02
3.991442235086836376e+00 4.808087279784724615e+02
3.986911653662232879e+00 4.808096959403451933e+02
3.982381072237615172e+00 4.808118055671454272e+02
3.977850490812997464e+00 4.808126275965738046e+02
3.973319909388379756e+00 4.808142790088123206e+02
3.968789327963762048e+00 4.808173219662929228e+02
3.964258746539144340e+00 4.808195582161147286e+02
3.959728165114526632e+00 4.808217312765563065e+02
3.955197583689908924e+00 4.808235630460951029e+02
3.950667002265291217e+00 4.808260779458652223e+02
3.946136420840687720e+00 4.808303670553485745e+02
3.941605839416070012e+00 4.808334584438982233e+02
3.937075257991452304e+00 4.808353921689134722e+02
3.932544676566834596e+00 4.808370677162711218e+02
3.928014095142216888e+00 4.808373858078826970e+02
3.923483513717599180e+00 4.808400864445277989e+02
3.918952932292981473e+00 4.808418459359057238e+02
3.914422350868363765e+00 4.808450168800624738e+02
3.909891769443746057e+00 4.808465075912500879e+02
3.905361188019128349e+00 4.808462729007180201e+02
3.900830606594524852e+00 4.808481492926169381e+02
3.896300025169907144e+00 4.808493119834637355e+02
3.891769443745289436e+00 4.808499062199404648e+02
3.887238862320671728e+00 4.808513608972973543e+02
3.882708280896054021e+00 4.808516977549351736e+02
3.878177699471436313e+00 4.808529468610543063e+02
3.873647118046818605e+00 4.808547101116395766e+02
3.869116536622200897e+00 4.808553887671753841e+02
3.864585955197583189e+00 4.808589260852338612e+02
3.860055373772979692e+00 4.808612350325340117e+02
3.855524792348361984e+00 4.808633911104352592e+02
3.850994210923744276e+00 4.808649280753784296e+02
3.846463629499126569e+00 4.808659732033959813e+02
3.841933048074508861e+00 4.808673763737930358e+02
3.837402466649891153e+00 4.808703481576210947e+02
3.832871885225273445e+00 4.808727459636422736e+02
3.828341303800655737e+00 4.808749439025872334e+02
3.823810722376038029e+00 4.808768343167573107e+02
3.819280140951434532e+00 4.808780644579640580e+02
3.814749559526816824e+00 4.808801366261738508e+02
3.810218978102199117e+00 4.808817604027877906e+02
3.805688396677581409e+00 4.808822160499944403e+02
3.801157815252963701e+00 4.808844985341476672e+02
3.796627233828345993e+00 4.808853525184746900e+02
3.792096652403728285e+00 4.808883045208835370e+02
3.787566070979110577e+00 4.808883624486736039e+02
3.783035489554492870e+00 4.808884065664128116e+02
3.778504908129889373e+00 4.808896143245722214e+02
3.773974326705271665e+00 4.808901380558093024e+02
3.769443745280653957e+00 4.808920035092290846e+02
3.764913163856036249e+00 4.808925138195070872e+02
3.760382582431418541e+00 4.808939661094555049e+02
3.755852001006800833e+00 4.808965613846127098e+02
3.751321419582183125e+00 4.808974651207685156e+02
3.746790838157565418e+00 4.808989593983121154e+02
3.742260256732947710e+00 4.809011208544907845e+02
3.737729675308344213e+00 4.809044928667151453e+02
3.733199093883726505e+00 4.809062725110460974e+02
3.728668512459108797e+00 4.809088148065131918e+02
3.724137931034491089e+00 4.809107321156059811e+02
3.719607349609873381e+00 4.809119190406560165e+02
3.715076768185255673e+00 4.809138418061307334e+02
3.710546186760637966e+00 4.809159274390779615e+02
3.706015605336020258e+00 4.809199506671917561e+02
3.701485023911402550e+00 4.809226476254189038e+02
3.696954442486799053e+00 4.809239171915253905e+02
3.692423861062181345e+00 4.809244232830235433e+02
3.687893279637563637e+00 4.809276385798201545e+02
3.683362698212945929e+00 4.809292251499091435e+02
3.678832116788328221e+00 4.809310960893714650e+02
3.674301535363710514e+00 4.809327418516974717e+02
3.669770953939092806e+00 4.809333643129561437e+02
3.665240372514475098e+00 4.809338957831977837e+02
3.660709791089857390e+00 4.809349540712667022e+02
3.656179209665239682e+00 4.809352278602053730e+02
3.651648628240636185e+00 4.809364363225752754e+02
3.647118046816018477e+00 4.809379286105140068e+02
3.642587465391400769e+00 4.809396743007923192e+02
3.638056883966783062e+00 4.809423329663638356e+02
3.633526302542165354e+00 4.809440481955306268e+02
3.628995721117547646e+00 4.809462428804658884e+02
3.624465139692929938e+00 4.809482468919973712e+02
3.619934558268312230e+00 4.809488883090673994e+02
3.615403976843694522e+00 4.809504714052055760e+02
3.610873395419091025e+00 4.809511757212075622e+02
3.606342813994473318e+00 4.809526842675146554e+02
3.601812232569855610e+00 4.809549331427063521e+02
3.597281651145237902e+00 4.809566259107428436e+02
3.592751069720620194e+00 4.809596082690296157e+02
3.588220488296002486e+00 4.809594778294187449e+02
3.583689906871384778e+00 4.809609692789385349e+02
3.579159325446767070e+00 4.809623290926678010e+02
3.574628744022149363e+00 4.809641905616911117e+02
3.570098162597545866e+00 4.809665839309728312e+02
3.565567581172928158e+00 4.809665310708106745e+02
3.561036999748310450e+00 4.809685919812509383e+02
3.556506418323692742e+00 4.809695627139208227e+02
3.551975836899075034e+00 4.809700244109837399e+02
3.547445255474457326e+00 4.809720737057268707e+02
3.542914674049839618e+00 4.809729839461552388e+02
3.538384092625221911e+00 4.809761594574475225e+02
3.533853511200604203e+00 4.809762019001468616e+02
3.529322929776000706e+00 4.809781767864691346e+02
3.524792348351382998e+00 4.809786737780200951e+02
3.520261766926765290e+00 4.809794577698309581e+02
3.515731185502147582e+00 4.809799229298834575e+02
3.511200604077529874e+00 4.809805478890119730e+02
3.506670022652912166e+00 4.809804388740691365e+02
3.502139441228294459e+00 4.809795313997951212e+02
3.497608859803676751e+00 4.809791029730098444e+02
3.493078278379059043e+00 4.809791979678706184e+02
3.488547696954455546e+00 4.809822661689194661e+02
3.484017115529837838e+00 4.809844276180626252e+02
3.479486534105220130e+00 4.809870619755332086e+02
3.474955952680602422e+00 4.809887455077895879e+02
3.470425371255984714e+00 4.809903672992711563e+02
3.465894789831367007e+00 4.809941299724965802e+02
3.461364208406749299e+00 4.809975463721834217e+02
3.456833626982131591e+00 4.810006130769783681e+02
3.452303045557513883e+00 4.810038058813738076e+02
3.447772464132910386e+00 4.810054677174635458e+02
3.443241882708292678e+00 4.810078370503130714e+02
3.438711301283674970e+00 4.810084919072916705e+02
3.434180719859057263e+00 4.810091124746443825e+02
3.429650138434439555e+00 4.810118730630254618e+02
3.425119557009821847e+00 4.810118595818472045e+02
3.420588975585204139e+00 4.810140585287297199e+02
3.416058394160586431e+00 4.810153456251265993e+02
3.411527812735968723e+00 4.810163353320024839e+02
3.406997231311351015e+00 4.810171638901235838e+02
3.402466649886747518e+00 4.810156777630435272e+02
3.397936068462129811e+00 4.810163196665878331e+02
3.393405487037512103e+00 4.810152806379145431e+02
3.388874905612894395e+00 4.810148322009268895e+02
3.384344324188276687e+00 4.810145751006376713e+02
3.379813742763658979e+00 4.810156359474579517e+02
3.375283161339041271e+00 4.810151308537384125e+02
3.370752579914423563e+00 4.810164610477257838e+02
3.366221998489805856e+00 4.810168669144795217e+02
3.361691417065202359e+00 4.810171180478651536e+02
3.357160835640584651e+00 4.810193163066563784e+02
3.352630254215966943e+00 4.810211338156472607e+02
3.348099672791349235e+00 4.810232408637235721e+02
3.343569091366731527e+00 4.810253955619143085e+02
3.339038509942113819e+00 4.810273457289753765e+02
3.334507928517496111e+00 4.810310947586249313e+02
3.329977347092878404e+00 4.810331469353473040e+02
3.325446765668260696e+00 4.810342392929453013e+02
3.320916184243657199e+00 4.810356753439529598e+02
3.316385602819039491e+00 4.810353449333226195e+02
3.311855021394421783e+00 4.810372360014689548e+02
3.307324439969804075e+00 4.810376662413015083e+02
3.302793858545186367e+00 4.810397272081673918e+02
3.298263277120568659e+00 4.810422460938889344e+02
3.293732695695950952e+00 4.810443088117571051e+02
3.289202114271333244e+00 4.810475626039795998e+02
3.284671532846715536e+00 4.810485519879453591e+02
3.280140951422112039e+00 4.810507080516366614e+02
3.275610369997494331e+00 4.810515692741580551e+02
3.271079788572876623e+00 4.810535502842367919e+02
3.266549207148258915e+00 4.810539342408960124e+02
3.262018625723641208e+00 4.810554705378023641e+02
3.257488044299023500e+00 4.810578289961697465e+02
3.252957462874405792e+00 4.810599559003818513e+02
3.248426881449788084e+00 4.810599449932957441e+02
3.243896300025170376e+00 4.810605865784822299e+02
3.239365718600566879e+00 4.810623385741916422e+02
3.234835137175949171e+00 4.810640487713869220e+02
3.230304555751331463e+00 4.810659330594811536e+02
3.225773974326713756e+00 4.810686803339089010e+02
3.221243392902096048e+00 4.810701604617910903e+02
3.216712811477478340e+00 4.810702783527677298e+02
3.212182230052860632e+00 4.810724234992012498e+02
3.207651648628242924e+00 4.810735794284459530e+02
3.203121067203625216e+00 4.810748478634436083e+02
3.198590485779007508e+00 4.810776423881985693e+02
3.194059904354404011e+00 4.810803802594713261e+02
3.189529322929786304e+00 4.810824780752834613e+02
3.184998741505168596e+00 4.810852450860038516e+02
3.180468160080550888e+00 4.810862406450115145e+02
3.175937578655933180e+00 4.810864181080348203e+02
3.171406997231315472e+00 4.810867085793975093e+02
3.166876415806697764e+00 4.810865279467132609e+02
3.162345834382080056e+00 4.810883042072787816e+02
3.157815252957462349e+00 4.810895997219654987e+02
3.153284671532858852e+00 4.810903345124172006e+02
3.148754090108241144e+00 4.810905550566976672e+02
3.144223508683623436e+00 4.810904107180043070e+02
3.139692927259005728e+00 4.810914357074118470e+02
3.135162345834388020e+00 4.810938051643207132e+02
3.130631764409770312e+00 4.810949466235545060e+02
3.126101182985152604e+00 4.810962781672384381e+02
3.121570601560534897e+00 4.810972631705556637e+02
3.117040020135917189e+00 4.810990374825213394e+02
3.112509438711313692e+00 4.811034986671867273e+02
3.107978857286695984e+00 4.811040938138654610e+02
3.103448275862078276e+00 4.811067999721059323e+02
3.098917694437460568e+00 4.811079465533637745e+02
3.094387113012842860e+00 4.811091438359307517e+02
3.089856531588225153e+00 4.811121008691840188e+02
3.085325950163607445e+00 4.811144588535179309e+02
3.080795368738989737e+00 4.811178737857226793e+02
3.076264787314372029e+00 4.811189915006980300e+02
3.071734205889768532e+00 4.811198931193512749e+02
3.067203624465150824e+00 4.811230997063394739e+02
3.062673043040533116e+00 4.811235741420459249e+02
3.058142461615915408e+00 4.811248035527560774e+02
3.053611880191297701e+00 4.811255501308069711e+02
3.049081298766679993e+00 4.811276345432389689e+02
3.044550717342062285e+00 4.811277134261034121e+02
3.040020135917444577e+00 4.811290650469291563e+02
3.035489554492826869e+00 4.811292223940717463e+02
3.030958973068223372e+00 4.811306127344885795e+02
3.026428391643605664e+00 4.811335279047244740e+02
3.021897810218987956e+00 4.811355751367154880e+02
3.017367228794370249e+00 4.811376255344135302e+02
3.012836647369752541e+00 4.811407004433626184e+02
3.008306065945134833e+00 4.811414666493942605e+02
3.003775484520517125e+00 4.811443816806569203e+02
2.999244903095899417e+00 4.811446541445633329e+02
2.994714321671281709e+00 4.811451095643885196e+02
2.990183740246678212e+00 4.811462389016643897e+02
2.985653158822060504e+00 4.811478179562060973e+02
2.981122577397442797e+00 4.811490018204432886e+02
2.976591995972825089e+00 4.811496458215876828e+02
2.972061414548207381e+00 4.811510167687022772e+02
2.967530833123589673e+00 4.811515466877384029e+02
2.963000251698971965e+00 4.811528470892125711e+02
2.958469670274354257e+00 4.811546116000072288e+02
2.953939088849736549e+00 4.811558389041843498e+02
2.949408507425118842e+00 4.811565127398449135e+02
2.944877926000515345e+00 4.811568296803836233e+02
2.940347344575897637e+00 4.811593003404270803e+02
2.935816763151279929e+00 4.811607236374670720e+02
2.931286181726662221e+00 4.811618406865941893e+02
2.926755600302044513e+00 4.811632803937873746e+02
2.922225018877426805e+00 4.811637191917265000e+02
2.917694437452809098e+00 4.811666094554113897e+02
2.913163856028191390e+00 4.811666636869682634e+02
2.908633274603573682e+00 4.811696244980591359e+02
2.904102693178970185e+00 4.811704413108876111e+02
2.899572111754352477e+00 4.811713646667786293e+02
2.895041530329734769e+00 4.811729684977775605e+02
2.890510948905117061e+00 4.811750617959710326e+02
2.885980367480499353e+00 4.811764028806960027e+02
2.881449786055881646e+00 4.811783803140093028e+02
2.876919204631263938e+00 4.811795885821850334e+02
2.872388623206646230e+00 4.811799302882357665e+02
2.867858041782028522e+00 4.811822763591013086e+02
2.863327460357425025e+00 4.811819079679071365e+02
2.858796878932807317e+00 4.811833189542808782e+02
2.854266297508189609e+00 4.811840767568221509e+02
2.849735716083571901e+00 4.811856745318283970e+02
2.845205134658954194e+00 4.811879704456183617e+02
2.840674553234336486e+00 4.811887444611879801e+02
2.836143971809718778e+00 4.811911102802312712e+02
2.831613390385101070e+00 4.811908300096116591e+02
2.827082808960483362e+00 4.811915800103067795e+02
2.822552227535879865e+00 4.811933036102473693e+02
2.818021646111262157e+00 4.811946271788419836e+02
2.813491064686644449e+00 4.811971348763512992e+02
2.808960483262026742e+00 4.811987685521635854e+02
2.804429901837409034e+00 4.812003205654752946e+02
2.799899320412791326e+00 4.812022865403442324e+02
2.795368738988173618e+00 4.812041786427888610e+02
2.790838157563555910e+00 4.812057871613225188e+02
2.786307576138938202e+00 4.812074344689905843e+02
2.781776994714334705e+00 4.812094876050572907e+02
2.777246413289716997e+00 4.812100074694949399e+02
2.772715831865099290e+00 4.812119284612492152e+02
2.768185250440481582e+00 4.812124546954844959e+02
2.763654669015863874e+00 4.812132175081183618e+02
2.759124087591246166e+00 4.812152298087756321e+02
2.754593506166628458e+00 4.812150155748025782e+02
2.750062924742010750e+00 4.812150159274002590e+02
2.745532343317393043e+00 4.812152204306780163e+02
2.741001761892789546e+00 4.812160549139035766e+02
2.736471180468171838e+00 4.812181468096922003e+02
2.731940599043554130e+00 4.812191767536338602e+02
2.727410017618936422e+00 4.812214568151134699e+02
2.722879436194318714e+00 4.812236778272931019e+02
2.718348854769701006e+00 4.812255472200071154e+02
2.713818273345083298e+00 4.812265275824931905e+02
2.709287691920465591e+00 4.812274547938774845e+02
2.704757110495847883e+00 4.812297218778217598e+02
2.700226529071230175e+00 4.812305816823661075e+02
2.695695947646626678e+00 4.812323790237902585e+02
2.691165366222008970e+00 4.812339229300540069e+02
2.686634784797391262e+00 4.812363063956617566e+02
2.682104203372773554e+00 4.812385628247499199e+02
2.677573621948155846e+00 4.812394845217353350e+02
2.673043040523538139e+00 4.812422504867787438e+02
2.668512459098920431e+00 4.812429604777586860e+02
2.663981877674302723e+00 4.812429186048642578e+02
2.659451296249685015e+00 4.812446166708954820e+02
2.654920714825081518e+00 4.812457386532305463e+02
2.650390133400463810e+00 4.812482646843006933e+02
2.645859551975846102e+00 4.812507595204840527e+02
2.641328970551228394e+00 4.812526933150446098e+02
2.636798389126610687e+00 4.812534653936488667e+02
2.632267807701992979e+00 4.812540256858965222e+02
2.627737226277375271e+00 4.812548608668241741e+02
2.623206644852757563e+00 4.812570258800068359e+02
2.618676063428139855e+00 4.812587629046969369e+02
2.614145482003536358e+00 4.812602148246314187e+02
2.609614900578918650e+00 4.812632723679867013e+02
2.605084319154300943e+00 4.812649967836508722e+02
2.600553737729683235e+00 4.812666822265542237e+02
2.596023156305065527e+00 4.812688924875822067e+02
2.591492574880447819e+00 4.812690418691624927e+02
2.586961993455830111e+00 4.812698829855362419e+02
2.582431412031212403e+00 4.812709104233172752e+02
2.577900830606594695e+00 4.812713517676062907e+02
2.573370249181991198e+00 4.812733816412626879e+02
2.568839667757373491e+00 4.812746160444490897e+02
2.564309086332755783e+00 4.812763944376563359e+02
2.559778504908138075e+00 4.812775168419330498e+02
2.555247923483520367e+00 4.812787744327185919e+02
2.550717342058902659e+00 4.812809377836068734e+02
2.546186760634284951e+00 4.812826264940232477e+02
2.541656179209667243e+00 4.812845119566433141e+02
2.537125597785049536e+00 4.812868813068830605e+02
2.532595016360446039e+00 4.812889169921725170e+02
2.528064434935828331e+00 4.812908867850516685e+02
2.523533853511210623e+00 4.812928973129332348e+02
2.519003272086592915e+00 4.812963854953905525e+02
2.514472690661975207e+00 4.812988846919469665e+02
2.509942109237357499e+00 4.813014618718372617e+02
2.505411527812739791e+00 4.813034908242222514e+02
2.500880946388122084e+00 4.813052646461731570e+02
2.496350364963504376e+00 4.813074141206665217e+02
2.491819783538900879e+00 4.813088930529500544e+02
2.487289202114283171e+00 4.813126410621058540e+02
2.482758620689665463e+00 4.813148103730256366e+02
2.478228039265047755e+00 4.813164510147944384e+02
2.473697457840430047e+00 4.813183641358762088e+02
2.469166876415812339e+00 4.813199522878783227e+02
2.464636294991194632e+00 4.813222011699384666e+02
2.460105713566576924e+00 4.813239710572514696e+02
2.455575132141959216e+00 4.813269621398567892e+02
2.451044550717341508e+00 4.813292966634199388e+02
2.446513969292738011e+00 4.813300837175088986e+02
2.441983387868120303e+00 4.813311740719541376e+02
2.437452806443502595e+00 4.813310453623739136e+02
2.432922225018884888e+00 4.813328031264784954e+02
2.428391643594267180e+00 4.813329177952028317e+02
2.423861062169649472e+00 4.813339712427951440e+02
2.419330480745031764e+00 4.813345746781704406e+02
2.414799899320414056e+00 4.813354515747217306e+02
2.410269317895796348e+00 4.813364354873897923e+02
2.405738736471192851e+00 4.813365574351073519e+02
2.401208155046575143e+00 4.813383783163464500e+02
2.396677573621957436e+00 4.813390216406507989e+02
2.392146992197339728e+00 4.813410298316094895e+02
2.387616410772722020e+00 4.813430040396250433e+02
2.383085829348104312e+00 4.813435561991780673e+02
2.378555247923486604e+00 4.813457968115092172e+02
2.374024666498868896e+00 4.813478675496191386e+02
2.369494085074251188e+00 4.813498409508520695e+02
2.364963503649647691e+00 4.813518201901385396e+02
2.360432922225029984e+00 4.813531314640136998e+02
2.355902340800412276e+00 4.813555734436596367e+02
2.351371759375794568e+00 4.813576415156992994e+02
2.346841177951176860e+00 4.813583606145822955e+02
2.342310596526559152e+00 4.813594582607954635e+02
2.337780015101941444e+00 4.813602609814872153e+02
2.333249433677323736e+00 4.813617932715070538e+02
2.328718852252706029e+00 4.813633099725765874e+02
2.324188270828102532e+00 4.813650603151525615e+02
2.319657689403484824e+00 4.813657667095091028e+02
2.315127107978867116e+00 4.813677375776600798e+02
2.310596526554249408e+00 4.813688785131921577e+02
2.306065945129631700e+00 4.813703653848629074e+02
2.301535363705013992e+00 4.813719313142850069e+02
2.297004782280396284e+00 4.813731303803704691e+02
2.292474200855778577e+00 4.813750087540390723e+02
2.287943619431160869e+00 4.813768646006139420e+02
2.283413038006557372e+00 4.813792612151046342e+02
2.278882456581939664e+00 4.813821298648609286e+02
2.274351875157321956e+00 4.813839098681582414e+02
2.269821293732704248e+00 4.813851405643869725e+02
2.265290712308086540e+00 4.813869927783646290e+02
2.260760130883468833e+00 4.813889112733708657e+02
2.256229549458851125e+00 4.813903512498289956e+02
2.251698968034233417e+00 4.813925195286446410e+02
2.247168386609615709e+00 4.813944185472686854e+02
2.242637805185012212e+00 4.813953429783047682e+02
2.238107223760394504e+00 4.813963548798904526e+02
2.233576642335776796e+00 4.813967273291139009e+02
2.229046060911159088e+00 4.813988967043143816e+02
2.224515479486541381e+00 4.813999496440792996e+02
2.219984898061923673e+00 4.814008237606918783e+02
2.215454316637305965e+00 4.814021895591553744e+02
2.210923735212688257e+00 4.814034199052902068e+02
2.206393153788070549e+00 4.814047931866056729e+02
2.201862572363452841e+00 4.814051997125258708e+02
2.197331990938849344e+00 4.814068581740511377e+02
2.192801409514231636e+00 4.814078889278646329e+02
2.188270828089613929e+00 4.814085967675109146e+02
2.183740246664996221e+00 4.814101589925373332e+02
2.179209665240378513e+00 4.814113158817925751e+02
2.174679083815760805e+00 4.814132163351146687e+02
2.170148502391143097e+00 4.814153875674758751e+02
2.165617920966525389e+00 4.814166682226488660e+02
2.161087339541907681e+00 4.814174981124593273e+02
2.156556758117304184e+00 4.814184025407735703e+02
2.152026176692686477e+00 4.814188666215430317e+02
2.147495595268068769e+00 4.814206122638660759e+02
2.142965013843451061e+00 4.814215565928692513e+02
2.138434432418833353e+00 4.814227406938085210e+02
2.133903850994215645e+00 4.814245596345395484e+02
2.129373269569597937e+00 4.814243556659298520e+02
2.124842688144980229e+00 4.814247833027641832e+02
2.120312106720362522e+00 4.814247657376753864e+02
2.115781525295759025e+00 4.814258847713959995e+02
2.111250943871141317e+00 4.814282591892133496e+02
2.106720362446523609e+00 4.814296291351280388e+02
2.102189781021905901e+00 4.814312657577373784e+02
2.097659199597288193e+00 4.814330481871867278e+02
2.093128618172670485e+00 4.814345716426572608e+02
2.088598036748052778e+00 4.814350618017709849e+02
2.084067455323435070e+00 4.814360035137999034e+02
2.079536873898817362e+00 4.814371596478382571e+02
2.075006292474213865e+00 4.814384080243341941e+02
2.070475711049596157e+00 4.814398492809125969e+02
2.065945129624978449e+00 4.814410647870276989e+02
2.061414548200360741e+00 4.814427408428139188e+02
2.056883966775743033e+00 4.814433415242062324e+02
2.052353385351125326e+00 4.814439091102184989e+02
2.047822803926507618e+00 4.814446906148975245e+02
2.043292222501889910e+00 4.814454108177193916e+02
2.038761641077272202e+00 4.814465306698814402e+02
2.034231059652668705e+00 4.814471610721124648e+02
2.029700478228050997e+00 4.814485369372719674e+02
2.025169896803433289e+00 4.814491593497103281e+02
2.020639315378815581e+00 4.814503100707307794e+02
2.016108733954197874e+00 4.814512522541858743e+02
2.011578152529580166e+00 4.814519282649502543e+02
2.007047571104962458e+00 4.814537510187118983e+02
2.002516989680344750e+00 4.814537786233240126e+02
1.997986408255727042e+00 4.814551294172258054e+02
1.993455826831109334e+00 4.814566476519537446e+02
1.988925245406505837e+00 4.814573082659962893e+02
1.984394663981888129e+00 4.814588948338521277e+02
1.979864082557270422e+00 4.814593788866746991e+02
1.975333501132652714e+00 4.814604394013082356e+02
1.970802919708035006e+00 4.814610082290458877e+02
1.966272338283417298e+00 4.814613234051907398e+02
1.961741756858799590e+00 4.814624831975000916e+02
1.957211175434181882e+00 4.814637337948453819e+02
1.952680594009564174e+00 4.814642911336105158e+02
1.948150012584960677e+00 4.814643849670079589e+02
1.943619431160342970e+00 4.814651609829326731e+02
1.939088849735725262e+00 4.814661074333205306e+02
1.934558268311107554e+00 4.814666149357231575e+02
1.930027686886489846e+00 4.814670225145109157e+02
1.925497105461872138e+00 4.814678421262263441e+02
1.920966524037254430e+00 4.814689514406802004e+02
1.916435942612636723e+00 4.814699559704869785e+02
1.911905361188019015e+00 4.814709733777893348e+02
1.907374779763415518e+00 4.814725564147636305e+02
1.902844198338797810e+00 4.814746934209074993e+02
1.898313616914180102e+00 4.814760120588790642e+02
1.893783035489562394e+00 4.814780799164230984e+02
1.889252454064944686e+00 4.814796669674670397e+02
1.884721872640326978e+00 4.814812406925704522e+02
1.880191291215709271e+00 4.814826252601278611e+02
1.875660709791091563e+00 4.814829017215959084e+02
1.871130128366473855e+00 4.814847992891765784e+02
1.866599546941870358e+00 4.814860030188709743e+02
1.862068965517252650e+00 4.814877329322045512e+02
1.857538384092634942e+00 4.814884621313088360e+02
1.853007802668017234e+00 4.814894795657305053e+02
1.848477221243399526e+00 4.814901760142933540e+02
1.843946639818781819e+00 4.814911444794956878e+02
1.839416058394164111e+00 4.814920215611359708e+02
1.834885476969546403e+00 4.814932410550046598e+02
1.830354895544928695e+00 4.814936936948615198e+02
1.825824314120325198e+00 4.814952616821389597e+02
1.821293732695707490e+00 4.814961962813107448e+02
1.816763151271089782e+00 4.814972501006449193e+02
1.812232569846472074e+00 4.814987133167430216e+02
1.807701988421854367e+00 4.814999437414034560e+02
1.803171406997236659e+00 4.815020390880453647e+02
1.798640825572618951e+00 4.815031921240417319e+02
1.794110244148001243e+00 4.815049231178737728e+02
1.789579662723383535e+00 4.815063685912513733e+02
1.785049081298780038e+00 4.815067887492984937e+02
1.780518499874162330e+00 4.815085585795499696e+02
1.775987918449544622e+00 4.815090990581369397e+02
1.771457337024926915e+00 4.815101465492380726e+02
1.766926755600309207e+00 4.815111932648384254e+02
1.762396174175691499e+00 4.815120829036095529e+02
1.757865592751073791e+00 4.815134349036195545e+02
1.753335011326456083e+00 4.815143509930094297e+02
1.748804429901838375e+00 4.815155396628493918e+02
1.744273848477220668e+00 4.815168320750482280e+02
1.739743267052617171e+00 4.815176056967809473e+02
1.735212685627999463e+00 4.815184294152826965e+02
1.730682104203381755e+00 4.815191171004536272e+02
1.726151522778764047e+00 4.815197323770061644e+02
1.721620941354146339e+00 4.815210098516577091e+02
1.717090359929528631e+00 4.815217989796516918e+02
1.712559778504910923e+00 4.815231825750208827e+02
1.708029197080293216e+00 4.815247215930914990e+02
1.703498615655675508e+00 4.815260146600218718e+02
1.698968034231072011e+00 4.815273864380826581e+02
1.694437452806454303e+00 4.815291586991922941e+02
1.689906871381836595e+00 4.815305617851411739e+02
1.685376289957218887e+00 4.815305256180328115e+02
1.680845708532601179e+00 4.815310621585151694e+02
1.676315127107983471e+00 4.815315431434902962e+02
1.671784545683365764e+00 4.815324578751394142e+02
1.667253964258748056e+00 4.815336085654222416e+02
1.662723382834130348e+00 4.815345115895154322e+02
1.658192801409526851e+00 4.815364543152999772e+02
1.653662219984909143e+00 4.815371897601066848e+02
1.649131638560291435e+00 4.815394027340238949e+02
1.644601057135673727e+00 4.815404272640847694e+02
1.640070475711056019e+00 4.815420935193396303e+02
1.635539894286438312e+00 4.815435013311285388e+02
1.631009312861820604e+00 4.815444247431395866e+02
1.626478731437202896e+00 4.815459794951925119e+02
1.621948150012585188e+00 4.815467690475070413e+02
1.617417568587981691e+00 4.815475971272938978e+02
1.612886987163363983e+00 4.815482731671692136e+02
1.608356405738746275e+00 4.815490895111478267e+02
1.603825824314128567e+00 4.815503596493741156e+02
1.599295242889510860e+00 4.815516033710857187e+02
1.594764661464893152e+00 4.815522063183144610e+02
1.590234080040275444e+00 4.815530212013621281e+02
1.585703498615657736e+00 4.815539064035600632e+02
1.581172917191040028e+00 4.815547216210288184e+02
1.576642335766436531e+00 4.815551464106151798e+02
1.572111754341818823e+00 4.815564873980915763e+02
1.567581172917201116e+00 4.815568844166651843e+02
1.563050591492583408e+00 4.815585145080809184e+02
1.558520010067965700e+00 4.815594007248667481e+02
1.553989428643347992e+00 4.815600286117183373e+02
1.549458847218730284e+00 4.815616232788045181e+02
1.544928265794112576e+00 4.815619416723690733e+02
1.540397684369494868e+00 4.815627892712282687e+02
1.535867102944891371e+00 4.815638904407710470e+02
1.531336521520273664e+00 4.815650688586630395e+02
1.526805940095655956e+00 4.815652972068118061e+02
1.522275358671038248e+00 4.815660443130988710e+02
1.517744777246420540e+00 4.815669607280013906e+02
1.513214195821802832e+00 4.815679196855762711e+02
1.508683614397185124e+00 4.815680680383050571e+02
1.504153032972567416e+00 4.815683954018805935e+02
1.499622451547949709e+00 4.815691800126522821e+02
1.495091870123332001e+00 4.815695692865086812e+02
1.490561288698728504e+00 4.815700239991975309e+02
1.486030707274110796e+00 4.815709651399124027e+02
1.481500125849493088e+00 4.815718169481327209e+02
1.476969544424875380e+00 4.815730831561796776e+02
1.472438963000257672e+00 4.815743964647537609e+02
1.467908381575639964e+00 4.815754622439395689e+02
1.463377800151022257e+00 4.815764530134483721e+02
1.458847218726404549e+00 4.815774924740986762e+02
1.454316637301786841e+00 4.815788544482575162e+02
1.449786055877183344e+00 4.815797934708051002e+02
1.445255474452565636e+00 4.815806192788615476e+02
1.440724893027947928e+00 4.815812282424544719e+02
1.436194311603330220e+00 4.815824710173276344e+02
1.431663730178712512e+00 4.815840487993650072e+02
1.427133148754094805e+00 4.815850003098377670e+02
1.422602567329477097e+00 4.815857932070458105e+02
1.418071985904859389e+00 4.815869485782536117e+02
1.413541404480241681e+00 4.815874730973128521e+02
1.409010823055638184e+00 4.815880704815330660e+02
1.404480241631020476e+00 4.815887926553546663e+02
1.399949660206402768e+00 4.815893955062887244e+02
1.395419078781785061e+00 4.815901195347521480e+02
1.390888497357167353e+00 4.815914445512335078e+02
1.386357915932549645e+00 4.815926742094868018e+02
1.381827334507931937e+00 4.815935325244914793e+02
1.377296753083314229e+00 4.815941198497252458e+02
1.372766171658696521e+00 4.815945847135621420e+02
1.368235590234093024e+00 4.815955982631213601e+02
1.363705008809475316e+00 4.815961037787292867e+02
1.359174427384857609e+00 4.815968312710749615e+02
1.354643845960239901e+00 4.815975310613092120e+02
1.350113264535622193e+00 4.815981565835331821e+02
1.345582683111004485e+00 4.815988175853000257e+02
1.341052101686386777e+00 4.815994345916226393e+02
1.336521520261769069e+00 4.815997405682532531e+02
1.331990938837151361e+00 4.816002569604218024e+02
1.327460357412547864e+00 4.816013781539674028e+02
1.322929775987930157e+00 4.816021963025441437e+02
1.318399194563312449e+00 4.816030086592991211e+02
1.313868613138694741e+00 4.816038814212765260e+02
1.309338031714077033e+00 4.816048877959752872e+02
1.304807450289459325e+00 4.816056347852956492e+02
1.300276868864841617e+00 4.816063460035289836e+02
1.295746287440223909e+00 4.816075323365682834e+02
1.291215706015606202e+00 4.816085967694613146e+02
1.286685124591002705e+00 4.816087733062022949e+02
1.282154543166384997e+00 4.816092120748532466e+02
1.277623961741767289e+00 4.816095417318202863e+02
1.273093380317149581e+00 4.816103112961068291e+02
1.268562798892531873e+00 4.816109767812316704e+02
1.264032217467914165e+00 4.816122089837134013e+02
1.259501636043296458e+00 4.816129761300736618e+02
1.254971054618678750e+00 4.816137860454226711e+02
1.250440473194061042e+00 4.816146698510315218e+02
1.245909891769443334e+00 4.816150881733812525e+02
1.241379310344839837e+00 4.816159420990374542e+02
1.236848728920222129e+00 4.816161202885750185e+02
1.232318147495604421e+00 4.816171845239186382e+02
1.227787566070986713e+00 4.816181985571399764e+02
1.223256984646369006e+00 4.816195339932959882e+02
1.218726403221751298e+00 4.816207377193991306e+02
1.214195821797133590e+00 4.816216199309171202e+02
1.209665240372515882e+00 4.816228134920298771e+02
1.205134658947898174e+00 4.816234614646120917e+02
1.200604077523294677e+00 4.816247813350460660e+02
1.196073496098676969e+00 4.816257537205753465e+02
1.191542914674059261e+00 4.816269226050377483e+02
1.187012333249441554e+00 4.816279575273255205e+02
1.182481751824823846e+00 4.816282866331322907e+02
1.177951170400206138e+00 4.816291971440320481e+02
1.173420588975588430e+00 4.816302336073364359e+02
1.168890007550970722e+00 4.816311278436061798e+02
1.164359426126353014e+00 4.816318402699718035e+02
1.159828844701749517e+00 4.816319769879448813e+02
1.155298263277131809e+00 4.816321547910569620e+02
1.150767681852514102e+00 4.816331749500021715e+02
1.146237100427896394e+00 4.816340188009975805e+02
1.141706519003278686e+00 4.816354814456697682e+02
1.137175937578660978e+00 4.816368414100561495e+02
1.132645356154043270e+00 4.816378235557567109e+02
1.128114774729425562e+00 4.816388812006831017e+02
1.123584193304807854e+00 4.816394471488746376e+02
1.119053611880204357e+00 4.816402220116826811e+02
1.114523030455586650e+00 4.816406298609629175e+02
1.109992449030968942e+00 4.816415207343965221e+02
1.105461867606351234e+00 4.816420155051431493e+02
1.100931286181733526e+00 4.816427060389214603e+02
1.096400704757115818e+00 4.816434947080709321e+02
1.091870123332498110e+00 4.816443286014881551e+02
1.087339541907880403e+00 4.816456477729427661e+02
1.082808960483262695e+00 4.816462304159115320e+02
1.078278379058659198e+00 4.816471412387363102e+02
1.073747797634041490e+00 4.816477628750515692e+02
1.069217216209423782e+00 4.816480051722878102e+02
1.064686634784806074e+00 4.816488203724420032e+02
1.060156053360188366e+00 4.816495768856379414e+02
1.055625471935570658e+00 4.816501594843402358e+02
1.051094890510952951e+00 4.816507221041882190e+02
1.046564309086335243e+00 4.816513034322867952e+02
1.042033727661717535e+00 4.816522120480773310e+02
1.037503146237099827e+00 4.816526049221196786e+02
1.032972564812496330e+00 4.816526977013304531e+02
1.028441983387878622e+00 4.816531924722575013e+02
1.023911401963260914e+00 4.816538781641655191e+02
1.019380820538643206e+00 4.816545022597056231e+02
1.014850239114025499e+00 4.816549097552644412e+02
1.010319657689407791e+00 4.816553941827392009e+02
1.005789076264790083e+00 4.816562803986075778e+02
1.001258494840172375e+00 4.816569397353289901e+02
9.967279134155546672e-01 4.816573918345836205e+02
9.921973319909511702e-01 4.816578543796373424e+02
9.876667505663334623e-01 4.816583047167043787e+02
9.831361691417157544e-01 4.816590391874436250e+02
9.786055877170980466e-01 4.816594110463732363e+02
9.740750062924803387e-01 4.816600885038523074e+02
9.695444248678626309e-01 4.816605319313192126e+02
9.650138434432449230e-01 4.816609738550523048e+02
9.604832620186272152e-01 4.816612555791877526e+02
9.559526805940095073e-01 4.816619399149140577e+02
9.514220991694060103e-01 4.816624742673402011e+02
9.468915177447883025e-01 4.816629880148515213e+02
9.423609363201705946e-01 4.816635418829909554e+02
9.378303548955528868e-01 4.816642052652122175e+02
9.332997734709351789e-01 4.816650455326517886e+02
9.287691920463174711e-01 4.816655670870221115e+02
9.242386106216997632e-01 4.816663277893558757e+02
9.197080291970820554e-01 4.816669111508558103e+02
9.151774477724643475e-01 4.816675007869662863e+02
9.106468663478608505e-01 4.816678191490884728e+02
9.061162849232431427e-01 4.816683381270258337e+02
9.015857034986254348e-01 4.816690456071106610e+02
8.970551220740077270e-01 4.816693250116856575e+02
8.925245406493900191e-01 4.816699072305171399e+02
8.879939592247723112e-01 4.816701733913301382e+02
8.834633778001546034e-01 4.816708969661722790e+02
8.789327963755368955e-01 4.816716195202110953e+02
8.744022149509191877e-01 4.816722348908131153e+02
8.698716335263156907e-01 4.816730718216356308e+02
8.653410521016979828e-01 4.816737367906013105e+02
8.608104706770802750e-01 4.816740248787678524e+02
8.562798892524625671e-01 4.816744677566661039e+02
8.517493078278448593e-01 4.816750812919250961e+02
8.472187264032271514e-01 4.816756552783905363e+02
8.426881449786094436e-01 4.816763059209689004e+02
8.381575635539917357e-01 4.816767467487026693e+02
8.336269821293740279e-01 4.816776546994377668e+02
8.290964007047705309e-01 4.816782020126823909e+02
8.245658192801528230e-01 4.816786876183746813e+02
8.200352378555351152e-01 4.816792329622649049e+02
8.155046564309174073e-01 4.816797648759448975e+02
8.109740750062996995e-01 4.816806715794843399e+02
8.064434935816819916e-01 4.816810135963991115e+02
8.019129121570642837e-01 4.816816831710358997e+02
7.973823307324465759e-01 4.816821755821611077e+02
7.928517493078288680e-01 4.816828805898713313e+02
7.883211678832111602e-01 4.816836075855979402e+02
7.837905864586076632e-01 4.816840824594054880e+02
7.792600050339899553e-01 4.816847586110071120e+02
7.747294236093722475e-01 4.816852762826368348e+02
7.701988421847545396e-01 4.816859560862047829e+02
7.656682607601368318e-01 4.816868756828777123e+02
7.611376793355191239e-01 4.816872458409839055e+02
7.566070979109014161e-01 4.816874691147169756e+02
7.520765164862837082e-01 4.816878588611215264e+02
7.475459350616660004e-01 4.816881893419784433e+02
7.430153536370625034e-01 4.816885634047250164e+02
7.384847722124447955e-01 4.816890214778615587e+02
7.339541907878270877e-01 4.816890052109625344e+02
7.294236093632093798e-01 4.816895248347718734e+02
7.248930279385916720e-01 4.816896691748948456e+02
7.203624465139739641e-01 4.816901146802175617e+02
7.158318650893562562e-01 4.816903563347732415e+02
7.113012836647385484e-01 4.816906541746131438e+02
7.067707022401208405e-01 4.816912081505085439e+02
7.022401208155173435e-01 4.816914168233872147e+02
6.977095393908996357e-01 4.816918380796507790e+02
6.931789579662819278e-01 4.816922760643890342e+02
6.886483765416642200e-01 4.816927655979482097e+02
6.841177951170465121e-01 4.816933943658939938e+02
6.795872136924288043e-01 4.816938352010766380e+02
6.750566322678110964e-01 4.816944715395767957e+02
6.705260508431933886e-01 4.816949610454312278e+02
6.659954694185756807e-01 4.816955357003959648e+02
6.614648879939721837e-01 4.816958397826048781e+02
6.569343065693544759e-01 4.816962163281737048e+02
6.524037251447367680e-01 4.816965819299047666e+02
6.478731437201190602e-01 4.816967746841305029e+02
6.433425622955013523e-01 4.816973741054202378e+02
6.388119808708836445e-01 4.816975323950691745e+02
6.342813994462659366e-01 4.816980861777419705e+02
6.297508180216482288e-01 4.816981730580693579e+02
6.252202365970305209e-01 4.816984317855192899e+02
6.206896551724270239e-01 4.816988696323966224e+02
6.161590737478093160e-01 4.816989372782265946e+02
6.116284923231916082e-01 4.816993359966298840e+02
6.070979108985739003e-01 4.816996336001851091e+02
6.025673294739561925e-01 4.817000660889350456e+02
5.980367480493384846e-01 4.817003996651491775e+02
5.935061666247207768e-01 4.817009355731269693e+02
5.889755852001030689e-01 4.817014269483997282e+02
5.844450037754853611e-01 4.817017311360912686e+02
5.799144223508818641e-01 4.817022736641521306e+02
5.753838409262641562e-01 4.817024750878495070e+02
5.708532595016464484e-01 4.817029447925617092e+02
5.663226780770287405e-01 4.817030184082259439e+02
5.617920966524110327e-01 4.817031606435083404e+02
5.572615152277933248e-01 4.817035296166243370e+02
5.527309338031756170e-01 4.817036095731856449e+02
5.482003523785579091e-01 4.817040998151193207e+02
5.436697709539402013e-01 4.817041677486531057e+02
5.391391895293224934e-01 4.817045129788975260e+02
5.346086081047189964e-01 4.817047595654609040e+02
5.300780266801012885e-01 4.817049318246241114e+02
5.255474452554835807e-01 4.817053556652164730e+02
5.210168638308658728e-01 4.817056194341973310e+02
5.164862824062481650e-01 4.817061696381225033e+02
5.119557009816304571e-01 4.817063942927883318e+02
5.074251195570127493e-01 4.817070035990084875e+02
5.028945381323950414e-01 4.817071989504285057e+02
4.983639567077773336e-01 4.817073281843145764e+02
4.938333752831738366e-01 4.817078672834520603e+02
4.893027938585561287e-01 4.817081739080530269e+02
4.847722124339384209e-01 4.817085317165533525e+02
4.802416310093207130e-01 4.817088384880949548e+02
4.757110495847030052e-01 4.817092178429007845e+02
4.711804681600852973e-01 4.817096089068262472e+02
4.666498867354675895e-01 4.817100367508417662e+02
4.621193053108498816e-01 4.817104595395088609e+02
4.575887238862321738e-01 4.817107210164836602e+02
4.530581424616286768e-01 4.817111391296645593e+02
4.485275610370109689e-01 4.817113225358107798e+02
4.439969796123932610e-01 4.817117562610395112e+02
4.394663981877755532e-01 4.817120846901510163e+02
4.349358167631578453e-01 4.817123547648034787e+02
4.304052353385401375e-01 4.817128002596097076e+02
4.258746539139224296e-01 4.817130710045578326e+02
4.213440724893047218e-01 4.817132806863738779e+02
4.168134910646870139e-01 4.817135078521058063e+02
4.122829096400835169e-01 4.817137619158012853e+02
4.077523282154658091e-01 4.817141498651636766e+02
4.032217467908481012e-01 4.817144152169661879e+02
3.986911653662303934e-01 4.817146613175142420e+02
3.941605839416126855e-01 4.817150950035515393e+02
3.896300025169949777e-01 4.817153137764180997e+02
3.850994210923772698e-01 4.817156396360216490e+02
3.805688396677595620e-01 4.817157214768952826e+02
3.760382582431418541e-01 4.817159836897535001e+02
3.715076768185383571e-01 4.817162373520228584e+02
3.669770953939206493e-01 4.817163462767190367e+02
3.624465139693029414e-01 4.817166238875010436e+02
3.579159325446852336e-01 4.817167327999055146e+02
3.533853511200675257e-01 4.817169835349505433e+02
3.488547696954498178e-01 4.817171075983257538e+02
3.443241882708321100e-01 4.817173750086772657e+02
3.397936068462144021e-01 4.817175484234299461e+02
3.352630254215966943e-01 4.817177139378337642e+02
3.307324439969931973e-01 4.817181258131435015e+02
3.262018625723754894e-01 4.817183768927594656e+02
3.216712811477577816e-01 4.817183605605297885e+02
3.171406997231400737e-01 4.817184947710641154e+02
3.126101182985223659e-01 4.817186510818377769e+02
3.080795368739046580e-01 4.817188496341149744e+02
3.035489554492869502e-01 4.817190451215002440e+02
2.990183740246692423e-01 4.817192709178060568e+02
2.944877926000515345e-01 4.817195763623072935e+02
2.899572111754338266e-01 4.817196171408112377e+02
2.854266297508303296e-01 4.817197086010044131e+02
2.808960483262126218e-01 4.817197939423224966e+02
2.763654669015949139e-01 4.817200725454650296e+02
2.718348854769772061e-01 4.817202824579262597e+02
2.673043040523594982e-01 4.817204469331198879e+02
2.627737226277417903e-01 4.817206481598751111e+02
2.582431412031240825e-01 4.817208478569249905e+02
2.537125597785063746e-01 4.817210493070786015e+02
2.491819783538886668e-01 4.817212961572329277e+02
2.446513969292851698e-01 4.817215146825014358e+02
2.401208155046674619e-01 4.817217298294075931e+02
2.355902340800497541e-01 4.817219404940834124e+02
2.310596526554320462e-01 4.817219647426780966e+02
2.265290712308143384e-01 4.817222147902846814e+02
2.219984898061966305e-01 4.817223990062123562e+02
2.174679083815789227e-01 4.817225931887898582e+02
2.129373269569612148e-01 4.817227479080891044e+02
2.084067455323435070e-01 4.817229018781932837e+02
2.038761641077400100e-01 4.817230464150137550e+02
1.993455826831223021e-01 4.817231565063793255e+02
1.948150012585045943e-01 4.817232154191401037e+02
1.902844198338868864e-01 4.817233496719137520e+02
1.857538384092691786e-01 4.817234263939000130e+02
1.812232569846514707e-01 4.817234433167340626e+02
1.766926755600337628e-01 4.817235951950372055e+02
1.721620941354160550e-01 4.817236875496325297e+02
1.676315127107983471e-01 4.817238310889962349e+02
1.631009312861948501e-01 4.817240077291564830e+02
1.585703498615771423e-01 4.817241926257539149e+02
1.540397684369594344e-01 4.817243163971255626e+02
1.495091870123417266e-01 4.817244699059367576e+02
1.449786055877240187e-01 4.817245407475155616e+02
1.404480241631063109e-01 4.817246922563952580e+02
1.359174427384886030e-01 4.817247687163449541e+02
1.313868613138708952e-01 4.817248684375692847e+02
1.268562798892531873e-01 4.817249315752459893e+02
1.223256984646496903e-01 4.817249863311115519e+02
1.177951170400319825e-01 4.817250904859445200e+02
1.132645356154142746e-01 4.817251699297178789e+02
1.087339541907965668e-01 4.817253070367360692e+02
1.042033727661788589e-01 4.817254017082798896e+02
9.967279134156115106e-02 4.817254882005956915e+02
9.514220991694344320e-02 4.817255838560762982e+02
9.061162849232573535e-02 4.817256584212037183e+02
8.608104706770802750e-02 4.817257128466602580e+02
8.155046564309031965e-02 4.817257470234084735e+02
7.701988421848682265e-02 4.817258404903368501e+02
7.248930279386911479e-02 4.817259037232313972e+02
6.795872136925140694e-02 4.817259517011940488e+02
6.342813994463369909e-02 4.817259927903364769e+02
5.889755852001599123e-02 4.817260150003693866e+02
5.436697709539828338e-02 4.817260548194470289e+02
4.983639567078057553e-02 4.817260710772115999e+02
4.530581424616286768e-02 4.817260860501692150e+02
4.077523282154515982e-02 4.817260975289302110e+02
3.624465139694166282e-02 4.817261195078278888e+02
3.171406997232395497e-02 4.817261378370174612e+02
2.718348854770624712e-02 4.817261669310479988e+02
2.265290712308853927e-02 4.817261833545990726e+02
1.812232569847083141e-02 4.817261821303052898e+02
1.359174427385312356e-02 4.817261889484402673e+02
9.061162849235415706e-03 4.817261964158147975e+02
4.530581424617707853e-03 4.817261991656483815e+02
0.000000000000000000e+00 4.817261991656483815e+02
