9.000000000000000000e+01 2.862703430547602679e+00
8.995499999999999829e+01 3.352647817744797809e+00
8.990999999999999659e+01 5.218629300041439656e+00
8.986499999999999488e+01 4.613063485548245524e+00
8.981999999999999318e+01 4.175070772459462454e+00
8.977500000000000568e+01 3.443011595298958394e+00
8.973000000000000398e+01 5.744847385930006212e+00
8.968500000000000227e+01 5.793718718573253490e+00
8.964000000000000057e+01 6.390850410658774017e+00
8.959499999999999886e+01 6.519719103849420883e+00
8.954999999999999716e+01 5.265885025286125121e+00
8.950499999999999545e+01 5.775488399554255636e+00
8.945999999999999375e+01 6.085481852391064983e+00
8.941500000000000625e+01 5.538662671453202790e+00
8.937000000000000455e+01 5.591354057124159560e+00
8.932500000000000284e+01 5.584118829396210515e+00
8.928000000000000114e+01 5.916976435946028623e+00
8.923499999999999943e+01 5.323899608834311792e+00
8.918999999999999773e+01 4.879859912108969411e+00
8.914499999999999602e+01 4.760686918344155139e+00
8.909999999999999432e+01 4.812761376917147338e+00
8.905500000000000682e+01 5.747471631732108399e+00
8.901000000000000512e+01 6.131266687989850972e+00
8.896500000000000341e+01 6.962688374194809349e+00
8.892000000000000171e+01 6.998584514463921380e+00
8.887500000000000000e+01 6.846702130063347269e+00
8.882999999999999829e+01 7.022300890468466505e+00
8.878499999999999659e+01 7.394254598467909112e+00
8.873999999999999488e+01 7.948237574635343528e+00
8.869499999999999318e+01 8.433483392889995045e+00
8.865000000000000568e+01 9.514984966364085750e+00
8.860500000000000398e+01 8.628240390730180565e+00
8.856000000000000227e+01 8.127930588107700416e+00
8.851500000000000057e+01 6.924909041596998271e+00
8.846999999999999886e+01 6.933207382626535242e+00
8.842499999999999716e+01 7.186842187112580937e+00
8.837999999999999545e+01 7.429434749701813168e+00
8.833499999999999375e+01 6.751753584791609697e+00
8.829000000000000625e+01 6.678775346301848437e+00
8.824500000000000455e+01 6.024228517326742249e+00
8.820000000000000284e+01 5.876411054097250286e+00
8.815500000000000114e+01 6.130186473576813455e+00
8.810999999999999943e+01 6.525924160057978263e+00
8.806499999999999773e+01 6.834216821850481516e+00
8.801999999999999602e+01 6.742473959450716592e+00
8.797499999999999432e+01 6.975776179135968924e+00
8.793000000000000682e+01 6.834328461508624386e+00
8.788500000000000512e+01 6.718965949921321901e+00
8.784000000000000341e+01 6.262487033387351687e+00
8.779500000000000171e+01 6.233516082143500725e+00
8.775000000000000000e+01 6.748092222708415910e+00
8.770499999999999829e+01 7.497774517921804716e+00
8.765999999999999659e+01 8.229200883312570269e+00
8.761499999999999488e+01 8.905570243865899016e+00
8.756999999999999318e+01 9.135514840651289603e+00
8.752500000000000568e+01 9.372255440431318974e+00
8.748000000000000398e+01 9.372640036496857618e+00
8.743500000000000227e+01 9.670527676752566748e+00
8.739000000000000057e+01 8.653220417530340214e+00
8.734499999999999886e+01 8.318588915785161575e+00
8.729999999999999716e+01 7.931197377240751578e+00
8.725499999999999545e+01 8.517996233037385068e+00
8.720999999999999375e+01 8.750723096181651783e+00
8.716500000000000625e+01 8.841775071601681191e+00
8.712000000000000455e+01 8.972487495770698374e+00
8.707500000000000284e+01 9.192457071246726841e+00
8.703000000000000114e+01 9.247260189537040986e+00
8.698499999999999943e+01 8.890883867376368599e+00
8.693999999999999773e+01 8.485658422938742618e+00
8.689499999999999602e+01 8.539241995450376876e+00
8.684999999999999432e+01 7.692091399572555943e+00
8.680500000000000682e+01 7.463428833896847081e+00
8.676000000000000512e+01 7.661101162846657431e+00
8.671500000000000341e+01 8.158231068269842012e+00
8.667000000000000171e+01 7.895208499520093959e+00
8.662500000000000000e+01 7.964396432640730161e+00
8.657999999999999829e+01 8.549708404231317616e+00
8.653499999999999659e+01 9.060487240630834549e+00
8.648999999999999488e+01 9.140574412355750411e+00
8.644499999999999318e+01 9.604396043051570686e+00
8.640000000000000568e+01 8.877989639456535187e+00
8.635500000000000398e+01 8.913196223923103290e+00
8.631000000000000227e+01 8.258129135624068695e+00
8.626500000000000057e+01 8.194484453400962209e+00
8.621999999999999886e+01 7.477807036425641485e+00
8.617499999999999716e+01 7.416264461792635210e+00
8.612999999999999545e+01 7.884064403736608995e+00
8.608499999999999375e+01 8.427085306539304099e+00
8.604000000000000625e+01 8.339389402505593907e+00
8.599500000000000455e+01 8.597861275451636587e+00
8.595000000000000284e+01 8.152542391374240083e+00
8.590500000000000114e+01 8.513215319409727755e+00
8.585999999999999943e+01 8.734465760147202218e+00
8.581499999999999773e+01 8.492164666470678469e+00
8.576999999999999602e+01 8.249813782782167593e+00
8.572499999999999432e+01 8.112955316478211998e+00
8.568000000000000682e+01 7.983448681472248509e+00
8.563500000000000512e+01 7.959682264760341575e+00
8.559000000000000341e+01 8.205280119714728926e+00
8.554500000000000171e+01 8.107267827278983319e+00
8.550000000000000000e+01 8.625028343192415292e+00
8.545499999999999829e+01 8.579180630583786993e+00
8.540999999999999659e+01 9.218340381729731803e+00
8.536499999999999488e+01 9.114769303133204659e+00
8.531999999999999318e+01 9.196436650836162130e+00
8.527500000000000568e+01 8.749030513619661775e+00
8.523000000000000398e+01 8.969211957560718318e+00
8.518500000000000227e+01 8.917829189737387807e+00
8.514000000000000057e+01 8.990975628984829271e+00
8.509499999999999886e+01 9.228078640930977627e+00
8.504999999999999716e+01 9.462291423385490674e+00
8.500499999999999545e+01 9.291879982842393915e+00
8.495999999999999375e+01 8.636514225128461675e+00
8.491500000000000625e+01 8.651790465681171938e+00
8.487000000000000455e+01 8.610369034953015088e+00
8.482500000000000284e+01 9.147268777265514572e+00
8.478000000000000114e+01 8.857119130621574854e+00
8.473499999999999943e+01 9.097289083741044280e+00
8.468999999999999773e+01 8.641292075934920547e+00
8.464499999999999602e+01 8.407867650402703674e+00
8.459999999999999432e+01 8.280871019510053443e+00
8.455500000000000682e+01 8.233640842177853969e+00
8.451000000000000512e+01 7.827130125277939499e+00
8.446500000000000341e+01 7.682762284230915562e+00
8.442000000000000171e+01 7.164659052328869571e+00
8.437500000000000000e+01 7.118321999060808203e+00
8.432999999999999829e+01 6.723224774580828900e+00
8.428499999999999659e+01 6.513593931903546519e+00
8.423999999999999488e+01 6.865330424980840895e+00
8.419499999999999318e+01 7.012070761348915049e+00
8.415000000000000568e+01 7.097062579174457042e+00
8.410500000000000398e+01 7.425775587135068356e+00
8.406000000000000227e+01 7.319977764473290627e+00
8.401500000000000057e+01 7.138419984061882495e+00
8.396999999999999886e+01 6.923704570897418975e+00
8.392499999999999716e+01 6.670397206355162645e+00
8.387999999999999545e+01 6.564301322954438689e+00
8.383499999999999375e+01 6.775636229017587553e+00
8.379000000000000625e+01 6.786288849347783092e+00
8.374500000000000455e+01 7.282802895983143010e+00
8.370000000000000284e+01 7.355193968841119201e+00
8.365500000000000114e+01 6.974093882446388726e+00
8.360999999999999943e+01 7.054987083650529733e+00
8.356499999999999773e+01 6.659205176883479460e+00
8.351999999999999602e+01 6.590550380446501322e+00
8.347499999999999432e+01 7.106302635338350271e+00
8.343000000000000682e+01 7.166160558983725615e+00
8.338500000000000512e+01 7.523396547244097121e+00
8.334000000000000341e+01 7.245348697776918812e+00
8.329500000000000171e+01 7.361703413475007451e+00
8.325000000000000000e+01 7.265312280169646364e+00
8.320499999999999829e+01 7.841557476542446281e+00
8.315999999999999659e+01 7.803822514285934986e+00
8.311499999999999488e+01 8.198867112779586463e+00
8.306999999999999318e+01 7.700050724247596179e+00
8.302500000000000568e+01 8.002604561196500654e+00
8.298000000000000398e+01 7.659563499824045607e+00
8.293500000000000227e+01 7.647903711466680576e+00
8.289000000000000057e+01 7.656436206835960157e+00
8.284499999999999886e+01 7.939444322698628653e+00
8.279999999999999716e+01 7.730945106230970865e+00
8.275499999999999545e+01 7.666546692767202131e+00
8.270999999999999375e+01 7.656843048046023448e+00
8.266500000000000625e+01 7.738721479071994480e+00
8.262000000000000455e+01 7.108088873321022128e+00
8.257500000000000284e+01 7.330581504415268235e+00
8.253000000000000114e+01 7.114526711273759574e+00
8.248499999999999943e+01 6.738565601991143517e+00
8.243999999999999773e+01 6.627151707888680576e+00
8.239499999999999602e+01 6.549034438683638548e+00
8.234999999999999432e+01 6.603255093594352587e+00
8.230500000000000682e+01 6.606267381008497530e+00
8.226000000000000512e+01 6.657180981775851158e+00
8.221500000000000341e+01 7.180525137717600259e+00
8.217000000000000171e+01 6.883306721567922892e+00
8.212500000000000000e+01 6.819864295114612673e+00
8.207999999999999829e+01 6.573610585146554719e+00
8.203499999999999659e+01 6.187553990432357764e+00
8.198999999999999488e+01 5.991590066582787699e+00
8.194499999999999318e+01 5.910206909336558567e+00
8.190000000000000568e+01 5.837827500646158185e+00
8.185500000000000398e+01 6.036591531122819987e+00
8.181000000000000227e+01 5.903200472811512611e+00
8.176500000000000057e+01 5.664460826546144467e+00
8.171999999999999886e+01 5.192318272936130796e+00
8.167499999999999716e+01 4.797354362814315820e+00
8.162999999999999545e+01 4.857431146823733670e+00
8.158500000000000796e+01 4.900412335465158975e+00
8.154000000000000625e+01 4.748514977598227382e+00
8.149500000000000455e+01 4.791883411535143189e+00
8.145000000000000284e+01 4.361219531363910384e+00
8.140500000000000114e+01 4.279930910239207797e+00
8.135999999999999943e+01 3.862645569072289842e+00
8.131499999999999773e+01 4.005353221777371964e+00
8.126999999999999602e+01 3.931449949037316038e+00
8.122499999999999432e+01 3.582567104011037618e+00
8.118000000000000682e+01 3.657056822929707351e+00
8.113500000000000512e+01 3.249944949918623482e+00
8.109000000000000341e+01 3.251519204816381681e+00
8.104500000000000171e+01 3.464956123583968317e+00
8.100000000000000000e+01 3.136936677154843700e+00
8.095499999999999829e+01 2.825307708877660140e+00
8.090999999999999659e+01 2.669084986889492139e+00
8.086499999999999488e+01 2.105043334270953803e+00
8.081999999999999318e+01 2.198760663669868443e+00
8.077500000000000568e+01 2.127532684293227394e+00
8.073000000000000398e+01 2.037455686847490455e+00
8.068500000000000227e+01 1.800046358972428262e+00
8.064000000000000057e+01 1.548656972039485602e+00
8.059499999999999886e+01 1.606736926246933317e+00
8.054999999999999716e+01 1.438950786067505261e+00
8.050499999999999545e+01 1.411239898632243861e+00
8.046000000000000796e+01 1.454654469680025652e+00
8.041500000000000625e+01 1.689734149780072192e+00
8.037000000000000455e+01 1.400822280143142251e+00
8.032500000000000284e+01 1.537563351421947777e+00
8.028000000000000114e+01 1.707665680876979009e+00
8.023499999999999943e+01 1.814433482498693850e+00
8.018999999999999773e+01 1.898092633461763823e+00
8.014499999999999602e+01 1.782256643731195522e+00
8.009999999999999432e+01 1.331785693645472834e+00
8.005500000000000682e+01 1.093390447667629717e+00
8.001000000000000512e+01 9.293109244893020815e-01
7.996500000000000341e+01 7.726919742118495416e-01
7.992000000000000171e+01 1.045079651458858949e+00
7.987500000000000000e+01 1.097111690932561334e+00
7.982999999999999829e+01 1.181655595058090702e+00
7.978499999999999659e+01 1.272657469148509746e+00
7.973999999999999488e+01 1.554671347177761564e+00
7.969499999999999318e+01 1.461831062408046833e+00
7.965000000000000568e+01 1.503045603552769505e+00
7.960500000000000398e+01 1.598013697458582794e+00
7.956000000000000227e+01 1.505638956058050981e+00
7.951500000000000057e+01 1.554085361292440570e+00
7.946999999999999886e+01 1.216567079786680550e+00
7.942499999999999716e+01 1.341738605460213840e+00
7.937999999999999545e+01 1.317837048040353620e+00
7.933500000000000796e+01 1.329539601729681664e+00
7.929000000000000625e+01 1.366402809717957689e+00
7.924500000000000455e+01 1.369017084711422472e+00
7.920000000000000284e+01 1.003889512108292470e+00
7.915500000000000114e+01 9.278123886700085921e-01
7.910999999999999943e+01 5.784671707796285034e-01
7.906499999999999773e+01 6.067161621235330760e-01
7.901999999999999602e+01 5.132584869505575353e-01
7.897499999999999432e+01 1.697498665679498808e-01
7.893000000000000682e+01 4.178331958909616284e-01
7.888500000000000512e+01 3.135695197219046104e-02
7.884000000000000341e+01 2.885716277141681663e-01
7.879500000000000171e+01 6.236137057586207399e-01
7.875000000000000000e+01 5.280415646571871013e-01
7.870499999999999829e+01 3.973250312994626721e-01
7.865999999999999659e+01 3.666470126533803442e-01
7.861499999999999488e+01 4.922174339714642799e-01
7.856999999999999318e+01 8.381649160181837699e-01
7.852500000000000568e+01 5.220646961266132147e-01
7.848000000000000398e+01 6.189250845915087451e-01
7.843500000000000227e+01 5.879769596657347108e-01
7.839000000000000057e+01 1.417352018363248270e-02
7.834499999999999886e+01 -1.729574248264987013e-01
7.829999999999999716e+01 -3.837091415262702254e-01
7.825499999999999545e+01 -5.544666091839602906e-01
7.821000000000000796e+01 -5.901246691054542470e-01
7.816500000000000625e+01 -7.398299786328101924e-01
7.812000000000000455e+01 -4.858705264656720257e-01
7.807500000000000284e+01 -4.942152001003012884e-01
7.803000000000000114e+01 -2.096672382957945058e-01
7.798499999999999943e+01 -1.120219851231307462e-01
7.793999999999999773e+01 -1.871003141045329832e-01
7.789499999999999602e+01 -3.682538638232500383e-01
7.784999999999999432e+01 -2.375429766312157909e-01
7.780500000000000682e+01 -2.272484157050584739e-03
7.776000000000000512e+01 -6.471930286375437991e-02
7.771500000000000341e+01 -2.285974383549625455e-01
7.767000000000000171e+01 -1.866761905757326756e-01
7.762500000000000000e+01 -1.712390901533435428e-01
7.757999999999999829e+01 -3.218111738286505430e-01
7.753499999999999659e+01 -4.586937003922810230e-01
7.748999999999999488e+01 -5.144128065296921237e-01
7.744499999999999318e+01 -4.097815824691728448e-01
7.740000000000000568e+01 -3.690062828238031556e-01
7.735500000000000398e+01 -4.424165834416234344e-01
7.731000000000000227e+01 -9.145072108635153574e-02
7.726500000000000057e+01 1.357866611573306792e-01
7.721999999999999886e+01 1.773891683758616012e-03
7.717499999999999716e+01 3.132420762821530036e-01
7.712999999999999545e+01 -1.550338179176917464e-01
7.708500000000000796e+01 -4.672900477002950304e-01
7.704000000000000625e+01 -4.288263119616932961e-01
7.699500000000000455e+01 -2.240451530426277871e-01
7.695000000000000284e+01 1.084942023567768143e-01
7.690500000000000114e+01 1.624021211857491487e-01
7.685999999999999943e+01 2.594199852150879115e-01
7.681499999999999773e+01 5.383037760622418899e-01
7.676999999999999602e+01 8.554412400799495941e-01
7.672499999999999432e+01 7.917598153763387714e-01
7.668000000000000682e+01 9.505813192221124197e-01
7.663500000000000512e+01 1.072778005742194729e+00
7.659000000000000341e+01 1.164200956046373747e+00
7.654500000000000171e+01 1.371875843499330117e+00
7.650000000000000000e+01 1.296185473379424025e+00
7.645499999999999829e+01 1.382137234949218918e+00
7.640999999999999659e+01 1.462243919174742723e+00
7.636499999999999488e+01 1.427652426267030261e+00
7.631999999999999318e+01 1.676450737981544759e+00
7.627500000000000568e+01 1.597206927551198641e+00
7.623000000000000398e+01 1.744308365108371062e+00
7.618500000000000227e+01 1.726811336643383488e+00
7.614000000000000057e+01 1.932856727026764476e+00
7.609499999999999886e+01 1.973109716281979065e+00
7.604999999999999716e+01 1.754602557459215229e+00
7.600499999999999545e+01 1.928889315746547650e+00
7.596000000000000796e+01 1.802398073506915832e+00
7.591500000000000625e+01 1.795625571543721044e+00
7.587000000000000455e+01 1.713475552902493648e+00
7.582500000000000284e+01 1.584781153194412262e+00
7.578000000000000114e+01 1.353213279534199343e+00
7.573499999999999943e+01 1.553872001858934704e+00
7.568999999999999773e+01 1.387519986160336227e+00
7.564499999999999602e+01 1.451583017777422047e+00
7.559999999999999432e+01 1.540776632956821768e+00
7.555500000000000682e+01 1.524232389726910109e+00
7.551000000000000512e+01 1.584547554441312345e+00
7.546500000000000341e+01 1.338817534798498077e+00
7.542000000000000171e+01 1.678623013369887840e+00
7.537500000000000000e+01 1.892161167337726546e+00
7.532999999999999829e+01 2.037609670916371574e+00
7.528499999999999659e+01 2.376068860131258731e+00
7.523999999999999488e+01 2.235646472358741033e+00
7.519499999999999318e+01 2.354964153760330969e+00
7.515000000000000568e+01 2.392151026171757788e+00
7.510500000000000398e+01 2.337896608161242895e+00
7.506000000000000227e+01 2.459825098578466651e+00
7.501500000000000057e+01 2.521127610883142189e+00
7.496999999999999886e+01 2.675315424263057462e+00
7.492499999999999716e+01 2.843642156631933204e+00
7.487999999999999545e+01 2.797113205711696970e+00
7.483500000000000796e+01 2.633964826717416052e+00
7.479000000000000625e+01 2.710369592603247391e+00
7.474500000000000455e+01 2.541568555838514154e+00
7.470000000000000284e+01 2.832852847105123306e+00
7.465500000000000114e+01 2.901029524663525372e+00
7.460999999999999943e+01 3.015633728471387887e+00
7.456499999999999773e+01 2.698451674584069426e+00
7.451999999999999602e+01 2.963088241359249420e+00
7.447499999999999432e+01 2.921955403649264760e+00
7.443000000000000682e+01 3.228813637580178142e+00
7.438500000000000512e+01 3.480308801334706104e+00
7.434000000000000341e+01 3.610846358388994037e+00
7.429500000000000171e+01 3.370865339492715496e+00
7.425000000000000000e+01 3.604474802259968857e+00
7.420499999999999829e+01 3.344678384074638799e+00
7.415999999999999659e+01 3.662455034739849680e+00
7.411499999999999488e+01 3.860064443849475779e+00
7.406999999999999318e+01 3.757841019675543404e+00
7.402500000000000568e+01 4.270489128636974385e+00
7.398000000000000398e+01 4.180549731045778650e+00
7.393500000000000227e+01 4.156686706624241445e+00
7.389000000000000057e+01 4.308980622399879223e+00
7.384499999999999886e+01 3.863065634986471153e+00
7.379999999999999716e+01 4.150823320756806822e+00
7.375499999999999545e+01 4.378839808560085700e+00
7.371000000000000796e+01 4.068664024971520909e+00
7.366499999999999204e+01 4.595810160575218184e+00
7.362000000000000455e+01 4.749770091368203495e+00
7.357500000000000284e+01 4.939959874093523773e+00
7.353000000000000114e+01 5.030225978813316345e+00
7.348499999999999943e+01 4.663783628150913962e+00
7.343999999999999773e+01 4.964976057061516457e+00
7.339499999999999602e+01 5.088469323826500634e+00
7.334999999999999432e+01 5.249026424643172817e+00
7.330500000000000682e+01 5.421775517537056110e+00
7.326000000000000512e+01 5.514841002518847901e+00
7.321500000000000341e+01 5.332733465242103676e+00
7.317000000000000171e+01 5.124995340882101402e+00
7.312500000000000000e+01 5.217163203319009845e+00
7.307999999999999829e+01 5.240976398435472916e+00
7.303499999999999659e+01 5.323710318898745797e+00
7.299000000000000909e+01 5.553082765695276812e+00
7.294499999999999318e+01 5.601125065445819118e+00
7.290000000000000568e+01 5.445860069627610933e+00
7.285500000000000398e+01 5.294183861040512085e+00
7.281000000000000227e+01 5.562904791565003393e+00
7.276500000000000057e+01 5.624593090951301555e+00
7.271999999999999886e+01 5.740092940498192853e+00
7.267499999999999716e+01 5.604752707769290687e+00
7.262999999999999545e+01 5.735264261185607282e+00
7.258500000000000796e+01 5.735638809402306748e+00
7.253999999999999204e+01 5.988276066477459914e+00
7.249500000000000455e+01 5.961323761150955747e+00
7.245000000000000284e+01 6.050299525439594817e+00
7.240500000000000114e+01 5.929652560418285923e+00
7.235999999999999943e+01 5.868823077997189053e+00
7.231499999999999773e+01 5.697226685290939230e+00
7.226999999999999602e+01 5.721463183965223465e+00
7.222499999999999432e+01 6.029516353502279991e+00
7.218000000000000682e+01 6.079489721419782278e+00
7.213500000000000512e+01 6.121149587878866427e+00
7.209000000000000341e+01 5.994224823506235644e+00
7.204500000000000171e+01 5.791726899885916602e+00
7.200000000000000000e+01 5.838249195509956913e+00
7.195499999999999829e+01 6.050979914755060030e+00
7.190999999999999659e+01 6.202515518850296061e+00
7.186500000000000909e+01 6.316511885817603478e+00
7.181999999999999318e+01 6.334893847061179528e+00
7.177500000000000568e+01 6.008238830564142319e+00
7.173000000000000398e+01 5.765143279639742602e+00
7.168500000000000227e+01 5.779919433711603105e+00
7.164000000000000057e+01 5.775268341439956821e+00
7.159499999999999886e+01 5.626948925738988194e+00
7.154999999999999716e+01 5.893975466126600615e+00
7.150499999999999545e+01 5.836989447216730298e+00
7.146000000000000796e+01 5.855166091270640472e+00
7.141499999999999204e+01 5.673855023849958990e+00
7.137000000000000455e+01 5.798673745679027824e+00
7.132500000000000284e+01 5.880940875192486317e+00
7.128000000000000114e+01 6.127467181195140888e+00
7.123499999999999943e+01 6.538952404593823431e+00
7.118999999999999773e+01 6.731134806470350007e+00
7.114499999999999602e+01 6.715548488955161766e+00
7.109999999999999432e+01 6.659244169769306332e+00
7.105500000000000682e+01 6.853356607246186449e+00
7.101000000000000512e+01 6.719132547802542099e+00
7.096500000000000341e+01 6.929010060574945840e+00
7.092000000000000171e+01 6.781646727967338251e+00
7.087500000000000000e+01 6.820082743678596238e+00
7.082999999999999829e+01 6.719390741380148135e+00
7.078499999999999659e+01 6.927776797934236619e+00
7.074000000000000909e+01 7.088702244439811118e+00
7.069499999999999318e+01 7.054446883805232105e+00
7.065000000000000568e+01 7.001321376734170876e+00
7.060500000000000398e+01 6.904453400950544939e+00
7.056000000000000227e+01 6.574970780487571886e+00
7.051500000000000057e+01 6.869102078292343982e+00
7.046999999999999886e+01 6.741494376923786724e+00
7.042499999999999716e+01 6.565107689124488388e+00
7.037999999999999545e+01 6.590724527457181736e+00
7.033500000000000796e+01 6.863081961894639704e+00
7.028999999999999204e+01 6.691319569073786333e+00
7.024500000000000455e+01 6.690803878674699057e+00
7.020000000000000284e+01 6.966876038716359076e+00
7.015500000000000114e+01 6.947756717327040477e+00
7.010999999999999943e+01 7.075001637428117718e+00
7.006499999999999773e+01 7.126400974794931287e+00
7.001999999999999602e+01 7.285851410748721335e+00
6.997499999999999432e+01 7.253862120741680464e+00
6.993000000000000682e+01 7.401242362851626844e+00
6.988500000000000512e+01 7.547009598683077414e+00
6.984000000000000341e+01 7.775851440887387334e+00
6.979500000000000171e+01 8.009160455562980729e+00
6.975000000000000000e+01 8.271700199485950478e+00
6.970499999999999829e+01 8.580486154200261950e+00
6.965999999999999659e+01 8.620751033735620794e+00
6.961500000000000909e+01 8.721121621062373208e+00
6.956999999999999318e+01 8.807443052301952235e+00
6.952500000000000568e+01 9.000916866922519688e+00
6.948000000000000398e+01 8.910447169995528327e+00
6.943500000000000227e+01 9.016178269272636214e+00
6.939000000000000057e+01 9.094310916615677698e+00
6.934499999999999886e+01 9.298036965676764964e+00
6.929999999999999716e+01 9.180733580848515984e+00
6.925499999999999545e+01 9.278481768366869886e+00
6.921000000000000796e+01 9.115655685257644691e+00
6.916499999999999204e+01 9.072931203737768513e+00
6.912000000000000455e+01 9.317412472219327668e+00
6.907500000000000284e+01 9.273132236110981808e+00
6.903000000000000114e+01 9.582033459782843821e+00
6.898499999999999943e+01 9.490290936672227673e+00
6.893999999999999773e+01 9.517968576246001788e+00
6.889499999999999602e+01 9.329261739333240655e+00
6.884999999999999432e+01 9.410935728770571274e+00
6.880500000000000682e+01 9.100669280953525231e+00
6.876000000000000512e+01 9.271209523625726590e+00
6.871500000000000341e+01 8.835187811813666414e+00
6.867000000000000171e+01 9.131828157009445945e+00
6.862500000000000000e+01 8.976439877529516664e+00
6.857999999999999829e+01 9.326265527655168697e+00
6.853499999999999659e+01 9.621169276193109354e+00
6.849000000000000909e+01 9.765963653888404039e+00
6.844499999999999318e+01 9.849279412566488645e+00
6.840000000000000568e+01 1.001470580637226071e+01
6.835500000000000398e+01 9.847202793772286356e+00
6.831000000000000227e+01 9.806056830674977576e+00
6.826500000000000057e+01 9.972767914901590203e+00
6.821999999999999886e+01 9.834750418734975241e+00
6.817499999999999716e+01 9.981167801212350810e+00
6.812999999999999545e+01 1.000784790107956290e+01
6.808500000000000796e+01 1.014219397503007514e+01
6.803999999999999204e+01 1.018468252752864522e+01
6.799500000000000455e+01 1.058389674522934776e+01
6.795000000000000284e+01 1.062154098186959317e+01
6.790500000000000114e+01 1.048836214358503227e+01
6.785999999999999943e+01 1.073431105862193924e+01
6.781499999999999773e+01 1.069273990943575114e+01
6.776999999999999602e+01 1.071025563880942855e+01
6.772499999999999432e+01 1.047334392215606513e+01
6.768000000000000682e+01 1.038929135518111835e+01
6.763500000000000512e+01 1.024833981082378109e+01
6.759000000000000341e+01 1.015999688563921488e+01
6.754500000000000171e+01 1.023266068634110404e+01
6.750000000000000000e+01 1.004469629922608398e+01
6.745499999999999829e+01 1.014780893530042327e+01
6.740999999999999659e+01 1.027999098084110052e+01
6.736500000000000909e+01 1.029115607439380575e+01
6.731999999999999318e+01 1.021089124124384639e+01
6.727500000000000568e+01 1.032312195790702170e+01
6.723000000000000398e+01 1.046528346984108993e+01
6.718500000000000227e+01 1.037826898673538345e+01
6.714000000000000057e+01 1.029019152567651041e+01
6.709499999999999886e+01 1.050183360175904212e+01
6.704999999999999716e+01 1.022608884422316677e+01
6.700499999999999545e+01 1.026427920504585245e+01
6.696000000000000796e+01 1.006148566727150495e+01
6.691499999999999204e+01 1.041340969967662566e+01
6.687000000000000455e+01 1.049099816696714882e+01
6.682500000000000284e+01 1.053223201799847430e+01
6.678000000000000114e+01 1.057005350464188353e+01
6.673499999999999943e+01 1.060673005835043270e+01
6.668999999999999773e+01 1.032588625182711084e+01
6.664499999999999602e+01 1.039135340962559795e+01
6.659999999999999432e+01 1.063022931131113324e+01
6.655500000000000682e+01 1.061743318329269492e+01
6.651000000000000512e+01 1.042320000180320605e+01
6.646500000000000341e+01 1.020762313276140709e+01
6.642000000000000171e+01 9.852822102883575184e+00
6.637500000000000000e+01 9.762835945862210707e+00
6.632999999999999829e+01 1.017879195812784587e+01
6.628499999999999659e+01 1.025897272178125164e+01
6.624000000000000909e+01 1.081947295115898378e+01
6.619499999999999318e+01 1.077893956385102214e+01
6.615000000000000568e+01 1.117698892543855749e+01
6.610500000000000398e+01 1.096153463692305507e+01
6.606000000000000227e+01 1.082376085641520369e+01
6.601500000000000057e+01 1.094583937241703531e+01
6.596999999999999886e+01 1.086492324787145947e+01
6.592499999999999716e+01 1.118472622179037046e+01
6.587999999999999545e+01 1.138768694713350804e+01
6.583500000000000796e+01 1.127916320065334155e+01
6.578999999999999204e+01 1.117541352331245896e+01
6.574500000000000455e+01 1.097192372066283816e+01
6.570000000000000284e+01 1.100317039147857656e+01
6.565500000000000114e+01 1.119975780608802829e+01
6.560999999999999943e+01 1.115352121165564903e+01
6.556499999999999773e+01 1.134628508081362597e+01
6.551999999999999602e+01 1.149052869511864294e+01
6.547499999999999432e+01 1.125642415131772012e+01
6.543000000000000682e+01 1.145067477390722388e+01
6.538500000000000512e+01 1.151961897949831659e+01
6.534000000000000341e+01 1.189415692560509896e+01
6.529500000000000171e+01 1.191996030027435260e+01
6.525000000000000000e+01 1.184245766346139739e+01
6.520499999999999829e+01 1.154712296173286568e+01
6.515999999999999659e+01 1.149088579992196912e+01
6.511500000000000909e+01 1.140863035083771670e+01
6.506999999999999318e+01 1.149784880594904202e+01
6.502500000000000568e+01 1.154945826883878190e+01
6.498000000000000398e+01 1.139664958545408169e+01
6.493500000000000227e+01 1.094793226260673613e+01
6.489000000000000057e+01 1.123184285131940285e+01
6.484499999999999886e+01 1.111436665422383463e+01
6.479999999999999716e+01 1.135431836724253607e+01
6.475499999999999545e+01 1.145980525173614595e+01
6.471000000000000796e+01 1.168829518821534563e+01
6.466500000000000625e+01 1.162468242312403177e+01
6.462000000000000455e+01 1.170027479744685905e+01
6.457500000000000284e+01 1.179724946930126173e+01
6.453000000000000114e+01 1.176028509575170311e+01
6.448499999999999943e+01 1.188905998343006409e+01
6.443999999999999773e+01 1.213650089156618783e+01
6.439499999999999602e+01 1.228717129152948218e+01
6.434999999999999432e+01 1.260552590070898660e+01
6.430500000000000682e+01 1.261402177635850741e+01
6.426000000000000512e+01 1.264009745876437130e+01
6.421500000000000341e+01 1.272641010400273665e+01
6.417000000000000171e+01 1.290958428415943082e+01
6.412500000000000000e+01 1.296878970511554563e+01
6.407999999999999829e+01 1.285332147851556250e+01
6.403499999999999659e+01 1.309396886611176569e+01
6.399000000000000199e+01 1.316447361742906708e+01
6.394500000000000028e+01 1.315032107320512900e+01
6.390000000000000568e+01 1.331309157582123426e+01
6.385500000000000398e+01 1.358076032396196098e+01
6.381000000000000227e+01 1.359317434903059230e+01
6.376500000000000057e+01 1.400561996464602110e+01
6.371999999999999886e+01 1.404578810072012196e+01
6.367499999999999716e+01 1.416048756894040217e+01
6.363000000000000256e+01 1.415998795677837307e+01
6.358500000000000085e+01 1.417661954900909294e+01
6.354000000000000625e+01 1.407480291366421277e+01
6.349500000000000455e+01 1.428642026324923187e+01
6.345000000000000284e+01 1.407164831567063956e+01
6.340500000000000114e+01 1.394720162676325614e+01
6.335999999999999943e+01 1.412797656853236994e+01
6.331499999999999773e+01 1.391588610004566640e+01
6.326999999999999602e+01 1.417787565115993154e+01
6.322500000000000142e+01 1.472471687371495719e+01
6.317999999999999972e+01 1.518605750372509355e+01
6.313500000000000512e+01 1.512036714752869315e+01
6.309000000000000341e+01 1.507840548435444994e+01
6.304500000000000171e+01 1.480146284729747208e+01
6.300000000000000000e+01 1.482517416763397478e+01
6.295499999999999829e+01 1.475500525187724499e+01
6.290999999999999659e+01 1.504699905963665607e+01
6.286500000000000199e+01 1.503341031482543499e+01
6.282000000000000028e+01 1.501422618431313261e+01
6.277500000000000568e+01 1.501156694274231818e+01
6.273000000000000398e+01 1.490257163604036705e+01
6.268500000000000227e+01 1.516519043150820067e+01
6.264000000000000057e+01 1.526839724184887004e+01
6.259499999999999886e+01 1.551038854248004384e+01
6.254999999999999716e+01 1.578989634748375082e+01
6.250500000000000256e+01 1.569359721575334632e+01
6.246000000000000085e+01 1.557324906979085277e+01
6.241500000000000625e+01 1.559180631034326225e+01
6.237000000000000455e+01 1.535396481093501819e+01
6.232500000000000284e+01 1.557090729382798777e+01
6.228000000000000114e+01 1.554678632885188883e+01
6.223499999999999943e+01 1.560851035156015243e+01
6.218999999999999773e+01 1.568670106105600226e+01
6.214499999999999602e+01 1.572632182565057946e+01
6.210000000000000142e+01 1.581632761712432078e+01
6.205499999999999972e+01 1.588872601081895297e+01
6.201000000000000512e+01 1.546048314135251545e+01
6.196500000000000341e+01 1.575402087771429294e+01
6.192000000000000171e+01 1.582772391786513744e+01
6.187500000000000000e+01 1.590589742097669301e+01
6.182999999999999829e+01 1.604746047014542043e+01
6.178499999999999659e+01 1.610133857851704065e+01
6.174000000000000199e+01 1.617045138871018040e+01
6.169500000000000028e+01 1.622135459860628615e+01
6.165000000000000568e+01 1.630938493544801204e+01
6.160500000000000398e+01 1.617018775892752558e+01
6.156000000000000227e+01 1.566739722038277272e+01
6.151500000000000057e+01 1.586923651262186930e+01
6.146999999999999886e+01 1.555752388529946018e+01
6.142499999999999716e+01 1.572192558288207742e+01
6.138000000000000256e+01 1.603001760311920165e+01
6.133500000000000085e+01 1.627566466104417131e+01
6.129000000000000625e+01 1.628084751949222664e+01
6.124500000000000455e+01 1.643923209655898887e+01
6.120000000000000284e+01 1.607288223631673318e+01
6.115500000000000114e+01 1.617145730326267739e+01
6.110999999999999943e+01 1.607229934142936756e+01
6.106499999999999773e+01 1.596887441910909011e+01
6.101999999999999602e+01 1.632967628548716377e+01
6.097500000000000142e+01 1.648500726235500480e+01
6.092999999999999972e+01 1.658523222363405125e+01
6.088500000000000512e+01 1.676779272952013855e+01
6.084000000000000341e+01 1.669165556394501593e+01
6.079500000000000171e+01 1.699598589695168371e+01
6.075000000000000000e+01 1.677163911757060077e+01
6.070499999999999829e+01 1.681440117024386893e+01
6.065999999999999659e+01 1.687294875497006075e+01
6.061500000000000199e+01 1.673136916589017176e+01
6.057000000000000028e+01 1.685370390754051684e+01
6.052500000000000568e+01 1.702243352387674946e+01
6.048000000000000398e+01 1.706415500722407685e+01
6.043500000000000227e+01 1.723733181586690577e+01
6.039000000000000057e+01 1.723441220240174232e+01
6.034499999999999886e+01 1.729215682310785951e+01
6.029999999999999716e+01 1.733002207587344046e+01
6.025500000000000256e+01 1.723496766704583649e+01
6.021000000000000085e+01 1.733913753204362251e+01
6.016500000000000625e+01 1.743568720029905705e+01
6.012000000000000455e+01 1.761589690045598999e+01
6.007500000000000284e+01 1.749839472093472992e+01
6.003000000000000114e+01 1.765814282752012687e+01
5.998499999999999943e+01 1.780222053413750061e+01
5.993999999999999773e+01 1.793812176340306763e+01
5.989499999999999602e+01 1.795150038214541510e+01
5.985000000000000142e+01 1.810741077038000668e+01
5.980499999999999972e+01 1.814589470195585719e+01
5.976000000000000512e+01 1.818590553711972291e+01
5.971500000000000341e+01 1.833871904362348815e+01
5.967000000000000171e+01 1.848632221029274447e+01
5.962500000000000000e+01 1.895322296042861154e+01
5.957999999999999829e+01 1.899979552023719620e+01
5.953499999999999659e+01 1.881248245009448539e+01
5.949000000000000199e+01 1.888309867625377336e+01
5.944500000000000028e+01 1.927792973578411306e+01
5.940000000000000568e+01 1.953674269388617191e+01
5.935500000000000398e+01 1.952298376520018763e+01
5.931000000000000227e+01 1.960240214692543503e+01
5.926500000000000057e+01 1.966596221104762066e+01
5.921999999999999886e+01 1.948643232245299828e+01
5.917499999999999716e+01 1.971798790101244947e+01
5.913000000000000256e+01 1.980874845158697539e+01
5.908500000000000085e+01 2.017100894635401076e+01
5.904000000000000625e+01 2.046681894734339835e+01
5.899500000000000455e+01 2.031761150557103335e+01
5.895000000000000284e+01 2.055828164739028097e+01
5.890500000000000114e+01 2.045392714266323964e+01
5.885999999999999943e+01 2.063271421357057989e+01
5.881499999999999773e+01 2.068622805841549805e+01
5.876999999999999602e+01 2.101844606646071867e+01
5.872500000000000142e+01 2.108369096085309025e+01
5.867999999999999972e+01 2.123706014267977693e+01
5.863500000000000512e+01 2.113751625253783928e+01
5.859000000000000341e+01 2.112279070873721309e+01
5.854500000000000171e+01 2.081844283848012012e+01
5.850000000000000000e+01 2.102260000604582402e+01
5.845499999999999829e+01 2.106738024354304528e+01
5.840999999999999659e+01 2.120738577514487133e+01
5.836500000000000199e+01 2.143341481617083488e+01
5.832000000000000028e+01 2.136356633543742589e+01
5.827500000000000568e+01 2.150218180343766150e+01
5.823000000000000398e+01 2.141795980379252384e+01
5.818500000000000227e+01 2.140972218475843647e+01
5.814000000000000057e+01 2.144679401493523230e+01
5.809499999999999886e+01 2.146750767487317901e+01
5.804999999999999716e+01 2.141183073781326840e+01
5.800500000000000256e+01 2.146777800889215015e+01
5.796000000000000085e+01 2.144645252976292227e+01
5.791499999999999915e+01 2.186225168689539800e+01
5.787000000000000455e+01 2.196922820515456820e+01
5.782500000000000284e+01 2.207813800471300425e+01
5.778000000000000114e+01 2.205489243154424628e+01
5.773499999999999943e+01 2.206142183874153773e+01
5.768999999999999773e+01 2.219475123001209838e+01
5.764500000000000313e+01 2.212547313972966734e+01
5.760000000000000142e+01 2.223780274736458651e+01
5.755499999999999972e+01 2.257002190827784815e+01
5.750999999999999801e+01 2.265301538580551721e+01
5.746500000000000341e+01 2.267989533790619205e+01
5.742000000000000171e+01 2.290002808687123803e+01
5.737500000000000000e+01 2.283780103531105254e+01
5.732999999999999829e+01 2.306895241773105809e+01
5.728500000000000369e+01 2.314142511176470762e+01
5.724000000000000199e+01 2.306030650192747089e+01
5.719500000000000028e+01 2.307405435196238130e+01
5.714999999999999858e+01 2.306110477300346773e+01
5.710500000000000398e+01 2.290933488767582205e+01
5.706000000000000227e+01 2.299888253497395141e+01
5.701500000000000057e+01 2.295347346778753561e+01
5.696999999999999886e+01 2.273138711687553837e+01
5.692500000000000426e+01 2.279334874168522873e+01
5.688000000000000256e+01 2.257269088303728211e+01
5.683500000000000085e+01 2.259674224235019935e+01
5.678999999999999915e+01 2.259236559848007886e+01
5.674500000000000455e+01 2.287767001524413502e+01
5.670000000000000284e+01 2.281438250970012049e+01
5.665500000000000114e+01 2.274111206487222248e+01
5.660999999999999943e+01 2.259617721088032027e+01
5.656499999999999773e+01 2.274131692872634858e+01
5.652000000000000313e+01 2.290677028265867321e+01
5.647500000000000142e+01 2.330407822471126877e+01
5.642999999999999972e+01 2.342069775715931002e+01
5.638499999999999801e+01 2.361337268664630429e+01
5.634000000000000341e+01 2.351558659882385882e+01
5.629500000000000171e+01 2.368611668242304802e+01
5.625000000000000000e+01 2.369586513482497381e+01
5.620499999999999829e+01 2.378005813896275811e+01
5.616000000000000369e+01 2.392349654004198456e+01
5.611500000000000199e+01 2.364695820478236499e+01
5.607000000000000028e+01 2.374607814773790082e+01
5.602499999999999858e+01 2.361647066745545942e+01
5.598000000000000398e+01 2.365721901803913241e+01
5.593500000000000227e+01 2.378107613723329194e+01
5.589000000000000057e+01 2.379124885239350817e+01
5.584499999999999886e+01 2.381643869832479865e+01
5.580000000000000426e+01 2.388310052120576898e+01
5.575500000000000256e+01 2.351783806427653545e+01
5.571000000000000085e+01 2.368082806300691701e+01
5.566499999999999915e+01 2.353925585943505894e+01
5.562000000000000455e+01 2.332020411528247550e+01
5.557500000000000284e+01 2.342134738205995959e+01
5.553000000000000114e+01 2.352900233484702142e+01
5.548499999999999943e+01 2.386821389437319496e+01
5.543999999999999773e+01 2.403435656686622579e+01
5.539500000000000313e+01 2.411604835000404989e+01
5.535000000000000142e+01 2.443494863008801232e+01
5.530499999999999972e+01 2.437017593518893221e+01
5.525999999999999801e+01 2.450751182532283323e+01
5.521500000000000341e+01 2.466652690546046856e+01
5.517000000000000171e+01 2.449848458321199729e+01
5.512500000000000000e+01 2.460803704317446261e+01
5.507999999999999829e+01 2.462861013311973579e+01
5.503500000000000369e+01 2.461165241857931107e+01
5.499000000000000199e+01 2.451815845124913551e+01
5.494500000000000028e+01 2.463861983084760965e+01
5.489999999999999858e+01 2.467972301947906999e+01
5.485500000000000398e+01 2.428548613502088571e+01
5.481000000000000227e+01 2.432163966592276694e+01
5.476500000000000057e+01 2.443157635409528439e+01
5.471999999999999886e+01 2.445178915931793995e+01
5.467500000000000426e+01 2.447497683198310980e+01
5.463000000000000256e+01 2.453622756293018625e+01
5.458500000000000085e+01 2.492993501521772970e+01
5.453999999999999915e+01 2.480916781381601410e+01
5.449500000000000455e+01 2.508037060017381137e+01
5.445000000000000284e+01 2.517072819310255127e+01
5.440500000000000114e+01 2.499804581103635215e+01
5.435999999999999943e+01 2.481150321360034638e+01
5.431500000000000483e+01 2.476723315852453666e+01
5.427000000000000313e+01 2.480051941828407180e+01
5.422500000000000142e+01 2.485630902494953887e+01
5.417999999999999972e+01 2.478595678754538767e+01
5.413499999999999801e+01 2.482666580646523968e+01
5.409000000000000341e+01 2.499450354322502932e+01
5.404500000000000171e+01 2.503576960939810192e+01
5.400000000000000000e+01 2.507736742214740033e+01
5.395499999999999829e+01 2.521458758328295602e+01
5.391000000000000369e+01 2.536328161714551044e+01
5.386500000000000199e+01 2.542604328115907819e+01
5.382000000000000028e+01 2.572165407466845721e+01
5.377499999999999858e+01 2.569297359067998343e+01
5.373000000000000398e+01 2.579062472498199909e+01
5.368500000000000227e+01 2.561332328411608472e+01
5.364000000000000057e+01 2.564814873263089723e+01
5.359499999999999886e+01 2.571505139067809154e+01
5.355000000000000426e+01 2.583887277101709756e+01
5.350500000000000256e+01 2.587735804399769179e+01
5.346000000000000085e+01 2.586274809727564872e+01
5.341499999999999915e+01 2.572319453941645051e+01
5.337000000000000455e+01 2.578538149634196230e+01
5.332500000000000284e+01 2.568082807952125179e+01
5.328000000000000114e+01 2.562225251820371241e+01
5.323499999999999943e+01 2.577507221440768603e+01
5.319000000000000483e+01 2.544866610202956991e+01
5.314500000000000313e+01 2.538909883455483651e+01
5.310000000000000142e+01 2.539776071123524659e+01
5.305499999999999972e+01 2.548289373233556177e+01
5.300999999999999801e+01 2.565206580420911209e+01
5.296500000000000341e+01 2.548881920811264834e+01
5.292000000000000171e+01 2.580790379133818391e+01
5.287500000000000000e+01 2.594793926570848086e+01
5.282999999999999829e+01 2.625090185121802122e+01
5.278500000000000369e+01 2.648487474324097590e+01
5.274000000000000199e+01 2.656877958173210175e+01
5.269500000000000028e+01 2.663286104490828166e+01
5.264999999999999858e+01 2.683514923489226689e+01
5.260500000000000398e+01 2.654284338563036272e+01
5.256000000000000227e+01 2.674204793033550587e+01
5.251500000000000057e+01 2.699002688307072262e+01
5.246999999999999886e+01 2.720723681344101053e+01
5.242500000000000426e+01 2.740522553143059525e+01
5.238000000000000256e+01 2.727437995999305187e+01
5.233500000000000085e+01 2.740481577748870379e+01
5.228999999999999915e+01 2.772331972498754382e+01
5.224500000000000455e+01 2.782288626772725948e+01
5.220000000000000284e+01 2.811357217519489637e+01
5.215500000000000114e+01 2.821978267957847919e+01
5.210999999999999943e+01 2.812866136074254797e+01
5.206500000000000483e+01 2.832617801009644154e+01
5.202000000000000313e+01 2.829338820903886287e+01
5.197500000000000142e+01 2.844138488884248872e+01
5.192999999999999972e+01 2.848902950109530963e+01
5.188499999999999801e+01 2.851430482474306416e+01
5.184000000000000341e+01 2.872395444772809370e+01
5.179500000000000171e+01 2.868448582698034599e+01
5.175000000000000000e+01 2.876092693875522954e+01
5.170499999999999829e+01 2.894023644166567522e+01
5.166000000000000369e+01 2.880008305519863399e+01
5.161500000000000199e+01 2.876351231453995894e+01
5.157000000000000028e+01 2.861903952268470519e+01
5.152499999999999858e+01 2.841506934877678248e+01
5.148000000000000398e+01 2.833037817219707222e+01
5.143500000000000227e+01 2.840327419754444094e+01
5.139000000000000057e+01 2.867499991893117794e+01
5.134499999999999886e+01 2.870174171012551056e+01
5.130000000000000426e+01 2.871268974689241915e+01
5.125500000000000256e+01 2.854334921566263006e+01
5.121000000000000085e+01 2.839315612436513803e+01
5.116499999999999915e+01 2.856768309382328752e+01
5.112000000000000455e+01 2.850288510714391421e+01
5.107500000000000284e+01 2.859556234574519706e+01
5.103000000000000114e+01 2.865948970441676025e+01
5.098499999999999943e+01 2.845144419923809664e+01
5.094000000000000483e+01 2.865732113462362918e+01
5.089500000000000313e+01 2.868926959063255566e+01
5.085000000000000142e+01 2.883573788143896266e+01
5.080499999999999972e+01 2.926088361543600413e+01
5.075999999999999801e+01 2.940947267011263122e+01
5.071500000000000341e+01 2.962201480508409190e+01
5.067000000000000171e+01 2.957901183238404741e+01
5.062500000000000000e+01 2.954767670871676799e+01
5.057999999999999829e+01 2.931697469902433895e+01
5.053500000000000369e+01 2.946226569237397896e+01
5.049000000000000199e+01 2.940858409538191154e+01
5.044500000000000028e+01 2.931450210251281518e+01
5.039999999999999858e+01 2.934777020997223573e+01
5.035500000000000398e+01 2.917093558671934517e+01
5.031000000000000227e+01 2.923867392937316367e+01
5.026500000000000057e+01 2.925474946469426030e+01
5.021999999999999886e+01 2.948887609646191876e+01
5.017500000000000426e+01 2.973255194265983548e+01
5.013000000000000256e+01 2.985705106808386233e+01
5.008500000000000085e+01 2.994272359260350314e+01
5.003999999999999915e+01 3.010172442341391985e+01
4.999500000000000455e+01 2.979715262695588507e+01
4.995000000000000284e+01 2.972598894105565392e+01
4.990500000000000114e+01 2.988295481632555806e+01
4.985999999999999943e+01 3.016449597109567193e+01
4.981500000000000483e+01 3.021074928379076496e+01
4.977000000000000313e+01 3.026042247120571815e+01
4.972500000000000142e+01 3.026007736913937052e+01
4.967999999999999972e+01 3.029442523683573540e+01
4.963499999999999801e+01 3.041452619439870020e+01
4.959000000000000341e+01 3.047541467864965981e+01
4.954500000000000171e+01 3.060647629941444237e+01
4.950000000000000000e+01 3.082620316350427814e+01
4.945499999999999829e+01 3.080372145433869235e+01
4.941000000000000369e+01 3.091563562709782431e+01
4.936500000000000199e+01 3.107056716400485641e+01
4.932000000000000028e+01 3.092525419383908769e+01
4.927499999999999858e+01 3.066034154611308793e+01
4.923000000000000398e+01 3.071447485759996354e+01
4.918500000000000227e+01 3.064495298002190182e+01
4.914000000000000057e+01 3.075435195697145474e+01
4.909499999999999886e+01 3.054175197751242621e+01
4.905000000000000426e+01 3.055970012104877398e+01
4.900500000000000256e+01 3.066550383148699055e+01
4.896000000000000085e+01 3.063322854776846071e+01
4.891499999999999915e+01 3.067858147919329426e+01
4.887000000000000455e+01 3.068366879884399623e+01
4.882500000000000284e+01 3.059651292622481122e+01
4.878000000000000114e+01 3.051468354082194168e+01
4.873499999999999943e+01 3.030054937787216218e+01
4.869000000000000483e+01 3.047732231240427936e+01
4.864500000000000313e+01 3.066054857865170646e+01
4.860000000000000142e+01 3.079391432710732346e+01
4.855499999999999972e+01 3.077327629700751643e+01
4.850999999999999801e+01 3.065637882177125562e+01
4.846500000000000341e+01 3.062661244838214358e+01
4.842000000000000171e+01 3.047203896770920650e+01
4.837500000000000000e+01 3.046734759934012615e+01
4.832999999999999829e+01 3.040930886623132423e+01
4.828500000000000369e+01 3.044974300189032590e+01
4.824000000000000199e+01 3.052894996767951596e+01
4.819500000000000028e+01 3.066170672880062753e+01
4.814999999999999858e+01 3.072989232115317293e+01
4.810500000000000398e+01 3.067592603346924207e+01
4.806000000000000227e+01 3.084427397116829894e+01
4.801500000000000057e+01 3.075820365893986619e+01
4.796999999999999886e+01 3.093567681379714074e+01
4.792500000000000426e+01 3.098243031460355468e+01
4.788000000000000256e+01 3.102243588012311903e+01
4.783500000000000085e+01 3.111175447795687177e+01
4.778999999999999915e+01 3.156985426813843532e+01
4.774500000000000455e+01 3.145968974042522248e+01
4.770000000000000284e+01 3.181313190547617964e+01
4.765500000000000114e+01 3.186166515806084121e+01
4.760999999999999943e+01 3.168120339730865354e+01
4.756500000000000483e+01 3.142556290117116902e+01
4.752000000000000313e+01 3.120371746533901813e+01
4.747500000000000142e+01 3.132086734892256885e+01
4.742999999999999972e+01 3.121847211303665048e+01
4.738500000000000512e+01 3.143662431123209089e+01
4.734000000000000341e+01 3.152363595943160846e+01
4.729500000000000171e+01 3.174059457967439357e+01
4.725000000000000000e+01 3.177565420065599611e+01
4.720499999999999829e+01 3.181848868975661659e+01
4.716000000000000369e+01 3.193114765293882584e+01
4.711500000000000199e+01 3.189318705690010702e+01
4.707000000000000028e+01 3.191341078164464307e+01
4.702499999999999858e+01 3.202312657812032626e+01
4.698000000000000398e+01 3.178813881303276290e+01
4.693500000000000227e+01 3.174083208391019895e+01
4.689000000000000057e+01 3.167003569294879028e+01
4.684499999999999886e+01 3.150737448897783821e+01
4.680000000000000426e+01 3.169205736308209254e+01
4.675500000000000256e+01 3.156663722502493030e+01
4.671000000000000085e+01 3.158506664809785747e+01
4.666499999999999915e+01 3.164029928232993782e+01
4.662000000000000455e+01 3.159087678970431767e+01
4.657500000000000284e+01 3.154335005617509324e+01
4.653000000000000114e+01 3.182470754964304405e+01
4.648499999999999943e+01 3.192887296517861628e+01
4.644000000000000483e+01 3.203295600038037350e+01
4.639500000000000313e+01 3.193258994791121097e+01
4.635000000000000142e+01 3.191937260888468231e+01
4.630499999999999972e+01 3.188020489096867749e+01
4.626000000000000512e+01 3.183487252562992254e+01
4.621500000000000341e+01 3.173320337040417627e+01
4.617000000000000171e+01 3.183323370658602869e+01
4.612500000000000000e+01 3.175979002988052002e+01
4.607999999999999829e+01 3.178477911354369922e+01
4.603500000000000369e+01 3.174961916101484860e+01
4.599000000000000199e+01 3.197166984115645860e+01
4.594500000000000028e+01 3.191458668922389208e+01
4.589999999999999858e+01 3.212896138588367734e+01
4.585500000000000398e+01 3.224120939831090737e+01
4.581000000000000227e+01 3.239150056139359179e+01
4.576500000000000057e+01 3.276709394899078376e+01
4.571999999999999886e+01 3.271613962591609237e+01
4.567500000000000426e+01 3.259412169822245886e+01
4.563000000000000256e+01 3.273270673500194050e+01
4.558500000000000085e+01 3.274881939181323531e+01
4.553999999999999915e+01 3.276765267532193349e+01
4.549500000000000455e+01 3.297322458466111783e+01
4.545000000000000284e+01 3.301050082784458795e+01
4.540500000000000114e+01 3.306122412319538739e+01
4.535999999999999943e+01 3.295276479077460863e+01
4.531500000000000483e+01 3.281626198237056258e+01
4.527000000000000313e+01 3.268637674596582343e+01
4.522500000000000142e+01 3.266798398878895426e+01
4.517999999999999972e+01 3.305619884903845929e+01
4.513500000000000512e+01 3.305700795491981836e+01
4.509000000000000341e+01 3.313743219780756988e+01
4.504500000000000171e+01 3.340105539165632820e+01
4.500000000000000000e+01 3.343027578967625146e+01
4.495499999999999829e+01 3.338369988594483573e+01
4.491000000000000369e+01 3.334416563243875231e+01
4.486500000000000199e+01 3.327449725363148048e+01
4.482000000000000028e+01 3.318270690672402168e+01
4.477499999999999858e+01 3.340884846389970875e+01
4.473000000000000398e+01 3.322815380024744059e+01
4.468500000000000227e+01 3.339417700689180180e+01
4.464000000000000057e+01 3.345679788569938040e+01
4.459499999999999886e+01 3.372420633577152671e+01
4.455000000000000426e+01 3.389585631260099063e+01
4.450500000000000256e+01 3.415866984334586931e+01
4.446000000000000085e+01 3.427307935749469436e+01
4.441499999999999915e+01 3.439623481287882356e+01
4.437000000000000455e+01 3.449003864370442329e+01
4.432500000000000284e+01 3.439495792800068585e+01
4.428000000000000114e+01 3.431316953599807107e+01
4.423499999999999943e+01 3.429421061152310557e+01
4.419000000000000483e+01 3.450114037555169944e+01
4.414500000000000313e+01 3.443894684837883347e+01
4.410000000000000142e+01 3.453432085761380677e+01
4.405499999999999972e+01 3.455803187297210144e+01
4.401000000000000512e+01 3.471793731103199576e+01
4.396500000000000341e+01 3.466495699594524638e+01
4.392000000000000171e+01 3.466359089911640012e+01
4.387500000000000000e+01 3.463368171467040924e+01
4.382999999999999829e+01 3.454246406536064740e+01
4.378500000000000369e+01 3.461157552410944760e+01
4.374000000000000199e+01 3.447616269805616440e+01
4.369500000000000028e+01 3.459398483413991698e+01
4.364999999999999858e+01 3.460686816082144190e+01
4.360500000000000398e+01 3.481112985203824195e+01
4.356000000000000227e+01 3.481244262555632218e+01
4.351500000000000057e+01 3.489353171327322656e+01
4.346999999999999886e+01 3.470563219039306802e+01
4.342500000000000426e+01 3.469631581003751108e+01
4.338000000000000256e+01 3.465007272148856288e+01
4.333500000000000085e+01 3.486021585845580972e+01
4.328999999999999915e+01 3.482774755620582852e+01
4.324500000000000455e+01 3.517841855894534575e+01
4.320000000000000284e+01 3.509223560458286784e+01
4.315500000000000114e+01 3.532669575556569441e+01
4.310999999999999943e+01 3.531395910943358984e+01
4.306500000000000483e+01 3.519381785909661886e+01
4.302000000000000313e+01 3.519235758425639204e+01
4.297500000000000142e+01 3.519825926220973145e+01
4.292999999999999972e+01 3.511777462431602714e+01
4.288500000000000512e+01 3.500631053885824429e+01
4.284000000000000341e+01 3.519189676487463458e+01
4.279500000000000171e+01 3.518780062917038975e+01
4.275000000000000000e+01 3.520860250559655924e+01
4.270499999999999829e+01 3.538400637096188461e+01
4.266000000000000369e+01 3.546112245557083753e+01
4.261500000000000199e+01 3.541386074217686541e+01
4.257000000000000028e+01 3.544715832034672331e+01
4.252499999999999858e+01 3.552232555000834680e+01
4.248000000000000398e+01 3.570009762080390203e+01
4.243500000000000227e+01 3.580928008568972842e+01
4.239000000000000057e+01 3.580056326653517118e+01
4.234499999999999886e+01 3.579242625377331422e+01
4.230000000000000426e+01 3.582489533872492160e+01
4.225500000000000256e+01 3.574362183321992603e+01
4.221000000000000085e+01 3.614939766564553025e+01
4.216499999999999915e+01 3.622497037114918328e+01
4.212000000000000455e+01 3.657787922770572209e+01
4.207500000000000284e+01 3.667487876222809007e+01
4.203000000000000114e+01 3.666080750403027366e+01
4.198499999999999943e+01 3.667868221547009711e+01
4.194000000000000483e+01 3.659148390512959281e+01
4.189500000000000313e+01 3.643352303413089288e+01
4.185000000000000142e+01 3.649036348198577429e+01
4.180499999999999972e+01 3.655429201251479299e+01
4.176000000000000512e+01 3.663137749560545586e+01
4.171500000000000341e+01 3.651698294128146927e+01
4.167000000000000171e+01 3.643079832532588114e+01
4.162500000000000000e+01 3.633545024890305086e+01
4.157999999999999829e+01 3.628242307673369993e+01
4.153500000000000369e+01 3.612121266648265561e+01
4.149000000000000199e+01 3.609633896261506436e+01
4.144500000000000028e+01 3.623566199572205448e+01
4.139999999999999858e+01 3.632568329962803233e+01
4.135500000000000398e+01 3.666406645649294660e+01
4.131000000000000227e+01 3.655315917593090091e+01
4.126500000000000057e+01 3.667475880660564513e+01
4.121999999999999886e+01 3.676976558614286716e+01
4.117500000000000426e+01 3.682097666355630849e+01
4.113000000000000256e+01 3.693642381472742642e+01
4.108500000000000085e+01 3.693534011604243972e+01
4.103999999999999915e+01 3.696952336247963444e+01
4.099500000000000455e+01 3.708929241735496873e+01
4.095000000000000284e+01 3.676718885976529094e+01
4.090500000000000114e+01 3.689144781488268166e+01
4.085999999999999943e+01 3.673952478783824205e+01
4.081500000000000483e+01 3.686316339676729825e+01
4.077000000000000313e+01 3.687499976148722425e+01
4.072500000000000142e+01 3.697884824002109383e+01
4.067999999999999972e+01 3.704022458469886914e+01
4.063500000000000512e+01 3.696594743934745253e+01
4.059000000000000341e+01 3.700573399172859013e+01
4.054500000000000171e+01 3.690552223140576160e+01
4.050000000000000000e+01 3.700703593092723054e+01
4.045499999999999829e+01 3.705493008267520594e+01
4.041000000000000369e+01 3.719372851335776886e+01
4.036500000000000199e+01 3.704641035783419767e+01
4.032000000000000028e+01 3.694413281817946881e+01
4.027499999999999858e+01 3.677083686242038851e+01
4.023000000000000398e+01 3.673542950120526740e+01
4.018500000000000227e+01 3.667679563575985213e+01
4.014000000000000057e+01 3.672742170220882940e+01
4.009499999999999886e+01 3.683810004940865923e+01
4.005000000000000426e+01 3.692814863610034593e+01
4.000500000000000256e+01 3.702355510604321154e+01
3.996000000000000085e+01 3.714038370233087960e+01
3.991499999999999915e+01 3.722815337442740713e+01
3.987000000000000455e+01 3.731470187968471208e+01
3.982500000000000284e+01 3.729273914074107665e+01
3.978000000000000114e+01 3.714358696738779031e+01
3.973499999999999943e+01 3.712145779271703105e+01
3.969000000000000483e+01 3.715633799073995647e+01
3.964500000000000313e+01 3.735454451913843599e+01
3.960000000000000142e+01 3.757247850817528700e+01
3.955499999999999972e+01 3.739266585506410934e+01
3.951000000000000512e+01 3.749542072762573497e+01
3.946500000000000341e+01 3.739805190587915007e+01
3.942000000000000171e+01 3.751551449244275460e+01
3.937500000000000000e+01 3.750737601247792696e+01
3.933000000000000540e+01 3.773231954363823348e+01
3.928500000000000369e+01 3.778977559484248872e+01
3.924000000000000199e+01 3.789088308251152881e+01
3.919500000000000028e+01 3.783444362478402212e+01
3.914999999999999858e+01 3.775060753148079584e+01
3.910500000000000398e+01 3.781680064495682103e+01
3.906000000000000227e+01 3.766796346276004215e+01
3.901500000000000057e+01 3.772014434174495534e+01
3.896999999999999886e+01 3.768645116748181323e+01
3.892500000000000426e+01 3.761755413351271216e+01
3.888000000000000256e+01 3.761664945077788502e+01
3.883500000000000085e+01 3.751277706571860193e+01
3.878999999999999915e+01 3.729143512636989044e+01
3.874500000000000455e+01 3.730520023407270003e+01
3.870000000000000284e+01 3.728627844283139581e+01
3.865500000000000114e+01 3.732731813939282972e+01
3.860999999999999943e+01 3.742920278552300317e+01
3.856500000000000483e+01 3.756451494228693377e+01
3.852000000000000313e+01 3.767512183102302714e+01
3.847500000000000142e+01 3.760207543223777549e+01
3.842999999999999972e+01 3.757263533245659914e+01
3.838500000000000512e+01 3.766810827886325796e+01
3.834000000000000341e+01 3.747375073109755306e+01
3.829500000000000171e+01 3.726855725920709261e+01
3.825000000000000000e+01 3.733038265709145520e+01
3.820500000000000540e+01 3.721715488037641251e+01
3.816000000000000369e+01 3.729488914848418091e+01
3.811500000000000199e+01 3.720045610141704628e+01
3.807000000000000028e+01 3.715321214418612783e+01
3.802499999999999858e+01 3.712512043058393374e+01
3.798000000000000398e+01 3.705795253487462304e+01
3.793500000000000227e+01 3.706808552557656355e+01
3.789000000000000057e+01 3.701221195457721791e+01
3.784499999999999886e+01 3.718086113523381186e+01
3.780000000000000426e+01 3.708663302135178697e+01
3.775500000000000256e+01 3.705898779525459474e+01
3.771000000000000085e+01 3.702355032666185508e+01
3.766499999999999915e+01 3.709224106627961959e+01
3.762000000000000455e+01 3.722180633925959370e+01
3.757500000000000284e+01 3.728340746177724441e+01
3.753000000000000114e+01 3.728156206839118880e+01
3.748499999999999943e+01 3.717098184279400641e+01
3.744000000000000483e+01 3.719744570198233191e+01
3.739500000000000313e+01 3.716156458922401384e+01
3.735000000000000142e+01 3.713798684992508470e+01
3.730499999999999972e+01 3.704138176803169102e+01
3.726000000000000512e+01 3.705166443851197755e+01
3.721500000000000341e+01 3.714084995330705397e+01
3.717000000000000171e+01 3.697393674452116841e+01
3.712500000000000000e+01 3.702562807871519368e+01
3.708000000000000540e+01 3.686080928275679014e+01
3.703500000000000369e+01 3.685352403590889026e+01
3.699000000000000199e+01 3.698189416705344001e+01
3.694500000000000028e+01 3.712669587986957254e+01
3.689999999999999858e+01 3.723930095512822902e+01
3.685500000000000398e+01 3.733106963866024586e+01
3.681000000000000227e+01 3.723287482422889383e+01
3.676500000000000057e+01 3.739118401396747515e+01
3.671999999999999886e+01 3.734308868510341739e+01
3.667500000000000426e+01 3.739466042531922341e+01
3.663000000000000256e+01 3.748755413865320918e+01
3.658500000000000085e+01 3.738878528667858347e+01
3.653999999999999915e+01 3.732411559629149878e+01
3.649500000000000455e+01 3.710044738152746646e+01
3.645000000000000284e+01 3.702571057850396841e+01
3.640500000000000114e+01 3.704005925752881012e+01
3.635999999999999943e+01 3.712289013911172475e+01
3.631500000000000483e+01 3.744810859956934479e+01
3.627000000000000313e+01 3.757723634420367631e+01
3.622500000000000142e+01 3.751457751097178317e+01
3.617999999999999972e+01 3.752953594132900861e+01
3.613500000000000512e+01 3.748689348318406189e+01
3.609000000000000341e+01 3.734642195001421783e+01
3.604500000000000171e+01 3.734543114954711029e+01
3.600000000000000000e+01 3.732016575615934073e+01
3.595500000000000540e+01 3.728767325226228024e+01
3.591000000000000369e+01 3.736334539263179977e+01
3.586500000000000199e+01 3.753221863933733005e+01
3.582000000000000028e+01 3.756555680358731308e+01
3.577499999999999858e+01 3.773006533555150810e+01
3.573000000000000398e+01 3.767591020951972780e+01
3.568500000000000227e+01 3.762310953233827604e+01
3.564000000000000057e+01 3.779719885600308515e+01
3.559499999999999886e+01 3.774336995957922625e+01
3.555000000000000426e+01 3.771348881465479508e+01
3.550500000000000256e+01 3.778527893012982730e+01
3.546000000000000085e+01 3.765723406740193013e+01
3.541499999999999915e+01 3.776330449281633150e+01
3.537000000000000455e+01 3.775922847455874631e+01
3.532500000000000284e+01 3.782140183811481648e+01
3.528000000000000114e+01 3.781172566892617226e+01
3.523499999999999943e+01 3.777247319342966136e+01
3.519000000000000483e+01 3.774999022965960194e+01
3.514500000000000313e+01 3.765026343193709835e+01
3.510000000000000142e+01 3.760688416582988935e+01
3.505499999999999972e+01 3.772381703838733813e+01
3.501000000000000512e+01 3.760524819870559554e+01
3.496500000000000341e+01 3.763629224082125546e+01
3.492000000000000171e+01 3.757597512715821608e+01
3.487500000000000000e+01 3.737776571408645054e+01
3.483000000000000540e+01 3.732245625878409356e+01
3.478500000000000369e+01 3.738787301246878059e+01
3.474000000000000199e+01 3.724945317325256156e+01
3.469500000000000028e+01 3.737774311612263745e+01
3.464999999999999858e+01 3.730809619607315852e+01
3.460500000000000398e+01 3.747571378414323107e+01
3.456000000000000227e+01 3.755435158406999818e+01
3.451500000000000057e+01 3.754837339884290515e+01
3.446999999999999886e+01 3.752755700547137252e+01
3.442500000000000426e+01 3.743464121044997484e+01
3.438000000000000256e+01 3.752400004093394870e+01
3.433500000000000085e+01 3.760386750461957917e+01
3.428999999999999915e+01 3.774453538667228258e+01
3.424500000000000455e+01 3.764986033308016289e+01
3.420000000000000284e+01 3.755161103032076397e+01
3.415500000000000114e+01 3.743349583310152440e+01
3.410999999999999943e+01 3.754284857826955601e+01
3.406500000000000483e+01 3.747283212449578826e+01
3.402000000000000313e+01 3.749969318429024412e+01
3.397500000000000142e+01 3.726723362222340796e+01
3.392999999999999972e+01 3.719868507298736660e+01
3.388500000000000512e+01 3.710936815037118919e+01
3.384000000000000341e+01 3.707208193079833336e+01
3.379500000000000171e+01 3.714230225240061856e+01
3.375000000000000000e+01 3.732699258212994664e+01
3.370500000000000540e+01 3.723938710620728898e+01
3.366000000000000369e+01 3.724213214471456013e+01
3.361500000000000199e+01 3.717274563035915946e+01
3.357000000000000028e+01 3.693574172003079781e+01
3.352499999999999858e+01 3.704950470999521173e+01
3.348000000000000398e+01 3.707174777183636394e+01
3.343500000000000227e+01 3.696479963476740238e+01
3.339000000000000057e+01 3.684821128906919085e+01
3.334499999999999886e+01 3.684467043300831790e+01
3.330000000000000426e+01 3.666507324260988554e+01
3.325500000000000256e+01 3.672652103580518457e+01
3.321000000000000085e+01 3.646023904193665288e+01
3.316499999999999915e+01 3.670389116792215844e+01
3.312000000000000455e+01 3.650569651085263700e+01
3.307500000000000284e+01 3.643375062616258475e+01
3.303000000000000114e+01 3.639046250322833487e+01
3.298499999999999943e+01 3.635952730475758443e+01
3.294000000000000483e+01 3.615118098031922500e+01
3.289500000000000313e+01 3.621448454649581095e+01
3.285000000000000142e+01 3.631752704768947382e+01
3.280499999999999972e+01 3.660868013890141270e+01
3.276000000000000512e+01 3.668417450567002192e+01
3.271500000000000341e+01 3.679390594291879779e+01
3.267000000000000171e+01 3.694798421684056677e+01
3.262500000000000000e+01 3.706884947199456803e+01
3.258000000000000540e+01 3.721074144362647473e+01
3.253500000000000369e+01 3.720051490093604940e+01
3.249000000000000199e+01 3.729752659561479788e+01
3.244500000000000028e+01 3.735743860254574145e+01
3.240000000000000568e+01 3.744697120724154615e+01
3.235500000000000398e+01 3.753184593877250563e+01
3.231000000000000227e+01 3.756195211792471156e+01
3.226500000000000057e+01 3.752092965125127932e+01
3.221999999999999886e+01 3.740140187604936273e+01
3.217500000000000426e+01 3.737896114558371607e+01
3.213000000000000256e+01 3.724272297710737689e+01
3.208500000000000085e+01 3.718386217346922251e+01
3.203999999999999915e+01 3.706411384300830036e+01
3.199500000000000455e+01 3.695501949959228227e+01
3.195000000000000284e+01 3.695330700555227565e+01
3.190500000000000114e+01 3.674951478069753108e+01
3.185999999999999943e+01 3.667116308757432108e+01
3.181500000000000483e+01 3.657053502745189633e+01
3.177000000000000313e+01 3.646523251554503275e+01
3.172500000000000142e+01 3.632042347246620295e+01
3.167999999999999972e+01 3.620370818850191341e+01
3.163500000000000512e+01 3.632616235748669453e+01
3.159000000000000341e+01 3.628745366255201787e+01
3.154500000000000171e+01 3.611240268897613959e+01
3.150000000000000000e+01 3.614449655391594263e+01
3.145500000000000540e+01 3.597299047260970184e+01
3.141000000000000369e+01 3.604423603696465506e+01
3.136500000000000199e+01 3.600748990857762522e+01
3.132000000000000028e+01 3.619903582162837807e+01
3.127500000000000568e+01 3.621978352533795942e+01
3.123000000000000398e+01 3.622362921099033173e+01
3.118500000000000227e+01 3.614093979332124462e+01
3.114000000000000057e+01 3.616744256373609545e+01
3.109499999999999886e+01 3.625766330791559966e+01
3.105000000000000426e+01 3.626011309304835351e+01
3.100500000000000256e+01 3.644486533872733247e+01
3.096000000000000085e+01 3.641561208559996032e+01
3.091499999999999915e+01 3.631457483775663775e+01
3.087000000000000455e+01 3.626177853336110246e+01
3.082500000000000284e+01 3.624281794342623186e+01
3.078000000000000114e+01 3.627950708017054637e+01
3.073499999999999943e+01 3.633407575080765639e+01
3.069000000000000483e+01 3.627077884610972802e+01
3.064500000000000313e+01 3.605517321883220916e+01
3.060000000000000142e+01 3.603519742274455240e+01
3.055499999999999972e+01 3.592437089693759589e+01
3.051000000000000512e+01 3.585190128512307695e+01
3.046500000000000341e+01 3.583396638901268005e+01
3.042000000000000171e+01 3.575367623329781708e+01
3.037500000000000000e+01 3.564540814347792264e+01
3.033000000000000540e+01 3.551852418075555562e+01
3.028500000000000369e+01 3.527881859734894476e+01
3.024000000000000199e+01 3.527359218596593138e+01
3.019500000000000028e+01 3.501642435254883878e+01
3.015000000000000568e+01 3.513211268630203676e+01
3.010500000000000398e+01 3.519372271602355795e+01
3.006000000000000227e+01 3.530272060459314787e+01
3.001500000000000057e+01 3.535017509958844784e+01
2.996999999999999886e+01 3.524486259627263962e+01
2.992500000000000426e+01 3.522078646794233947e+01
2.988000000000000256e+01 3.509934606296801718e+01
2.983500000000000085e+01 3.497578467623223020e+01
2.978999999999999915e+01 3.492263203443370401e+01
2.974500000000000455e+01 3.496812442859523884e+01
2.970000000000000284e+01 3.500163600832208743e+01
2.965500000000000114e+01 3.501815642763261849e+01
2.960999999999999943e+01 3.486567681494656057e+01
2.956500000000000483e+01 3.488238658803351910e+01
2.952000000000000313e+01 3.471172681233117885e+01
2.947500000000000142e+01 3.471845316818541960e+01
2.942999999999999972e+01 3.473581589766022404e+01
2.938500000000000512e+01 3.481094033181432934e+01
2.934000000000000341e+01 3.472951161224660410e+01
2.929500000000000171e+01 3.478137304487523096e+01
2.925000000000000000e+01 3.470464504043532372e+01
2.920500000000000540e+01 3.476044737237933191e+01
2.916000000000000369e+01 3.461801637430432521e+01
2.911500000000000199e+01 3.466000895368869550e+01
2.907000000000000028e+01 3.468505104839620401e+01
2.902500000000000568e+01 3.466278615352036496e+01
2.898000000000000398e+01 3.473907906198557072e+01
2.893500000000000227e+01 3.461816199690061069e+01
2.889000000000000057e+01 3.462218012219418029e+01
2.884499999999999886e+01 3.447870431497243970e+01
2.880000000000000426e+01 3.430926166710961667e+01
2.875500000000000256e+01 3.419507995353447427e+01
2.871000000000000085e+01 3.416448648981185698e+01
2.866499999999999915e+01 3.418708463765523220e+01
2.862000000000000455e+01 3.418090101934102876e+01
2.857500000000000284e+01 3.413982925801284551e+01
2.853000000000000114e+01 3.423282618251371900e+01
2.848499999999999943e+01 3.413574699559664793e+01
2.844000000000000483e+01 3.408034111995872451e+01
2.839500000000000313e+01 3.409572060769219348e+01
2.835000000000000142e+01 3.410892305120606949e+01
2.830499999999999972e+01 3.411882584271885577e+01
2.826000000000000512e+01 3.398789470008264857e+01
2.821500000000000341e+01 3.389796182511386746e+01
2.817000000000000171e+01 3.385229265490465167e+01
2.812500000000000000e+01 3.375383003276714078e+01
2.808000000000000540e+01 3.382243488250560404e+01
2.803500000000000369e+01 3.376618002731719059e+01
2.799000000000000199e+01 3.362008793239250792e+01
2.794500000000000028e+01 3.352583934361453544e+01
2.790000000000000568e+01 3.349010727700074597e+01
2.785500000000000398e+01 3.346032060380534290e+01
2.781000000000000227e+01 3.348928937360643232e+01
2.776500000000000057e+01 3.346146762686555576e+01
2.771999999999999886e+01 3.337022865331037025e+01
2.767500000000000426e+01 3.320735262362848772e+01
2.763000000000000256e+01 3.298238195091276026e+01
2.758500000000000085e+01 3.289062816832077374e+01
2.753999999999999915e+01 3.275384012189439176e+01
2.749500000000000455e+01 3.264990864153840278e+01
2.745000000000000284e+01 3.263488264675306283e+01
2.740500000000000114e+01 3.278465400479518621e+01
2.735999999999999943e+01 3.272215318976153497e+01
2.731500000000000483e+01 3.269200090397876579e+01
2.727000000000000313e+01 3.270004484981652126e+01
2.722500000000000142e+01 3.262090512130566822e+01
2.717999999999999972e+01 3.272234617926093136e+01
2.713500000000000512e+01 3.267954731651332878e+01
2.709000000000000341e+01 3.259273586772352616e+01
2.704500000000000171e+01 3.253494471934665455e+01
2.700000000000000000e+01 3.255956395224168887e+01
2.695500000000000540e+01 3.246727879167935527e+01
2.691000000000000369e+01 3.244647374892272751e+01
2.686500000000000199e+01 3.244983573137091781e+01
2.682000000000000028e+01 3.233822819527784276e+01
2.677500000000000568e+01 3.233539161713843413e+01
2.673000000000000398e+01 3.227904312239191142e+01
2.668500000000000227e+01 3.219935065610388847e+01
2.664000000000000057e+01 3.213702979587858266e+01
2.659499999999999886e+01 3.200805942922635694e+01
2.655000000000000426e+01 3.202294178150253146e+01
2.650500000000000256e+01 3.175676454217141043e+01
2.646000000000000085e+01 3.166310885249401252e+01
2.641499999999999915e+01 3.175321535426462916e+01
2.637000000000000455e+01 3.171277445438957443e+01
2.632500000000000284e+01 3.159370055158335333e+01
2.628000000000000114e+01 3.144818400180488283e+01
2.623499999999999943e+01 3.135880475358014507e+01
2.619000000000000483e+01 3.122132153881625882e+01
2.614500000000000313e+01 3.134653041527171169e+01
2.610000000000000142e+01 3.129081860965752782e+01
2.605499999999999972e+01 3.140944490200969241e+01
2.601000000000000512e+01 3.122629616929362584e+01
2.596500000000000341e+01 3.114129300503512709e+01
2.592000000000000171e+01 3.115052927570419072e+01
2.587500000000000000e+01 3.092089226509772715e+01
2.582999999999999829e+01 3.098333691062432393e+01
2.578499999999999659e+01 3.106920113179308274e+01
2.574000000000000909e+01 3.107262359881632818e+01
2.569500000000000739e+01 3.121731817008758370e+01
2.565000000000000568e+01 3.124710606612487851e+01
2.560500000000000398e+01 3.124927832298676833e+01
2.556000000000000227e+01 3.121549642690538207e+01
2.551500000000000057e+01 3.118035585998834591e+01
2.546999999999999886e+01 3.122015307537724382e+01
2.542499999999999716e+01 3.110856623310579039e+01
2.537999999999999545e+01 3.099129791448524784e+01
2.533500000000000796e+01 3.113649735555237896e+01
2.529000000000000625e+01 3.122886811465122747e+01
2.524500000000000455e+01 3.126305545284908050e+01
2.520000000000000284e+01 3.119955823898543912e+01
2.515500000000000114e+01 3.108290873985318115e+01
2.510999999999999943e+01 3.105774920474416589e+01
2.506499999999999773e+01 3.102170016881536796e+01
2.501999999999999602e+01 3.091826988157113831e+01
2.497500000000000853e+01 3.082619211644684754e+01
2.493000000000000682e+01 3.092531887307712779e+01
2.488500000000000512e+01 3.089792164127855756e+01
2.484000000000000341e+01 3.092525533331635046e+01
2.479500000000000171e+01 3.078899199918746987e+01
2.475000000000000000e+01 3.083047227971739446e+01
2.470499999999999829e+01 3.079747047356935497e+01
2.465999999999999659e+01 3.075352968159282341e+01
2.461500000000000909e+01 3.057073176175176243e+01
2.457000000000000739e+01 3.056982434893070177e+01
2.452500000000000568e+01 3.045200661187395497e+01
2.448000000000000398e+01 3.042451050335056451e+01
2.443500000000000227e+01 3.047333223472882935e+01
2.439000000000000057e+01 3.057077331684388000e+01
2.434499999999999886e+01 3.053192310703953538e+01
2.429999999999999716e+01 3.054205800218015199e+01
2.425499999999999545e+01 3.050500090582306001e+01
2.421000000000000796e+01 3.042978609169237458e+01
2.416500000000000625e+01 3.041072611330027797e+01
2.412000000000000455e+01 3.031283229500419552e+01
2.407500000000000284e+01 3.025276222200572107e+01
2.403000000000000114e+01 3.012063832426919419e+01
2.398499999999999943e+01 3.018108788508732943e+01
2.393999999999999773e+01 2.998441008196073909e+01
2.389499999999999602e+01 2.998680081137566944e+01
2.385000000000000853e+01 2.995887094134630146e+01
2.380500000000000682e+01 2.986540394080115846e+01
2.376000000000000512e+01 2.981255383012570093e+01
2.371500000000000341e+01 2.975030437967752661e+01
2.367000000000000171e+01 2.960537994539006590e+01
2.362500000000000000e+01 2.958074870746168727e+01
2.357999999999999829e+01 2.955810742722469797e+01
2.353499999999999659e+01 2.947121755992694858e+01
2.349000000000000909e+01 2.954218852865074041e+01
2.344500000000000739e+01 2.955588708906021012e+01
2.340000000000000568e+01 2.952959497809663603e+01
2.335500000000000398e+01 2.943232154963554947e+01
2.331000000000000227e+01 2.928987943874664879e+01
2.326500000000000057e+01 2.921347306136328470e+01
2.321999999999999886e+01 2.919406550921448584e+01
2.317499999999999716e+01 2.922258161140337762e+01
2.312999999999999545e+01 2.929091499287466505e+01
2.308500000000000796e+01 2.935138115716007334e+01
2.304000000000000625e+01 2.940264744592061064e+01
2.299500000000000455e+01 2.936742660626090284e+01
2.295000000000000284e+01 2.930984193431706686e+01
2.290500000000000114e+01 2.930725864926244739e+01
2.285999999999999943e+01 2.924493863134616944e+01
2.281499999999999773e+01 2.927948075342674983e+01
2.276999999999999602e+01 2.929424665186930454e+01
2.272500000000000853e+01 2.939341400690896222e+01
2.268000000000000682e+01 2.936565836491235615e+01
2.263500000000000512e+01 2.930916375994464573e+01
2.259000000000000341e+01 2.932027975940711784e+01
2.254500000000000171e+01 2.925739204603793198e+01
2.250000000000000000e+01 2.937268620433069088e+01
2.245499999999999829e+01 2.921579088299269245e+01
2.240999999999999659e+01 2.926689329525759220e+01
2.236500000000000909e+01 2.924505470205376056e+01
2.232000000000000739e+01 2.918416546840036574e+01
2.227500000000000568e+01 2.904048451091664518e+01
2.223000000000000398e+01 2.905611760257475140e+01
2.218500000000000227e+01 2.906525976384054744e+01
2.214000000000000057e+01 2.900607786605346305e+01
2.209499999999999886e+01 2.897080687927147835e+01
2.204999999999999716e+01 2.893089395463180580e+01
2.200499999999999545e+01 2.882493938442270931e+01
2.196000000000000796e+01 2.872988338072407188e+01
2.191500000000000625e+01 2.872235584828056787e+01
2.187000000000000455e+01 2.868372939390750176e+01
2.182500000000000284e+01 2.859645730419561005e+01
2.178000000000000114e+01 2.852556700867955897e+01
2.173499999999999943e+01 2.841328309859504486e+01
2.168999999999999773e+01 2.837814909803126540e+01
2.164499999999999602e+01 2.836488080613763785e+01
2.160000000000000853e+01 2.841998373230974195e+01
2.155500000000000682e+01 2.832114257549980252e+01
2.151000000000000512e+01 2.834593033326977718e+01
2.146500000000000341e+01 2.829013120253570435e+01
2.142000000000000171e+01 2.825500819598346425e+01
2.137500000000000000e+01 2.818137537283031691e+01
2.132999999999999829e+01 2.830008229656156971e+01
2.128499999999999659e+01 2.819342830768407637e+01
2.124000000000000909e+01 2.813958956317670257e+01
2.119500000000000739e+01 2.796733491443984221e+01
2.115000000000000568e+01 2.781959499000276992e+01
2.110500000000000398e+01 2.780727849606555679e+01
2.106000000000000227e+01 2.767736085163663873e+01
2.101500000000000057e+01 2.760672648243713923e+01
2.096999999999999886e+01 2.768673076613693596e+01
2.092499999999999716e+01 2.767760354821607649e+01
2.087999999999999545e+01 2.746242411029857067e+01
2.083500000000000796e+01 2.743187467991086237e+01
2.079000000000000625e+01 2.737514778647796376e+01
2.074500000000000455e+01 2.727328197681681132e+01
2.070000000000000284e+01 2.727791175012394120e+01
2.065500000000000114e+01 2.718081157620527932e+01
2.060999999999999943e+01 2.718586748177846957e+01
2.056499999999999773e+01 2.702426819586475659e+01
2.051999999999999602e+01 2.700710219742596152e+01
2.047500000000000853e+01 2.687242846246410366e+01
2.043000000000000682e+01 2.679710737276815991e+01
2.038500000000000512e+01 2.683493659306270018e+01
2.034000000000000341e+01 2.692806050903829984e+01
2.029500000000000171e+01 2.694184414052162424e+01
2.025000000000000000e+01 2.708027951755460094e+01
2.020499999999999829e+01 2.693947075161965188e+01
2.015999999999999659e+01 2.687875271751318706e+01
2.011500000000000909e+01 2.686325046170166786e+01
2.007000000000000739e+01 2.683273500040304782e+01
2.002500000000000568e+01 2.679112824655553027e+01
1.998000000000000398e+01 2.680253629864943576e+01
1.993500000000000227e+01 2.675362341265638122e+01
1.989000000000000057e+01 2.671088796947488575e+01
1.984499999999999886e+01 2.668027645236210788e+01
1.979999999999999716e+01 2.668550507861695209e+01
1.975500000000000966e+01 2.661611500400474384e+01
1.971000000000000796e+01 2.666508529801840410e+01
1.966500000000000625e+01 2.661623939738811018e+01
1.962000000000000455e+01 2.648256066023651201e+01
1.957500000000000284e+01 2.634314637321373098e+01
1.953000000000000114e+01 2.626244909340705291e+01
1.948499999999999943e+01 2.620889077238150833e+01
1.943999999999999773e+01 2.613893612553914636e+01
1.939499999999999602e+01 2.598648110353947160e+01
1.935000000000000853e+01 2.598127116091604449e+01
1.930500000000000682e+01 2.595814060384278932e+01
1.926000000000000512e+01 2.591533990861894310e+01
1.921500000000000341e+01 2.589422514482461679e+01
1.917000000000000171e+01 2.589184350121038491e+01
1.912500000000000000e+01 2.590773689599797791e+01
1.907999999999999829e+01 2.573795700194761338e+01
1.903499999999999659e+01 2.572521754054999832e+01
1.899000000000000909e+01 2.564107459922953680e+01
1.894500000000000739e+01 2.575177428742202324e+01
1.890000000000000568e+01 2.566737321889247525e+01
1.885500000000000398e+01 2.576473377523525699e+01
1.881000000000000227e+01 2.574749414379331114e+01
1.876500000000000057e+01 2.571169788660510847e+01
1.871999999999999886e+01 2.565446514962399505e+01
1.867499999999999716e+01 2.559767849962479502e+01
1.863000000000000966e+01 2.553421489399614686e+01
1.858500000000000796e+01 2.546333688916967830e+01
1.854000000000000625e+01 2.550125746287849893e+01
1.849500000000000455e+01 2.546194754720686859e+01
1.845000000000000284e+01 2.544703585133282786e+01
1.840500000000000114e+01 2.542894615657733937e+01
1.835999999999999943e+01 2.541612165565066306e+01
1.831499999999999773e+01 2.531851202998563366e+01
1.826999999999999602e+01 2.539985639630441128e+01
1.822500000000000853e+01 2.541023869500698851e+01
1.818000000000000682e+01 2.539392780885705037e+01
1.813500000000000512e+01 2.535936568925737333e+01
1.809000000000000341e+01 2.526484474939760361e+01
1.804500000000000171e+01 2.530659083615530847e+01
1.800000000000000000e+01 2.530290701800842257e+01
1.795499999999999829e+01 2.525390126760563092e+01
1.790999999999999659e+01 2.529671200464037994e+01
1.786500000000000909e+01 2.533565238570987788e+01
1.782000000000000739e+01 2.531207149043921945e+01
1.777500000000000568e+01 2.523960809314089460e+01
1.773000000000000398e+01 2.520528587841214474e+01
1.768500000000000227e+01 2.513188334739384544e+01
1.764000000000000057e+01 2.511065442292628092e+01
1.759499999999999886e+01 2.500718653359868426e+01
1.754999999999999716e+01 2.509374080495140547e+01
1.750500000000000966e+01 2.504399552880465762e+01
1.746000000000000796e+01 2.497774685843264209e+01
1.741500000000000625e+01 2.484613195079460013e+01
1.737000000000000455e+01 2.488888803953507889e+01
1.732500000000000284e+01 2.476515846012003053e+01
1.728000000000000114e+01 2.476786462381500442e+01
1.723499999999999943e+01 2.476155412941349709e+01
1.718999999999999773e+01 2.465408945320816514e+01
1.714499999999999602e+01 2.459704655646410387e+01
1.710000000000000853e+01 2.463343595259392060e+01
1.705500000000000682e+01 2.456597815116774797e+01
1.701000000000000512e+01 2.454409246777603926e+01
1.696500000000000341e+01 2.449028466896173484e+01
1.692000000000000171e+01 2.450509915296396812e+01
1.687500000000000000e+01 2.447065942253487592e+01
1.682999999999999829e+01 2.440519245802510540e+01
1.678499999999999659e+01 2.438715265117970077e+01
1.674000000000000909e+01 2.440547427563521765e+01
1.669500000000000739e+01 2.436914109724167687e+01
1.665000000000000568e+01 2.436630613467198359e+01
1.660500000000000398e+01 2.436366154247306426e+01
1.656000000000000227e+01 2.426388275435496311e+01
1.651500000000000057e+01 2.420088240636885857e+01
1.646999999999999886e+01 2.424541909942616513e+01
1.642499999999999716e+01 2.419226900761359644e+01
1.638000000000000966e+01 2.421089083326092961e+01
1.633500000000000796e+01 2.420992863558072727e+01
1.629000000000000625e+01 2.412443649212977448e+01
1.624500000000000455e+01 2.411225548999860280e+01
1.620000000000000284e+01 2.408988488813427509e+01
1.615500000000000114e+01 2.407342017176852522e+01
1.610999999999999943e+01 2.404902809421414389e+01
1.606499999999999773e+01 2.399776996400243689e+01
1.601999999999999602e+01 2.388189521228563805e+01
1.597500000000000853e+01 2.388124235681113205e+01
1.593000000000000682e+01 2.388602910144232894e+01
1.588500000000000512e+01 2.387915627011209452e+01
1.584000000000000341e+01 2.391728476164938044e+01
1.579500000000000171e+01 2.381863394090031250e+01
1.575000000000000000e+01 2.382623130809625778e+01
1.570499999999999829e+01 2.374975601617334675e+01
1.565999999999999659e+01 2.369899574090914740e+01
1.561500000000000909e+01 2.363866637205055454e+01
1.557000000000000739e+01 2.366365610886501969e+01
1.552500000000000568e+01 2.364419477605239450e+01
1.548000000000000398e+01 2.359794937274331872e+01
1.543500000000000227e+01 2.355153180137594759e+01
1.539000000000000057e+01 2.355638545946939644e+01
1.534499999999999886e+01 2.354790376229369997e+01
1.529999999999999716e+01 2.360239514797044436e+01
1.525500000000000966e+01 2.368150585056252666e+01
1.521000000000000796e+01 2.371029248840297754e+01
1.516500000000000625e+01 2.366536190936800566e+01
1.512000000000000455e+01 2.361376818240062647e+01
1.507500000000000284e+01 2.362331895959342276e+01
1.503000000000000114e+01 2.356335605161422464e+01
1.498499999999999943e+01 2.353676524433469552e+01
1.493999999999999773e+01 2.355061830862660344e+01
1.489499999999999602e+01 2.352081437722707946e+01
1.485000000000000853e+01 2.344617481754610111e+01
1.480500000000000682e+01 2.339916039681418525e+01
1.476000000000000512e+01 2.332635692142685002e+01
1.471500000000000341e+01 2.334660282225447503e+01
1.467000000000000171e+01 2.333529195745815343e+01
1.462500000000000000e+01 2.323262710053086622e+01
1.457999999999999829e+01 2.327618989136850303e+01
1.453499999999999659e+01 2.324323578417539693e+01
1.449000000000000909e+01 2.316924156144259328e+01
1.444500000000000739e+01 2.315099877273004481e+01
1.440000000000000568e+01 2.309834798345245588e+01
1.435500000000000398e+01 2.301367775596976273e+01
1.431000000000000227e+01 2.293338024189464619e+01
1.426500000000000057e+01 2.280770704916852409e+01
1.421999999999999886e+01 2.272817240078468970e+01
1.417499999999999716e+01 2.271624011780637531e+01
1.413000000000000966e+01 2.273369737938651269e+01
1.408500000000000796e+01 2.274911216554502147e+01
1.404000000000000625e+01 2.270927608657596153e+01
1.399500000000000455e+01 2.261492951266446738e+01
1.395000000000000284e+01 2.257662403512909677e+01
1.390500000000000114e+01 2.251122492539103703e+01
1.385999999999999943e+01 2.244735678262600942e+01
1.381499999999999773e+01 2.243739772937279753e+01
1.376999999999999602e+01 2.235273426210995140e+01
1.372500000000000853e+01 2.233166169910072085e+01
1.368000000000000682e+01 2.227463586665536610e+01
1.363500000000000512e+01 2.223838211396175168e+01
1.359000000000000341e+01 2.221192151714657470e+01
1.354500000000000171e+01 2.221238546547152026e+01
1.350000000000000000e+01 2.218788035228301680e+01
1.345499999999999829e+01 2.210363466320985282e+01
1.340999999999999659e+01 2.207238978210832059e+01
1.336500000000000909e+01 2.200084102760962779e+01
1.332000000000000739e+01 2.187181691642835446e+01
1.327500000000000568e+01 2.185278341375760291e+01
1.323000000000000398e+01 2.184356142018128821e+01
1.318500000000000227e+01 2.176132396727717477e+01
1.314000000000000057e+01 2.175135142801824983e+01
1.309499999999999886e+01 2.172579661268533968e+01
1.304999999999999716e+01 2.164612919928749690e+01
1.300500000000000966e+01 2.157936955940366275e+01
1.296000000000000796e+01 2.161062824828837492e+01
1.291500000000000625e+01 2.164411071889484717e+01
1.287000000000000455e+01 2.161075689919066889e+01
1.282500000000000284e+01 2.159065557812268921e+01
1.278000000000000114e+01 2.157793999137793151e+01
1.273499999999999943e+01 2.150235731175671816e+01
1.268999999999999773e+01 2.148778541392560371e+01
1.264499999999999602e+01 2.149235217199879955e+01
1.260000000000000853e+01 2.142957507417276020e+01
1.255500000000000682e+01 2.140931283028753285e+01
1.251000000000000512e+01 2.138473987597728865e+01
1.246500000000000341e+01 2.133482327824640379e+01
1.242000000000000171e+01 2.129210720464257989e+01
1.237500000000000000e+01 2.116987557750190518e+01
1.232999999999999829e+01 2.112238782234518197e+01
1.228499999999999659e+01 2.108612069741750616e+01
1.224000000000000909e+01 2.109492380289088942e+01
1.219500000000000739e+01 2.110580203171258873e+01
1.215000000000000568e+01 2.111358071335749287e+01
1.210500000000000398e+01 2.108204860533318836e+01
1.206000000000000227e+01 2.100815213037777340e+01
1.201500000000000057e+01 2.097071443881858599e+01
1.196999999999999886e+01 2.093817180631236496e+01
1.192499999999999716e+01 2.086963841981260614e+01
1.188000000000000966e+01 2.083044690391123765e+01
1.183500000000000796e+01 2.073875076947485496e+01
1.179000000000000625e+01 2.072126251909429584e+01
1.174500000000000455e+01 2.060507473123875499e+01
1.170000000000000284e+01 2.047486731618326061e+01
1.165500000000000114e+01 2.040017211310527401e+01
1.160999999999999943e+01 2.025620477130183872e+01
1.156499999999999773e+01 2.020849230943517583e+01
1.151999999999999602e+01 2.013705826651682429e+01
1.147500000000000853e+01 2.005723612140917211e+01
1.143000000000000682e+01 1.997322176671312732e+01
1.138500000000000512e+01 1.984058562822727723e+01
1.134000000000000341e+01 1.974655787986090871e+01
1.129500000000000171e+01 1.966979642317272337e+01
1.125000000000000000e+01 1.964835291298242836e+01
1.120499999999999829e+01 1.963277875802700834e+01
1.115999999999999659e+01 1.958255473565859006e+01
1.111500000000000909e+01 1.946772555383242320e+01
1.107000000000000739e+01 1.945370522344468611e+01
1.102500000000000568e+01 1.937558684209236404e+01
1.098000000000000398e+01 1.934698095975947396e+01
1.093500000000000227e+01 1.931484051068622776e+01
1.089000000000000057e+01 1.926131589813375555e+01
1.084499999999999886e+01 1.912613361190665984e+01
1.079999999999999716e+01 1.901661861892236516e+01
1.075500000000000966e+01 1.890808089583508433e+01
1.071000000000000796e+01 1.882260003467022713e+01
1.066500000000000625e+01 1.879069361760284806e+01
1.062000000000000455e+01 1.877507543683279323e+01
1.057500000000000284e+01 1.870892579540828393e+01
1.053000000000000114e+01 1.867904081137719885e+01
1.048499999999999943e+01 1.863698829279370983e+01
1.043999999999999773e+01 1.857320028992794292e+01
1.039499999999999602e+01 1.853551510965642279e+01
1.035000000000000853e+01 1.849778293399358731e+01
1.030500000000000682e+01 1.845888722280891869e+01
1.026000000000000512e+01 1.832313983293173720e+01
1.021500000000000341e+01 1.833997910869051395e+01
1.017000000000000171e+01 1.831959627920074141e+01
1.012500000000000000e+01 1.833181347502923231e+01
1.007999999999999829e+01 1.827566017610667970e+01
1.003499999999999659e+01 1.818699796227490850e+01
9.990000000000009095e+00 1.810109355517128904e+01
9.945000000000007390e+00 1.804339261852486587e+01
9.900000000000005684e+00 1.791632828367151120e+01
9.855000000000003979e+00 1.787806917843749943e+01
9.810000000000002274e+00 1.786933489669562292e+01
9.765000000000000568e+00 1.779081710156550855e+01
9.719999999999998863e+00 1.772622084393681519e+01
9.674999999999997158e+00 1.768195863537138735e+01
9.630000000000009663e+00 1.764111489674032640e+01
9.585000000000007958e+00 1.760633652245052616e+01
9.540000000000006253e+00 1.754567763228459398e+01
9.495000000000004547e+00 1.747711267825382464e+01
9.450000000000002842e+00 1.743631967432624919e+01
9.405000000000001137e+00 1.737187424136103076e+01
9.359999999999999432e+00 1.729376138795979045e+01
9.314999999999997726e+00 1.727914737377772525e+01
9.269999999999996021e+00 1.721436918626540802e+01
9.225000000000008527e+00 1.715303733012446585e+01
9.180000000000006821e+00 1.708187471917001687e+01
9.135000000000005116e+00 1.702720082926753520e+01
9.090000000000003411e+00 1.693766986551488429e+01
9.045000000000001705e+00 1.694093672760826763e+01
9.000000000000000000e+00 1.689723888035770827e+01
8.954999999999998295e+00 1.685852284776994381e+01
8.909999999999996589e+00 1.681172865563706864e+01
8.865000000000009095e+00 1.671980822118691634e+01
8.820000000000007390e+00 1.662238875471165755e+01
8.775000000000005684e+00 1.653072814160295323e+01
8.730000000000003979e+00 1.647000261093558393e+01
8.685000000000002274e+00 1.640592889993480696e+01
8.640000000000000568e+00 1.634950676140734771e+01
8.594999999999998863e+00 1.630830588005656523e+01
8.549999999999997158e+00 1.627984044835816135e+01
8.505000000000009663e+00 1.617953113804775711e+01
8.460000000000007958e+00 1.608893224616158690e+01
8.415000000000006253e+00 1.604656682586135119e+01
8.370000000000004547e+00 1.601559496782482839e+01
8.325000000000002842e+00 1.589602178676060973e+01
8.280000000000001137e+00 1.583013621756821898e+01
8.234999999999999432e+00 1.577463449762135639e+01
8.189999999999997726e+00 1.569046365874892679e+01
8.144999999999996021e+00 1.558965789185864104e+01
8.100000000000008527e+00 1.553250168068171000e+01
8.055000000000006821e+00 1.547659758406657815e+01
8.010000000000005116e+00 1.537320649417598695e+01
7.965000000000003411e+00 1.526682828470680064e+01
7.920000000000001705e+00 1.519086651753684691e+01
7.875000000000000000e+00 1.511220597412079414e+01
7.829999999999998295e+00 1.499021443615323079e+01
7.784999999999996589e+00 1.493553586269173472e+01
7.740000000000009095e+00 1.490076304438756694e+01
7.695000000000007390e+00 1.486000578641634107e+01
7.650000000000005684e+00 1.480427804566859074e+01
7.605000000000003979e+00 1.473010140603434692e+01
7.560000000000002274e+00 1.461040471861175227e+01
7.515000000000000568e+00 1.457293590657054239e+01
7.469999999999998863e+00 1.453241930748606414e+01
7.424999999999997158e+00 1.451677306611776608e+01
7.380000000000009663e+00 1.444877368213015778e+01
7.335000000000007958e+00 1.440938814419510905e+01
7.290000000000006253e+00 1.432308085091650973e+01
7.245000000000004547e+00 1.427995522473359102e+01
7.200000000000002842e+00 1.421602229459445965e+01
7.155000000000001137e+00 1.413941270337406841e+01
7.109999999999999432e+00 1.405894922152824300e+01
7.064999999999997726e+00 1.399784071010526176e+01
7.019999999999996021e+00 1.392020960054999001e+01
6.975000000000008527e+00 1.384867877868101793e+01
6.930000000000006821e+00 1.379040013930504394e+01
6.885000000000005116e+00 1.366627240110597263e+01
6.840000000000003411e+00 1.359586361448504199e+01
6.795000000000001705e+00 1.347741846552898082e+01
6.750000000000000000e+00 1.339889381788955625e+01
6.704999999999998295e+00 1.332996418340734834e+01
6.659999999999996589e+00 1.329385094745519780e+01
6.615000000000009095e+00 1.320596490576233251e+01
6.570000000000007390e+00 1.313837542362032806e+01
6.525000000000005684e+00 1.307409972714376245e+01
6.480000000000003979e+00 1.301715336238446596e+01
6.435000000000002274e+00 1.295995550011743447e+01
6.390000000000000568e+00 1.288819441314058523e+01
6.344999999999998863e+00 1.278769878324586706e+01
6.299999999999997158e+00 1.269723015620952111e+01
6.255000000000009663e+00 1.262765021976331958e+01
6.210000000000007958e+00 1.254070686190014428e+01
6.165000000000006253e+00 1.246009455669828547e+01
6.120000000000004547e+00 1.236967085461191651e+01
6.075000000000002842e+00 1.232102215996468253e+01
6.030000000000001137e+00 1.221059192032586438e+01
5.984999999999999432e+00 1.213959850888139158e+01
5.939999999999997726e+00 1.204120870237263041e+01
5.894999999999996021e+00 1.197811671419439250e+01
5.850000000000008527e+00 1.187495922528497516e+01
5.805000000000006821e+00 1.181277663206236284e+01
5.760000000000005116e+00 1.172531688955182361e+01
5.715000000000003411e+00 1.165611228344568495e+01
5.670000000000001705e+00 1.157188155001337826e+01
5.625000000000000000e+00 1.149439446879755700e+01
5.579999999999998295e+00 1.141502043057219673e+01
5.534999999999996589e+00 1.128742962863226751e+01
5.490000000000009095e+00 1.121930970867910204e+01
5.445000000000007390e+00 1.111550276296757644e+01
5.400000000000005684e+00 1.100261850768590932e+01
5.355000000000003979e+00 1.093935345938917614e+01
5.310000000000002274e+00 1.089517290545193973e+01
5.265000000000000568e+00 1.077547856669337989e+01
5.219999999999998863e+00 1.070404437387398744e+01
5.174999999999997158e+00 1.060778272000187705e+01
5.130000000000009663e+00 1.051432330159732231e+01
5.085000000000007958e+00 1.042811667876250858e+01
5.040000000000006253e+00 1.033733115697599736e+01
4.995000000000004547e+00 1.025490896388354933e+01
4.950000000000002842e+00 1.017481663033552053e+01
4.905000000000001137e+00 1.009058257586568708e+01
4.859999999999999432e+00 1.004081291619439575e+01
4.814999999999997726e+00 9.971112035224358294e+00
4.770000000000010232e+00 9.883676921425900375e+00
4.725000000000008527e+00 9.797551301421945524e+00
4.680000000000006821e+00 9.709235722452360662e+00
4.635000000000005116e+00 9.606817422829873721e+00
4.590000000000003411e+00 9.493609290656019439e+00
4.545000000000001705e+00 9.433410068260728920e+00
4.500000000000000000e+00 9.360294840279742346e+00
4.454999999999998295e+00 9.276684982920530231e+00
4.409999999999996589e+00 9.164852678549820553e+00
4.365000000000009095e+00 9.097895622361608758e+00
4.320000000000007390e+00 8.991238229446260277e+00
4.275000000000005684e+00 8.907142348794952369e+00
4.230000000000003979e+00 8.816587278283430251e+00
4.185000000000002274e+00 8.721463954500080717e+00
4.140000000000000568e+00 8.644615648351198445e+00
4.094999999999998863e+00 8.555189066778849494e+00
4.049999999999997158e+00 8.459498540138117306e+00
4.005000000000009663e+00 8.398150517099175261e+00
3.960000000000007958e+00 8.295329259466109662e+00
3.915000000000006253e+00 8.198112273047541976e+00
3.870000000000004547e+00 8.122558728613199719e+00
3.825000000000002842e+00 8.032029482091397554e+00
3.780000000000001137e+00 7.952351850869321837e+00
3.734999999999999432e+00 7.852231725254904759e+00
3.689999999999997726e+00 7.776159688435007489e+00
3.645000000000010232e+00 7.670691506315753472e+00
3.600000000000008527e+00 7.594709501801465201e+00
3.555000000000006821e+00 7.513686410157475848e+00
3.510000000000005116e+00 7.440553165237829170e+00
3.465000000000003411e+00 7.356345829102036937e+00
3.420000000000001705e+00 7.259785082237681486e+00
3.375000000000000000e+00 7.145450501674228683e+00
3.329999999999998295e+00 7.043895323186096569e+00
3.284999999999996589e+00 6.970939655869554663e+00
3.240000000000009095e+00 6.878867875018629618e+00
3.195000000000007390e+00 6.801403209332308464e+00
3.150000000000005684e+00 6.706703406902957632e+00
3.105000000000003979e+00 6.604192566741390991e+00
3.060000000000002274e+00 6.506190664747407482e+00
3.015000000000000568e+00 6.420861605834829788e+00
2.969999999999998863e+00 6.306739005070586046e+00
2.924999999999997158e+00 6.209426109909281344e+00
2.880000000000009663e+00 6.114962141462236822e+00
2.835000000000007958e+00 6.031212154800045688e+00
2.790000000000006253e+00 5.948021826225243558e+00
2.745000000000004547e+00 5.854884657359382238e+00
2.700000000000002842e+00 5.770315482226944681e+00
2.655000000000001137e+00 5.669425066043501715e+00
2.609999999999999432e+00 5.569080932073713797e+00
2.564999999999997726e+00 5.492717460264353591e+00
2.520000000000010232e+00 5.411188110057755907e+00
2.475000000000008527e+00 5.325392727839832752e+00
2.430000000000006821e+00 5.230821890807399122e+00
2.385000000000005116e+00 5.137924959474574393e+00
2.340000000000003411e+00 5.038449008052568345e+00
2.295000000000001705e+00 4.932838498334820798e+00
2.250000000000000000e+00 4.837060758132341931e+00
2.204999999999998295e+00 4.736451531384270552e+00
2.159999999999996589e+00 4.642689824763627904e+00
2.115000000000009095e+00 4.551209461814387680e+00
2.070000000000007390e+00 4.441652309164403789e+00
2.025000000000005684e+00 4.351135810455027730e+00
1.980000000000003979e+00 4.261518115062914447e+00
1.935000000000002274e+00 4.160540689832478378e+00
1.890000000000000568e+00 4.065843006892333023e+00
1.844999999999998863e+00 3.976867382502375037e+00
1.799999999999997158e+00 3.876378901180635772e+00
1.755000000000009663e+00 3.784600332107172171e+00
1.710000000000007958e+00 3.697618480832710386e+00
1.665000000000006253e+00 3.608499651176819700e+00
1.620000000000004547e+00 3.521148744900042704e+00
1.575000000000002842e+00 3.423356068236839800e+00
1.530000000000001137e+00 3.328707217247265149e+00
1.484999999999999432e+00 3.241901411454636950e+00
1.439999999999997726e+00 3.142309277104844423e+00
1.395000000000010232e+00 3.048585144693360505e+00
1.350000000000008527e+00 2.954109919383752558e+00
1.305000000000006821e+00 2.858623460466552579e+00
1.260000000000005116e+00 2.758121074163280007e+00
1.215000000000003411e+00 2.662794326195106809e+00
1.170000000000001705e+00 2.565954018891539068e+00
1.125000000000000000e+00 2.467543329484488623e+00
1.079999999999998295e+00 2.369281866509632462e+00
1.034999999999996589e+00 2.266513415757392735e+00
9.900000000000090949e-01 2.170505531399888888e+00
9.450000000000073896e-01 2.078605456047535327e+00
9.000000000000056843e-01 1.982306072193706026e+00
8.550000000000039790e-01 1.883273701059882788e+00
8.100000000000022737e-01 1.789268799283555644e+00
7.650000000000005684e-01 1.688357265521680750e+00
7.199999999999988631e-01 1.588433447261020426e+00
6.749999999999971578e-01 1.492670046625633518e+00
6.300000000000096634e-01 1.396045746108234287e+00
5.850000000000079581e-01 1.293068670626384531e+00
5.400000000000062528e-01 1.193316109610101705e+00
4.950000000000045475e-01 1.091311237874496465e+00
4.500000000000028422e-01 9.914112297973861621e-01
4.050000000000011369e-01 8.932315344686214686e-01
3.599999999999994316e-01 7.932642005120464912e-01
3.149999999999977263e-01 6.944878765977849921e-01
2.700000000000102318e-01 5.948418987974157801e-01
2.250000000000085265e-01 4.946390547578801145e-01
1.800000000000068212e-01 3.966978590756248257e-01
1.350000000000051159e-01 2.975238400644439341e-01
9.000000000000341061e-02 1.982539378985162248e-01
4.500000000000170530e-02 9.920532640787674272e-02
0.000000000000000000e+00 0.000000000000000000e+00
