9.000000000000000000e+01 7.817918779833238005e-03
9.000453697635731487e+01 -7.524870539351534264e-03
9.000907395271462974e+01 -2.468226982262492625e-02
9.001361092907193040e+01 -1.739178824127274661e-02
9.001814790542924527e+01 -1.574979800631879506e-02
9.002268488178656014e+01 -1.980316167506847302e-02
9.002722185814387501e+01 -2.645510612375114035e-02
9.003175883450118988e+01 -5.827028373308128228e-02
9.003629581085849054e+01 -5.568754953223029741e-02
9.004083278721580541e+01 -5.921439109491795361e-02
9.004536976357312028e+01 -6.168654288063769170e-02
9.004990673993043515e+01 -2.962554043780910029e-02
9.005444371628775002e+01 -4.610787682886154093e-02
9.005898069264505068e+01 -3.669282551227167483e-02
9.006351766900236555e+01 -5.789875485092382812e-02
9.006805464535968042e+01 -6.197642552746706474e-02
9.007259162171699529e+01 -6.463878363216424283e-02
9.007712859807431016e+01 -8.009872851528478110e-02
9.008166557443161082e+01 -6.580689712347455311e-02
9.008620255078892569e+01 -9.834113032381756880e-02
9.009073952714624056e+01 -9.743285122842103296e-02
9.009527650350355543e+01 -9.185006699153938636e-02
9.009981347986087030e+01 -1.018997638606444905e-01
9.010435045621818517e+01 -1.075337925908148723e-01
9.010888743257548583e+01 -1.243522905396415995e-01
9.011342440893280070e+01 -1.619810973141066757e-01
9.011796138529011557e+01 -2.066461244946181386e-01
9.012249836164743044e+01 -2.247318334593334244e-01
9.012703533800474531e+01 -2.152542602837508867e-01
9.013157231436204597e+01 -2.060604820925137082e-01
9.013610929071936084e+01 -1.828416278502254244e-01
9.014064626707667571e+01 -1.617126680711561681e-01
9.014518324343399058e+01 -1.639002533658735494e-01
9.014972021979130545e+01 -1.558553367724171967e-01
9.015425719614860611e+01 -1.589811645368005011e-01
9.015879417250592098e+01 -1.667940282059870993e-01
9.016333114886323585e+01 -1.684969596576124662e-01
9.016786812522055072e+01 -1.788217643895302911e-01
9.017240510157786559e+01 -1.813786405831225024e-01
9.017694207793516625e+01 -1.773666956262218708e-01
9.018147905429248112e+01 -2.146371141271736782e-01
9.018601603064979599e+01 -2.232257193153218688e-01
9.019055300700711086e+01 -2.388062443085111342e-01
9.019508998336442573e+01 -2.556025847022121988e-01
9.019962695972172639e+01 -2.375245066641684666e-01
9.020416393607904126e+01 -2.786330361546102696e-01
9.020870091243635613e+01 -2.816535419484321734e-01
9.021323788879367100e+01 -3.092366986025674169e-01
9.021777486515098587e+01 -2.882612665132863183e-01
9.022231184150828653e+01 -2.463180770757744109e-01
9.022684881786560140e+01 -2.497826955119302472e-01
9.023138579422291627e+01 -2.286660338817978755e-01
9.023592277058023114e+01 -2.571078860863240667e-01
9.024045974693754602e+01 -2.758870847304666918e-01
9.024499672329484667e+01 -2.724648604186215572e-01
9.024953369965216154e+01 -3.097290922924544332e-01
9.025407067600947641e+01 -3.339579194118080241e-01
9.025860765236679129e+01 -3.542419215804707422e-01
9.026314462872410616e+01 -3.748731425419425389e-01
9.026768160508140681e+01 -4.078094595265258082e-01
9.027221858143872169e+01 -4.035315863166639705e-01
9.027675555779603656e+01 -3.427215618287401400e-01
9.028129253415335143e+01 -3.219493721578303158e-01
9.028582951051066630e+01 -3.117096792833497498e-01
9.029036648686796696e+01 -3.021837452196246554e-01
9.029490346322528183e+01 -3.163153468879973396e-01
9.029944043958259670e+01 -3.341338764915594006e-01
9.030397741593991157e+01 -3.321746355949957152e-01
9.030851439229722644e+01 -3.441868501577259876e-01
9.031305136865454131e+01 -3.180038576504344849e-01
9.031758834501184197e+01 -3.268632798792188154e-01
9.032212532136915684e+01 -3.205910033615522736e-01
9.032666229772647171e+01 -3.176285581754810239e-01
9.033119927408378658e+01 -3.124194523807338197e-01
9.033573625044110145e+01 -3.110256813923858443e-01
9.034027322679840211e+01 -3.241052015513182227e-01
9.034481020315571698e+01 -3.215078166801846882e-01
9.034934717951303185e+01 -3.596708380574329400e-01
9.035388415587034672e+01 -4.151126078964084698e-01
9.035842113222766159e+01 -3.987345693719138717e-01
9.036295810858496225e+01 -4.204459200653306028e-01
9.036749508494227712e+01 -4.171723455482974630e-01
9.037203206129959199e+01 -3.988270198815847545e-01
9.037656903765690686e+01 -3.629050627042779142e-01
9.038110601401422173e+01 -3.496430596243550459e-01
9.038564299037152239e+01 -3.249158251917346196e-01
9.039017996672883726e+01 -3.099636490923777243e-01
9.039471694308615213e+01 -2.862135771384429206e-01
9.039925391944346700e+01 -3.057855369757490061e-01
9.040379089580078187e+01 -3.010549909180169625e-01
9.040832787215808253e+01 -2.775453613733231406e-01
9.041286484851539740e+01 -3.089898101170202582e-01
9.041740182487271227e+01 -2.794807397177433428e-01
9.042193880123002714e+01 -2.890461405269693085e-01
9.042647577758734201e+01 -2.666528041286996831e-01
9.043101275394464267e+01 -3.038761353263006448e-01
9.043554973030195754e+01 -3.037323468526351156e-01
9.044008670665927241e+01 -3.089254156084474956e-01
9.044462368301658728e+01 -3.190415923365791384e-01
9.044916065937390215e+01 -3.384928271424575419e-01
9.045369763573120281e+01 -3.534999068320709426e-01
9.045823461208851768e+01 -3.378729774040331035e-01
9.046277158844583255e+01 -3.520353504920717969e-01
9.046730856480314742e+01 -3.645304302021089016e-01
9.047184554116046229e+01 -3.700882066866207909e-01
9.047638251751776295e+01 -3.863233114183606265e-01
9.048091949387507782e+01 -3.944968291447870090e-01
9.048545647023239269e+01 -3.830562702012679233e-01
9.048999344658970756e+01 -3.704825246410836659e-01
9.049453042294702243e+01 -3.875082391810124038e-01
9.049906739930433730e+01 -3.632108884651364389e-01
9.050360437566163796e+01 -3.685673935386278854e-01
9.050814135201895283e+01 -3.650432320850279799e-01
9.051267832837626770e+01 -3.538280948800063275e-01
9.051721530473358257e+01 -3.358619377672070749e-01
9.052175228109089744e+01 -3.755838439120362526e-01
9.052628925744819810e+01 -4.023875675796936835e-01
9.053082623380551297e+01 -4.159584996810623547e-01
9.053536321016282784e+01 -4.469655255859574239e-01
9.053990018652014271e+01 -4.492743642133913418e-01
9.054443716287745758e+01 -4.526799031146266916e-01
9.054897413923475824e+01 -4.780984032224228630e-01
9.055351111559207311e+01 -4.865028719994480833e-01
9.055804809194938798e+01 -5.161700319547795068e-01
9.056258506830670285e+01 -5.063717489114607506e-01
9.056712204466401772e+01 -5.128340156621511436e-01
9.057165902102131838e+01 -5.133630532616147990e-01
9.057619599737863325e+01 -4.983770578596568579e-01
9.058073297373594812e+01 -5.422683973440793892e-01
9.058526995009326299e+01 -5.259454695944985048e-01
9.058980692645057786e+01 -5.359876841214380461e-01
9.059434390280787852e+01 -5.214942704873163359e-01
9.059888087916519339e+01 -5.135886701129014353e-01
9.060341785552250826e+01 -5.501301511343541506e-01
9.060795483187982313e+01 -5.560446153146659798e-01
9.061249180823713800e+01 -5.811147741130104905e-01
9.061702878459443866e+01 -6.026439106570471438e-01
9.062156576095175353e+01 -5.978793617601827481e-01
9.062610273730906840e+01 -5.983887774660575642e-01
9.063063971366638327e+01 -6.170949154865161823e-01
9.063517669002369814e+01 -6.435854412237935751e-01
9.063971366638099880e+01 -6.678642393048921377e-01
9.064425064273831367e+01 -6.938172649747160747e-01
9.064878761909562854e+01 -6.944381141860702655e-01
9.065332459545294341e+01 -6.840259281119647206e-01
9.065786157181025828e+01 -6.414523149604811625e-01
9.066239854816755894e+01 -6.673431089071021338e-01
9.066693552452487381e+01 -6.545611032939219198e-01
9.067147250088218868e+01 -6.747418816850186962e-01
9.067600947723950355e+01 -6.730531112571577212e-01
9.068054645359681842e+01 -6.860708464300081522e-01
9.068508342995411908e+01 -7.012135392129780209e-01
9.068962040631143395e+01 -7.115854998066744042e-01
9.069415738266874882e+01 -7.428749291003299282e-01
9.069869435902606369e+01 -7.294618817870827110e-01
9.070323133538337856e+01 -7.368888750526062514e-01
9.070776831174069343e+01 -7.200550135121019935e-01
9.071230528809799409e+01 -7.352269211126445381e-01
9.071684226445530896e+01 -7.249853152572263149e-01
9.072137924081262383e+01 -7.146273553372353149e-01
9.072591621716993870e+01 -7.070484637128985339e-01
9.073045319352725357e+01 -6.987147807586423509e-01
9.073499016988455423e+01 -7.299848779066251403e-01
9.073952714624186910e+01 -7.263250357381351163e-01
9.074406412259918397e+01 -7.712056863339549206e-01
9.074860109895649884e+01 -7.971824150947132148e-01
9.075313807531381372e+01 -8.163988453333054229e-01
9.075767505167111437e+01 -8.343692379735179188e-01
9.076221202802842924e+01 -8.363169455066972180e-01
9.076674900438574412e+01 -8.784515620463795305e-01
9.077128598074305899e+01 -8.733318421668191389e-01
9.077582295710037386e+01 -8.901418140732977324e-01
9.078035993345767452e+01 -8.820447330921571405e-01
9.078489690981498939e+01 -9.036243889768599269e-01
9.078943388617230426e+01 -9.122254076391603794e-01
9.079397086252961913e+01 -9.312125600413152515e-01
9.079850783888693400e+01 -9.345892816431926597e-01
9.080304481524423466e+01 -9.396733922645394976e-01
9.080758179160154953e+01 -9.502424761746618431e-01
9.081211876795886440e+01 -9.869780236004943585e-01
9.081665574431617927e+01 -1.029540317975429664e+00
9.082119272067349414e+01 -1.047485760904914853e+00
9.082572969703079480e+01 -1.063092812136080978e+00
9.083026667338810967e+01 -1.086100649788391381e+00
9.083480364974542454e+01 -1.093258176698860495e+00
9.083934062610273941e+01 -1.119081160713613743e+00
9.084387760246005428e+01 -1.120583150881055534e+00
9.084841457881735494e+01 -1.149782574892419085e+00
9.085295155517466981e+01 -1.138597035552956660e+00
9.085748853153198468e+01 -1.174215317838223749e+00
9.086202550788929955e+01 -1.173269864311758282e+00
9.086656248424661442e+01 -1.149446925428496247e+00
9.087109946060391508e+01 -1.148274524871836011e+00
9.087563643696122995e+01 -1.106500980695483971e+00
9.088017341331854482e+01 -1.114808339536469628e+00
9.088471038967585969e+01 -1.129656450571609350e+00
9.088924736603317456e+01 -1.109202856825535655e+00
9.089378434239048943e+01 -1.144749008668950463e+00
9.089832131874779009e+01 -1.154411147306903640e+00
9.090285829510510496e+01 -1.178267283354867301e+00
9.090739527146241983e+01 -1.188488656731286008e+00
9.091193224781973470e+01 -1.179709816093398311e+00
9.091646922417704957e+01 -1.190107567091605256e+00
9.092100620053435023e+01 -1.208889380161856542e+00
9.092554317689166510e+01 -1.225003783701055671e+00
9.093008015324897997e+01 -1.239513528697101297e+00
9.093461712960629484e+01 -1.223617057984105472e+00
9.093915410596360971e+01 -1.209977173789149818e+00
9.094369108232091037e+01 -1.212747780055904778e+00
9.094822805867822524e+01 -1.196821573123239668e+00
9.095276503503554011e+01 -1.199508557984569013e+00
9.095730201139285498e+01 -1.214103604285804439e+00
9.096183898775016985e+01 -1.250116987981681360e+00
9.096637596410747051e+01 -1.267496602003221007e+00
9.097091294046478538e+01 -1.288348290385763040e+00
9.097544991682210025e+01 -1.319294371017878165e+00
9.097998689317941512e+01 -1.325196314167651934e+00
9.098452386953672999e+01 -1.328121577891061333e+00
9.098906084589403065e+01 -1.318199469453161576e+00
9.099359782225134552e+01 -1.323177853366706458e+00
9.099813479860866039e+01 -1.315501304981851360e+00
9.100267177496597526e+01 -1.319273153148088573e+00
9.100720875132329013e+01 -1.349110102509400999e+00
9.101174572768059079e+01 -1.364181076863632214e+00
9.101628270403790566e+01 -1.361323689596278141e+00
9.102081968039522053e+01 -1.360040978973236392e+00
9.102535665675253540e+01 -1.345119653128606485e+00
9.102989363310985027e+01 -1.361779860625419225e+00
9.103443060946715093e+01 -1.384805864297312894e+00
9.103896758582446580e+01 -1.388887901685295079e+00
9.104350456218178067e+01 -1.420377050356680160e+00
9.104804153853909554e+01 -1.417359527036686551e+00
9.105257851489641041e+01 -1.448618961014773943e+00
9.105711549125371107e+01 -1.428624039613391794e+00
9.106165246761102594e+01 -1.432526895828077906e+00
9.106618944396834081e+01 -1.415502102056438005e+00
9.107072642032565568e+01 -1.426196543149226281e+00
9.107526339668297055e+01 -1.430281736383957503e+00
9.107980037304028542e+01 -1.460193410130653735e+00
9.108433734939758608e+01 -1.462486805479561003e+00
9.108887432575490095e+01 -1.463648285505702917e+00
9.109341130211221582e+01 -1.491718831992266958e+00
9.109794827846953069e+01 -1.497302240505806070e+00
9.110248525482684556e+01 -1.517856586377839267e+00
9.110702223118414622e+01 -1.515995933423483155e+00
9.111155920754146109e+01 -1.527821908777204474e+00
9.111609618389877596e+01 -1.535942429861209213e+00
9.112063316025609083e+01 -1.529606984661740610e+00
9.112517013661340570e+01 -1.547682283558033056e+00
9.112970711297070636e+01 -1.539646911999522194e+00
9.113424408932802123e+01 -1.546931488349133410e+00
9.113878106568533610e+01 -1.558970355815180620e+00
9.114331804204265097e+01 -1.574357048587515795e+00
9.114785501839996584e+01 -1.572255757561293210e+00
9.115239199475726650e+01 -1.588061490074843096e+00
9.115692897111458137e+01 -1.583749157689162468e+00
9.116146594747189624e+01 -1.591256564379475602e+00
9.116600292382921111e+01 -1.611612580618505319e+00
9.117053990018652598e+01 -1.639491167875289479e+00
9.117507687654382664e+01 -1.661910410211022926e+00
9.117961385290114151e+01 -1.667317023249801800e+00
9.118415082925845638e+01 -1.694997248993142636e+00
9.118868780561577125e+01 -1.735025533791600960e+00
9.119322478197308612e+01 -1.740050444308230970e+00
9.119776175833038678e+01 -1.771668708063889985e+00
9.120229873468770165e+01 -1.789053235192610058e+00
9.120683571104501652e+01 -1.792608240466204927e+00
9.121137268740233139e+01 -1.810637072561533278e+00
9.121590966375964626e+01 -1.830208930614940943e+00
9.122044664011694692e+01 -1.842476656935128076e+00
9.122498361647426179e+01 -1.831397689065261458e+00
9.122952059283157666e+01 -1.862991307409409547e+00
9.123405756918889153e+01 -1.861725294603694403e+00
9.123859454554620640e+01 -1.850795608989042496e+00
9.124313152190350706e+01 -1.849934906676700574e+00
9.124766849826082193e+01 -1.841357743400331204e+00
9.125220547461813680e+01 -1.815872867295015736e+00
9.125674245097545167e+01 -1.829269011508361631e+00
9.126127942733276655e+01 -1.838549076457861142e+00
9.126581640369006720e+01 -1.862039488956071409e+00
9.127035338004738207e+01 -1.868656024872518584e+00
9.127489035640469694e+01 -1.902516101167206930e+00
9.127942733276201182e+01 -1.903360207789300818e+00
9.128396430911932669e+01 -1.913905801654774752e+00
9.128850128547664156e+01 -1.907496135341635313e+00
9.129303826183394222e+01 -1.887237286539025227e+00
9.129757523819125709e+01 -1.925935941937180651e+00
9.130211221454857196e+01 -1.899880786586901404e+00
9.130664919090588683e+01 -1.912167554378912504e+00
9.131118616726320170e+01 -1.866804430362153600e+00
9.131572314362050236e+01 -1.866609165984084218e+00
9.132026011997781723e+01 -1.854413489872040355e+00
9.132479709633513210e+01 -1.869459705605409638e+00
9.132933407269244697e+01 -1.877116103200432429e+00
9.133387104904976184e+01 -1.858524075427808953e+00
9.133840802540706250e+01 -1.873639097892202399e+00
9.134294500176437737e+01 -1.857463351461479562e+00
9.134748197812169224e+01 -1.912859013481767567e+00
9.135201895447900711e+01 -1.903449861151589761e+00
9.135655593083632198e+01 -1.925228132311876950e+00
9.136109290719362264e+01 -1.908259062695486730e+00
9.136562988355093751e+01 -1.932296514091165873e+00
9.137016685990825238e+01 -1.943922823825072532e+00
9.137470383626556725e+01 -1.964034219921661384e+00
9.137924081262288212e+01 -1.983488375031524642e+00
9.138377778898018278e+01 -1.971230844255060566e+00
9.138831476533749765e+01 -1.980692527523309154e+00
9.139285174169481252e+01 -1.997675098960942197e+00
9.139738871805212739e+01 -2.044005121792689561e+00
9.140192569440944226e+01 -2.042814423986944128e+00
9.140646267076674292e+01 -2.084963595113458190e+00
9.141099964712405779e+01 -2.089405734021719141e+00
9.141553662348137266e+01 -2.139951814248782558e+00
9.142007359983868753e+01 -2.120236026620445635e+00
9.142461057619600240e+01 -2.165409990927348538e+00
9.142914755255330306e+01 -2.116635877697167878e+00
9.143368452891061793e+01 -2.116889890341083991e+00
9.143822150526793280e+01 -2.088189018377558881e+00
9.144275848162524767e+01 -2.091236728250438937e+00
9.144729545798256254e+01 -2.097072246699621889e+00
9.145183243433986320e+01 -2.061964854047616313e+00
9.145636941069717807e+01 -2.091916194027052978e+00
9.146090638705449294e+01 -2.079400289559488968e+00
9.146544336341180781e+01 -2.113997364710725524e+00
9.146998033976912268e+01 -2.131921883694772202e+00
9.147451731612642334e+01 -2.169379543467420568e+00
9.147905429248373821e+01 -2.185436019251077777e+00
9.148359126884105308e+01 -2.203391265297968360e+00
9.148812824519836795e+01 -2.211376348513339973e+00
9.149266522155568282e+01 -2.205691203001635348e+00
9.149720219791299769e+01 -2.187497979174982010e+00
9.150173917427029835e+01 -2.188246010022735000e+00
9.150627615062761322e+01 -2.181226175956131552e+00
9.151081312698492809e+01 -2.217757278259827824e+00
9.151535010334224296e+01 -2.260132745073277771e+00
9.151988707969955783e+01 -2.293692664107378931e+00
9.152442405605685849e+01 -2.313817700889611029e+00
9.152896103241417336e+01 -2.321601552404764401e+00
9.153349800877148823e+01 -2.355080537928458284e+00
9.153803498512880310e+01 -2.358607954952824048e+00
9.154257196148611797e+01 -2.366851213279282273e+00
9.154710893784341863e+01 -2.374735265114917393e+00
9.155164591420073350e+01 -2.396433818305368391e+00
9.155618289055804837e+01 -2.417967253879698131e+00
9.156071986691536324e+01 -2.414353962295507028e+00
9.156525684327267811e+01 -2.403096407027867532e+00
9.156979381962997877e+01 -2.418139555017829956e+00
9.157433079598729364e+01 -2.425573554670581000e+00
9.157886777234460851e+01 -2.441649277180453215e+00
9.158340474870192338e+01 -2.437978352714191388e+00
9.158794172505923825e+01 -2.420472537993822115e+00
9.159247870141653891e+01 -2.407773084211280779e+00
9.159701567777385378e+01 -2.391410138722083190e+00
9.160155265413116865e+01 -2.433313983446522055e+00
9.160608963048848352e+01 -2.435583886463724035e+00
9.161062660684579839e+01 -2.479683493812397277e+00
9.161516358320309905e+01 -2.491753475997472211e+00
9.161970055956041392e+01 -2.506832365808846053e+00
9.162423753591772879e+01 -2.531780491289864266e+00
9.162877451227504366e+01 -2.487689087057049164e+00
9.163331148863235853e+01 -2.491331300229508550e+00
9.163784846498965919e+01 -2.465850949744379239e+00
9.164238544134697406e+01 -2.492507031785643257e+00
9.164692241770428893e+01 -2.461830647545567796e+00
9.165145939406160380e+01 -2.446064191114289965e+00
9.165599637041891867e+01 -2.449369528051178690e+00
9.166053334677621933e+01 -2.457119113490460194e+00
9.166507032313353420e+01 -2.473728427454938927e+00
9.166960729949084907e+01 -2.460941831976801275e+00
9.167414427584816394e+01 -2.505075745347293381e+00
9.167868125220547881e+01 -2.538679666653818057e+00
9.168321822856279368e+01 -2.558823183817780400e+00
9.168775520492009434e+01 -2.591179423298183959e+00
9.169229218127740921e+01 -2.620841913277356383e+00
9.169682915763472408e+01 -2.630704802739116221e+00
9.170136613399203895e+01 -2.667450422413054856e+00
9.170590311034935382e+01 -2.689162333417435047e+00
9.171044008670665448e+01 -2.701429514522433184e+00
9.171497706306396935e+01 -2.730312565795964819e+00
9.171951403942128422e+01 -2.742793333577569381e+00
9.172405101577859909e+01 -2.753242560682420237e+00
9.172858799213591396e+01 -2.746879943189813655e+00
9.173312496849321462e+01 -2.754679018257706336e+00
9.173766194485052949e+01 -2.732595334683391108e+00
9.174219892120784436e+01 -2.748313160955627055e+00
9.174673589756515923e+01 -2.768754441616103179e+00
9.175127287392247410e+01 -2.756335648432948648e+00
9.175580985027977476e+01 -2.751326230628833525e+00
9.176034682663708963e+01 -2.737049384802913377e+00
9.176488380299440450e+01 -2.738338975888949367e+00
9.176942077935171937e+01 -2.717900877697328355e+00
9.177395775570903425e+01 -2.774658342346864259e+00
9.177849473206633490e+01 -2.790111152237347181e+00
9.178303170842364977e+01 -2.806394952479770222e+00
9.178756868478096465e+01 -2.803374484268762235e+00
9.179210566113827952e+01 -2.831332924143963314e+00
9.179664263749559439e+01 -2.855644911757932558e+00
9.180117961385289505e+01 -2.865838298222685321e+00
9.180571659021020992e+01 -2.909171930573254183e+00
9.181025356656752479e+01 -2.920827786691282402e+00
9.181479054292483966e+01 -2.917139330055310786e+00
9.181932751928215453e+01 -2.923816416452682088e+00
9.182386449563945519e+01 -2.942304655272298231e+00
9.182840147199677006e+01 -2.971045107785079686e+00
9.183293844835408493e+01 -2.966099006137433491e+00
9.183747542471139980e+01 -2.992504885045959462e+00
9.184201240106871467e+01 -2.975950698176584197e+00
9.184654937742601533e+01 -2.988782427870387615e+00
9.185108635378333020e+01 -2.986343977803307848e+00
9.185562333014064507e+01 -3.020807468283596364e+00
9.186016030649795994e+01 -3.012573970961055725e+00
9.186469728285527481e+01 -2.991440273330956412e+00
9.186923425921258968e+01 -3.016532835092240905e+00
9.187377123556989034e+01 -3.009093888356074942e+00
9.187830821192720521e+01 -3.043295868466834087e+00
9.188284518828452008e+01 -3.023615601479880066e+00
9.188738216464183495e+01 -3.022697465904494063e+00
9.189191914099914982e+01 -3.031602120028964897e+00
9.189645611735645048e+01 -3.034191257061502611e+00
9.190099309371376535e+01 -3.073176145838679929e+00
9.190553007007108022e+01 -3.087818314621511462e+00
9.191006704642839509e+01 -3.114782614535030358e+00
9.191460402278570996e+01 -3.112578730074045730e+00
9.191914099914301062e+01 -3.129674094922663130e+00
9.192367797550032549e+01 -3.137861692486794585e+00
9.192821495185764036e+01 -3.163216892535867242e+00
9.193275192821495523e+01 -3.136497250717248164e+00
9.193728890457227010e+01 -3.143735779660135510e+00
9.194182588092957076e+01 -3.102088704210800518e+00
9.194636285728688563e+01 -3.108209380595349902e+00
9.195089983364420050e+01 -3.112947908358235427e+00
9.195543681000151537e+01 -3.144335032565181098e+00
9.195997378635883024e+01 -3.150948875743329936e+00
9.196451076271613090e+01 -3.158526357342999358e+00
9.196904773907344577e+01 -3.199391988855026181e+00
9.197358471543076064e+01 -3.205786296344033559e+00
9.197812169178807551e+01 -3.223183184658445111e+00
9.198265866814539038e+01 -3.199211822951193884e+00
9.198719564450269104e+01 -3.242366629621530549e+00
9.199173262086000591e+01 -3.240233886231465021e+00
9.199626959721732078e+01 -3.241643293668485803e+00
9.200080657357463565e+01 -3.236616777382764543e+00
9.200534354993195052e+01 -3.218369962204417956e+00
9.200988052628925118e+01 -3.237611682052834894e+00
9.201441750264656605e+01 -3.247463054816875250e+00
9.201895447900388092e+01 -3.263701719118083489e+00
9.202349145536119579e+01 -3.291938722582266053e+00
9.202802843171851066e+01 -3.296199540081130586e+00
9.203256540807581132e+01 -3.308956767424325207e+00
9.203710238443312619e+01 -3.296908314355493363e+00
9.204163936079044106e+01 -3.312640283162997523e+00
9.204617633714775593e+01 -3.344799540804489268e+00
9.205071331350507080e+01 -3.348077067554744879e+00
9.205525028986238567e+01 -3.361263062083897246e+00
9.205978726621968633e+01 -3.355020196571583568e+00
9.206432424257700120e+01 -3.341169504384055244e+00
9.206886121893431607e+01 -3.355070076961454539e+00
9.207339819529163094e+01 -3.351930681926424072e+00
9.207793517164894581e+01 -3.362658789086350186e+00
9.208247214800624647e+01 -3.383214699536764680e+00
9.208700912436356134e+01 -3.401560672927512741e+00
9.209154610072087621e+01 -3.402748765953113708e+00
9.209608307707819108e+01 -3.383168047215436847e+00
9.210062005343550595e+01 -3.398241981775834475e+00
9.210515702979280661e+01 -3.380556650946959785e+00
9.210969400615012148e+01 -3.406883527923786570e+00
9.211423098250743635e+01 -3.403387774557571355e+00
9.211876795886475122e+01 -3.395499676680887369e+00
9.212330493522206609e+01 -3.407326170508957475e+00
9.212784191157936675e+01 -3.399108629766610878e+00
9.213237888793668162e+01 -3.437532016627402598e+00
9.213691586429399649e+01 -3.443990503476082043e+00
9.214145284065131136e+01 -3.459280068215269122e+00
9.214598981700862623e+01 -3.470961606894490181e+00
9.215052679336592689e+01 -3.496881635833434032e+00
9.215506376972324176e+01 -3.497584130882180897e+00
9.215960074608055663e+01 -3.496531149654469317e+00
9.216413772243787150e+01 -3.516222719761996185e+00
9.216867469879518637e+01 -3.520933080961262451e+00
9.217321167515248703e+01 -3.540113782751997284e+00
9.217774865150980190e+01 -3.566885157598580047e+00
9.218228562786711677e+01 -3.551598390624328250e+00
9.218682260422443164e+01 -3.553950286374796264e+00
9.219135958058174651e+01 -3.565855301283624712e+00
9.219589655693904717e+01 -3.549890434118475380e+00
9.220043353329636204e+01 -3.536815157415586164e+00
9.220497050965367691e+01 -3.530649842294936835e+00
9.220950748601099178e+01 -3.549943035087005594e+00
9.221404446236830665e+01 -3.591379989658728622e+00
9.221858143872560731e+01 -3.614770426479450016e+00
9.222311841508292218e+01 -3.635402046972250112e+00
9.222765539144023705e+01 -3.648747090626682343e+00
9.223219236779755192e+01 -3.664136057160483517e+00
9.223672934415486679e+01 -3.690243909393672528e+00
9.224126632051218166e+01 -3.692099130978495847e+00
9.224580329686948232e+01 -3.705817122849296652e+00
9.225034027322679719e+01 -3.728855617443289638e+00
9.225487724958411206e+01 -3.738022116743040524e+00
9.225941422594142693e+01 -3.741816810201800347e+00
9.226395120229872759e+01 -3.721624348628396639e+00
9.226848817865604246e+01 -3.718384453223187336e+00
9.227302515501335733e+01 -3.711853228389986104e+00
9.227756213137067220e+01 -3.700490200647025496e+00
9.228209910772798708e+01 -3.698188509599041662e+00
9.228663608408530195e+01 -3.711125606424873880e+00
9.229117306044260260e+01 -3.699541708793278705e+00
9.229571003679991748e+01 -3.697237414722998494e+00
9.230024701315723235e+01 -3.707954037861139973e+00
9.230478398951454722e+01 -3.719679159877225860e+00
9.230932096587186209e+01 -3.737902045718556998e+00
9.231385794222916275e+01 -3.738275129952379761e+00
9.231839491858647762e+01 -3.745425171091716798e+00
9.232293189494379249e+01 -3.757031031589019854e+00
9.232746887130110736e+01 -3.762191434380601773e+00
9.233200584765842223e+01 -3.747068950184239799e+00
9.233654282401572289e+01 -3.764386624305523732e+00
9.234107980037303776e+01 -3.769110287146837379e+00
9.234561677673035263e+01 -3.766591463490567282e+00
9.235015375308766750e+01 -3.781264010436037992e+00
9.235469072944498237e+01 -3.815196833759646022e+00
9.235922770580228303e+01 -3.841806568862649929e+00
9.236376468215959790e+01 -3.869829853855056623e+00
9.236830165851691277e+01 -3.872843425118776661e+00
9.237283863487422764e+01 -3.866551025353224258e+00
9.237737561123154251e+01 -3.870119218889485069e+00
9.238191258758884317e+01 -3.853327003175116339e+00
9.238644956394615804e+01 -3.881794586586412965e+00
9.239098654030347291e+01 -3.885204795647356768e+00
9.239552351666078778e+01 -3.903663821220013208e+00
9.240006049301810265e+01 -3.914817920387968719e+00
9.240459746937540331e+01 -3.910003053418483088e+00
9.240913444573271818e+01 -3.903902748616880469e+00
9.241367142209003305e+01 -3.907328534631173689e+00
9.241820839844734792e+01 -3.919308155076522304e+00
9.242274537480466279e+01 -3.944627504228325421e+00
9.242728235116196345e+01 -3.946256304932821646e+00
9.243181932751927832e+01 -3.971927521167440744e+00
9.243635630387659319e+01 -4.013999933664557318e+00
9.244089328023390806e+01 -4.036905401979027808e+00
9.244543025659122293e+01 -4.073998707105419115e+00
9.244996723294852359e+01 -4.090108733285902076e+00
9.245450420930583846e+01 -4.112809321718617461e+00
9.245904118566315333e+01 -4.120593149490520801e+00
9.246357816202046820e+01 -4.117393113026275309e+00
9.246811513837778307e+01 -4.106685253200152097e+00
9.247265211473509794e+01 -4.099446345555501914e+00
9.247718909109239860e+01 -4.129053188100114902e+00
9.248172606744971347e+01 -4.136688855919326890e+00
9.248626304380702834e+01 -4.133829951497518529e+00
9.249080002016434321e+01 -4.120966702881015742e+00
9.249533699652165808e+01 -4.146580278035813194e+00
9.249987397287895874e+01 -4.143985059587334874e+00
9.250441094923627361e+01 -4.196739022586591261e+00
9.250894792559358848e+01 -4.217687440713352665e+00
9.251348490195090335e+01 -4.230546689151319484e+00
9.251802187830821822e+01 -4.241482291017004691e+00
9.252255885466551888e+01 -4.242780712758601247e+00
9.252709583102283375e+01 -4.266854943645054909e+00
9.253163280738014862e+01 -4.253818925012741836e+00
9.253616978373746349e+01 -4.281261231668888279e+00
9.254070676009477836e+01 -4.252705936438456291e+00
9.254524373645207902e+01 -4.299372282191140648e+00
9.254978071280939389e+01 -4.305046668996529213e+00
9.255431768916670876e+01 -4.301049114059092737e+00
9.255885466552402363e+01 -4.312954143280696151e+00
9.256339164188133850e+01 -4.313689818088938921e+00
9.256792861823863916e+01 -4.315983209513458263e+00
9.257246559459595403e+01 -4.309512625439971600e+00
9.257700257095326890e+01 -4.365478922595824152e+00
9.258153954731058377e+01 -4.374833030954853541e+00
9.258607652366789864e+01 -4.394751693547809701e+00
9.259061350002519930e+01 -4.390837683276399339e+00
9.259515047638251417e+01 -4.383667254696879567e+00
9.259968745273982904e+01 -4.400489696563151476e+00
9.260422442909714391e+01 -4.430243378963702128e+00
9.260876140545445878e+01 -4.443342377499031493e+00
9.261329838181175944e+01 -4.452288000307690119e+00
9.261783535816907431e+01 -4.424877125888830420e+00
9.262237233452638918e+01 -4.437094577464236522e+00
9.262690931088370405e+01 -4.419146369924709994e+00
9.263144628724101892e+01 -4.421733712112253301e+00
9.263598326359831958e+01 -4.446623459564374770e+00
9.264052023995563445e+01 -4.467980987791666081e+00
9.264505721631294932e+01 -4.461577375909030252e+00
9.264959419267026419e+01 -4.454310691660065658e+00
9.265413116902757906e+01 -4.437104999889714740e+00
9.265866814538489393e+01 -4.453575566065350877e+00
9.266320512174219459e+01 -4.469180649437864972e+00
9.266774209809950946e+01 -4.490471308626719171e+00
9.267227907445682433e+01 -4.535717550851761537e+00
9.267681605081413920e+01 -4.541213191731566567e+00
9.268135302717145407e+01 -4.573459917265759067e+00
9.268589000352875473e+01 -4.565191419164383646e+00
9.269042697988606960e+01 -4.565251462117263515e+00
9.269496395624338447e+01 -4.555831213431020821e+00
9.269950093260069934e+01 -4.566924371181502629e+00
9.270403790895801421e+01 -4.569859223798505177e+00
9.270857488531531487e+01 -4.567602212223038194e+00
9.271311186167262974e+01 -4.561380849979792096e+00
9.271764883802994461e+01 -4.562566882159099002e+00
9.272218581438725948e+01 -4.600437669068924151e+00
9.272672279074457435e+01 -4.595014563477228364e+00
9.273125976710187501e+01 -4.629249978087285555e+00
9.273579674345918988e+01 -4.629981137383741618e+00
9.274033371981650475e+01 -4.615252948181438164e+00
9.274487069617381962e+01 -4.624587726772988461e+00
9.274940767253113449e+01 -4.627615703827910210e+00
9.275394464888843515e+01 -4.651074178450895324e+00
9.275848162524575002e+01 -4.665285654528378956e+00
9.276301860160306489e+01 -4.669879994617046393e+00
9.276755557796037976e+01 -4.676383344249239293e+00
9.277209255431769463e+01 -4.688944624476419243e+00
9.277662953067499529e+01 -4.696497832648708126e+00
9.278116650703231016e+01 -4.720727033514831028e+00
9.278570348338962503e+01 -4.722961576440532383e+00
9.279024045974693991e+01 -4.754872867611018350e+00
9.279477743610425478e+01 -4.770498853888005542e+00
9.279931441246155543e+01 -4.803829759412957756e+00
9.280385138881887030e+01 -4.812305708741634547e+00
9.280838836517618518e+01 -4.811022501616632141e+00
9.281292534153350005e+01 -4.825743226295836408e+00
9.281746231789081492e+01 -4.818062221291788738e+00
9.282199929424811558e+01 -4.826923359609433639e+00
9.282653627060543045e+01 -4.820841932313681966e+00
9.283107324696274532e+01 -4.833423599832912032e+00
9.283561022332006019e+01 -4.837514627120997446e+00
9.284014719967737506e+01 -4.875536169953001320e+00
9.284468417603468993e+01 -4.894437046856930706e+00
9.284922115239199059e+01 -4.886391811375843552e+00
9.285375812874930546e+01 -4.882863156050858855e+00
9.285829510510662033e+01 -4.883610905545841874e+00
9.286283208146393520e+01 -4.908637988776533234e+00
9.286736905782125007e+01 -4.916729906160492547e+00
9.287190603417855073e+01 -4.918874332279882466e+00
9.287644301053586560e+01 -4.907709101510737248e+00
9.288097998689318047e+01 -4.927081540028769524e+00
9.288551696325049534e+01 -4.954750712610239916e+00
9.289005393960781021e+01 -4.978766896580551382e+00
9.289459091596511087e+01 -4.995908666395292741e+00
9.289912789232242574e+01 -4.999473420124800782e+00
9.290366486867974061e+01 -4.982333874755980219e+00
9.290820184503705548e+01 -5.001968754698101982e+00
9.291273882139437035e+01 -5.009757691473589958e+00
9.291727579775167101e+01 -5.031656394719446368e+00
9.292181277410898588e+01 -5.042142328895765857e+00
9.292634975046630075e+01 -5.064453867055939362e+00
9.293088672682361562e+01 -5.056750122794056779e+00
9.293542370318093049e+01 -5.056842755569142867e+00
9.293996067953823115e+01 -5.059955188860429942e+00
9.294449765589554602e+01 -5.036528869179361045e+00
9.294903463225286089e+01 -5.022101421547302103e+00
9.295357160861017576e+01 -5.042421092519081327e+00
9.295810858496749063e+01 -5.036472489066749603e+00
9.296264556132479129e+01 -5.031200398679769314e+00
9.296718253768210616e+01 -5.032066459669672476e+00
9.297171951403942103e+01 -5.042785599804077812e+00
9.297625649039673590e+01 -5.053540768169601627e+00
9.298079346675405077e+01 -5.038447393132258867e+00
9.298533044311135143e+01 -5.048304795973875159e+00
9.298986741946866630e+01 -5.020683572418957574e+00
9.299440439582598117e+01 -4.998316117230761968e+00
9.299894137218329604e+01 -5.003997391524261928e+00
9.300347834854061091e+01 -5.016598742955119761e+00
9.300801532489791157e+01 -5.033778163529615490e+00
9.301255230125522644e+01 -5.069599729874467720e+00
9.301708927761254131e+01 -5.096998820849920619e+00
9.302162625396985618e+01 -5.133318720235327426e+00
9.302616323032717105e+01 -5.152878022109807610e+00
9.303070020668448592e+01 -5.165192083633738385e+00
9.303523718304178658e+01 -5.162601097672403050e+00
9.303977415939910145e+01 -5.163515194727931856e+00
9.304431113575641632e+01 -5.130920615450154543e+00
9.304884811211373119e+01 -5.147799550859738282e+00
9.305338508847103185e+01 -5.129061652690377393e+00
9.305792206482834672e+01 -5.119919047770152609e+00
9.306245904118566159e+01 -5.146390557802293486e+00
9.306699601754297646e+01 -5.146225810471061202e+00
9.307153299390029133e+01 -5.156265109576716910e+00
9.307606997025760620e+01 -5.166299695901609645e+00
9.308060694661490686e+01 -5.164000281705415141e+00
9.308514392297222173e+01 -5.171131450974729482e+00
9.308968089932953660e+01 -5.183597306408182170e+00
9.309421787568685147e+01 -5.222569301682557175e+00
9.309875485204416634e+01 -5.249029873719905481e+00
9.310329182840146700e+01 -5.275090155391554347e+00
9.310782880475878187e+01 -5.278831457538927019e+00
9.311236578111609674e+01 -5.288751386276460131e+00
9.311690275747341161e+01 -5.291980694783185335e+00
9.312143973383072648e+01 -5.272803536844081762e+00
9.312597671018802714e+01 -5.289782394175587044e+00
9.313051368654534201e+01 -5.258975088172847201e+00
9.313505066290265688e+01 -5.250935527176450179e+00
9.313958763925997175e+01 -5.226533829179108359e+00
9.314412461561728662e+01 -5.236766979184223736e+00
9.314866159197458728e+01 -5.227131504925581318e+00
9.315319856833190215e+01 -5.204532251512963725e+00
9.315773554468921702e+01 -5.223356327587310055e+00
9.316227252104653189e+01 -5.236538816304909361e+00
9.316680949740384676e+01 -5.218052662502953964e+00
9.317134647376114742e+01 -5.227742918938737660e+00
9.317588345011846229e+01 -5.224483003296048977e+00
9.318042042647577716e+01 -5.234435567869951456e+00
9.318495740283309203e+01 -5.230792355910983460e+00
9.318949437919040690e+01 -5.234041304642311765e+00
9.319403135554770756e+01 -5.246677247221509077e+00
9.319856833190502243e+01 -5.206255236116190233e+00
9.320310530826233730e+01 -5.214821229143852044e+00
9.320764228461965217e+01 -5.209770615120622672e+00
9.321217926097696704e+01 -5.215817793469804009e+00
9.321671623733426770e+01 -5.205045444937485222e+00
9.322125321369158257e+01 -5.197031194290701706e+00
9.322579019004889744e+01 -5.170711015148068412e+00
9.323032716640621231e+01 -5.162924196031759116e+00
9.323486414276352718e+01 -5.191469347014273872e+00
9.323940111912082784e+01 -5.187728526170160670e+00
9.324393809547814271e+01 -5.222999550666011181e+00
9.324847507183545758e+01 -5.238977053862069688e+00
9.325301204819277245e+01 -5.260946580776319159e+00
9.325754902455008732e+01 -5.267218656749234285e+00
9.326208600090740219e+01 -5.273025418408502141e+00
9.326662297726470285e+01 -5.282281225541163749e+00
9.327115995362201772e+01 -5.306485814696107361e+00
9.327569692997933259e+01 -5.299019880883646394e+00
9.328023390633664746e+01 -5.291409683777352768e+00
9.328477088269396233e+01 -5.309659937297699805e+00
9.328930785905126299e+01 -5.281755853397584133e+00
9.329384483540857786e+01 -5.280297871007897825e+00
9.329838181176589273e+01 -5.276847662211275214e+00
9.330291878812320761e+01 -5.281924769853500123e+00
9.330745576448052248e+01 -5.271947577492808179e+00
9.331199274083782313e+01 -5.263996735282976402e+00
9.331652971719513801e+01 -5.244613194187538241e+00
9.332106669355245288e+01 -5.243558661279708488e+00
9.332560366990976775e+01 -5.234415308760040908e+00
9.333014064626708262e+01 -5.269340715133898456e+00
9.333467762262438328e+01 -5.272144133180612258e+00
9.333921459898169815e+01 -5.282875030119546622e+00
9.334375157533901302e+01 -5.305392385686756640e+00
9.334828855169632789e+01 -5.292557328925171056e+00
9.335282552805364276e+01 -5.306492877506737926e+00
9.335736250441094342e+01 -5.316446170171994723e+00
9.336189948076825829e+01 -5.331376685451082231e+00
9.336643645712557316e+01 -5.371759620772357913e+00
9.337097343348288803e+01 -5.403441081685616432e+00
9.337551040984020290e+01 -5.436418708521533638e+00
9.338004738619750356e+01 -5.453472307246161499e+00
9.338458436255481843e+01 -5.476770573186100499e+00
9.338912133891213330e+01 -5.482946254514916795e+00
9.339365831526944817e+01 -5.517645441336164858e+00
9.339819529162676304e+01 -5.527952086487542438e+00
9.340273226798406370e+01 -5.552999094554226467e+00
9.340726924434137857e+01 -5.543481384602188200e+00
9.341180622069869344e+01 -5.554421315688560234e+00
9.341634319705600831e+01 -5.554779850987155321e+00
9.342088017341332318e+01 -5.532290509852854754e+00
9.342541714977062384e+01 -5.520154412536332877e+00
9.342995412612793871e+01 -5.513565686371625141e+00
9.343449110248525358e+01 -5.533212130048394961e+00
9.343902807884256845e+01 -5.511292662320447455e+00
9.344356505519988332e+01 -5.535023111109104832e+00
9.344810203155719819e+01 -5.554445788637402792e+00
9.345263900791449885e+01 -5.555273276984999953e+00
9.345717598427181372e+01 -5.561135146220696157e+00
9.346171296062912859e+01 -5.532098936377773057e+00
9.346624993698644346e+01 -5.527682674324667644e+00
9.347078691334375833e+01 -5.494631996659688156e+00
9.347532388970105899e+01 -5.508440023682080522e+00
9.347986086605837386e+01 -5.494589552623569517e+00
9.348439784241568873e+01 -5.512384374268181730e+00
9.348893481877300360e+01 -5.511723690285588617e+00
9.349347179513031847e+01 -5.525451149075609081e+00
9.349800877148761913e+01 -5.514040930472315694e+00
9.350254574784493400e+01 -5.489231995620081683e+00
9.350708272420224887e+01 -5.475931715874962080e+00
9.351161970055956374e+01 -5.493887167732476762e+00
9.351615667691687861e+01 -5.507159409380205872e+00
9.352069365327417927e+01 -5.523963129755567358e+00
9.352523062963149414e+01 -5.531985551393750811e+00
9.352976760598880901e+01 -5.538661674910425603e+00
9.353430458234612388e+01 -5.571366718843053789e+00
9.353884155870343875e+01 -5.539876137746110984e+00
9.354337853506073941e+01 -5.544610723445822842e+00
9.354791551141805428e+01 -5.542103632157629356e+00
9.355245248777536915e+01 -5.568667486292879332e+00
9.355698946413268402e+01 -5.598921469631439329e+00
9.356152644048999889e+01 -5.636468837205138804e+00
9.356606341684729955e+01 -5.641274365878270025e+00
9.357060039320461442e+01 -5.657213645301650828e+00
9.357513736956192929e+01 -5.628794080596766669e+00
9.357967434591924416e+01 -5.636934509264392545e+00
9.358421132227655903e+01 -5.636095101082719161e+00
9.358874829863385969e+01 -5.652972909693125381e+00
9.359328527499117456e+01 -5.693864231095243866e+00
9.359782225134848943e+01 -5.696295893468280802e+00
9.360235922770580430e+01 -5.712412384780055419e+00
9.360689620406311917e+01 -5.707972963257748944e+00
9.361143318042041983e+01 -5.707403478336311231e+00
9.361597015677773470e+01 -5.729575983735298195e+00
9.362050713313504957e+01 -5.735388357135335013e+00
9.362504410949236444e+01 -5.734053693295837029e+00
9.362958108584967931e+01 -5.717789668136286529e+00
9.363411806220699418e+01 -5.710597015887976191e+00
9.363865503856429484e+01 -5.721129555580269255e+00
9.364319201492160971e+01 -5.747299052422892629e+00
9.364772899127892458e+01 -5.741023594568448907e+00
9.365226596763623945e+01 -5.726882026220872390e+00
9.365680294399355432e+01 -5.705027455111285839e+00
9.366133992035085498e+01 -5.695599490737532911e+00
9.366587689670816985e+01 -5.713664670033477222e+00
9.367041387306548472e+01 -5.721969025528228947e+00
9.367495084942279959e+01 -5.713256132461950187e+00
9.367948782578011446e+01 -5.690537692954817928e+00
9.368402480213741512e+01 -5.683783012973940174e+00
9.368856177849472999e+01 -5.678633616080933422e+00
9.369309875485204486e+01 -5.691691567503180060e+00
9.369763573120935973e+01 -5.713776407084227849e+00
9.370217270756667460e+01 -5.726330280548525664e+00
9.370670968392397526e+01 -5.743683352647398266e+00
9.371124666028129013e+01 -5.758312432893196053e+00
9.371578363663860500e+01 -5.771331472377663196e+00
9.372032061299591987e+01 -5.820914254583922975e+00
9.372485758935323474e+01 -5.811487709533751378e+00
9.372939456571053540e+01 -5.807106915290625615e+00
9.373393154206785027e+01 -5.820827260758300703e+00
9.373846851842516514e+01 -5.832220351757224641e+00
9.374300549478248001e+01 -5.846487768711272182e+00
9.374754247113979488e+01 -5.859287939825711611e+00
9.375207944749709554e+01 -5.868932886696627271e+00
9.375661642385441041e+01 -5.869799756241015132e+00
9.376115340021172528e+01 -5.865192842804106022e+00
9.376569037656904015e+01 -5.838080415786259358e+00
9.377022735292635502e+01 -5.825861384251354913e+00
9.377476432928365568e+01 -5.820993228435423106e+00
9.377930130564097055e+01 -5.838788542463365872e+00
9.378383828199828542e+01 -5.828907786140463898e+00
9.378837525835560029e+01 -5.807713330354371095e+00
9.379291223471291516e+01 -5.788793797692110665e+00
9.379744921107021582e+01 -5.802126214598075649e+00
9.380198618742753069e+01 -5.810151119837659195e+00
9.380652316378484556e+01 -5.813011657407007426e+00
9.381106014014216044e+01 -5.852899755656371106e+00
9.381559711649947531e+01 -5.877005663729354623e+00
9.382013409285679018e+01 -5.914262164152721546e+00
9.382467106921409083e+01 -5.899637671754722312e+00
9.382920804557140571e+01 -5.916999370890821730e+00
9.383374502192872058e+01 -5.908615502045368117e+00
9.383828199828603545e+01 -5.945480381845379192e+00
9.384281897464335032e+01 -5.968357984629308888e+00
9.384735595100065098e+01 -5.976325774600970142e+00
9.385189292735796585e+01 -5.991641103100888266e+00
9.385642990371528072e+01 -5.962084887288031432e+00
9.386096688007259559e+01 -5.970414926063920547e+00
9.386550385642991046e+01 -5.970968783040428107e+00
9.387004083278721112e+01 -5.980607492874561615e+00
9.387457780914452599e+01 -5.960441872408166475e+00
9.387911478550184086e+01 -5.945482802057866500e+00
9.388365176185915573e+01 -5.916290845928126707e+00
9.388818873821647060e+01 -5.880513093952290049e+00
9.389272571457377126e+01 -5.885421406035781899e+00
9.389726269093108613e+01 -5.878362519265798447e+00
9.390179966728840100e+01 -5.895034250473356607e+00
9.390633664364571587e+01 -5.891224936962232483e+00
9.391087362000303074e+01 -5.895813506297491458e+00
9.391541059636033140e+01 -5.908525442276679307e+00
9.391994757271764627e+01 -5.910663471732736873e+00
9.392448454907496114e+01 -5.934760820871384013e+00
9.392902152543227601e+01 -5.922240788397631128e+00
9.393355850178959088e+01 -5.957916139746378903e+00
9.393809547814689154e+01 -5.938890597162920670e+00
9.394263245450420641e+01 -5.944444293404803403e+00
9.394716943086152128e+01 -5.913786483115153203e+00
9.395170640721883615e+01 -5.894490591329378582e+00
9.395624338357615102e+01 -5.882906736569650796e+00
9.396078035993345168e+01 -5.897232595759519747e+00
9.396531733629076655e+01 -5.904040451140433632e+00
9.396985431264808142e+01 -5.907266431688000807e+00
9.397439128900539629e+01 -5.921399475454543371e+00
9.397892826536271116e+01 -5.922309090388928610e+00
9.398346524172001182e+01 -5.934984793957095661e+00
9.398800221807732669e+01 -5.946805349545933872e+00
9.399253919443464156e+01 -6.012612939765175746e+00
9.399707617079195643e+01 -6.026280686088961502e+00
9.400161314714927130e+01 -6.022101251283277890e+00
9.400615012350658617e+01 -5.997720948852634848e+00
9.401068709986388683e+01 -5.987702598168981538e+00
9.401522407622120170e+01 -5.963417213520990856e+00
9.401976105257851657e+01 -5.965540159697630962e+00
9.402429802893583144e+01 -5.972813062960510955e+00
9.402883500529313210e+01 -5.968205207623321407e+00
9.403337198165044697e+01 -5.975180545826152212e+00
9.403790895800776184e+01 -5.983813884398292871e+00
9.404244593436507671e+01 -6.005139631067800465e+00
9.404698291072239158e+01 -6.012171380180565627e+00
9.405151988707970645e+01 -6.005616011308751112e+00
9.405605686343700711e+01 -6.021833394783969062e+00
9.406059383979432198e+01 -6.031345563094727247e+00
9.406513081615163685e+01 -6.031718495246528811e+00
9.406966779250895172e+01 -6.034288305638424887e+00
9.407420476886626659e+01 -6.015697441639889398e+00
9.407874174522356725e+01 -6.024548208413464501e+00
9.408327872158088212e+01 -6.025122067799226322e+00
9.408781569793819699e+01 -6.042397006564638851e+00
9.409235267429551186e+01 -6.050783266526299720e+00
9.409688965065282673e+01 -6.038746835632737842e+00
9.410142662701012739e+01 -6.035875638533174659e+00
9.410596360336744226e+01 -6.008930459957268155e+00
9.411050057972475713e+01 -6.021899794555330310e+00
9.411503755608207200e+01 -6.015639371048036921e+00
9.411957453243938687e+01 -6.031665009088860607e+00
9.412411150879668753e+01 -6.070926022656247589e+00
9.412864848515400240e+01 -6.081906413253149957e+00
9.413318546151131727e+01 -6.086660100708510157e+00
9.413772243786863214e+01 -6.064226655736779215e+00
9.414225941422594701e+01 -6.035616845457918878e+00
9.414679639058324767e+01 -6.027184463935806313e+00
9.415133336694056254e+01 -6.026671779195808654e+00
9.415587034329787741e+01 -6.063412965279916023e+00
9.416040731965519228e+01 -6.091871017617273232e+00
9.416494429601250715e+01 -6.083820424257796233e+00
9.416948127236980781e+01 -6.063139532995601932e+00
9.417401824872712268e+01 -6.022024112234792170e+00
9.417855522508443755e+01 -5.969286637851529242e+00
9.418309220144175242e+01 -5.977806062547055710e+00
9.418762917779906729e+01 -5.978669591471819089e+00
9.419216615415638216e+01 -5.985295403042174556e+00
9.419670313051368282e+01 -5.984623740291038274e+00
9.420124010687099769e+01 -5.994900352365386986e+00
9.420577708322831256e+01 -6.013895453234482602e+00
9.421031405958562743e+01 -6.011279844349145307e+00
9.421485103594292809e+01 -6.048930606489802742e+00
9.421938801230024296e+01 -6.073975428204022364e+00
9.422392498865755783e+01 -6.096769066799140546e+00
9.422846196501487270e+01 -6.121536677059142839e+00
9.423299894137218757e+01 -6.128384676631860373e+00
9.423753591772950244e+01 -6.119978033035732956e+00
9.424207289408680310e+01 -6.116152863706886933e+00
9.424660987044411797e+01 -6.127070421550945056e+00
9.425114684680143284e+01 -6.145595731723090260e+00
9.425568382315874771e+01 -6.161282729632365118e+00
9.426022079951606258e+01 -6.167675161207334611e+00
9.426475777587336324e+01 -6.153523211552212047e+00
9.426929475223067811e+01 -6.129339298828519134e+00
9.427383172858799298e+01 -6.108002794454757023e+00
9.427836870494530785e+01 -6.127675337885984064e+00
9.428290568130262272e+01 -6.120429823895626065e+00
9.428744265765992338e+01 -6.147497539358346863e+00
9.429197963401723825e+01 -6.162885168073020559e+00
9.429651661037455312e+01 -6.204513534960107712e+00
9.430105358673186799e+01 -6.208937685428890241e+00
9.430559056308918287e+01 -6.191759248984117114e+00
9.431012753944648352e+01 -6.183111439661580278e+00
9.431466451580379839e+01 -6.158452832868875682e+00
9.431920149216111326e+01 -6.172838240638304441e+00
9.432373846851842814e+01 -6.158629289301647880e+00
9.432827544487574301e+01 -6.177942843594441236e+00
9.433281242123304366e+01 -6.180035969954228214e+00
9.433734939759035854e+01 -6.174430867153492208e+00
9.434188637394767341e+01 -6.158619135893140140e+00
9.434642335030498828e+01 -6.165106046207569079e+00
9.435096032666230315e+01 -6.158104073016036573e+00
9.435549730301960381e+01 -6.189148216024474181e+00
9.436003427937691868e+01 -6.210078624569456807e+00
9.436457125573423355e+01 -6.209651559561622847e+00
9.436910823209154842e+01 -6.209210502953686373e+00
9.437364520844886329e+01 -6.204374078464116593e+00
9.437818218480616395e+01 -6.219330542613301205e+00
9.438271916116347882e+01 -6.214823316098565975e+00
9.438725613752079369e+01 -6.226566804008704992e+00
9.439179311387810856e+01 -6.208120878891610239e+00
9.439633009023542343e+01 -6.190844851546618344e+00
9.440086706659272409e+01 -6.181956698494436075e+00
9.440540404295003896e+01 -6.186067774099774041e+00
9.440994101930735383e+01 -6.206703215109581784e+00
9.441447799566466870e+01 -6.216163310385873331e+00
9.441901497202198357e+01 -6.226950198596765240e+00
9.442355194837929844e+01 -6.249455728172969238e+00
9.442808892473659910e+01 -6.239848430200106044e+00
9.443262590109391397e+01 -6.265323020849693947e+00
9.443716287745122884e+01 -6.270091510796695466e+00
9.444169985380854371e+01 -6.260926163821459944e+00
9.444623683016585858e+01 -6.248926810840555568e+00
9.445077380652315924e+01 -6.221529670617989005e+00
9.445531078288047411e+01 -6.232194004793551123e+00
9.445984775923778898e+01 -6.241058978882377595e+00
9.446438473559510385e+01 -6.225184127072004969e+00
9.446892171195241872e+01 -6.226990953502339998e+00
9.447345868830971938e+01 -6.218848298601223235e+00
9.447799566466703425e+01 -6.223448934586873094e+00
9.448253264102434912e+01 -6.227608581266739662e+00
9.448706961738166399e+01 -6.225108114519323443e+00
9.449160659373897886e+01 -6.209093235361145879e+00
9.449614357009627952e+01 -6.200363564557973994e+00
9.450068054645359439e+01 -6.189275414102653805e+00
9.450521752281090926e+01 -6.212358955168026498e+00
9.450975449916822413e+01 -6.212130321927017640e+00
9.451429147552553900e+01 -6.214457360964482646e+00
9.451882845188283966e+01 -6.244234181869513733e+00
9.452336542824015453e+01 -6.256380865203975183e+00
9.452790240459746940e+01 -6.279555788256814708e+00
9.453243938095478427e+01 -6.280360464936618037e+00
9.453697635731209914e+01 -6.297985818844285433e+00
9.454151333366939980e+01 -6.263336203903735466e+00
9.454605031002671467e+01 -6.272646054181397979e+00
9.455058728638402954e+01 -6.261599882999553834e+00
9.455512426274134441e+01 -6.269906975895162660e+00
9.455966123909865928e+01 -6.279140817706898581e+00
9.456419821545595994e+01 -6.270924242753135758e+00
9.456873519181327481e+01 -6.327193719530767702e+00
9.457327216817058968e+01 -6.302490545518756981e+00
9.457780914452790455e+01 -6.304509485056945195e+00
9.458234612088521942e+01 -6.285805324390826065e+00
9.458688309724252008e+01 -6.291575506091851011e+00
9.459142007359983495e+01 -6.252616810834487282e+00
9.459595704995714982e+01 -6.232755840922933999e+00
9.460049402631446469e+01 -6.224911185918338141e+00
9.460503100267177956e+01 -6.203473067719337486e+00
9.460956797902909443e+01 -6.208709846219630180e+00
9.461410495538639509e+01 -6.207730319594252144e+00
9.461864193174370996e+01 -6.219356061282318215e+00
9.462317890810102483e+01 -6.233095175176604386e+00
9.462771588445833970e+01 -6.220617653173456496e+00
9.463225286081564036e+01 -6.219560100366474664e+00
9.463678983717295523e+01 -6.223576618042086395e+00
9.464132681353027010e+01 -6.201685151958337805e+00
9.464586378988758497e+01 -6.207424653725400532e+00
9.465040076624489984e+01 -6.178815400991306106e+00
9.465493774260221471e+01 -6.148894593756051741e+00
9.465947471895951537e+01 -6.140308938388535864e+00
9.466401169531683024e+01 -6.100724956915261288e+00
9.466854867167414511e+01 -6.111865595400658435e+00
9.467308564803145998e+01 -6.115461205250630528e+00
9.467762262438877485e+01 -6.121188695296091886e+00
9.468215960074607551e+01 -6.173774728409615165e+00
9.468669657710339038e+01 -6.186752282324985863e+00
9.469123355346070525e+01 -6.209640424628894095e+00
9.469577052981802012e+01 -6.201703756258510225e+00
9.470030750617533499e+01 -6.188127702210884706e+00
9.470484448253263565e+01 -6.170101900939783945e+00
9.470938145888995052e+01 -6.175207773902549491e+00
9.471391843524726539e+01 -6.186109183585799087e+00
9.471845541160458026e+01 -6.178703183578932112e+00
9.472299238796189513e+01 -6.162311367223816561e+00
9.472752936431919579e+01 -6.180053156161329220e+00
9.473206634067651066e+01 -6.168824529946575375e+00
9.473660331703382553e+01 -6.163246474475093883e+00
9.474114029339114040e+01 -6.208876372395093490e+00
9.474567726974845527e+01 -6.232586986524138339e+00
9.475021424610575593e+01 -6.242065100886200035e+00
9.475475122246307080e+01 -6.273806693219990294e+00
9.475928819882038567e+01 -6.275756647831564727e+00
9.476382517517770054e+01 -6.277295711495305852e+00
9.476836215153501541e+01 -6.231756615213060790e+00
9.477289912789231607e+01 -6.220407726244293833e+00
9.477743610424963094e+01 -6.190647581864785032e+00
9.478197308060694581e+01 -6.153601607009909991e+00
9.478651005696426068e+01 -6.151232198670308904e+00
9.479104703332157555e+01 -6.153827461396828014e+00
9.479558400967889042e+01 -6.139762942596383333e+00
9.480012098603619108e+01 -6.128735578797876116e+00
9.480465796239350595e+01 -6.138432326147761131e+00
9.480919493875082082e+01 -6.132416538519129823e+00
9.481373191510813569e+01 -6.153517341026454091e+00
9.481826889146543635e+01 -6.185526879481127338e+00
9.482280586782275122e+01 -6.212074663101145866e+00
9.482734284418006609e+01 -6.188707026670188682e+00
9.483187982053738097e+01 -6.145828488977352677e+00
9.483641679689469584e+01 -6.125435846395053119e+00
9.484095377325201071e+01 -6.110057162937541086e+00
9.484549074960931137e+01 -6.096643862541197834e+00
9.485002772596662624e+01 -6.106230895643989243e+00
9.485456470232394111e+01 -6.110391777760777465e+00
9.485910167868125598e+01 -6.123820126243169959e+00
9.486363865503857085e+01 -6.122885986553039395e+00
9.486817563139587151e+01 -6.151996898987388995e+00
9.487271260775318638e+01 -6.162131101173762282e+00
9.487724958411050125e+01 -6.140274007425000846e+00
9.488178656046781612e+01 -6.134803425578963854e+00
9.488632353682513099e+01 -6.136547506893457182e+00
9.489086051318243165e+01 -6.152861967560497192e+00
9.489539748953974652e+01 -6.164858495545734840e+00
9.489993446589706139e+01 -6.204154018742279675e+00
9.490447144225437626e+01 -6.170425228119809979e+00
9.490900841861169113e+01 -6.177096395502324810e+00
9.491354539496899179e+01 -6.213374791457336954e+00
9.491808237132630666e+01 -6.232906197468897069e+00
9.492261934768362153e+01 -6.225608006784256965e+00
9.492715632404093640e+01 -6.187171346244280556e+00
9.493169330039825127e+01 -6.179663923959182625e+00
9.493623027675555193e+01 -6.178528472082856382e+00
9.494076725311286680e+01 -6.183354425539416610e+00
9.494530422947018167e+01 -6.191231522833279932e+00
9.494984120582749654e+01 -6.166377600855630803e+00
9.495437818218481141e+01 -6.155299435369347094e+00
9.495891515854211207e+01 -6.134798803794639710e+00
9.496345213489942694e+01 -6.121140930339336705e+00
9.496798911125674181e+01 -6.123156526426467572e+00
9.497252608761405668e+01 -6.097442839667133185e+00
9.497706306397137155e+01 -6.102540049972248859e+00
9.498160004032868642e+01 -6.123158486974891623e+00
9.498613701668598708e+01 -6.120858560999007381e+00
9.499067399304330195e+01 -6.123329207259224916e+00
9.499521096940061682e+01 -6.124417580305387965e+00
9.499974794575793169e+01 -6.090290890364284060e+00
9.500428492211523235e+01 -6.072163601890748552e+00
9.500882189847254722e+01 -6.072173711559717191e+00
9.501335887482986209e+01 -6.061603670901906327e+00
9.501789585118717696e+01 -6.079658864378664873e+00
9.502243282754449183e+01 -6.054913654094254305e+00
9.502696980390180670e+01 -6.023691141849223385e+00
9.503150678025910736e+01 -6.007779724384900710e+00
9.503604375661642223e+01 -5.978587287914604254e+00
9.504058073297373710e+01 -5.960873059606741187e+00
9.504511770933105197e+01 -5.957496500168799614e+00
9.504965468568836684e+01 -5.964697925014389668e+00
9.505419166204566750e+01 -5.952391616346398351e+00
9.505872863840298237e+01 -5.927559721037652274e+00
9.506326561476029724e+01 -5.945882265298237712e+00
9.506780259111761211e+01 -5.912270396444059273e+00
9.507233956747492698e+01 -5.911945011551632767e+00
9.507687654383222764e+01 -5.892135013478736916e+00
9.508141352018954251e+01 -5.894561981466607925e+00
9.508595049654685738e+01 -5.879372817112668237e+00
9.509048747290417225e+01 -5.860286427007892485e+00
9.509502444926148712e+01 -5.844121899288603927e+00
9.509956142561878778e+01 -5.853686219360163534e+00
9.510409840197610265e+01 -5.854784667793065722e+00
9.510863537833341752e+01 -5.852967731366626403e+00
9.511317235469073239e+01 -5.859137542785761710e+00
9.511770933104804726e+01 -5.828488163936579980e+00
9.512224630740534792e+01 -5.820470788516142413e+00
9.512678328376266279e+01 -5.809348089652473845e+00
9.513132026011997766e+01 -5.792753902445583414e+00
9.513585723647729253e+01 -5.814614743922653872e+00
9.514039421283460740e+01 -5.820475425934840352e+00
9.514493118919190806e+01 -5.842718257816146732e+00
9.514946816554922293e+01 -5.811943104281794170e+00
9.515400514190653780e+01 -5.818802091214256400e+00
9.515854211826385267e+01 -5.785513951327358129e+00
9.516307909462116754e+01 -5.752052965621131442e+00
9.516761607097848241e+01 -5.739366002425413171e+00
9.517215304733578307e+01 -5.706336242226369926e+00
9.517669002369309794e+01 -5.713241016162523778e+00
9.518122700005041281e+01 -5.704774766076161185e+00
9.518576397640772768e+01 -5.725783612123457544e+00
9.519030095276502834e+01 -5.693979664449888567e+00
9.519483792912234321e+01 -5.692783993824996891e+00
9.519937490547965808e+01 -5.695675810246984661e+00
9.520391188183697295e+01 -5.714314595387206097e+00
9.520844885819428782e+01 -5.718495962984499137e+00
9.521298583455160269e+01 -5.723329056106035040e+00
9.521752281090890335e+01 -5.716628666691776495e+00
9.522205978726621822e+01 -5.711464580268345692e+00
9.522659676362353309e+01 -5.717965001517887558e+00
9.523113373998084796e+01 -5.712335799789864055e+00
9.523567071633816283e+01 -5.734592327253563937e+00
9.524020769269546349e+01 -5.693702367601209069e+00
9.524474466905277836e+01 -5.702660240823924198e+00
9.524928164541009323e+01 -5.672653996583782110e+00
9.525381862176740810e+01 -5.653573868487003828e+00
9.525835559812472297e+01 -5.654805436448478773e+00
9.526289257448202363e+01 -5.655494005643398658e+00
9.526742955083933850e+01 -5.656034043635760789e+00
9.527196652719665337e+01 -5.639368159803569647e+00
9.527650350355396824e+01 -5.627160644697364766e+00
9.528104047991128311e+01 -5.618802211279184000e+00
9.528557745626858377e+01 -5.618560921635748606e+00
9.529011443262589864e+01 -5.628276474102896998e+00
9.529465140898321351e+01 -5.652574911960195791e+00
9.529918838534052838e+01 -5.622766271399295412e+00
9.530372536169784325e+01 -5.629205347808401427e+00
9.530826233805514391e+01 -5.604303402656640287e+00
9.531279931441245878e+01 -5.598821925746582551e+00
9.531733629076977365e+01 -5.625666291167263466e+00
9.532187326712708852e+01 -5.655219104957856402e+00
9.532641024348440340e+01 -5.617713867084619395e+00
9.533094721984170405e+01 -5.601770208958093633e+00
9.533548419619901892e+01 -5.593531156834781193e+00
9.534002117255633380e+01 -5.580572175543180968e+00
9.534455814891364867e+01 -5.597006046818712832e+00
9.534909512527096354e+01 -5.599152943988748632e+00
9.535363210162826419e+01 -5.607181618238541887e+00
9.535816907798557907e+01 -5.597335127407534472e+00
9.536270605434289394e+01 -5.615833358785301321e+00
9.536724303070020881e+01 -5.647390611882460831e+00
9.537178000705752368e+01 -5.633453839037877664e+00
9.537631698341482434e+01 -5.652927242054877510e+00
9.538085395977213921e+01 -5.650220412306635076e+00
9.538539093612945408e+01 -5.632120082208619927e+00
9.538992791248676895e+01 -5.622024753013046272e+00
9.539446488884408382e+01 -5.626144514872356339e+00
9.539900186520139869e+01 -5.661808913925537645e+00
9.540353884155869935e+01 -5.682306566910230394e+00
9.540807581791601422e+01 -5.683691007376216575e+00
9.541261279427332909e+01 -5.663648560597240866e+00
9.541714977063064396e+01 -5.666747679652953451e+00
9.542168674698794462e+01 -5.643220933922192373e+00
9.542622372334525949e+01 -5.658267425616318569e+00
9.543076069970257436e+01 -5.679575063284777237e+00
9.543529767605988923e+01 -5.698730272057857427e+00
9.543983465241720410e+01 -5.685387586278908501e+00
9.544437162877451897e+01 -5.666901160174879770e+00
9.544890860513181963e+01 -5.667197251106094846e+00
9.545344558148913450e+01 -5.648615613677378633e+00
9.545798255784644937e+01 -5.651736938847625957e+00
9.546251953420376424e+01 -5.631273485534499912e+00
9.546705651056107911e+01 -5.591857418764421439e+00
9.547159348691837977e+01 -5.558918322094624997e+00
9.547613046327569464e+01 -5.556203198449596314e+00
9.548066743963300951e+01 -5.547092383708728036e+00
9.548520441599032438e+01 -5.511655862767878666e+00
9.548974139234763925e+01 -5.508205677034916370e+00
9.549427836870493991e+01 -5.477898844276927193e+00
9.549881534506225478e+01 -5.483825646041859514e+00
9.550335232141956965e+01 -5.462860773553509297e+00
9.550788929777688452e+01 -5.450952329950008668e+00
9.551242627413419939e+01 -5.452007679034611698e+00
9.551696325049150005e+01 -5.434152343673941843e+00
9.552150022684881492e+01 -5.449538689001621528e+00
9.552603720320612979e+01 -5.422788235950229740e+00
9.553057417956344466e+01 -5.456024912769378510e+00
9.553511115592075953e+01 -5.450211679843373069e+00
9.553964813227806019e+01 -5.468924235322494276e+00
9.554418510863537506e+01 -5.451099780462455691e+00
9.554872208499268993e+01 -5.440375101196612384e+00
9.555325906135000480e+01 -5.449223434505910291e+00
9.555779603770731967e+01 -5.442174415305349733e+00
9.556233301406462033e+01 -5.457745988114393043e+00
9.556686999042193520e+01 -5.449943103490804575e+00
9.557140696677925007e+01 -5.454508216768278572e+00
9.557594394313656494e+01 -5.459038364706001900e+00
9.558048091949387981e+01 -5.451278097647412224e+00
9.558501789585119468e+01 -5.446601809995582855e+00
9.558955487220849534e+01 -5.461514035685518742e+00
9.559409184856581021e+01 -5.450792016904656201e+00
9.559862882492312508e+01 -5.453491059464310453e+00
9.560316580128043995e+01 -5.453128816790756339e+00
9.560770277763774061e+01 -5.444412916901747224e+00
9.561223975399505548e+01 -5.452729162776693173e+00
9.561677673035237035e+01 -5.437359522742275963e+00
9.562131370670968522e+01 -5.443490278152114392e+00
9.562585068306700009e+01 -5.448058976845126189e+00
9.563038765942431496e+01 -5.442513021734161960e+00
9.563492463578161562e+01 -5.444916674342389129e+00
9.563946161213893049e+01 -5.463203250787881160e+00
9.564399858849624536e+01 -5.457487449935308099e+00
9.564853556485356023e+01 -5.447302103465299972e+00
9.565307254121087510e+01 -5.416395365660041428e+00
9.565760951756817576e+01 -5.411838067039305145e+00
9.566214649392549063e+01 -5.395137541634471567e+00
9.566668347028280550e+01 -5.393380096593896944e+00
9.567122044664012037e+01 -5.370427960114843913e+00
9.567575742299743524e+01 -5.364003446311047973e+00
9.568029439935473590e+01 -5.363747545597547628e+00
9.568483137571205077e+01 -5.369562059085334127e+00
9.568936835206936564e+01 -5.373712880215025578e+00
9.569390532842668051e+01 -5.387179808554354743e+00
9.569844230478399538e+01 -5.409439980347828580e+00
9.570297928114129604e+01 -5.406016459714486189e+00
9.570751625749861091e+01 -5.386008261557303278e+00
9.571205323385592578e+01 -5.382732398652069428e+00
9.571659021021324065e+01 -5.352968354758386837e+00
9.572112718657055552e+01 -5.342756569609575124e+00
9.572566416292785618e+01 -5.337154154726089672e+00
9.573020113928517105e+01 -5.327029858371505000e+00
9.573473811564248592e+01 -5.300720194003204710e+00
9.573927509199980079e+01 -5.321291677015911326e+00
9.574381206835711566e+01 -5.337315287751088988e+00
9.574834904471441632e+01 -5.358506076159423870e+00
9.575288602107173119e+01 -5.364609044650084257e+00
9.575742299742904606e+01 -5.360555054508509443e+00
9.576195997378636093e+01 -5.369501328335874568e+00
9.576649695014367580e+01 -5.351246867961991782e+00
9.577103392650099067e+01 -5.352287995120750708e+00
9.577557090285829133e+01 -5.329868767516467543e+00
9.578010787921560620e+01 -5.315713044863879411e+00
9.578464485557292107e+01 -5.289062952818263774e+00
9.578918183193023594e+01 -5.287944317667584215e+00
9.579371880828753660e+01 -5.291773147714683212e+00
9.579825578464485147e+01 -5.256295359645849707e+00
9.580279276100216634e+01 -5.256650643022957148e+00
9.580732973735948121e+01 -5.234775522182936847e+00
9.581186671371679608e+01 -5.224895025221718114e+00
9.581640369007411095e+01 -5.216934016898830961e+00
9.582094066643141161e+01 -5.223208500236738772e+00
9.582547764278872648e+01 -5.234169961081590827e+00
9.583001461914604135e+01 -5.224799791692498196e+00
9.583455159550335622e+01 -5.274611344094274124e+00
9.583908857186067110e+01 -5.281019311503396985e+00
9.584362554821797175e+01 -5.284139395079920476e+00
9.584816252457528662e+01 -5.307040580493533000e+00
9.585269950093260150e+01 -5.349959891045762639e+00
9.585723647728991637e+01 -5.337828276817428552e+00
9.586177345364723124e+01 -5.329479390262191529e+00
9.586631043000453190e+01 -5.304702126494512449e+00
9.587084740636184677e+01 -5.309252086002351767e+00
9.587538438271916164e+01 -5.288603663096785645e+00
9.587992135907647651e+01 -5.307819181043223367e+00
9.588445833543379138e+01 -5.319102811801235120e+00
9.588899531179109204e+01 -5.309813906564977870e+00
9.589353228814840691e+01 -5.317134398279032226e+00
9.589806926450572178e+01 -5.340130235559310101e+00
9.590260624086303665e+01 -5.365727609092454387e+00
9.590714321722035152e+01 -5.359502891700537397e+00
9.591168019357765218e+01 -5.365453785390357666e+00
9.591621716993496705e+01 -5.361514826607939987e+00
9.592075414629228192e+01 -5.350000924356270282e+00
9.592529112264959679e+01 -5.313709764850513828e+00
9.592982809900691166e+01 -5.331232917486163458e+00
9.593436507536421232e+01 -5.333436895013388579e+00
9.593890205172152719e+01 -5.326134076802422790e+00
9.594343902807884206e+01 -5.340179262118677883e+00
9.594797600443615693e+01 -5.354802522057670267e+00
9.595251298079347180e+01 -5.335286825473815497e+00
9.595704995715078667e+01 -5.317033648419367431e+00
9.596158693350808733e+01 -5.321074982743772885e+00
9.596612390986540220e+01 -5.288494354675173703e+00
9.597066088622271707e+01 -5.267018020512462151e+00
9.597519786258003194e+01 -5.258264144683012731e+00
9.597973483893733260e+01 -5.253366654370102751e+00
9.598427181529464747e+01 -5.292370104386936447e+00
9.598880879165196234e+01 -5.297496337831309354e+00
9.599334576800927721e+01 -5.323521313730167570e+00
9.599788274436659208e+01 -5.319680453242191298e+00
9.600241972072390695e+01 -5.314125745537293000e+00
9.600695669708120761e+01 -5.286640413844020614e+00
9.601149367343852248e+01 -5.247599277358689029e+00
9.601603064979583735e+01 -5.225514943162875348e+00
9.602056762615315222e+01 -5.229370576363822742e+00
9.602510460251046709e+01 -5.232753878662992797e+00
9.602964157886776775e+01 -5.266851129563256073e+00
9.603417855522508262e+01 -5.260645519031410089e+00
9.603871553158239749e+01 -5.275129740600212891e+00
9.604325250793971236e+01 -5.278596516096524027e+00
9.604778948429702723e+01 -5.275263658309437886e+00
9.605232646065432789e+01 -5.264896368409738514e+00
9.605686343701164276e+01 -5.257690420062197667e+00
9.606140041336895763e+01 -5.249161660199479051e+00
9.606593738972627250e+01 -5.239343110907037193e+00
9.607047436608358737e+01 -5.231454249647989663e+00
9.607501134244088803e+01 -5.226895383837322662e+00
9.607954831879820290e+01 -5.207631763684831050e+00
9.608408529515551777e+01 -5.194618957212840726e+00
9.608862227151283264e+01 -5.199201415027052242e+00
9.609315924787014751e+01 -5.180091894734966118e+00
9.609769622422744817e+01 -5.188177947744235574e+00
9.610223320058476304e+01 -5.168051070472520436e+00
9.610677017694207791e+01 -5.178234960416284949e+00
9.611130715329939278e+01 -5.167404474985535678e+00
9.611584412965670765e+01 -5.156796450599906656e+00
9.612038110601400831e+01 -5.163534204527472582e+00
9.612491808237132318e+01 -5.166512891860791434e+00
9.612945505872863805e+01 -5.178338376841278290e+00
9.613399203508595292e+01 -5.172118830547518087e+00
9.613852901144326779e+01 -5.186677135555851414e+00
9.614306598780056845e+01 -5.164467173545318701e+00
9.614760296415788332e+01 -5.165299660357540290e+00
9.615213994051519819e+01 -5.172581545233135181e+00
9.615667691687251306e+01 -5.161732392679960313e+00
9.616121389322982793e+01 -5.185783566676889222e+00
9.616575086958712859e+01 -5.169844924693696164e+00
9.617028784594444346e+01 -5.185425796286605049e+00
9.617482482230175833e+01 -5.194675131390956047e+00
9.617936179865907320e+01 -5.196934864655121444e+00
9.618389877501638807e+01 -5.213444418178744044e+00
9.618843575137370294e+01 -5.189354464395753652e+00
9.619297272773100360e+01 -5.183727881361699374e+00
9.619750970408831847e+01 -5.178873316566893870e+00
9.620204668044563334e+01 -5.162983252361125430e+00
9.620658365680294821e+01 -5.152585770531040943e+00
9.621112063316026308e+01 -5.157460103357744963e+00
9.621565760951756374e+01 -5.191924946692926035e+00
9.622019458587487861e+01 -5.184331160921249904e+00
9.622473156223219348e+01 -5.196344345969627909e+00
9.622926853858950835e+01 -5.209711140628686010e+00
9.623380551494682322e+01 -5.229213051027413961e+00
9.623834249130412388e+01 -5.221594056457925070e+00
9.624287946766143875e+01 -5.181391889243630366e+00
9.624741644401875362e+01 -5.177533173019649659e+00
9.625195342037606849e+01 -5.176447088841333866e+00
9.625649039673338336e+01 -5.191866700421263303e+00
9.626102737309068402e+01 -5.177029625459242723e+00
9.626556434944799889e+01 -5.154771115413963045e+00
9.627010132580531376e+01 -5.145443140760717959e+00
9.627463830216262863e+01 -5.136684232375238857e+00
9.627917527851994350e+01 -5.107708381605394976e+00
9.628371225487724416e+01 -5.142494746895764024e+00
9.628824923123455903e+01 -5.117257048541561382e+00
9.629278620759187390e+01 -5.123160637785179716e+00
9.629732318394918877e+01 -5.111131220378728912e+00
9.630186016030650364e+01 -5.110300515977201030e+00
9.630639713666380430e+01 -5.131099668083207277e+00
9.631093411302111917e+01 -5.131576598565484204e+00
9.631547108937843404e+01 -5.147588325718547075e+00
9.632000806573574891e+01 -5.136245124348737257e+00
9.632454504209306378e+01 -5.151219144292858765e+00
9.632908201845036444e+01 -5.158497383659502056e+00
9.633361899480767931e+01 -5.153068928857458708e+00
9.633815597116499418e+01 -5.109825920743826799e+00
9.634269294752230905e+01 -5.061436792914002503e+00
9.634722992387962393e+01 -5.058373352505155296e+00
9.635176690023692458e+01 -5.052228487007879743e+00
9.635630387659423945e+01 -5.036097176746266335e+00
9.636084085295155433e+01 -5.019193544292934739e+00
9.636537782930886920e+01 -5.022420753157539330e+00
9.636991480566618407e+01 -5.026964971662599702e+00
9.637445178202349894e+01 -5.075226259730269085e+00
9.637898875838079960e+01 -5.052854357581649580e+00
9.638352573473811447e+01 -5.062177911691574828e+00
9.638806271109542934e+01 -5.059072598001264964e+00
9.639259968745274421e+01 -5.060527818773854491e+00
9.639713666381004487e+01 -5.049944340568015555e+00
9.640167364016735974e+01 -5.029733508581032631e+00
9.640621061652467461e+01 -5.002328279692433988e+00
9.641074759288198948e+01 -5.016609866424744268e+00
9.641528456923930435e+01 -4.988818044048869638e+00
9.641982154559661922e+01 -4.977608315721409937e+00
9.642435852195391988e+01 -4.985919361766856461e+00
9.642889549831123475e+01 -4.988795086595814610e+00
9.643343247466854962e+01 -4.977620562994995446e+00
9.643796945102586449e+01 -4.969642271310831916e+00
9.644250642738317936e+01 -4.996473334823241075e+00
9.644704340374048002e+01 -4.977316116845077687e+00
9.645158038009779489e+01 -4.977370546087272807e+00
9.645611735645510976e+01 -4.941160580486958054e+00
9.646065433281242463e+01 -4.920385292027926738e+00
9.646519130916973950e+01 -4.889828614162957443e+00
9.646972828552704016e+01 -4.861303760661813023e+00
9.647426526188435503e+01 -4.834207029595007477e+00
9.647880223824166990e+01 -4.819992169198650700e+00
9.648333921459898477e+01 -4.810903385631197793e+00
9.648787619095629964e+01 -4.802003722864516710e+00
9.649241316731360030e+01 -4.795090366461044695e+00
9.649695014367091517e+01 -4.789276484318235383e+00
9.650148712002823004e+01 -4.820372012643404425e+00
9.650602409638554491e+01 -4.816800639390937278e+00
9.651056107274285978e+01 -4.795686124984407606e+00
9.651509804910016044e+01 -4.793279913566047767e+00
9.651963502545747531e+01 -4.768719893236645468e+00
9.652417200181479018e+01 -4.755932507696010170e+00
9.652870897817210505e+01 -4.737657522554736822e+00
9.653324595452941992e+01 -4.705398542399856332e+00
9.653778293088672058e+01 -4.684866669336091860e+00
9.654231990724403545e+01 -4.669456968049640722e+00
9.654685688360135032e+01 -4.674381264780138601e+00
9.655139385995866519e+01 -4.672161974185563338e+00
9.655593083631598006e+01 -4.669052813858554529e+00
9.656046781267329493e+01 -4.659740087936782515e+00
9.656500478903059559e+01 -4.629100074768826900e+00
9.656954176538791046e+01 -4.638872942913057074e+00
9.657407874174522533e+01 -4.614069012597238562e+00
9.657861571810254020e+01 -4.601386816860818740e+00
9.658315269445984086e+01 -4.575758033161581473e+00
9.658768967081715573e+01 -4.568833391215674666e+00
9.659222664717447060e+01 -4.588291593492770382e+00
9.659676362353178547e+01 -4.563258233428299171e+00
9.660130059988910034e+01 -4.575642120997561513e+00
9.660583757624641521e+01 -4.566704083175430640e+00
9.661037455260371587e+01 -4.569955763963834627e+00
9.661491152896103074e+01 -4.540757615727155638e+00
9.661944850531834561e+01 -4.543020528156176852e+00
9.662398548167566048e+01 -4.530279595824429961e+00
9.662852245803297535e+01 -4.515425788742668978e+00
9.663305943439027601e+01 -4.480883988705147480e+00
9.663759641074759088e+01 -4.447024947931227601e+00
9.664213338710490575e+01 -4.419537686277892341e+00
9.664667036346222062e+01 -4.387030190735163870e+00
9.665120733981953549e+01 -4.369957923566781588e+00
9.665574431617683615e+01 -4.338071078480240317e+00
9.666028129253415102e+01 -4.306724071029099044e+00
9.666481826889146589e+01 -4.299542454815500570e+00
9.666935524524878076e+01 -4.300083578950010477e+00
9.667389222160609563e+01 -4.311987389215337529e+00
9.667842919796339629e+01 -4.318546857221519986e+00
9.668296617432071116e+01 -4.326707374465368794e+00
9.668750315067802603e+01 -4.317534073833081187e+00
9.669204012703534090e+01 -4.297242884530874996e+00
9.669657710339265577e+01 -4.290318588937681810e+00
9.670111407974995643e+01 -4.276338241608239166e+00
9.670565105610727130e+01 -4.263029005639315194e+00
9.671018803246458617e+01 -4.252571895609529307e+00
9.671472500882190104e+01 -4.242273446898816580e+00
9.671926198517921591e+01 -4.235155236049148897e+00
9.672379896153651657e+01 -4.215798304548955322e+00
9.672833593789383144e+01 -4.214526345687950482e+00
9.673287291425114631e+01 -4.223357267120696257e+00
9.673740989060846118e+01 -4.196069695407826927e+00
9.674194686696577605e+01 -4.177202394368411120e+00
9.674648384332309092e+01 -4.146993136840724681e+00
9.675102081968039158e+01 -4.112891461127803794e+00
9.675555779603770645e+01 -4.083710112080320087e+00
9.676009477239502132e+01 -4.057830206535810724e+00
9.676463174875233619e+01 -4.051054608865236162e+00
9.676916872510963685e+01 -4.027648586959290178e+00
9.677370570146695172e+01 -4.021898394549186406e+00
9.677824267782426659e+01 -3.992774146082722186e+00
9.678277965418158146e+01 -3.969609042749164818e+00
9.678731663053889633e+01 -3.948553644891365622e+00
9.679185360689621120e+01 -3.921143859193605863e+00
9.679639058325351186e+01 -3.928367103649499814e+00
9.680092755961082673e+01 -3.931057727915981737e+00
9.680546453596814160e+01 -3.945477216976192913e+00
9.681000151232545647e+01 -3.936819578220812410e+00
9.681453848868277134e+01 -3.934382190939963220e+00
9.681907546504007200e+01 -3.944332751640346135e+00
9.682361244139738687e+01 -3.916918505696252772e+00
9.682814941775470174e+01 -3.879164277755373647e+00
9.683268639411201661e+01 -3.877440968214375339e+00
9.683722337046933148e+01 -3.833987622264201089e+00
9.684176034682663214e+01 -3.853074935793384892e+00
9.684629732318394701e+01 -3.808991692327744705e+00
9.685083429954126188e+01 -3.808413618878423001e+00
9.685537127589857676e+01 -3.814453686238947316e+00
9.685990825225589163e+01 -3.818742125828194389e+00
9.686444522861319228e+01 -3.817029911931332009e+00
9.686898220497050715e+01 -3.801735504022590195e+00
9.687351918132782203e+01 -3.789018869489911179e+00
9.687805615768513690e+01 -3.770279816010519980e+00
9.688259313404245177e+01 -3.738100765346429100e+00
9.688713011039975243e+01 -3.733595838140472800e+00
9.689166708675706730e+01 -3.757105076919414977e+00
9.689620406311438217e+01 -3.749589994741207022e+00
9.690074103947169704e+01 -3.725184573531259868e+00
9.690527801582901191e+01 -3.694734619323552849e+00
9.690981499218631257e+01 -3.697384522495456238e+00
9.691435196854362744e+01 -3.641774444987741166e+00
9.691888894490094231e+01 -3.632011337410635754e+00
9.692342592125825718e+01 -3.579320332189963594e+00
9.692796289761557205e+01 -3.548197614223676410e+00
9.693249987397288692e+01 -3.524222092658094940e+00
9.693703685033018758e+01 -3.532369597107936965e+00
9.694157382668750245e+01 -3.524146952014135969e+00
9.694611080304481732e+01 -3.502455099610232825e+00
9.695064777940213219e+01 -3.482687212556978107e+00
9.695518475575943285e+01 -3.498322764945661412e+00
9.695972173211674772e+01 -3.503220968389437751e+00
9.696425870847406259e+01 -3.507002210829693656e+00
9.696879568483137746e+01 -3.503874726834514064e+00
9.697333266118869233e+01 -3.467088079307778514e+00
9.697786963754600720e+01 -3.439887020887591795e+00
9.698240661390330786e+01 -3.436555259844038979e+00
9.698694359026062273e+01 -3.433570819434333288e+00
9.699148056661793760e+01 -3.433868543035034193e+00
9.699601754297525247e+01 -3.421085930483668047e+00
9.700055451933256734e+01 -3.393627723789360839e+00
9.700509149568986800e+01 -3.399793377637184921e+00
9.700962847204718287e+01 -3.373520420152286370e+00
9.701416544840449774e+01 -3.391179912137830765e+00
9.701870242476181261e+01 -3.367950007561372860e+00
9.702323940111912748e+01 -3.341940668991817631e+00
9.702777637747642814e+01 -3.340235103590834420e+00
9.703231335383374301e+01 -3.339116585012704697e+00
9.703685033019105788e+01 -3.356537654211422250e+00
9.704138730654837275e+01 -3.359796027177199385e+00
9.704592428290568762e+01 -3.362803529130183211e+00
9.705046125926298828e+01 -3.366093178087697702e+00
9.705499823562030315e+01 -3.324668746061882452e+00
9.705953521197761802e+01 -3.319048238313567989e+00
9.706407218833493289e+01 -3.325862450770590950e+00
9.706860916469224776e+01 -3.301507411631265931e+00
9.707314614104954842e+01 -3.291562669543278918e+00
9.707768311740686329e+01 -3.284180457375095674e+00
9.708222009376417816e+01 -3.258151817819455953e+00
9.708675707012149303e+01 -3.240535430877950596e+00
9.709129404647880790e+01 -3.196357467659665552e+00
9.709583102283610856e+01 -3.186139790289981732e+00
9.710036799919342343e+01 -3.139692772742745053e+00
9.710490497555073830e+01 -3.155366487568524114e+00
9.710944195190805317e+01 -3.155039028579196270e+00
9.711397892826536804e+01 -3.147071963162206387e+00
9.711851590462266870e+01 -3.149090604139327176e+00
9.712305288097998357e+01 -3.159353787184045359e+00
9.712758985733729844e+01 -3.160423510457221585e+00
9.713212683369461331e+01 -3.158740235639197813e+00
9.713666381005192818e+01 -3.119661964469148341e+00
9.714120078640922884e+01 -3.081747279434845499e+00
9.714573776276654371e+01 -3.052197579803915595e+00
9.715027473912385858e+01 -3.037253080338810918e+00
9.715481171548117345e+01 -3.068843085985546448e+00
9.715934869183848832e+01 -3.073235854609128737e+00
9.716388566819580319e+01 -3.067865769574706025e+00
9.716842264455310385e+01 -3.045422934452414854e+00
9.717295962091041872e+01 -3.009028933970765429e+00
9.717749659726773359e+01 -2.998195343339372876e+00
9.718203357362504846e+01 -2.986518293991580641e+00
9.718657054998234912e+01 -2.982706253313722300e+00
9.719110752633966399e+01 -2.988820398419004487e+00
9.719564450269697886e+01 -3.002532032558913766e+00
9.720018147905429373e+01 -2.984198503471772401e+00
9.720471845541160860e+01 -2.968845160704527864e+00
9.720925543176892347e+01 -2.922363564037805617e+00
9.721379240812622413e+01 -2.884529263467638049e+00
9.721832938448353900e+01 -2.893963779890408983e+00
9.722286636084085387e+01 -2.891477226826985714e+00
9.722740333719816874e+01 -2.895705443056890704e+00
9.723194031355548361e+01 -2.881359723959032948e+00
9.723647728991278427e+01 -2.857231747100325236e+00
9.724101426627009914e+01 -2.847840694217086632e+00
9.724555124262741401e+01 -2.824799335805074474e+00
9.725008821898472888e+01 -2.785010381766847232e+00
9.725462519534204375e+01 -2.737042483489326994e+00
9.725916217169934441e+01 -2.721344423013712710e+00
9.726369914805665928e+01 -2.735292816404727212e+00
9.726823612441397415e+01 -2.743491951630098402e+00
9.727277310077128902e+01 -2.741011838221013797e+00
9.727731007712860389e+01 -2.761500575921284728e+00
9.728184705348590455e+01 -2.763640947748820853e+00
9.728638402984321942e+01 -2.756141803689841741e+00
9.729092100620053429e+01 -2.752747731770946338e+00
9.729545798255784916e+01 -2.740034686540956166e+00
9.729999495891516403e+01 -2.716865788156516359e+00
9.730453193527246469e+01 -2.687152313928867997e+00
9.730906891162977956e+01 -2.676823026196691657e+00
9.731360588798709443e+01 -2.662686292753712269e+00
9.731814286434440930e+01 -2.663899143913600387e+00
9.732267984070172417e+01 -2.685663267978076529e+00
9.732721681705902483e+01 -2.690605589906582829e+00
9.733175379341633970e+01 -2.688154775091756488e+00
9.733629076977365457e+01 -2.649409012145499176e+00
9.734082774613096944e+01 -2.631442286370869077e+00
9.734536472248828431e+01 -2.642916183159459642e+00
9.734990169884559919e+01 -2.617206356464152339e+00
9.735443867520289984e+01 -2.630653342939142103e+00
9.735897565156021471e+01 -2.612676347550203282e+00
9.736351262791752958e+01 -2.598862029306556298e+00
9.736804960427484446e+01 -2.573451136116513549e+00
9.737258658063214511e+01 -2.528732659690201334e+00
9.737712355698945998e+01 -2.511797608691225925e+00
9.738166053334677486e+01 -2.504857476691610074e+00
9.738619750970408973e+01 -2.508055832438959687e+00
9.739073448606140460e+01 -2.494218779336615288e+00
9.739527146241871947e+01 -2.456119143436948704e+00
9.739980843877602013e+01 -2.444263637490128538e+00
9.740434541513333500e+01 -2.428279152222371895e+00
9.740888239149064987e+01 -2.432867040809613357e+00
9.741341936784796474e+01 -2.429652265498144725e+00
9.741795634420527961e+01 -2.426192821103639208e+00
9.742249332056258027e+01 -2.407532138426478063e+00
9.742703029691989514e+01 -2.373630741654372489e+00
9.743156727327721001e+01 -2.366486208739809971e+00
9.743610424963452488e+01 -2.358600046101992476e+00
9.744064122599183975e+01 -2.329541887807325296e+00
9.744517820234914041e+01 -2.326175613024546784e+00
9.744971517870645528e+01 -2.326210564953475668e+00
9.745425215506377015e+01 -2.338475990645555669e+00
9.745878913142108502e+01 -2.356231851054543025e+00
9.746332610777839989e+01 -2.326106912847922370e+00
9.746786308413570055e+01 -2.327272231400245417e+00
9.747240006049301542e+01 -2.304080402239089942e+00
9.747693703685033029e+01 -2.279934220002322931e+00
9.748147401320764516e+01 -2.293274324351436633e+00
9.748601098956496003e+01 -2.280560694780704001e+00
9.749054796592226069e+01 -2.287792119423365467e+00
9.749508494227957556e+01 -2.298174420354681668e+00
9.749962191863689043e+01 -2.304974321771118717e+00
9.750415889499420530e+01 -2.298375007115105451e+00
9.750869587135152017e+01 -2.321984380414230387e+00
9.751323284770882083e+01 -2.305362875619671570e+00
9.751776982406613570e+01 -2.299453737625980487e+00
9.752230680042345057e+01 -2.294497380204850501e+00
9.752684377678076544e+01 -2.283330833547678740e+00
9.753138075313808031e+01 -2.302823945163140706e+00
9.753591772949539518e+01 -2.288388945132079577e+00
9.754045470585269584e+01 -2.305904821122657822e+00
9.754499168221001071e+01 -2.280475540131262857e+00
9.754952865856732558e+01 -2.275759101626800618e+00
9.755406563492464045e+01 -2.240657034379411439e+00
9.755860261128194111e+01 -2.200762499219511170e+00
9.756313958763925598e+01 -2.211930821618297571e+00
9.756767656399657085e+01 -2.181244952560888350e+00
9.757221354035388572e+01 -2.147236150382719089e+00
9.757675051671120059e+01 -2.127668690302974230e+00
9.758128749306851546e+01 -2.120380584597492124e+00
9.758582446942581612e+01 -2.091649990757304511e+00
9.759036144578313099e+01 -2.089185202592395374e+00
9.759489842214044586e+01 -2.053403223417293422e+00
9.759943539849776073e+01 -2.050587067640230021e+00
9.760397237485507560e+01 -2.021006788920798769e+00
9.760850935121237626e+01 -2.002467226906248232e+00
9.761304632756969113e+01 -2.013552144041149461e+00
9.761758330392700600e+01 -2.011565798103231550e+00
9.762212028028432087e+01 -2.008825093649539095e+00
9.762665725664163574e+01 -2.000986878475913500e+00
9.763119423299893640e+01 -2.007609300441600908e+00
9.763573120935625127e+01 -1.993488612625119227e+00
9.764026818571356614e+01 -1.977598766705557010e+00
9.764480516207088101e+01 -1.983153881288464371e+00
9.764934213842819588e+01 -1.984628682601176752e+00
9.765387911478549654e+01 -1.967205055188453233e+00
9.765841609114281141e+01 -1.951261891062484155e+00
9.766295306750012628e+01 -1.930266134152841317e+00
9.766749004385744115e+01 -1.869553847799727997e+00
9.767202702021475602e+01 -1.884977386055732396e+00
9.767656399657205668e+01 -1.836317768507567783e+00
9.768110097292937155e+01 -1.818011623134674126e+00
9.768563794928668642e+01 -1.808115105226899555e+00
9.769017492564400129e+01 -1.798854050711157671e+00
9.769471190200131616e+01 -1.786748956168469515e+00
9.769924887835861682e+01 -1.779188431460107189e+00
9.770378585471593169e+01 -1.781222693832299919e+00
9.770832283107324656e+01 -1.743829264559234593e+00
9.771285980743056143e+01 -1.724208681431665946e+00
9.771739678378787630e+01 -1.683155217540823312e+00
9.772193376014519117e+01 -1.678966244216677506e+00
9.772647073650249183e+01 -1.634943967350158012e+00
9.773100771285980670e+01 -1.632354604925095432e+00
9.773554468921712157e+01 -1.620655241007033842e+00
9.774008166557443644e+01 -1.575401928040841337e+00
9.774461864193173710e+01 -1.558679670601882394e+00
9.774915561828905197e+01 -1.559341797737372026e+00
9.775369259464636684e+01 -1.562223085568041014e+00
9.775822957100368171e+01 -1.585185891847760375e+00
9.776276654736099658e+01 -1.564438568670482255e+00
9.776730352371831145e+01 -1.523922423458418551e+00
9.777184050007561211e+01 -1.522747919596287414e+00
9.777637747643292698e+01 -1.497333088843350923e+00
9.778091445279024185e+01 -1.503686678508752150e+00
9.778545142914755672e+01 -1.501541049031648312e+00
9.778998840550487159e+01 -1.508297482556152813e+00
9.779452538186217225e+01 -1.480623186617646025e+00
9.779906235821948712e+01 -1.481688252080469503e+00
9.780359933457680199e+01 -1.463455894780383293e+00
9.780813631093411686e+01 -1.436227559045258229e+00
9.781267328729143173e+01 -1.397291756621670711e+00
9.781721026364873239e+01 -1.366549405302522002e+00
9.782174724000604726e+01 -1.345988858595090987e+00
9.782628421636336213e+01 -1.340468960790552444e+00
9.783082119272067700e+01 -1.338499897635275326e+00
9.783535816907799187e+01 -1.339535282281054007e+00
9.783989514543529253e+01 -1.317794432972276608e+00
9.784443212179260740e+01 -1.288177559549754880e+00
9.784896909814992227e+01 -1.273830589827960935e+00
9.785350607450723714e+01 -1.257664155233527259e+00
9.785804305086455201e+01 -1.223218882617477465e+00
9.786258002722185267e+01 -1.244496096513326266e+00
9.786711700357916754e+01 -1.264314776644056337e+00
9.787165397993648241e+01 -1.281028007887148545e+00
9.787619095629379729e+01 -1.275130270670817856e+00
9.788072793265111216e+01 -1.261550217648283123e+00
9.788526490900841281e+01 -1.235259565827362405e+00
9.788980188536572768e+01 -1.245878721559161573e+00
9.789433886172304256e+01 -1.214325230459379013e+00
9.789887583808035743e+01 -1.182901499025272862e+00
9.790341281443767230e+01 -1.145197999111015053e+00
9.790794979079497296e+01 -1.115508445046628605e+00
9.791248676715228783e+01 -1.120160683145371205e+00
9.791702374350960270e+01 -1.112264218738046706e+00
9.792156071986691757e+01 -1.107218173419024732e+00
9.792609769622423244e+01 -1.072422043940379544e+00
9.793063467258153310e+01 -1.063979055679196373e+00
9.793517164893884797e+01 -1.061553842869993991e+00
9.793970862529616284e+01 -1.000932815431645473e+00
9.794424560165347771e+01 -1.002931155556737730e+00
9.794878257801079258e+01 -9.733868063701125450e-01
9.795331955436810745e+01 -9.799389444798654036e-01
9.795785653072540811e+01 -9.715462831187482440e-01
9.796239350708272298e+01 -9.791878195365160131e-01
9.796693048344003785e+01 -1.007794224373594894e+00
9.797146745979735272e+01 -1.000517081546621556e+00
9.797600443615466759e+01 -9.666017869265552953e-01
9.798054141251196825e+01 -9.372423296814120786e-01
9.798507838886928312e+01 -9.003527487461884249e-01
9.798961536522659799e+01 -8.685440631964472802e-01
9.799415234158391286e+01 -8.663379388455836327e-01
9.799868931794122773e+01 -8.678835715067318990e-01
9.800322629429852839e+01 -8.907211964896178946e-01
9.800776327065584326e+01 -8.923308928932630613e-01
9.801230024701315813e+01 -8.908079405833118081e-01
9.801683722337047300e+01 -8.627192856744294591e-01
9.802137419972778787e+01 -8.674673568100870202e-01
9.802591117608508853e+01 -8.387212311521704544e-01
9.803044815244240340e+01 -8.523453451667917236e-01
9.803498512879971827e+01 -8.352961303114144753e-01
9.803952210515703314e+01 -8.082350269403957288e-01
9.804405908151434801e+01 -7.590677559841043642e-01
9.804859605787164867e+01 -7.285725137842730126e-01
9.805313303422896354e+01 -6.923069602099056752e-01
9.805767001058627841e+01 -6.655336770338221575e-01
9.806220698694359328e+01 -6.716595257255010276e-01
9.806674396330090815e+01 -6.777972761632192755e-01
9.807128093965820881e+01 -6.632975478658305057e-01
9.807581791601552368e+01 -6.457965147068024381e-01
9.808035489237283855e+01 -6.621044325128822017e-01
9.808489186873015342e+01 -6.410805919929937202e-01
9.808942884508746829e+01 -6.362371960187916953e-01
9.809396582144478316e+01 -6.069876128127842385e-01
9.809850279780208382e+01 -6.237328912312850582e-01
9.810303977415939869e+01 -6.106542794487254122e-01
9.810757675051671356e+01 -6.053780508618427092e-01
9.811211372687402843e+01 -5.866964581711697768e-01
9.811665070323132909e+01 -5.783737227592264940e-01
9.812118767958864396e+01 -5.328666473407602799e-01
9.812572465594595883e+01 -4.954677876441820894e-01
9.813026163230327370e+01 -4.804558299664706822e-01
9.813479860866058857e+01 -4.765216323853412872e-01
9.813933558501790344e+01 -4.958096823425002797e-01
9.814387256137520410e+01 -4.929803354589054054e-01
9.814840953773251897e+01 -4.807581540908945628e-01
9.815294651408983384e+01 -4.677833643121809271e-01
9.815748349044714871e+01 -4.587872430988561567e-01
9.816202046680444937e+01 -4.564957507545820414e-01
9.816655744316176424e+01 -4.743742626043878086e-01
9.817109441951907911e+01 -4.527376101650421036e-01
9.817563139587639398e+01 -4.725111177887268421e-01
9.818016837223370885e+01 -4.278043714379937135e-01
9.818470534859102372e+01 -3.892581129969137632e-01
9.818924232494832438e+01 -3.779796059812168263e-01
9.819377930130563925e+01 -3.427142302228949888e-01
9.819831627766295412e+01 -3.265318625288265997e-01
9.820285325402026899e+01 -3.103473157645571523e-01
9.820739023037758386e+01 -3.073586278481927336e-01
9.821192720673488452e+01 -3.335609246296885599e-01
9.821646418309219939e+01 -3.328635086519158293e-01
9.822100115944951426e+01 -3.251481359525730253e-01
9.822553813580682913e+01 -2.889772683073030812e-01
9.823007511216414400e+01 -2.889610512391438402e-01
9.823461208852144466e+01 -2.837159972119859264e-01
9.823914906487875953e+01 -2.660940408139463309e-01
9.824368604123607440e+01 -2.424937839003722395e-01
9.824822301759338927e+01 -2.311576701061600903e-01
9.825275999395070414e+01 -1.886978683677731916e-01
9.825729697030800480e+01 -1.671169248554055242e-01
9.826183394666531967e+01 -1.804055905768576773e-01
9.826637092302263454e+01 -1.457481508442492746e-01
9.827090789937994941e+01 -1.128061483853155383e-01
9.827544487573726428e+01 -7.751008562213866637e-02
9.827998185209457915e+01 -4.750678635155702878e-02
9.828451882845187981e+01 -2.064611512908764990e-02
9.828905580480919468e+01 -3.472598448169778723e-02
9.829359278116650955e+01 -5.673016670516587562e-02
9.829812975752382442e+01 -4.698383133202695822e-02
9.830266673388112508e+01 -3.422578866077406745e-02
9.830720371023843995e+01 -3.001282437135188025e-02
9.831174068659575482e+01 -7.303146401268882648e-03
9.831627766295306969e+01 -1.187884083675248316e-02
9.832081463931038456e+01 2.099143479905364248e-02
9.832535161566769943e+01 1.923994841823964061e-02
9.832988859202500009e+01 4.189713046760078913e-02
9.833442556838231496e+01 5.367179324911696553e-02
9.833896254473962983e+01 7.402420933793814328e-02
9.834349952109694470e+01 9.925472741660112952e-02
9.834803649745424536e+01 1.315202340270678893e-01
9.835257347381156023e+01 1.608217279369942021e-01
9.835711045016887510e+01 1.774348886622649224e-01
9.836164742652618997e+01 1.603332191334236323e-01
9.836618440288350484e+01 1.554100752672584185e-01
9.837072137924081972e+01 1.561446028277854725e-01
9.837525835559812037e+01 1.150864462645422304e-01
9.837979533195543524e+01 1.473201346709353543e-01
9.838433230831275011e+01 1.702294182735406003e-01
9.838886928467006499e+01 1.994931847489840870e-01
9.839340626102736564e+01 2.181762947194456348e-01
9.839794323738468051e+01 2.447233174172422088e-01
9.840248021374199539e+01 2.527359993014512973e-01
9.840701719009931026e+01 2.544143336972524705e-01
9.841155416645662513e+01 2.834897042258929245e-01
9.841609114281394000e+01 3.276677855373532067e-01
9.842062811917124066e+01 3.359061957425016898e-01
9.842516509552855553e+01 3.282020296454849495e-01
9.842970207188587040e+01 3.405787707936607789e-01
9.843423904824318527e+01 3.050623631493081800e-01
9.843877602460050014e+01 3.185641110656949326e-01
9.844331300095780080e+01 3.165717847170858579e-01
9.844784997731511567e+01 3.219016270122355139e-01
9.845238695367243054e+01 2.934637341296374435e-01
9.845692393002974541e+01 3.084461932326122424e-01
9.846146090638706028e+01 2.994934570111130179e-01
9.846599788274436094e+01 2.950562253148962255e-01
9.847053485910167581e+01 3.139409148653254933e-01
9.847507183545899068e+01 3.015566737495387062e-01
9.847960881181630555e+01 3.007429630266368337e-01
9.848414578817362042e+01 3.026856574594137261e-01
9.848868276453092108e+01 3.171852270352303327e-01
9.849321974088823595e+01 3.079636696359653314e-01
9.849775671724555082e+01 3.244038291150423414e-01
9.850229369360286569e+01 2.998230553437117862e-01
9.850683066996018056e+01 2.794422179779603721e-01
9.851136764631749543e+01 2.865479427851762573e-01
9.851590462267479609e+01 3.078966017296268509e-01
9.852044159903211096e+01 3.434882013555871083e-01
9.852497857538942583e+01 3.356229242389345280e-01
9.852951555174674070e+01 3.552638159310658184e-01
9.853405252810404136e+01 3.412244838550173576e-01
9.853858950446135623e+01 3.325449963051837488e-01
9.854312648081867110e+01 3.304110992717616546e-01
9.854766345717598597e+01 3.528196888210425319e-01
9.855220043353330084e+01 3.733379331336685314e-01
9.855673740989061571e+01 3.881203787764896940e-01
9.856127438624791637e+01 4.014708554309909805e-01
9.856581136260523124e+01 3.861216999179741260e-01
9.857034833896254611e+01 3.769990721437469494e-01
9.857488531531986098e+01 3.550581319111414946e-01
9.857942229167716164e+01 4.041571011829171445e-01
9.858395926803447651e+01 4.264062232431566346e-01
9.858849624439179138e+01 4.706410832671027999e-01
9.859303322074910625e+01 5.008902572931408503e-01
9.859757019710642112e+01 4.983656046263178485e-01
9.860210717346373599e+01 4.941125914136982322e-01
9.860664414982103665e+01 5.047173258511495897e-01
9.861118112617835152e+01 4.889621496231724151e-01
9.861571810253566639e+01 4.917114447054953263e-01
9.862025507889298126e+01 4.908010876780555254e-01
9.862479205525029613e+01 5.010625511416707534e-01
9.862932903160759679e+01 4.490487398195445734e-01
9.863386600796491166e+01 4.221026727355349784e-01
9.863840298432222653e+01 4.101372259732505854e-01
9.864293996067954140e+01 4.008230857187748408e-01
9.864747693703685627e+01 3.972214329536168376e-01
9.865201391339415693e+01 4.218571035680426240e-01
9.865655088975147180e+01 4.294179903216144845e-01
9.866108786610878667e+01 4.582313806371848819e-01
9.866562484246610154e+01 4.736262610083270541e-01
9.867016181882341641e+01 5.024855832065904249e-01
9.867469879518071707e+01 5.158226115663161471e-01
9.867923577153803194e+01 5.280437449855230891e-01
9.868377274789534681e+01 5.845345538854772593e-01
9.868830972425266168e+01 6.031133711161277278e-01
9.869284670060997655e+01 6.145883146106169148e-01
9.869738367696729142e+01 6.209026145484523029e-01
9.870192065332459208e+01 6.353476522975790575e-01
9.870645762968190695e+01 6.499290883328555646e-01
9.871099460603922182e+01 6.396100282477454879e-01
9.871553158239653669e+01 6.678679383802488267e-01
9.872006855875383735e+01 6.539635805190135986e-01
9.872460553511115222e+01 6.422391486988940912e-01
9.872914251146846709e+01 6.357719522483682439e-01
9.873367948782578196e+01 6.731716995067301701e-01
9.873821646418309683e+01 6.571885609568931530e-01
9.874275344054041170e+01 6.636525708105746046e-01
9.874729041689771236e+01 6.403805894831585688e-01
9.875182739325502723e+01 6.538443422945103833e-01
9.875636436961234210e+01 6.572287754495230727e-01
9.876090134596965697e+01 6.381669047930884631e-01
9.876543832232695763e+01 6.597467113819875939e-01
9.876997529868427250e+01 6.567724065936250133e-01
9.877451227504158737e+01 6.612685782269351886e-01
9.877904925139890224e+01 7.097393466017997143e-01
9.878358622775621711e+01 7.200777350406033506e-01
9.878812320411353198e+01 7.638698804709688206e-01
9.879266018047083264e+01 7.577616885685136694e-01
9.879719715682814751e+01 7.759157211109594110e-01
9.880173413318546238e+01 7.903669647558869693e-01
9.880627110954277725e+01 8.053035061308956299e-01
9.881080808590009212e+01 8.026310174522689467e-01
9.881534506225739278e+01 8.151251763805351658e-01
9.881988203861470765e+01 8.134098815822706774e-01
9.882441901497202252e+01 8.333607719664239966e-01
9.882895599132933739e+01 8.226550201723574762e-01
9.883349296768665226e+01 8.375776779897963209e-01
9.883802994404395292e+01 8.759416494996568048e-01
9.884256692040126779e+01 8.544404781834751272e-01
9.884710389675858266e+01 8.613861707977322757e-01
9.885164087311589753e+01 8.529752724337896774e-01
9.885617784947321240e+01 8.263230885972904227e-01
9.886071482583051306e+01 8.548698057071417722e-01
9.886525180218782793e+01 8.623229693929015394e-01
9.886978877854514280e+01 8.659984589841202007e-01
9.887432575490245767e+01 8.385230660601169506e-01
9.887886273125977254e+01 8.325327562030430117e-01
9.888339970761708742e+01 8.753234197362634861e-01
9.888793668397438807e+01 8.770681268016783383e-01
9.889247366033170294e+01 8.810956126360648399e-01
9.889701063668901782e+01 9.021481051943707197e-01
9.890154761304633269e+01 9.352546832021961798e-01
9.890608458940363334e+01 9.337500357092007874e-01
9.891062156576094822e+01 9.417895079726625873e-01
9.891515854211826309e+01 9.584164499457321629e-01
9.891969551847557796e+01 9.489975839732933682e-01
9.892423249483289283e+01 9.425649188074007867e-01
9.892876947119020770e+01 9.594452510310366167e-01
9.893330644754750836e+01 9.740120305557802283e-01
9.893784342390482323e+01 9.984232002582849042e-01
9.894238040026213810e+01 1.019008030949785981e+00
9.894691737661945297e+01 1.046854048334642906e+00
9.895145435297675363e+01 1.054695587763619713e+00
9.895599132933406850e+01 1.072569539327104637e+00
9.896052830569138337e+01 1.068859444684990834e+00
9.896506528204869824e+01 1.081576877808119397e+00
9.896960225840601311e+01 1.064521370166362502e+00
9.897413923476332798e+01 1.063242257486168851e+00
9.897867621112062864e+01 1.061701799024898252e+00
9.898321318747794351e+01 1.029283328437925249e+00
9.898775016383525838e+01 1.040317322645894604e+00
9.899228714019257325e+01 1.058105600764658982e+00
9.899682411654988812e+01 1.095792383195878461e+00
9.900136109290718878e+01 1.108237236570424278e+00
9.900589806926450365e+01 1.142601837334221049e+00
9.901043504562181852e+01 1.179168441186699834e+00
9.901497202197913339e+01 1.183056214997016964e+00
9.901950899833644826e+01 1.177116375861472664e+00
9.902404597469374892e+01 1.173724872562891930e+00
9.902858295105106379e+01 1.207225007699104680e+00
9.903311992740837866e+01 1.228238950816277875e+00
9.903765690376569353e+01 1.264325391843891699e+00
9.904219388012300840e+01 1.241940761484302547e+00
9.904673085648030906e+01 1.272972701109444271e+00
9.905126783283762393e+01 1.304152928815345280e+00
9.905580480919493880e+01 1.339485956968481384e+00
9.906034178555225367e+01 1.332910473155971998e+00
9.906487876190956854e+01 1.318515351559039539e+00
9.906941573826688341e+01 1.351196101753904477e+00
9.907395271462418407e+01 1.376287388554465752e+00
9.907848969098149894e+01 1.411480128267103007e+00
9.908302666733881381e+01 1.441591927049612698e+00
9.908756364369612868e+01 1.441586232309241433e+00
9.909210062005342934e+01 1.419873645477272461e+00
9.909663759641074421e+01 1.430355840719676586e+00
9.910117457276805908e+01 1.454157352695409910e+00
9.910571154912537395e+01 1.467522026267185753e+00
9.911024852548268882e+01 1.474837560167911565e+00
9.911478550184000369e+01 1.483367034038776566e+00
9.911932247819730435e+01 1.494533017698086885e+00
9.912385945455461922e+01 1.479523908804087684e+00
9.912839643091193409e+01 1.471983958161394490e+00
9.913293340726924896e+01 1.447293525300126893e+00
9.913747038362654962e+01 1.442928418143695213e+00
9.914200735998386449e+01 1.455612234058407006e+00
9.914654433634117936e+01 1.455023598698118592e+00
9.915108131269849423e+01 1.506634267279712169e+00
9.915561828905580910e+01 1.543958025347266672e+00
9.916015526541312397e+01 1.526780270046185439e+00
9.916469224177042463e+01 1.531879643033700944e+00
9.916922921812773950e+01 1.552057170589339119e+00
9.917376619448505437e+01 1.566699528568207045e+00
9.917830317084236924e+01 1.586809201340616315e+00
9.918284014719968411e+01 1.631540749867652629e+00
9.918737712355698477e+01 1.644638460513825562e+00
9.919191409991429964e+01 1.658210647053074860e+00
9.919645107627161451e+01 1.686845625612680033e+00
9.920098805262892938e+01 1.706232682432451631e+00
9.920552502898624425e+01 1.721102347194554349e+00
9.921006200534354491e+01 1.755854854536669674e+00
9.921459898170085978e+01 1.787856133093155497e+00
9.921913595805817465e+01 1.807361828260785730e+00
9.922367293441548952e+01 1.822003938052471739e+00
9.922820991077280439e+01 1.842281870745065220e+00
9.923274688713010505e+01 1.814792796304851130e+00
9.923728386348741992e+01 1.808773148720006052e+00
9.924182083984473479e+01 1.801386420923936083e+00
9.924635781620204966e+01 1.793644105998704052e+00
9.925089479255936453e+01 1.818465727538849386e+00
9.925543176891667940e+01 1.825110328610546118e+00
9.925996874527398006e+01 1.857013793664626711e+00
9.926450572163129493e+01 1.826174393391900574e+00
9.926904269798860980e+01 1.825294088566295159e+00
9.927357967434592467e+01 1.823524908605999917e+00
9.927811665070322533e+01 1.849818814084512208e+00
9.928265362706054020e+01 1.874240415806265991e+00
9.928719060341785507e+01 1.902674262486548029e+00
9.929172757977516994e+01 1.891234928885778821e+00
9.929626455613248481e+01 1.883465236725359482e+00
9.930080153248979968e+01 1.896754782062306965e+00
9.930533850884710034e+01 1.893974042660768298e+00
9.930987548520441521e+01 1.912523913772932627e+00
9.931441246156173008e+01 1.906248023945332770e+00
9.931894943791904495e+01 1.917119349026969122e+00
9.932348641427634561e+01 1.913018286189074102e+00
9.932802339063366048e+01 1.919048355121415916e+00
9.933256036699097535e+01 1.936531611028551092e+00
9.933709734334829022e+01 1.950461879612535920e+00
9.934163431970560509e+01 1.977411317037587324e+00
9.934617129606291996e+01 2.006797578389843295e+00
9.935070827242022062e+01 2.011888804299799549e+00
9.935524524877753549e+01 2.028613582629751555e+00
9.935978222513485036e+01 2.050279213329792682e+00
9.936431920149216523e+01 2.088432237724953122e+00
9.936885617784946589e+01 2.106005762549354010e+00
9.937339315420678076e+01 2.104423224943684723e+00
9.937793013056409563e+01 2.081370452949707683e+00
9.938246710692141050e+01 2.096925824262255045e+00
9.938700408327872537e+01 2.121429749109414065e+00
9.939154105963604025e+01 2.180805427826537191e+00
9.939607803599334090e+01 2.196452077082723164e+00
9.940061501235065577e+01 2.223007395321530133e+00
9.940515198870797065e+01 2.225280871010792971e+00
9.940968896506528552e+01 2.214204268394956987e+00
9.941422594142260039e+01 2.212873999949503734e+00
9.941876291777990104e+01 2.199634954208683268e+00
9.942329989413721592e+01 2.234384998711059112e+00
9.942783687049453079e+01 2.214622587318188618e+00
9.943237384685184566e+01 2.227731832063760020e+00
9.943691082320916053e+01 2.231871613227760509e+00
9.944144779956646119e+01 2.257321023307230945e+00
9.944598477592377606e+01 2.246165979795256451e+00
9.945052175228109093e+01 2.229168023549306543e+00
9.945505872863840580e+01 2.228380553833116728e+00
9.945959570499572067e+01 2.234525184559182254e+00
9.946413268135302133e+01 2.256656536712839500e+00
9.946866965771033620e+01 2.299554942263671187e+00
9.947320663406765107e+01 2.289540401614943654e+00
9.947774361042496594e+01 2.343740578233028060e+00
9.948228058678228081e+01 2.322879540043939262e+00
9.948681756313959568e+01 2.338610940492344525e+00
9.949135453949689634e+01 2.295851399728976894e+00
9.949589151585421121e+01 2.301191732409152202e+00
9.950042849221152608e+01 2.315240889979968575e+00
9.950496546856884095e+01 2.316816812395660730e+00
9.950950244492614161e+01 2.380531017864508492e+00
9.951403942128345648e+01 2.402666999191685804e+00
9.951857639764077135e+01 2.440748627148651373e+00
9.952311337399808622e+01 2.429748594965302821e+00
9.952765035035540109e+01 2.395246008398173476e+00
9.953218732671271596e+01 2.416644422724548047e+00
9.953672430307001662e+01 2.463907936130884213e+00
9.954126127942733149e+01 2.493242624596177848e+00
9.954579825578464636e+01 2.562840260678167503e+00
9.955033523214196123e+01 2.588844051064891350e+00
9.955487220849926189e+01 2.572682800652178248e+00
9.955940918485657676e+01 2.552403693631374093e+00
9.956394616121389163e+01 2.550074711712177145e+00
9.956848313757120650e+01 2.558570415796019848e+00
9.957302011392852137e+01 2.562881936024979712e+00
9.957755709028583624e+01 2.574674197015456745e+00
9.958209406664313690e+01 2.573075460486769384e+00
9.958663104300045177e+01 2.581214642473864895e+00
9.959116801935776664e+01 2.580476569089470651e+00
9.959570499571508151e+01 2.584539791454426805e+00
9.960024197207239638e+01 2.576155063921799826e+00
9.960477894842969704e+01 2.600433258607274478e+00
9.960931592478701191e+01 2.585671944009488854e+00
9.961385290114432678e+01 2.609771713289193773e+00
9.961838987750164165e+01 2.638627444890362828e+00
9.962292685385895652e+01 2.651733543707498253e+00
9.962746383021625718e+01 2.670374239295954411e+00
9.963200080657357205e+01 2.663939777758498106e+00
9.963653778293088692e+01 2.681961040949051078e+00
9.964107475928820179e+01 2.692891424435670533e+00
9.964561173564551666e+01 2.691226530046985310e+00
9.965014871200281732e+01 2.719930534309081160e+00
9.965468568836013219e+01 2.766900866388839475e+00
9.965922266471744706e+01 2.802019401007893151e+00
9.966375964107476193e+01 2.831255832792649141e+00
9.966829661743207680e+01 2.826054022875874150e+00
9.967283359378939167e+01 2.819270494807774252e+00
9.967737057014669233e+01 2.822983475907287154e+00
9.968190754650400720e+01 2.835760739662904761e+00
9.968644452286132207e+01 2.881468259501994034e+00
9.969098149921863694e+01 2.889672898663768752e+00
9.969551847557593760e+01 2.889745361950486480e+00
9.970005545193325247e+01 2.896386853166379893e+00
9.970459242829056734e+01 2.901925702599043255e+00
9.970912940464788221e+01 2.913049104633856690e+00
9.971366638100519708e+01 2.925847275247889900e+00
9.971820335736251195e+01 2.968983194352924126e+00
9.972274033371981261e+01 2.960205333000018868e+00
9.972727731007712748e+01 2.973864388089772604e+00
9.973181428643444235e+01 2.989313324385620252e+00
9.973635126279175722e+01 2.968796685218360487e+00
9.974088823914905788e+01 2.958826788959379783e+00
9.974542521550637275e+01 2.949138492308665871e+00
9.974996219186368762e+01 2.956730955351060786e+00
9.975449916822100249e+01 2.981598412087861583e+00
9.975903614457831736e+01 3.005289117371285457e+00
9.976357312093563223e+01 3.043061546627330749e+00
9.976811009729293289e+01 3.034613198664453559e+00
9.977264707365024776e+01 3.050263233365275273e+00
9.977718405000756263e+01 3.042317044897778544e+00
9.978172102636487750e+01 3.047307976456140821e+00
9.978625800272219237e+01 3.064771119946551714e+00
9.979079497907949303e+01 3.060340915855962685e+00
9.979533195543680790e+01 3.078740069646083821e+00
9.979986893179412277e+01 3.102059864446960358e+00
9.980440590815143764e+01 3.084492121070234294e+00
9.980894288450875251e+01 3.105428948384072019e+00
9.981347986086605317e+01 3.124931002544450109e+00
9.981801683722336804e+01 3.160841697438859121e+00
9.982255381358068291e+01 3.153504201266380758e+00
9.982709078993799778e+01 3.161281974878191736e+00
9.983162776629531265e+01 3.180012762027406126e+00
9.983616474265261331e+01 3.184757179607379918e+00
9.984070171900992818e+01 3.194333132888143023e+00
9.984523869536724305e+01 3.209537327136345652e+00
9.984977567172455792e+01 3.195609973100004275e+00
9.985431264808187279e+01 3.228374822048639459e+00
9.985884962443918766e+01 3.231173382673347749e+00
9.986338660079648832e+01 3.227271786521772601e+00
9.986792357715380319e+01 3.213033301191885016e+00
9.987246055351111806e+01 3.210944383524688028e+00
9.987699752986843293e+01 3.224429687466948469e+00
9.988153450622573359e+01 3.233081886597703569e+00
9.988607148258304846e+01 3.246452614203969578e+00
9.989060845894036333e+01 3.264339311933688315e+00
9.989514543529767820e+01 3.260354656931422568e+00
9.989968241165499307e+01 3.284310494923743384e+00
9.990421938801230795e+01 3.291554667487422758e+00
9.990875636436960860e+01 3.308415010213806351e+00
9.991329334072692347e+01 3.288430863027165252e+00
9.991783031708423835e+01 3.263420577368450815e+00
9.992236729344155322e+01 3.269166771551180517e+00
9.992690426979885387e+01 3.279090430552010549e+00
9.993144124615616875e+01 3.307946065497092469e+00
9.993597822251348362e+01 3.302453575857044132e+00
9.994051519887079849e+01 3.294447957530752369e+00
9.994505217522811336e+01 3.258558725467516126e+00
9.994958915158542823e+01 3.262779325226686566e+00
9.995412612794272889e+01 3.236665880190931155e+00
9.995866310430004376e+01 3.221028403555711961e+00
9.996320008065735863e+01 3.197484872606569439e+00
9.996773705701467350e+01 3.160267765877907475e+00
9.997227403337198837e+01 3.127773482642481895e+00
9.997681100972928903e+01 3.104119898253630883e+00
9.998134798608660390e+01 3.105852235853986620e+00
9.998588496244391877e+01 3.135131363849539721e+00
9.999042193880123364e+01 3.148562357155782365e+00
9.999495891515854851e+01 3.152951918505028317e+00
9.999949589151584917e+01 3.173098409645435769e+00
1.000040328678731640e+02 3.168295965040205608e+00
1.000085698442304789e+02 3.187077295948176126e+00
1.000131068205877938e+02 3.213033779886613761e+00
1.000176437969451086e+02 3.201962285666457575e+00
1.000221807733024093e+02 3.197282791348855291e+00
1.000267177496597242e+02 3.238973904962805239e+00
1.000312547260170390e+02 3.262208211871397090e+00
1.000357917023743539e+02 3.274725826895234171e+00
1.000403286787316688e+02 3.284073170096403871e+00
1.000448656550889837e+02 3.270458657653049883e+00
1.000494026314462843e+02 3.280766387035963572e+00
1.000539396078035992e+02 3.302628779874518195e+00
1.000584765841609141e+02 3.345790462118518604e+00
1.000630135605182289e+02 3.328255117703303512e+00
1.000675505368755296e+02 3.314518357766599976e+00
1.000720875132328445e+02 3.293362994662424548e+00
1.000766244895901593e+02 3.268292621361954531e+00
1.000811614659474742e+02 3.231973064468421697e+00
1.000856984423047891e+02 3.237091178544948988e+00
1.000902354186621039e+02 3.200372690550872257e+00
1.000947723950194046e+02 3.178493276421793912e+00
1.000993093713767195e+02 3.189894024871373635e+00
1.001038463477340343e+02 3.202535324169039743e+00
1.001083833240913492e+02 3.217695010132878064e+00
1.001129203004486499e+02 3.219850995615391120e+00
1.001174572768059647e+02 3.219096804174608195e+00
1.001219942531632796e+02 3.229204531124123534e+00
1.001265312295205945e+02 3.233217080551486600e+00
1.001310682058779093e+02 3.201446436253046812e+00
1.001356051822352242e+02 3.213377199193355516e+00
1.001401421585925249e+02 3.190000877199438811e+00
1.001446791349498397e+02 3.204608116604546808e+00
1.001492161113071546e+02 3.197772531845874955e+00
1.001537530876644695e+02 3.219905725211222869e+00
1.001582900640217701e+02 3.231016020766062091e+00
1.001628270403790850e+02 3.231582362913356654e+00
1.001673640167363999e+02 3.238529069444364694e+00
1.001719009930937148e+02 3.224393150953301923e+00
1.001764379694510296e+02 3.220505103842691064e+00
1.001809749458083445e+02 3.225028815875746524e+00
1.001855119221656452e+02 3.226577405081594740e+00
1.001900488985229600e+02 3.240698269618028426e+00
1.001945858748802749e+02 3.247702361597072152e+00
1.001991228512375898e+02 3.258535255780897089e+00
1.002036598275949046e+02 3.276030590631660910e+00
1.002081968039522053e+02 3.282874068750803342e+00
1.002127337803095202e+02 3.291942086549498381e+00
1.002172707566668350e+02 3.292437191405686026e+00
1.002218077330241499e+02 3.287607873955840088e+00
1.002263447093814648e+02 3.284974176419892977e+00
1.002308816857387654e+02 3.306821605815574827e+00
1.002354186620960803e+02 3.314619692115586602e+00
1.002399556384533952e+02 3.323715134269043858e+00
1.002444926148107101e+02 3.331498456255264973e+00
1.002490295911680249e+02 3.343545610114754485e+00
1.002535665675253256e+02 3.339345286375376531e+00
1.002581035438826405e+02 3.344485704601399156e+00
1.002626405202399553e+02 3.341952740049837001e+00
1.002671774965972702e+02 3.361556668482932331e+00
1.002717144729545851e+02 3.378200771164205474e+00
1.002762514493118999e+02 3.385143726778872431e+00
1.002807884256692006e+02 3.376058661388197546e+00
1.002853254020265155e+02 3.381825101560339331e+00
1.002898623783838303e+02 3.366271508915736010e+00
1.002943993547411452e+02 3.347052666646590069e+00
1.002989363310984459e+02 3.351263773622956688e+00
1.003034733074557607e+02 3.373393386362525614e+00
1.003080102838130756e+02 3.427981997106361867e+00
1.003125472601703905e+02 3.470153805718974471e+00
1.003170842365277053e+02 3.491818473791914013e+00
1.003216212128850202e+02 3.500489629767830735e+00
1.003261581892423209e+02 3.526481821811804807e+00
1.003306951655996357e+02 3.567664231225754712e+00
1.003352321419569506e+02 3.571500643789650820e+00
1.003397691183142655e+02 3.591986901888847061e+00
1.003443060946715661e+02 3.620325378840252739e+00
1.003488430710288810e+02 3.645067520455037791e+00
1.003533800473861959e+02 3.656103774002178231e+00
1.003579170237435108e+02 3.677275905098460917e+00
1.003624540001008256e+02 3.670319042923408048e+00
1.003669909764581405e+02 3.678758089568214817e+00
1.003715279528154412e+02 3.678865584644784636e+00
1.003760649291727560e+02 3.709782671072340055e+00
1.003806019055300709e+02 3.699496782286077146e+00
1.003851388818873858e+02 3.719370154201181666e+00
1.003896758582447006e+02 3.712033944485922277e+00
1.003942128346020013e+02 3.747274194282144144e+00
1.003987498109593162e+02 3.772460696729349472e+00
1.004032867873166310e+02 3.779417580323391590e+00
1.004078237636739459e+02 3.817507681763700589e+00
1.004123607400312608e+02 3.803778556556835166e+00
1.004168977163885614e+02 3.825787810572713443e+00
1.004214346927458763e+02 3.855274258977889001e+00
1.004259716691031912e+02 3.870482734635874777e+00
1.004305086454605060e+02 3.871857416784378447e+00
1.004350456218178209e+02 3.879780558516431999e+00
1.004395825981751216e+02 3.880646857850039044e+00
1.004441195745324364e+02 3.892164156762883742e+00
1.004486565508897513e+02 3.895724482463604144e+00
1.004531935272470662e+02 3.932265262787696170e+00
1.004577305036043811e+02 3.929432258707903802e+00
1.004622674799616959e+02 3.923224679583052765e+00
1.004668044563189966e+02 3.939929700196519669e+00
1.004713414326763115e+02 3.956166020324869859e+00
1.004758784090336263e+02 3.980507864035901289e+00
1.004804153853909412e+02 3.996847328654492326e+00
1.004849523617482419e+02 3.991444053817720494e+00
1.004894893381055567e+02 4.002353034627297745e+00
1.004940263144628716e+02 4.014756451048919317e+00
1.004985632908201865e+02 4.019178776649996898e+00
1.005031002671775013e+02 4.034924623344697814e+00
1.005076372435348162e+02 4.055804648888659436e+00
1.005121742198921169e+02 4.057408954188781003e+00
1.005167111962494317e+02 4.052873986240742354e+00
1.005212481726067466e+02 4.083770025083060418e+00
1.005257851489640615e+02 4.099234326521227878e+00
1.005303221253213621e+02 4.122864709842899877e+00
1.005348591016786770e+02 4.128391404279908805e+00
1.005393960780359919e+02 4.159251433100411788e+00
1.005439330543933067e+02 4.170468845381627432e+00
1.005484700307506216e+02 4.214238862531659358e+00
1.005530070071079365e+02 4.231973513834761391e+00
1.005575439834652371e+02 4.256992207781563842e+00
1.005620809598225520e+02 4.245792624990189168e+00
1.005666179361798669e+02 4.256241668068182271e+00
1.005711549125371818e+02 4.285956433526637355e+00
1.005756918888944966e+02 4.317573979898925884e+00
1.005802288652517973e+02 4.327255638907208990e+00
1.005847658416091122e+02 4.310517392761308741e+00
1.005893028179664270e+02 4.342135589968545872e+00
1.005938397943237419e+02 4.376781496837138796e+00
1.005983767706810568e+02 4.422703933688421962e+00
1.006029137470383574e+02 4.448958448762097007e+00
1.006074507233956723e+02 4.490033843277450920e+00
1.006119876997529872e+02 4.549367821532343648e+00
1.006165246761103020e+02 4.590060513961785382e+00
1.006210616524676169e+02 4.631977281901495047e+00
1.006255986288249176e+02 4.633221019384340167e+00
1.006301356051822324e+02 4.652444505094981864e+00
1.006346725815395473e+02 4.659391381816508471e+00
1.006392095578968622e+02 4.686598933840718573e+00
1.006437465342541770e+02 4.709248297621535961e+00
1.006482835106114919e+02 4.709098225162451357e+00
1.006528204869687926e+02 4.726123577864634662e+00
1.006573574633261074e+02 4.715072066526638572e+00
1.006618944396834223e+02 4.729157908044443026e+00
1.006664314160407372e+02 4.714150578734283670e+00
1.006709683923980378e+02 4.727048288599331904e+00
1.006755053687553527e+02 4.724140125632485088e+00
1.006800423451126676e+02 4.733689936726020342e+00
1.006845793214699825e+02 4.755924746308370921e+00
1.006891162978272973e+02 4.780798365113471782e+00
1.006936532741846122e+02 4.817980805157742630e+00
1.006981902505419129e+02 4.846212433656476470e+00
1.007027272268992277e+02 4.857695540172390913e+00
1.007072642032565426e+02 4.893226854795874381e+00
1.007118011796138575e+02 4.918290639078748860e+00
1.007163381559711581e+02 4.919658527385909252e+00
1.007208751323284730e+02 4.933163810085949841e+00
1.007254121086857879e+02 4.954740378654869382e+00
1.007299490850431027e+02 4.987272367856384392e+00
1.007344860614004176e+02 4.990572474836578287e+00
1.007390230377577325e+02 5.015527636167547598e+00
1.007435600141150331e+02 4.999235611675424629e+00
1.007480969904723480e+02 4.995775710977227391e+00
1.007526339668296629e+02 4.982874830499765650e+00
1.007571709431869778e+02 4.987069584523209365e+00
1.007617079195442926e+02 4.981471534337684304e+00
1.007662448959015933e+02 4.968944759796138477e+00
1.007707818722589082e+02 4.963278988049749429e+00
1.007753188486162230e+02 4.956596235717094068e+00
1.007798558249735379e+02 4.985296525436524462e+00
1.007843928013308528e+02 5.010218264172307201e+00
1.007889297776881534e+02 5.058922029022062894e+00
1.007934667540454683e+02 5.106683758960254949e+00
1.007980037304027832e+02 5.111884728606862716e+00
1.008025407067600980e+02 5.127369376389468769e+00
1.008070776831174129e+02 5.136310977558943058e+00
1.008116146594747136e+02 5.130700563551994442e+00
1.008161516358320284e+02 5.126178267435622438e+00
1.008206886121893433e+02 5.116268588681927021e+00
1.008252255885466582e+02 5.115850232999288316e+00
1.008297625649039730e+02 5.123760397779043352e+00
1.008342995412612879e+02 5.116311311974085285e+00
1.008388365176185886e+02 5.151500631894208482e+00
1.008433734939759034e+02 5.121774531822636867e+00
1.008479104703332183e+02 5.127055408371884226e+00
1.008524474466905332e+02 5.122839092737336841e+00
1.008569844230478338e+02 5.121202965878658198e+00
1.008615213994051487e+02 5.121589895891871969e+00
1.008660583757624636e+02 5.105637508554581316e+00
1.008705953521197785e+02 5.128044838213198453e+00
1.008751323284770933e+02 5.158739602513145783e+00
1.008796693048344082e+02 5.208794418902257028e+00
1.008842062811917089e+02 5.206885410317157792e+00
1.008887432575490237e+02 5.243659558727285841e+00
1.008932802339063386e+02 5.248330356210943570e+00
1.008978172102636535e+02 5.256262071351357257e+00
1.009023541866209541e+02 5.315376748814398589e+00
1.009068911629782690e+02 5.345438062079975516e+00
1.009114281393355839e+02 5.391887632067459357e+00
1.009159651156928987e+02 5.404682499493169701e+00
1.009205020920502136e+02 5.400788415787493690e+00
1.009250390684075285e+02 5.406122834706901692e+00
1.009295760447648291e+02 5.411176425190358685e+00
1.009341130211221440e+02 5.431599068681282283e+00
1.009386499974794589e+02 5.422857785778655071e+00
1.009431869738367737e+02 5.449005126657407772e+00
1.009477239501940886e+02 5.444024091781005659e+00
1.009522609265513893e+02 5.492715562881112845e+00
1.009567979029087041e+02 5.472443904656078217e+00
1.009613348792660190e+02 5.533836720682446142e+00
1.009658718556233339e+02 5.527311315467731134e+00
1.009704088319806488e+02 5.556934404988854936e+00
1.009749458083379494e+02 5.587273769931410783e+00
1.009794827846952643e+02 5.600389330935962917e+00
1.009840197610525792e+02 5.603401180639561829e+00
1.009885567374098940e+02 5.605458698381482918e+00
1.009930937137672089e+02 5.630324152411078309e+00
1.009976306901245096e+02 5.647253783070844690e+00
1.010021676664818244e+02 5.688064272441636149e+00
1.010067046428391393e+02 5.742354868839036008e+00
1.010112416191964542e+02 5.741853024072342215e+00
1.010157785955537690e+02 5.766458754347739912e+00
1.010203155719110839e+02 5.748201501538021674e+00
1.010248525482683846e+02 5.802232853692477654e+00
1.010293895246256994e+02 5.819888976188671847e+00
1.010339265009830143e+02 5.870253685988669368e+00
1.010384634773403292e+02 5.897333254179986994e+00
1.010430004536976298e+02 5.889889703588760739e+00
1.010475374300549447e+02 5.882135748494503602e+00
1.010520744064122596e+02 5.871140723273492235e+00
1.010566113827695744e+02 5.861789632336877887e+00
1.010611483591268893e+02 5.860736278175581404e+00
1.010656853354842042e+02 5.897655398314769037e+00
1.010702223118415048e+02 5.935029411655390774e+00
1.010747592881988197e+02 5.941598543698599855e+00
1.010792962645561346e+02 5.944706180953233776e+00
1.010838332409134495e+02 5.946427600604456742e+00
1.010883702172707501e+02 5.977792051261102912e+00
1.010929071936280650e+02 6.033419122299823023e+00
1.010974441699853799e+02 6.083214864820568835e+00
1.011019811463426947e+02 6.080811370953720818e+00
1.011065181227000096e+02 6.097254947942952086e+00
1.011110550990573245e+02 6.087956761840906950e+00
1.011155920754146251e+02 6.088688121846674406e+00
1.011201290517719400e+02 6.101734859535998368e+00
1.011246660281292549e+02 6.120135870198486927e+00
1.011292030044865697e+02 6.162957489151885682e+00
1.011337399808438704e+02 6.169202710643102883e+00
1.011382769572011853e+02 6.178833102036620950e+00
1.011428139335585001e+02 6.178443975913292974e+00
1.011473509099158150e+02 6.178336110283288107e+00
1.011518878862731299e+02 6.223574738305701182e+00
1.011564248626304447e+02 6.221856822525094088e+00
1.011609618389877454e+02 6.270574420422578399e+00
1.011654988153450603e+02 6.257433363025678652e+00
1.011700357917023751e+02 6.275535952032598175e+00
1.011745727680596900e+02 6.278100100849006715e+00
1.011791097444170049e+02 6.257863736996081450e+00
1.011836467207743055e+02 6.258821408038989453e+00
1.011881836971316204e+02 6.262461271207115487e+00
1.011927206734889353e+02 6.280640876688224239e+00
1.011972576498462502e+02 6.275152447474765971e+00
1.012017946262035650e+02 6.260697527997268530e+00
1.012063316025608657e+02 6.263612263816034975e+00
1.012108685789181806e+02 6.283007318368879268e+00
1.012154055552754954e+02 6.283468817141803164e+00
1.012199425316328103e+02 6.293714825118682299e+00
1.012244795079901252e+02 6.299572997019661003e+00
1.012290164843474258e+02 6.332249897243813486e+00
1.012335534607047407e+02 6.317921397888260238e+00
1.012380904370620556e+02 6.354303496985299837e+00
1.012426274134193704e+02 6.419361518380342524e+00
1.012471643897766853e+02 6.454444299138613950e+00
1.012517013661340002e+02 6.471412460623008123e+00
1.012562383424913008e+02 6.496131135057005679e+00
1.012607753188486157e+02 6.531351422796339179e+00
1.012653122952059306e+02 6.532840248441079467e+00
1.012698492715632455e+02 6.515453771329750232e+00
1.012743862479205461e+02 6.517618733496545858e+00
1.012789232242778610e+02 6.509166194970870123e+00
1.012834602006351759e+02 6.513552049245601161e+00
1.012879971769924907e+02 6.536090252521038479e+00
1.012925341533498056e+02 6.564834078551122332e+00
1.012970711297071205e+02 6.572908890907855906e+00
1.013016081060644211e+02 6.578434314496996116e+00
1.013061450824217360e+02 6.554621048595956623e+00
1.013106820587790509e+02 6.582243388816540808e+00
1.013152190351363657e+02 6.592839948428164121e+00
1.013197560114936664e+02 6.621889662309113689e+00
1.013242929878509813e+02 6.635069923853667007e+00
1.013288299642082961e+02 6.671950225165134363e+00
1.013333669405656110e+02 6.676726250603692847e+00
1.013379039169229259e+02 6.709089237855511811e+00
1.013424408932802407e+02 6.720728280138676958e+00
1.013469778696375414e+02 6.723711595277074515e+00
1.013515148459948563e+02 6.746022018162633138e+00
1.013560518223521711e+02 6.758932820251136953e+00
1.013605887987094860e+02 6.795472008408895093e+00
1.013651257750668009e+02 6.807890620782341529e+00
1.013696627514241015e+02 6.820340594263806899e+00
1.013741997277814164e+02 6.856568258740240118e+00
1.013787367041387313e+02 6.864859375876691594e+00
1.013832736804960462e+02 6.870807950919198603e+00
1.013878106568533610e+02 6.886337308095683341e+00
1.013923476332106617e+02 6.916184389707198399e+00
1.013968846095679766e+02 6.904983889651465034e+00
1.014014215859252914e+02 6.893896962594803668e+00
1.014059585622826063e+02 6.898278638851295774e+00
1.014104955386399212e+02 6.939685017824364976e+00
1.014150325149972218e+02 6.950449194326044022e+00
1.014195694913545367e+02 6.951302005486057922e+00
1.014241064677118516e+02 6.960632503454297293e+00
1.014286434440691664e+02 6.976693480071939568e+00
1.014331804204264813e+02 6.997799992752468334e+00
1.014377173967837962e+02 6.985626283233068001e+00
1.014422543731410968e+02 6.997065255472220358e+00
1.014467913494984117e+02 6.961969398131552467e+00
1.014513283258557266e+02 6.949365256965145399e+00
1.014558653022130414e+02 6.965923186398870648e+00
1.014604022785703421e+02 6.954913074401495088e+00
1.014649392549276570e+02 6.965885268788151841e+00
1.014694762312849718e+02 6.959750873962444295e+00
1.014740132076422867e+02 6.995645732254135218e+00
1.014785501839996016e+02 7.000827336894586139e+00
1.014830871603569165e+02 7.033644191088196607e+00
1.014876241367142171e+02 7.058037090910362465e+00
1.014921611130715320e+02 7.088714838454730938e+00
1.014966980894288469e+02 7.084314612115756304e+00
1.015012350657861617e+02 7.062766788355250291e+00
1.015057720421434624e+02 7.074521158474766480e+00
1.015103090185007773e+02 7.082592739196165610e+00
1.015148459948580921e+02 7.100100553514957724e+00
1.015193829712154070e+02 7.101096679858628136e+00
1.015239199475727219e+02 7.125024132948095890e+00
1.015284569239300367e+02 7.141142706195423351e+00
1.015329939002873374e+02 7.146202849962032033e+00
1.015375308766446523e+02 7.182702081304674913e+00
1.015420678530019671e+02 7.200844206390272895e+00
1.015466048293592820e+02 7.215693496873110568e+00
1.015511418057165969e+02 7.202162289996405953e+00
1.015556787820738975e+02 7.201346142137591499e+00
1.015602157584312124e+02 7.209646409659416832e+00
1.015647527347885273e+02 7.227162467808861734e+00
1.015692897111458421e+02 7.244944133319155988e+00
1.015738266875031570e+02 7.270183309863873511e+00
1.015783636638604577e+02 7.286842622605097297e+00
1.015829006402177725e+02 7.312845617967145273e+00
1.015874376165750874e+02 7.322572462977751329e+00
1.015919745929324023e+02 7.347050310786506166e+00
1.015965115692897172e+02 7.380172941751638405e+00
1.016010485456470178e+02 7.372040421061974769e+00
1.016055855220043327e+02 7.425419866192084939e+00
1.016101224983616476e+02 7.431803344930064448e+00
1.016146594747189624e+02 7.449110028918689785e+00
1.016191964510762773e+02 7.435220169339999963e+00
1.016237334274335922e+02 7.441229065657447350e+00
1.016282704037908928e+02 7.441574844711650982e+00
1.016328073801482077e+02 7.426445981489193215e+00
1.016373443565055226e+02 7.450895577802564063e+00
1.016418813328628374e+02 7.448040195648880868e+00
1.016464183092201381e+02 7.469353173427017545e+00
1.016509552855774530e+02 7.476899837192744869e+00
1.016554922619347678e+02 7.493238590545653999e+00
1.016600292382920827e+02 7.488791197902306962e+00
1.016645662146493976e+02 7.460400113849720682e+00
1.016691031910067124e+02 7.472649241489536465e+00
1.016736401673640131e+02 7.474452663518621698e+00
1.016781771437213280e+02 7.479474265378089015e+00
1.016827141200786428e+02 7.507307028236007262e+00
1.016872510964359577e+02 7.516391151189434794e+00
1.016917880727932584e+02 7.528238592944373586e+00
1.016963250491505732e+02 7.535181594123091742e+00
1.017008620255078881e+02 7.545271817838730577e+00
1.017053990018652030e+02 7.537427697419216699e+00
1.017099359782225179e+02 7.531921537562601188e+00
1.017144729545798327e+02 7.522228855944107728e+00
1.017190099309371334e+02 7.531770649766684755e+00
1.017235469072944483e+02 7.533775473087620966e+00
1.017280838836517631e+02 7.553977948929227360e+00
1.017326208600090780e+02 7.522366152986068144e+00
1.017371578363663929e+02 7.515021270875284820e+00
1.017416948127236935e+02 7.506334531169540192e+00
1.017462317890810084e+02 7.501117468167630697e+00
1.017507687654383233e+02 7.493668512789501968e+00
1.017553057417956381e+02 7.490632432271747909e+00
1.017598427181529530e+02 7.508175346696793540e+00
1.017643796945102537e+02 7.478019582000898779e+00
1.017689166708675685e+02 7.505216446843790301e+00
1.017734536472248834e+02 7.490950955645677034e+00
1.017779906235821983e+02 7.507347098692048526e+00
1.017825275999395132e+02 7.521970248101821355e+00
1.017870645762968138e+02 7.525738209448573635e+00
1.017916015526541287e+02 7.522413060031290399e+00
1.017961385290114436e+02 7.502219086649764890e+00
1.018006755053687584e+02 7.532804947511504423e+00
1.018052124817260733e+02 7.492638612424309841e+00
1.018097494580833882e+02 7.504004399726235341e+00
1.018142864344406888e+02 7.510479248799921237e+00
1.018188234107980037e+02 7.486045724237022192e+00
1.018233603871553186e+02 7.445885605151826070e+00
1.018278973635126334e+02 7.444622985918741165e+00
1.018324343398699341e+02 7.447508812868635530e+00
1.018369713162272490e+02 7.456711681065829822e+00
1.018415082925845638e+02 7.486439459314887301e+00
1.018460452689418787e+02 7.498424342641430762e+00
1.018505822452991936e+02 7.491732548630511523e+00
1.018551192216565084e+02 7.465642104515532118e+00
1.018596561980138091e+02 7.468673202179352266e+00
1.018641931743711240e+02 7.458460287195356031e+00
1.018687301507284388e+02 7.439622767899555456e+00
1.018732671270857537e+02 7.426637692763230270e+00
1.018778041034430544e+02 7.438015304505367631e+00
1.018823410798003692e+02 7.420798654028231134e+00
1.018868780561576841e+02 7.455330993965893605e+00
1.018914150325149990e+02 7.482733745740633324e+00
1.018959520088723139e+02 7.536947396921465092e+00
1.019004889852296287e+02 7.553963732169805212e+00
1.019050259615869294e+02 7.543450365950311820e+00
1.019095629379442443e+02 7.537200257201529752e+00
1.019140999143015591e+02 7.497490177780222531e+00
1.019186368906588740e+02 7.498938152799346391e+00
1.019231738670161747e+02 7.517664951514553273e+00
1.019277108433734895e+02 7.524676960137588466e+00
1.019322478197308044e+02 7.514722114103283168e+00
1.019367847960881193e+02 7.518758397764428558e+00
1.019413217724454341e+02 7.522447489507579910e+00
1.019458587488027490e+02 7.542804536474877253e+00
1.019503957251600497e+02 7.557704312436265504e+00
1.019549327015173645e+02 7.593415503605647210e+00
1.019594696778746794e+02 7.646893657941578937e+00
1.019640066542319943e+02 7.679959211007166608e+00
1.019685436305893091e+02 7.685941529224201041e+00
1.019730806069466098e+02 7.679879442113216825e+00
1.019776175833039247e+02 7.690690238885762753e+00
1.019821545596612395e+02 7.666845104541957667e+00
1.019866915360185544e+02 7.679179208351876618e+00
1.019912285123758693e+02 7.677212058213922496e+00
1.019957654887331699e+02 7.691056615521933537e+00
1.020003024650904848e+02 7.703464410222477632e+00
1.020048394414477997e+02 7.730394337056100795e+00
1.020093764178051146e+02 7.722345555182530852e+00
1.020139133941624294e+02 7.736785505835499066e+00
1.020184503705197301e+02 7.743687274126583198e+00
1.020229873468770450e+02 7.735975397819306210e+00
1.020275243232343598e+02 7.739625740180128055e+00
1.020320612995916747e+02 7.734993164834757629e+00
1.020365982759489896e+02 7.772761723984173976e+00
1.020411352523063044e+02 7.769094190410257283e+00
1.020456722286636051e+02 7.762930679238103870e+00
1.020502092050209200e+02 7.776061894013017728e+00
1.020547461813782348e+02 7.772362827295107301e+00
1.020592831577355497e+02 7.739941444622986388e+00
1.020638201340928504e+02 7.738350678321967102e+00
1.020683571104501652e+02 7.739752450800837735e+00
1.020728940868074801e+02 7.698189633124133735e+00
1.020774310631647950e+02 7.675015639460206707e+00
1.020819680395221098e+02 7.675350652240856775e+00
1.020865050158794247e+02 7.687618632350692316e+00
1.020910419922367254e+02 7.705132699496676452e+00
1.020955789685940402e+02 7.744221989461805400e+00
1.021001159449513551e+02 7.752476409569504234e+00
1.021046529213086700e+02 7.738460586164562116e+00
1.021091898976659706e+02 7.731102952351945667e+00
1.021137268740232855e+02 7.724923398003145536e+00
1.021182638503806004e+02 7.736445119186674546e+00
1.021228008267379153e+02 7.735156714825992097e+00
1.021273378030952301e+02 7.757479211200859481e+00
1.021318747794525450e+02 7.772650708898434679e+00
1.021364117558098457e+02 7.813894431846915900e+00
1.021409487321671605e+02 7.839561926759810007e+00
1.021454857085244754e+02 7.852704853678335262e+00
1.021500226848817903e+02 7.841372106257638031e+00
1.021545596612391051e+02 7.864513139388992435e+00
1.021590966375964058e+02 7.897421523160790713e+00
1.021636336139537207e+02 7.907867143835902723e+00
1.021681705903110355e+02 7.918717138012726586e+00
1.021727075666683504e+02 7.927322009594317542e+00
1.021772445430256653e+02 7.946480127718814401e+00
1.021817815193829659e+02 7.938555491187071489e+00
1.021863184957402808e+02 7.957877283166533644e+00
1.021908554720975957e+02 7.956212474383810296e+00
1.021953924484549106e+02 7.964662742795787231e+00
1.021999294248122254e+02 7.971628487879587333e+00
1.022044664011695261e+02 7.964147053689537792e+00
1.022090033775268409e+02 7.981114461453556075e+00
1.022135403538841558e+02 7.973697714914590229e+00
1.022180773302414707e+02 7.986314749837561067e+00
1.022226143065987856e+02 7.988473265037532300e+00
1.022271512829561004e+02 7.991763356154705455e+00
1.022316882593134011e+02 7.991875772045709425e+00
1.022362252356707160e+02 7.970318571431575627e+00
1.022407622120280308e+02 7.977167277061987249e+00
1.022452991883853457e+02 7.970664923143458758e+00
1.022498361647426464e+02 7.976836787561822462e+00
1.022543731410999612e+02 7.989142866836069778e+00
1.022589101174572761e+02 8.019502344724651621e+00
1.022634470938145910e+02 8.027020225881910775e+00
1.022679840701719058e+02 8.033421625685770451e+00
1.022725210465292207e+02 8.013489238343384002e+00
1.022770580228865214e+02 8.026632635957179573e+00
1.022815949992438362e+02 8.036842727176917833e+00
1.022861319756011511e+02 8.045252659882399016e+00
1.022906689519584660e+02 8.060399504431487117e+00
1.022952059283157666e+02 8.056093375052213901e+00
1.022997429046730815e+02 8.103829330755411675e+00
1.023042798810303964e+02 8.110332756241643182e+00
1.023088168573877113e+02 8.119373501896555823e+00
1.023133538337450261e+02 8.110641433660010335e+00
1.023178908101023410e+02 8.104237603143763735e+00
1.023224277864596417e+02 8.139243509252981568e+00
1.023269647628169565e+02 8.155776849541664930e+00
1.023315017391742714e+02 8.190312937438624985e+00
1.023360387155315863e+02 8.199869899631167414e+00
1.023405756918889011e+02 8.196675658964991840e+00
1.023451126682462018e+02 8.227530261047672155e+00
1.023496496446035167e+02 8.242851876404312605e+00
1.023541866209608315e+02 8.246110843565052306e+00
1.023587235973181464e+02 8.249778309950558608e+00
1.023632605736754613e+02 8.251409933695430965e+00
1.023677975500327619e+02 8.255329899439701080e+00
1.023723345263900768e+02 8.276131994633866285e+00
1.023768715027473917e+02 8.273018358360529234e+00
1.023814084791047065e+02 8.290788728235812144e+00
1.023859454554620214e+02 8.294687175577690752e+00
1.023904824318193221e+02 8.301935505138706262e+00
1.023950194081766369e+02 8.313239396190207131e+00
1.023995563845339518e+02 8.309535660235262355e+00
1.024040933608912667e+02 8.291410996221307173e+00
1.024086303372485816e+02 8.249405983745244697e+00
1.024131673136058964e+02 8.264131747980522746e+00
1.024177042899631971e+02 8.228529341508915351e+00
1.024222412663205120e+02 8.216014926396500329e+00
1.024267782426778268e+02 8.246462520417972897e+00
1.024313152190351417e+02 8.260131704051930868e+00
1.024358521953924424e+02 8.293118563681840527e+00
1.024403891717497572e+02 8.284314561124396903e+00
1.024449261481070721e+02 8.327525941996018588e+00
1.024494631244643870e+02 8.293003382191251660e+00
1.024540001008217018e+02 8.311297278899949958e+00
1.024585370771790167e+02 8.338368688468976941e+00
1.024630740535363174e+02 8.331711525052693190e+00
1.024676110298936322e+02 8.371859640826714966e+00
1.024721480062509471e+02 8.387856589477959091e+00
1.024766849826082620e+02 8.430765231486539335e+00
1.024812219589655626e+02 8.474124311071607352e+00
1.024857589353228775e+02 8.471067915138629445e+00
1.024902959116801924e+02 8.500548871330874334e+00
1.024948328880375072e+02 8.528227415967068126e+00
1.024993698643948221e+02 8.523595994887527283e+00
1.025039068407521370e+02 8.532274948178097063e+00
1.025084438171094376e+02 8.540987312678835153e+00
1.025129807934667525e+02 8.556990575705789581e+00
1.025175177698240674e+02 8.555757322675233922e+00
1.025220547461813823e+02 8.585070342154041967e+00
1.025265917225386971e+02 8.590518101213984181e+00
1.025311286988959978e+02 8.603968751496839928e+00
1.025356656752533127e+02 8.573009386063290549e+00
1.025402026516106275e+02 8.591895183836030014e+00
1.025447396279679424e+02 8.605734766415437775e+00
1.025492766043252573e+02 8.576110920034226481e+00
1.025538135806825579e+02 8.604230799210176528e+00
1.025583505570398728e+02 8.622109862288318993e+00
1.025628875333971877e+02 8.644192551756006537e+00
1.025674245097545025e+02 8.623441467068253985e+00
1.025719614861118174e+02 8.618710422169993279e+00
1.025764984624691181e+02 8.636299923688534719e+00
1.025810354388264329e+02 8.646513797915535093e+00
1.025855724151837478e+02 8.677766273003109987e+00
1.025901093915410627e+02 8.684740974946466352e+00
1.025946463678983775e+02 8.709276619687047472e+00
1.025991833442556924e+02 8.694752327394098756e+00
1.026037203206129931e+02 8.730053888121073413e+00
1.026082572969703079e+02 8.756330920117415317e+00
1.026127942733276228e+02 8.743039525417055202e+00
1.026173312496849377e+02 8.782449137051360211e+00
1.026218682260422383e+02 8.782342906668336724e+00
1.026264052023995532e+02 8.802068205895103858e+00
1.026309421787568681e+02 8.781839070906613642e+00
1.026354791551141830e+02 8.779932287475800123e+00
1.026400161314714978e+02 8.766129740732534259e+00
1.026445531078288127e+02 8.777255412678893975e+00
1.026490900841861134e+02 8.785061070746802869e+00
1.026536270605434282e+02 8.801228873241946360e+00
1.026581640369007431e+02 8.846322738526422924e+00
1.026627010132580580e+02 8.878757047133071012e+00
1.026672379896153586e+02 8.920695840366589024e+00
1.026717749659726735e+02 8.942470703697797063e+00
1.026763119423299884e+02 8.973215953914394305e+00
1.026808489186873032e+02 9.022528633603593917e+00
1.026853858950446181e+02 9.036215386252296256e+00
1.026899228714019330e+02 9.066717660913752752e+00
1.026944598477592336e+02 9.092029149494974760e+00
1.026989968241165485e+02 9.069941807226721053e+00
1.027035338004738634e+02 9.079281900255823601e+00
1.027080707768311783e+02 9.094305097753220934e+00
1.027126077531884931e+02 9.113250485183721494e+00
1.027171447295457938e+02 9.121262166488438794e+00
1.027216817059031087e+02 9.132148893463954309e+00
1.027262186822604235e+02 9.164317354079015487e+00
1.027307556586177384e+02 9.192606156529592454e+00
1.027352926349750533e+02 9.197463719230077217e+00
1.027398296113323539e+02 9.213135223472294300e+00
1.027443665876896688e+02 9.208150691898383755e+00
1.027489035640469837e+02 9.197406638350312136e+00
1.027534405404042985e+02 9.217683829613150692e+00
1.027579775167616134e+02 9.233615955609595360e+00
1.027625144931189141e+02 9.247204217426048700e+00
1.027670514694762289e+02 9.259362298317270756e+00
1.027715884458335438e+02 9.266171518552717146e+00
1.027761254221908587e+02 9.253981413093892883e+00
1.027806623985481735e+02 9.255819779766426336e+00
1.027851993749054742e+02 9.274359981225499538e+00
1.027897363512627891e+02 9.301642017313120903e+00
1.027942733276201039e+02 9.285203078183343450e+00
1.027988103039774188e+02 9.312026614641792932e+00
1.028033472803347337e+02 9.325268697824570907e+00
1.028078842566920343e+02 9.337763402600915086e+00
1.028124212330493492e+02 9.361684795905880208e+00
1.028169582094066641e+02 9.374065188682727978e+00
1.028214951857639790e+02 9.378698473003986180e+00
1.028260321621212938e+02 9.378414447312497515e+00
1.028305691384786087e+02 9.384463650698231518e+00
1.028351061148359094e+02 9.398548774387155191e+00
1.028396430911932242e+02 9.418557377586393997e+00
1.028441800675505391e+02 9.420233907296768905e+00
1.028487170439078540e+02 9.447738364515947396e+00
1.028532540202651546e+02 9.487490690041463282e+00
1.028577909966224695e+02 9.500712639581015750e+00
1.028623279729797844e+02 9.526706175940518051e+00
1.028668649493370992e+02 9.536134133138386204e+00
1.028714019256944141e+02 9.526548953187454316e+00
1.028759389020517290e+02 9.533522539038576937e+00
1.028804758784090296e+02 9.551679492046121212e+00
1.028850128547663445e+02 9.593334461734114527e+00
1.028895498311236594e+02 9.604832847314311195e+00
1.028940868074809742e+02 9.603886938538886753e+00
1.028986237838382749e+02 9.625354459597273760e+00
1.029031607601955898e+02 9.616842088886810913e+00
1.029076977365529046e+02 9.645423432462557400e+00
1.029122347129102195e+02 9.644917596125017312e+00
1.029167716892675344e+02 9.648224492179515721e+00
1.029213086656248493e+02 9.646305064639461690e+00
1.029258456419821499e+02 9.651734316115591739e+00
1.029303826183394648e+02 9.658218119175030481e+00
1.029349195946967797e+02 9.662641576270019073e+00
1.029394565710540945e+02 9.697217368803721982e+00
1.029439935474114094e+02 9.740379687583768487e+00
1.029485305237687101e+02 9.764821461813449233e+00
1.029530675001260249e+02 9.772707563398586927e+00
1.029576044764833398e+02 9.792218766009870734e+00
1.029621414528406547e+02 9.802075039835905557e+00
1.029666784291979695e+02 9.843771658220093812e+00
1.029712154055552702e+02 9.885964525201995201e+00
1.029757523819125851e+02 9.912527524360147169e+00
1.029802893582698999e+02 9.965725082513666067e+00
1.029848263346272148e+02 9.981060686105175606e+00
1.029893633109845297e+02 9.984871081556320860e+00
1.029939002873418303e+02 9.973021182767199733e+00
1.029984372636991452e+02 9.968249609695043034e+00
1.030029742400564601e+02 9.969124095029457067e+00
1.030075112164137749e+02 9.958257666139758157e+00
1.030120481927710898e+02 9.980977630481252305e+00
1.030165851691284047e+02 1.001305592569933367e+01
1.030211221454857053e+02 1.004597427326336856e+01
1.030256591218430202e+02 1.006058480955176471e+01
1.030301960982003351e+02 1.008076393005396909e+01
1.030347330745576500e+02 1.010698267085536095e+01
1.030392700509149506e+02 1.010338450536215582e+01
1.030438070272722655e+02 1.011318683623604464e+01
1.030483440036295804e+02 1.011177917414244298e+01
1.030528809799868952e+02 1.011072778725823973e+01
1.030574179563442101e+02 1.010175618898040995e+01
1.030619549327015250e+02 1.015455381682562042e+01
1.030664919090588256e+02 1.020297371753631666e+01
1.030710288854161405e+02 1.021647275527732113e+01
1.030755658617734554e+02 1.019680349210016423e+01
1.030801028381307702e+02 1.015446783895846572e+01
1.030846398144880709e+02 1.016372514734450405e+01
1.030891767908453858e+02 1.017068940841240376e+01
1.030937137672027006e+02 1.021723214991558848e+01
1.030982507435600155e+02 1.023637135050152658e+01
1.031027877199173304e+02 1.023502652462598661e+01
1.031073246962746452e+02 1.022196185935230517e+01
1.031118616726319459e+02 1.020800176707946072e+01
1.031163986489892608e+02 1.023534651210372104e+01
1.031209356253465756e+02 1.024546354235570433e+01
1.031254726017038905e+02 1.026540786378312120e+01
1.031300095780612054e+02 1.027593603018019053e+01
1.031345465544185060e+02 1.027415323701302441e+01
1.031390835307758209e+02 1.024251835310509406e+01
1.031436205071331358e+02 1.023193917100759087e+01
1.031481574834904507e+02 1.022044691655682946e+01
1.031526944598477655e+02 1.023729467953539007e+01
1.031572314362050662e+02 1.024080190099230414e+01
1.031617684125623811e+02 1.029967898220125200e+01
1.031663053889196959e+02 1.030417027124902951e+01
1.031708423652770108e+02 1.030295752000685994e+01
1.031753793416343257e+02 1.030607556954928228e+01
1.031799163179916263e+02 1.030521237915292510e+01
1.031844532943489412e+02 1.034414816265035242e+01
1.031889902707062561e+02 1.034997330817782846e+01
1.031935272470635709e+02 1.037096280928156489e+01
1.031980642234208858e+02 1.039389811707285283e+01
1.032026011997782007e+02 1.039967343404928357e+01
1.032071381761355013e+02 1.039596179499716655e+01
1.032116751524928162e+02 1.038641672252246728e+01
1.032162121288501311e+02 1.039213630697761914e+01
1.032207491052074460e+02 1.039299454835871828e+01
1.032252860815647466e+02 1.040900855651416457e+01
1.032298230579220615e+02 1.043267018431349413e+01
1.032343600342793764e+02 1.047123665591250230e+01
1.032388970106366912e+02 1.048621048345234996e+01
1.032434339869940061e+02 1.048992423848095612e+01
1.032479709633513210e+02 1.053051595605299617e+01
1.032525079397086216e+02 1.057360490920523510e+01
1.032570449160659365e+02 1.059115087100271779e+01
1.032615818924232514e+02 1.060352903416034387e+01
1.032661188687805662e+02 1.063304142845493416e+01
1.032706558451378669e+02 1.063170900215836490e+01
1.032751928214951818e+02 1.066960714052451209e+01
1.032797297978524966e+02 1.066745075272230459e+01
1.032842667742098115e+02 1.069104815413531462e+01
1.032888037505671264e+02 1.067076209743687443e+01
1.032933407269244412e+02 1.068882910362909122e+01
1.032978777032817419e+02 1.068777535507181220e+01
1.033024146796390568e+02 1.069906821542284980e+01
1.033069516559963716e+02 1.072967554789066114e+01
1.033114886323536865e+02 1.072941653704399911e+01
1.033160256087110014e+02 1.076476912352118909e+01
1.033205625850683020e+02 1.079691195871586018e+01
1.033250995614256169e+02 1.080320573668899975e+01
1.033296365377829318e+02 1.078331471359227756e+01
1.033341735141402467e+02 1.078431271240023648e+01
1.033387104904975615e+02 1.077903602334886379e+01
1.033432474668548622e+02 1.081998145523094301e+01
1.033477844432121771e+02 1.081076384974414850e+01
1.033523214195694919e+02 1.079349359918742124e+01
1.033568583959268068e+02 1.077964372467255671e+01
1.033613953722841217e+02 1.076825753139515562e+01
1.033659323486414223e+02 1.078894852144773786e+01
1.033704693249987372e+02 1.084473619879732809e+01
1.033750063013560521e+02 1.085812466017062050e+01
1.033795432777133669e+02 1.088779902253677712e+01
1.033840802540706818e+02 1.088499298615796285e+01
1.033886172304279967e+02 1.089615786088530669e+01
1.033931542067852973e+02 1.087886439984234421e+01
1.033976911831426122e+02 1.089361336759809973e+01
1.034022281594999271e+02 1.088695856436029707e+01
1.034067651358572419e+02 1.088952259472169715e+01
1.034113021122145426e+02 1.092210637885714064e+01
1.034158390885718575e+02 1.093679330279268846e+01
1.034203760649291723e+02 1.095778149941007307e+01
1.034249130412864872e+02 1.095012097128605078e+01
1.034294500176438021e+02 1.093262517748647511e+01
1.034339869940011170e+02 1.092383914361369612e+01
1.034385239703584176e+02 1.093179079445226165e+01
1.034430609467157325e+02 1.092922939223527123e+01
1.034475979230730474e+02 1.097003638542686232e+01
1.034521348994303622e+02 1.101353160349770910e+01
1.034566718757876629e+02 1.102001413718973843e+01
1.034612088521449778e+02 1.104746568656587158e+01
1.034657458285022926e+02 1.103756049354249136e+01
1.034702828048596075e+02 1.103821457428761121e+01
1.034748197812169224e+02 1.102430685858986159e+01
1.034793567575742372e+02 1.103524881945310909e+01
1.034838937339315379e+02 1.104043833002375763e+01
1.034884307102888528e+02 1.105333341001757042e+01
1.034929676866461676e+02 1.107783539147636276e+01
1.034975046630034825e+02 1.108952117563154083e+01
1.035020416393607974e+02 1.109320336736022661e+01
1.035065786157180980e+02 1.106868541571773967e+01
1.035111155920754129e+02 1.106439316625147562e+01
1.035156525684327278e+02 1.104858884309866163e+01
1.035201895447900426e+02 1.106283727939367800e+01
1.035247265211473575e+02 1.108080190686195010e+01
1.035292634975046582e+02 1.108070986052506690e+01
1.035338004738619730e+02 1.110260223536210056e+01
1.035383374502192879e+02 1.110677465814816678e+01
1.035428744265766028e+02 1.113466713971749478e+01
1.035474114029339177e+02 1.115226578654697143e+01
1.035519483792912183e+02 1.119779803046053956e+01
1.035564853556485332e+02 1.123904439692036661e+01
1.035610223320058481e+02 1.124647725192311043e+01
1.035655593083631629e+02 1.127569808979662724e+01
1.035700962847204778e+02 1.128332813332754014e+01
1.035746332610777927e+02 1.129477169819985605e+01
1.035791702374350933e+02 1.129161475849205054e+01
1.035837072137924082e+02 1.132684067092079516e+01
1.035882441901497231e+02 1.132918017171546765e+01
1.035927811665070379e+02 1.132169139196308905e+01
1.035973181428643386e+02 1.132839018040346879e+01
1.036018551192216535e+02 1.135710797397734595e+01
1.036063920955789683e+02 1.135157509178133495e+01
1.036109290719362832e+02 1.137949439012124131e+01
1.036154660482935981e+02 1.139225318167047973e+01
1.036200030246509129e+02 1.138190292511720259e+01
1.036245400010082136e+02 1.138541680000840017e+01
1.036290769773655285e+02 1.137657703864415026e+01
1.036336139537228433e+02 1.138084948294450172e+01
1.036381509300801582e+02 1.135628318254398295e+01
1.036426879064374589e+02 1.134587058154568240e+01
1.036472248827947737e+02 1.134937125333601493e+01
1.036517618591520886e+02 1.133405483660238566e+01
1.036562988355094035e+02 1.133276677701431367e+01
1.036608358118667184e+02 1.133154062028925146e+01
1.036653727882240332e+02 1.133594659882688660e+01
1.036699097645813339e+02 1.133552527992421410e+01
1.036744467409386488e+02 1.133653170383963982e+01
1.036789837172959636e+02 1.134440564946656060e+01
1.036835206936532785e+02 1.133530765878475677e+01
1.036880576700105792e+02 1.133622115285549903e+01
1.036925946463678940e+02 1.136412339160429497e+01
1.036971316227252089e+02 1.137453068610409623e+01
1.037016685990825238e+02 1.142939777306081695e+01
1.037062055754398386e+02 1.146470130755523442e+01
1.037107425517971535e+02 1.147398762435534003e+01
1.037152795281544542e+02 1.147797900408889404e+01
1.037198165045117690e+02 1.146055153849846775e+01
1.037243534808690839e+02 1.146873257015792724e+01
1.037288904572263988e+02 1.149812400508018229e+01
1.037334274335837137e+02 1.149778206690493221e+01
1.037379644099410143e+02 1.149112270200899033e+01
1.037425013862983292e+02 1.149562635775188468e+01
1.037470383626556441e+02 1.147820695664089108e+01
1.037515753390129589e+02 1.145516959634920440e+01
1.037561123153702738e+02 1.145045987756857109e+01
1.037606492917275745e+02 1.147219532608283465e+01
1.037651862680848893e+02 1.150545338895216574e+01
1.037697232444422042e+02 1.152126356833976750e+01
1.037742602207995191e+02 1.150244266198562926e+01
1.037787971971568339e+02 1.150861629461607905e+01
1.037833341735141346e+02 1.150068651437686285e+01
1.037878711498714495e+02 1.149069406534114890e+01
1.037924081262287643e+02 1.152406789110248830e+01
1.037969451025860792e+02 1.155565460753371276e+01
1.038014820789433941e+02 1.157945292161133999e+01
1.038060190553007089e+02 1.161534028106891547e+01
1.038105560316580096e+02 1.162544887439182695e+01
1.038150930080153245e+02 1.166234803415248678e+01
1.038196299843726393e+02 1.166080561357739676e+01
1.038241669607299542e+02 1.166674189475556034e+01
1.038287039370872549e+02 1.169627860932829932e+01
1.038332409134445697e+02 1.168336435679881369e+01
1.038377778898018846e+02 1.168515876994230673e+01
1.038423148661591995e+02 1.168927563061000185e+01
1.038468518425165144e+02 1.170403201480013600e+01
1.038513888188738292e+02 1.168190755610521414e+01
1.038559257952311299e+02 1.169502647593055578e+01
1.038604627715884448e+02 1.168759676427240635e+01
1.038649997479457596e+02 1.168249206197914170e+01
1.038695367243030745e+02 1.167196912961148136e+01
1.038740737006603752e+02 1.166185634174067687e+01
1.038786106770176900e+02 1.166941583680446648e+01
1.038831476533750049e+02 1.167879271552514098e+01
1.038876846297323198e+02 1.174549525357139501e+01
1.038922216060896346e+02 1.178790965039203620e+01
1.038967585824469495e+02 1.180578783650893371e+01
1.039012955588042502e+02 1.179723369511177467e+01
1.039058325351615650e+02 1.179088324449165626e+01
1.039103695115188799e+02 1.178839591430956624e+01
1.039149064878761948e+02 1.178319234401030613e+01
1.039194434642335096e+02 1.179084989199974309e+01
1.039239804405908103e+02 1.178428740859292212e+01
1.039285174169481252e+02 1.176657605826136965e+01
1.039330543933054400e+02 1.175598676537200937e+01
1.039375913696627549e+02 1.178504135368174666e+01
1.039421283460200698e+02 1.177916048470020449e+01
1.039466653223773704e+02 1.179564757954255505e+01
1.039512022987346853e+02 1.178756220971507673e+01
1.039557392750920002e+02 1.177013947092017254e+01
1.039602762514493151e+02 1.177958028770435739e+01
1.039648132278066299e+02 1.179125835302179937e+01
1.039693502041639306e+02 1.176815621143643398e+01
1.039738871805212455e+02 1.174146347320010264e+01
1.039784241568785603e+02 1.174155329986815310e+01
1.039829611332358752e+02 1.174452076631930986e+01
1.039874981095931901e+02 1.174144084110920083e+01
1.039920350859505049e+02 1.178992186522439667e+01
1.039965720623078056e+02 1.179499455005288766e+01
1.040011090386651205e+02 1.177951977782320725e+01
1.040056460150224353e+02 1.175773193232434721e+01
1.040101829913797502e+02 1.173869374026144818e+01
1.040147199677370509e+02 1.173845540045080327e+01
1.040192569440943657e+02 1.175544467711746144e+01
1.040237939204516806e+02 1.175859398742429818e+01
1.040283308968089955e+02 1.176265039618443708e+01
1.040328678731663103e+02 1.176737068972339451e+01
1.040374048495236252e+02 1.176319684197012805e+01
1.040419418258809259e+02 1.177628047443735149e+01
1.040464788022382407e+02 1.176677374475879212e+01
1.040510157785955556e+02 1.175127376658099365e+01
1.040555527549528705e+02 1.172614003639866986e+01
1.040600897313101711e+02 1.169176536257204546e+01
1.040646267076674860e+02 1.169188476617287975e+01
1.040691636840248009e+02 1.168005636734509167e+01
1.040737006603821158e+02 1.166155971939486058e+01
1.040782376367394306e+02 1.165809215538560117e+01
1.040827746130967455e+02 1.166837573264436756e+01
1.040873115894540462e+02 1.168497269459818710e+01
1.040918485658113610e+02 1.166883358013831540e+01
1.040963855421686759e+02 1.167462305856094673e+01
1.041009225185259908e+02 1.166454026494128549e+01
1.041054594948833056e+02 1.165070273826032121e+01
1.041099964712406063e+02 1.163836502756076641e+01
1.041145334475979212e+02 1.166298596433918178e+01
1.041190704239552360e+02 1.168413116831942844e+01
1.041236074003125509e+02 1.167716432046494290e+01
1.041281443766698658e+02 1.171152266530050134e+01
1.041326813530271664e+02 1.172324577517016664e+01
1.041372183293844813e+02 1.172535732386362994e+01
1.041417553057417962e+02 1.174473612355338581e+01
1.041462922820991110e+02 1.173926328947374031e+01
1.041508292584564259e+02 1.174071452956644634e+01
1.041553662348137266e+02 1.174751131363610490e+01
1.041599032111710414e+02 1.178020770405549023e+01
1.041644401875283563e+02 1.179209391857617106e+01
1.041689771638856712e+02 1.178703335871820457e+01
1.041735141402429861e+02 1.177933258942498362e+01
1.041780511166003009e+02 1.178791287256805731e+01
1.041825880929576016e+02 1.176470565695826664e+01
1.041871250693149165e+02 1.175681177860007764e+01
1.041916620456722313e+02 1.176122485981927035e+01
1.041961990220295462e+02 1.175785701357619928e+01
1.042007359983868469e+02 1.179390714901356674e+01
1.042052729747441617e+02 1.179992961300106380e+01
1.042098099511014766e+02 1.179534843794386489e+01
1.042143469274587915e+02 1.178387204892883133e+01
1.042188839038161063e+02 1.176705507538593132e+01
1.042234208801734212e+02 1.178764041697280973e+01
1.042279578565307219e+02 1.184200132218661672e+01
1.042324948328880367e+02 1.186067631355662222e+01
1.042370318092453516e+02 1.185892203215666463e+01
1.042415687856026665e+02 1.187401691018792071e+01
1.042461057619599671e+02 1.185288557630062911e+01
1.042506427383172820e+02 1.186524577599750430e+01
1.042551797146745969e+02 1.185716755971655090e+01
1.042597166910319118e+02 1.188432166903121256e+01
1.042642536673892266e+02 1.188144123297322707e+01
1.042687906437465415e+02 1.186939395449765122e+01
1.042733276201038422e+02 1.188107733279064782e+01
1.042778645964611570e+02 1.184103207734440844e+01
1.042824015728184719e+02 1.181421049795998890e+01
1.042869385491757868e+02 1.180564461954288014e+01
1.042914755255331016e+02 1.181217454720051840e+01
1.042960125018904023e+02 1.180857766077628845e+01
1.043005494782477172e+02 1.183319427810869939e+01
1.043050864546050320e+02 1.181370403127992397e+01
1.043096234309623469e+02 1.182492063655737979e+01
1.043141604073196618e+02 1.182294233620839208e+01
1.043186973836769624e+02 1.182703631702591984e+01
1.043232343600342773e+02 1.183723734141199735e+01
1.043277713363915922e+02 1.183103732997173019e+01
1.043323083127489070e+02 1.184566860786619635e+01
1.043368452891062219e+02 1.186435007744629999e+01
1.043413822654635226e+02 1.187272791188223842e+01
1.043459192418208374e+02 1.187945663198596158e+01
1.043504562181781523e+02 1.189141016642170534e+01
1.043549931945354672e+02 1.192205377800627453e+01
1.043595301708927821e+02 1.192910010705995205e+01
1.043640671472500969e+02 1.193072458284512649e+01
1.043686041236073976e+02 1.194314523913498860e+01
1.043731410999647125e+02 1.192852732864293230e+01
1.043776780763220273e+02 1.193512568964179721e+01
1.043822150526793422e+02 1.193833611127817029e+01
1.043867520290366429e+02 1.194801548953184422e+01
1.043912890053939577e+02 1.198814550326540740e+01
1.043958259817512726e+02 1.197046598877779289e+01
1.044003629581085875e+02 1.193013318289999702e+01
1.044048999344659023e+02 1.192445001930691895e+01
1.044094369108232172e+02 1.190921136083404086e+01
1.044139738871805179e+02 1.191455134348503542e+01
1.044185108635378327e+02 1.191029368340624472e+01
1.044230478398951476e+02 1.188436259579126286e+01
1.044275848162524625e+02 1.188550010061495676e+01
1.044321217926097631e+02 1.189630235290255733e+01
1.044366587689670780e+02 1.191180685136090567e+01
1.044411957453243929e+02 1.195768875066303139e+01
1.044457327216817077e+02 1.197342696686553687e+01
1.044502696980390226e+02 1.200305169914452641e+01
1.044548066743963375e+02 1.201737354616504483e+01
1.044593436507536381e+02 1.203611910286672781e+01
1.044638806271109530e+02 1.204934184242875084e+01
1.044684176034682679e+02 1.204630679854044928e+01
1.044729545798255828e+02 1.204571451084251343e+01
1.044774915561828976e+02 1.204440293059976952e+01
1.044820285325401983e+02 1.203694060152554357e+01
1.044865655088975132e+02 1.202437974328417880e+01
1.044911024852548280e+02 1.203487459305260998e+01
1.044956394616121429e+02 1.202323149624912979e+01
1.045001764379694578e+02 1.202502382978882700e+01
1.045047134143267584e+02 1.202343516681877844e+01
1.045092503906840733e+02 1.204448234395562878e+01
1.045137873670413882e+02 1.203850617886038776e+01
1.045183243433987030e+02 1.204488791320314789e+01
1.045228613197560179e+02 1.203126512744283616e+01
1.045273982961133186e+02 1.202247397450075184e+01
1.045319352724706334e+02 1.201419963355268372e+01
1.045364722488279483e+02 1.202773378347016475e+01
1.045410092251852632e+02 1.204844866956161020e+01
1.045455462015425780e+02 1.206129089538932853e+01
1.045500831778998787e+02 1.204992771621317615e+01
1.045546201542571936e+02 1.206441397056125453e+01
1.045591571306145084e+02 1.208386585549757264e+01
1.045636941069718233e+02 1.210158882133386626e+01
1.045682310833291382e+02 1.211197306052222977e+01
1.045727680596864388e+02 1.213499095873577360e+01
1.045773050360437537e+02 1.214759837674264098e+01
1.045818420124010686e+02 1.212873718650210897e+01
1.045863789887583835e+02 1.212400376134772273e+01
1.045909159651156983e+02 1.213841974020348680e+01
1.045954529414730132e+02 1.213601853090848692e+01
1.045999899178303139e+02 1.211579012656862453e+01
1.046045268941876287e+02 1.211698496435901262e+01
1.046090638705449436e+02 1.210077075747036623e+01
1.046136008469022585e+02 1.209623500497297854e+01
1.046181378232595591e+02 1.209799521263118649e+01
1.046226747996168740e+02 1.210691919219984847e+01
1.046272117759741889e+02 1.214805834625537528e+01
1.046317487523315037e+02 1.216325815796618670e+01
1.046362857286888186e+02 1.218143692866024530e+01
1.046408227050461335e+02 1.219166658703968409e+01
1.046453596814034341e+02 1.220788008705749483e+01
1.046498966577607490e+02 1.221708965738252672e+01
1.046544336341180639e+02 1.221663257469640840e+01
1.046589706104753787e+02 1.225992722821439962e+01
1.046635075868326794e+02 1.224597871791589299e+01
1.046680445631899943e+02 1.224192833767675559e+01
1.046725815395473091e+02 1.226131334063566669e+01
1.046771185159046240e+02 1.224875506668085023e+01
1.046816554922619389e+02 1.224929599342210906e+01
1.046861924686192538e+02 1.224068069460957986e+01
1.046907294449765544e+02 1.225121237655773143e+01
1.046952664213338693e+02 1.226969781829848749e+01
1.046998033976911842e+02 1.228331315424072834e+01
1.047043403740484990e+02 1.231344937321616584e+01
1.047088773504058139e+02 1.233576064532010719e+01
1.047134143267631146e+02 1.235238660784914622e+01
1.047179513031204294e+02 1.237606820843143574e+01
1.047224882794777443e+02 1.240095404891794040e+01
1.047270252558350592e+02 1.242116061598420096e+01
1.047315622321923740e+02 1.242462975585297791e+01
1.047360992085496747e+02 1.241352435117007680e+01
1.047406361849069896e+02 1.237463911513465575e+01
1.047451731612643044e+02 1.237672175365525540e+01
1.047497101376216193e+02 1.237931423684818455e+01
1.047542471139789342e+02 1.240847277989712794e+01
1.047587840903362348e+02 1.243079842727623507e+01
1.047633210666935497e+02 1.245682878025341722e+01
1.047678580430508646e+02 1.246132100655277064e+01
1.047723950194081795e+02 1.245262978293092004e+01
1.047769319957654943e+02 1.249017872952672192e+01
1.047814689721228092e+02 1.248044986492081421e+01
1.047860059484801099e+02 1.249619744808344990e+01
1.047905429248374247e+02 1.251896860307917869e+01
1.047950799011947396e+02 1.253321035512769832e+01
1.047996168775520545e+02 1.253162602690566452e+01
1.048041538539093551e+02 1.255823500921736802e+01
1.048086908302666700e+02 1.258401518463409374e+01
1.048132278066239849e+02 1.258788822424076770e+01
1.048177647829812997e+02 1.256956758714402689e+01
1.048223017593386146e+02 1.257697110597043100e+01
1.048268387356959295e+02 1.260851930659309161e+01
1.048313757120532301e+02 1.260222648802162126e+01
1.048359126884105450e+02 1.264187201518510939e+01
1.048404496647678599e+02 1.265419972595588582e+01
1.048449866411251747e+02 1.267354219590291109e+01
1.048495236174824754e+02 1.267138077953265451e+01
1.048540605938397903e+02 1.266973864542352501e+01
1.048585975701971051e+02 1.268506194297165202e+01
1.048631345465544200e+02 1.266658751423262075e+01
1.048676715229117349e+02 1.269631530575507306e+01
1.048722084992690498e+02 1.272180780397181543e+01
1.048767454756263504e+02 1.275550926120099149e+01
1.048812824519836653e+02 1.276501990209479054e+01
1.048858194283409802e+02 1.278562307619222160e+01
1.048903564046982950e+02 1.278679067941017955e+01
1.048948933810556099e+02 1.276759687954340627e+01
1.048994303574129106e+02 1.276202850571112180e+01
1.049039673337702254e+02 1.279302939500691672e+01
1.049085043101275403e+02 1.280701491350635202e+01
1.049130412864848552e+02 1.280995689804601945e+01
1.049175782628421700e+02 1.283056506211339887e+01
1.049221152391994707e+02 1.281712570271634632e+01
1.049266522155567856e+02 1.282512393010017249e+01
1.049311891919141004e+02 1.281756896625842224e+01
1.049357261682714153e+02 1.282439330710977465e+01
1.049402631446287302e+02 1.285308546826194842e+01
1.049448001209860308e+02 1.284472099382618282e+01
1.049493370973433457e+02 1.285415483939844528e+01
1.049538740737006606e+02 1.287223928709429366e+01
1.049584110500579754e+02 1.289208223959940547e+01
1.049629480264152903e+02 1.292598543119032328e+01
1.049674850027726052e+02 1.291077495848868928e+01
1.049720219791299058e+02 1.294685398781879293e+01
1.049765589554872207e+02 1.293858644656442003e+01
1.049810959318445356e+02 1.294437148327905618e+01
1.049856329082018505e+02 1.296234540103317023e+01
1.049901698845591511e+02 1.297291667311107233e+01
1.049947068609164660e+02 1.297077557910646917e+01
1.049992438372737809e+02 1.297750774020372688e+01
1.050037808136310957e+02 1.299073504616736408e+01
1.050083177899884106e+02 1.300318961386115113e+01
1.050128547663457255e+02 1.301953212053531850e+01
1.050173917427030261e+02 1.302450540340844221e+01
1.050219287190603410e+02 1.303892619013021914e+01
1.050264656954176559e+02 1.304442149349573121e+01
1.050310026717749707e+02 1.308651806955398200e+01
1.050355396481322714e+02 1.311107792357802637e+01
1.050400766244895863e+02 1.312374138221442799e+01
1.050446136008469011e+02 1.312076583642702232e+01
1.050491505772042160e+02 1.311961187387372973e+01
1.050536875535615309e+02 1.312778922672122661e+01
1.050582245299188457e+02 1.312806641567612331e+01
1.050627615062761464e+02 1.316732231152593791e+01
1.050672984826334613e+02 1.317249943004306800e+01
1.050718354589907761e+02 1.318794162476278764e+01
1.050763724353480910e+02 1.320730671004032075e+01
1.050809094117054059e+02 1.323389126139933758e+01
1.050854463880627065e+02 1.322794605753489527e+01
1.050899833644200214e+02 1.324345567658372325e+01
1.050945203407773363e+02 1.327838685735678226e+01
1.050990573171346512e+02 1.327138755096283873e+01
1.051035942934919660e+02 1.330925721170821596e+01
1.051081312698492667e+02 1.328506113790361276e+01
1.051126682462065816e+02 1.329544001477449200e+01
1.051172052225638964e+02 1.330612424772850844e+01
1.051217421989212113e+02 1.333189312044958541e+01
1.051262791752785262e+02 1.336361582836612527e+01
1.051308161516358268e+02 1.337764865517966584e+01
1.051353531279931417e+02 1.339290939254727064e+01
1.051398901043504566e+02 1.339819121612928932e+01
1.051444270807077714e+02 1.339713241033595281e+01
1.051489640570650863e+02 1.341897964776318553e+01
1.051535010334224012e+02 1.343287107860996699e+01
1.051580380097797018e+02 1.342722805048416568e+01
1.051625749861370167e+02 1.346092870270771513e+01
1.051671119624943316e+02 1.345977311000999599e+01
1.051716489388516464e+02 1.348080167390785711e+01
1.051761859152089471e+02 1.352109855314595421e+01
1.051807228915662620e+02 1.352575439674435920e+01
1.051852598679235768e+02 1.352188438737428733e+01
1.051897968442808917e+02 1.349258781438733656e+01
1.051943338206382066e+02 1.349827332584953332e+01
1.051988707969955215e+02 1.350506445943149636e+01
1.052034077733528221e+02 1.349716650303010823e+01
1.052079447497101370e+02 1.347606910673754221e+01
1.052124817260674519e+02 1.347793748769040256e+01
1.052170187024247667e+02 1.348112882913614641e+01
1.052215556787820674e+02 1.351002549838088385e+01
1.052260926551393823e+02 1.356147461657551823e+01
1.052306296314966971e+02 1.360006287972471384e+01
1.052351666078540120e+02 1.363228293487079590e+01
1.052397035842113269e+02 1.360561301868086304e+01
1.052442405605686417e+02 1.363128433168102305e+01
1.052487775369259424e+02 1.363867685474198943e+01
1.052533145132832573e+02 1.366100639566439767e+01
1.052578514896405721e+02 1.369530520374893001e+01
1.052623884659978870e+02 1.371192466734333237e+01
1.052669254423552019e+02 1.375090546396498326e+01
1.052714624187125025e+02 1.377279995329628548e+01
1.052759993950698174e+02 1.376340697138071079e+01
1.052805363714271323e+02 1.376689090734358878e+01
1.052850733477844472e+02 1.376598215928477309e+01
1.052896103241417620e+02 1.376219484553978667e+01
1.052941473004990627e+02 1.379393985323938487e+01
1.052986842768563776e+02 1.380889237288724125e+01
1.053032212532136924e+02 1.382345278329210814e+01
1.053077582295710073e+02 1.383565501896684324e+01
1.053122952059283222e+02 1.381753237450801741e+01
1.053168321822856228e+02 1.382997933886503716e+01
1.053213691586429377e+02 1.381067570045569148e+01
1.053259061350002526e+02 1.380266910829538674e+01
1.053304431113575674e+02 1.379276087824696440e+01
1.053349800877148823e+02 1.381134372025985080e+01
1.053395170640721972e+02 1.382106156301890820e+01
1.053440540404294978e+02 1.384423792376969509e+01
1.053485910167868127e+02 1.386108573870270710e+01
1.053531279931441276e+02 1.387230950278694408e+01
1.053576649695014424e+02 1.387353265422015625e+01
1.053622019458587431e+02 1.387736407189810706e+01
1.053667389222160580e+02 1.389921970949570706e+01
1.053712758985733728e+02 1.391331386985218010e+01
1.053758128749306877e+02 1.393785699439170855e+01
1.053803498512880026e+02 1.393537693622903006e+01
1.053848868276453175e+02 1.393224349554134456e+01
1.053894238040026181e+02 1.394216096458114507e+01
1.053939607803599330e+02 1.394892121688107167e+01
1.053984977567172479e+02 1.395092043428298645e+01
1.054030347330745627e+02 1.398248301904726532e+01
1.054075717094318634e+02 1.397871386536788130e+01
1.054121086857891783e+02 1.399260510567241411e+01
1.054166456621464931e+02 1.400377470138776026e+01
1.054211826385038080e+02 1.400231255794846597e+01
1.054257196148611229e+02 1.404267401603011045e+01
1.054302565912184377e+02 1.404612426918749080e+01
1.054347935675757384e+02 1.406775871563644387e+01
1.054393305439330533e+02 1.407885899054630841e+01
1.054438675202903681e+02 1.406633027134003733e+01
1.054484044966476830e+02 1.409040905186350123e+01
1.054529414730049837e+02 1.412394722556271454e+01
1.054574784493622985e+02 1.413380605856129790e+01
1.054620154257196134e+02 1.414180036651679195e+01
1.054665524020769283e+02 1.415654135909594125e+01
1.054710893784342431e+02 1.417163499377750746e+01
1.054756263547915580e+02 1.417988583428374305e+01
1.054801633311488587e+02 1.414644345930051728e+01
1.054847003075061735e+02 1.417372518323770691e+01
1.054892372838634884e+02 1.417567278913100104e+01
1.054937742602208033e+02 1.420465221464920624e+01
1.054983112365781182e+02 1.425758617984118715e+01
1.055028482129354188e+02 1.429519418179211065e+01
1.055073851892927337e+02 1.432675420526551235e+01
1.055119221656500486e+02 1.432151451617661841e+01
1.055164591420073634e+02 1.430904043367891276e+01
1.055209961183646783e+02 1.430006378461368044e+01
1.055255330947219790e+02 1.430772721249351775e+01
1.055300700710792938e+02 1.429170685357600412e+01
1.055346070474366087e+02 1.429152836019122752e+01
1.055391440237939236e+02 1.428133567363166989e+01
1.055436810001512384e+02 1.428149299732034905e+01
1.055482179765085391e+02 1.429316146909064500e+01
1.055527549528658540e+02 1.430662396041956974e+01
1.055572919292231688e+02 1.435819929071731416e+01
1.055618289055804837e+02 1.437996849479698014e+01
1.055663658819377986e+02 1.441785382261263671e+01
1.055709028582951134e+02 1.440771399103130435e+01
1.055754398346524141e+02 1.440639924862842669e+01
1.055799768110097290e+02 1.440150342997291055e+01
1.055845137873670438e+02 1.439799689736334365e+01
1.055890507637243587e+02 1.442569645586002736e+01
1.055935877400816594e+02 1.443123971471963429e+01
1.055981247164389742e+02 1.442348099150021135e+01
1.056026616927962891e+02 1.441895004063888841e+01
1.056071986691536040e+02 1.441488042991178276e+01
1.056117356455109189e+02 1.443346407671585752e+01
1.056162726218682337e+02 1.444720430130132627e+01
1.056208095982255344e+02 1.447225212482792678e+01
1.056253465745828493e+02 1.447870787719494956e+01
1.056298835509401641e+02 1.448094781562802069e+01
1.056344205272974790e+02 1.445531372004368365e+01
1.056389575036547797e+02 1.444329509192487215e+01
1.056434944800120945e+02 1.447229697727476605e+01
1.056480314563694094e+02 1.450722217977092221e+01
1.056525684327267243e+02 1.453727877611273200e+01
1.056571054090840391e+02 1.455036519912535020e+01
1.056616423854413540e+02 1.455081050446237079e+01
1.056661793617986547e+02 1.452064476944101301e+01
1.056707163381559695e+02 1.452505987654609854e+01
1.056752533145132844e+02 1.452464567658353012e+01
1.056797902908705993e+02 1.449133775787714384e+01
1.056843272672279141e+02 1.447918647742780429e+01
1.056888642435852148e+02 1.448906415782644075e+01
1.056934012199425297e+02 1.448409230543654935e+01
1.056979381962998445e+02 1.452622961182180816e+01
1.057024751726571594e+02 1.455342675548663856e+01
1.057070121490144743e+02 1.456613045357720715e+01
1.057115491253717749e+02 1.457333729496553154e+01
1.057160861017290898e+02 1.458720198852572913e+01
1.057206230780864047e+02 1.459549696040741829e+01
1.057251600544437196e+02 1.457674868252251166e+01
1.057296970308010344e+02 1.460183243060227376e+01
1.057342340071583351e+02 1.458530048903355336e+01
1.057387709835156500e+02 1.456500801849571403e+01
1.057433079598729648e+02 1.456298582261616659e+01
1.057478449362302797e+02 1.457224142742736284e+01
1.057523819125875946e+02 1.458649161075661205e+01
1.057569188889449094e+02 1.458911527966425226e+01
1.057614558653022101e+02 1.461066710115381007e+01
1.057659928416595250e+02 1.459781252506396498e+01
1.057705298180168398e+02 1.461803421505868350e+01
1.057750667943741547e+02 1.462274942839042424e+01
1.057796037707314554e+02 1.464007729624417209e+01
1.057841407470887702e+02 1.462842626519581657e+01
1.057886777234460851e+02 1.460673753709612477e+01
1.057932146998034000e+02 1.461011833488030121e+01
1.057977516761607149e+02 1.462168389366736854e+01
1.058022886525180297e+02 1.464786358393314636e+01
1.058068256288753304e+02 1.465140617762361686e+01
1.058113626052326453e+02 1.469361105603153028e+01
1.058158995815899601e+02 1.471155453777498501e+01
1.058204365579472750e+02 1.472853028243367213e+01
1.058249735343045757e+02 1.472905368828468653e+01
1.058295105106618905e+02 1.472100556578091535e+01
1.058340474870192054e+02 1.471228161717721328e+01
1.058385844633765203e+02 1.471740092673870137e+01
1.058431214397338351e+02 1.471793766342613985e+01
1.058476584160911500e+02 1.469797792479228704e+01
1.058521953924484507e+02 1.467844890855112361e+01
1.058567323688057655e+02 1.466815789361258204e+01
1.058612693451630804e+02 1.465049683941046510e+01
1.058658063215203953e+02 1.467872141375565853e+01
1.058703432978777101e+02 1.467877748834870921e+01
1.058748802742350108e+02 1.467792370894904153e+01
1.058794172505923257e+02 1.469579607932763388e+01
1.058839542269496405e+02 1.471709318453091520e+01
1.058884912033069554e+02 1.471099626618723022e+01
1.058930281796642703e+02 1.472831191829319408e+01
1.058975651560215709e+02 1.477221564631276074e+01
1.059021021323788858e+02 1.478558752648189767e+01
1.059066391087362007e+02 1.480864668930207806e+01
1.059111760850935156e+02 1.481830008339739813e+01
1.059157130614508304e+02 1.482017196341048582e+01
1.059202500378081311e+02 1.483911014160866770e+01
1.059247870141654460e+02 1.488037190479113825e+01
1.059293239905227608e+02 1.489162319718898786e+01
1.059338609668800757e+02 1.488610089714569540e+01
1.059383979432373906e+02 1.490720881233602135e+01
1.059429349195947054e+02 1.492522737896259599e+01
1.059474718959520061e+02 1.491763035435436180e+01
1.059520088723093210e+02 1.491158965933486336e+01
1.059565458486666358e+02 1.494078496547240142e+01
1.059610828250239507e+02 1.493662819877766523e+01
1.059656198013812514e+02 1.495017321725728721e+01
1.059701567777385662e+02 1.492996226802475590e+01
1.059746937540958811e+02 1.494168115675100061e+01
1.059792307304531960e+02 1.493256913812081521e+01
1.059837677068105108e+02 1.493232789779977132e+01
1.059883046831678257e+02 1.494499448506216766e+01
1.059928416595251264e+02 1.492053067845461634e+01
1.059973786358824412e+02 1.494078732588307901e+01
1.060019156122397561e+02 1.495260572291855716e+01
1.060064525885970710e+02 1.502354586755465071e+01
1.060109895649543716e+02 1.502882577492131944e+01
1.060155265413116865e+02 1.504358918023973146e+01
1.060200635176690014e+02 1.503006540058579787e+01
1.060246004940263163e+02 1.502121463673094581e+01
1.060291374703836311e+02 1.503132834253924699e+01
1.060336744467409460e+02 1.502830292143048396e+01
1.060382114230982467e+02 1.508395807214807149e+01
1.060427483994555615e+02 1.509597344305054101e+01
1.060472853758128764e+02 1.514526047334573455e+01
1.060518223521701913e+02 1.510792402801615530e+01
1.060563593285274919e+02 1.510787736838431528e+01
1.060608963048848068e+02 1.511186930716336718e+01
1.060654332812421217e+02 1.513112401112927508e+01
1.060699702575994365e+02 1.513401025760202145e+01
1.060745072339567514e+02 1.514008195601037876e+01
1.060790442103140663e+02 1.516097589342484753e+01
1.060835811866713811e+02 1.517012033795422354e+01
1.060881181630286818e+02 1.521084073128827363e+01
1.060926551393859967e+02 1.519529265408180585e+01
1.060971921157433115e+02 1.519672459216674731e+01
1.061017290921006122e+02 1.520450446580539783e+01
1.061062660684579271e+02 1.520738203021393709e+01
1.061108030448152419e+02 1.522251913945625112e+01
1.061153400211725568e+02 1.522118527133916999e+01
1.061198769975298717e+02 1.525155432065549199e+01
1.061244139738871866e+02 1.527405531573519504e+01
1.061289509502445014e+02 1.528453387892751181e+01
1.061334879266018021e+02 1.528671412472812641e+01
1.061380249029591170e+02 1.529883518685556254e+01
1.061425618793164318e+02 1.529222662185811288e+01
1.061470988556737467e+02 1.530299278546248587e+01
1.061516358320310474e+02 1.529564459579176905e+01
1.061561728083883622e+02 1.531674187167547885e+01
1.061607097847456771e+02 1.533522019569378969e+01
1.061652467611029920e+02 1.531958534733109900e+01
1.061697837374603068e+02 1.534123595803307083e+01
1.061743207138176217e+02 1.534182134794317065e+01
1.061788576901749224e+02 1.536268254296691360e+01
1.061833946665322372e+02 1.538052959980316636e+01
1.061879316428895521e+02 1.538251874286003407e+01
1.061924686192468670e+02 1.540363345257544836e+01
1.061970055956041676e+02 1.540822456136455543e+01
1.062015425719614825e+02 1.539649291237110162e+01
1.062060795483187974e+02 1.539538103351017995e+01
1.062106165246761122e+02 1.540476761196700473e+01
1.062151535010334271e+02 1.542552779577831323e+01
1.062196904773907420e+02 1.544058801402108827e+01
1.062242274537480426e+02 1.544589377573054456e+01
1.062287644301053575e+02 1.547495197337797990e+01
1.062333014064626724e+02 1.548884422713380360e+01
1.062378383828199873e+02 1.551614276289645744e+01
1.062423753591772879e+02 1.553570368600689555e+01
1.062469123355346028e+02 1.550263911780149684e+01
1.062514493118919177e+02 1.551754610966677816e+01
1.062559862882492325e+02 1.551869666804243231e+01
1.062605232646065474e+02 1.551375612831798279e+01
1.062650602409638623e+02 1.553539321318729449e+01
1.062695972173211771e+02 1.550552524351010319e+01
1.062741341936784778e+02 1.554437273719199020e+01
1.062786711700357927e+02 1.556336668262899536e+01
1.062832081463931075e+02 1.557517464939043172e+01
1.062877451227504082e+02 1.559094910759078623e+01
1.062922820991077231e+02 1.558321122551172877e+01
1.062968190754650379e+02 1.559883572087885106e+01
1.063013560518223528e+02 1.559733977063773303e+01
1.063058930281796677e+02 1.562087589897673823e+01
1.063104300045369826e+02 1.563633790989263161e+01
1.063149669808942974e+02 1.564968347190241715e+01
1.063195039572515981e+02 1.563124527074764281e+01
1.063240409336089130e+02 1.563846536211525340e+01
1.063285779099662278e+02 1.561391037290171546e+01
1.063331148863235427e+02 1.563505766592916935e+01
1.063376518626808434e+02 1.563900712902938039e+01
1.063421888390381582e+02 1.564048896449572723e+01
1.063467258153954731e+02 1.567102421147273006e+01
1.063512627917527880e+02 1.567576286655994089e+01
1.063557997681101028e+02 1.569209932516288752e+01
1.063603367444674177e+02 1.569943928473028727e+01
1.063648737208247184e+02 1.573152813804321859e+01
1.063694106971820332e+02 1.571799210087918475e+01
1.063739476735393481e+02 1.572716201856204776e+01
1.063784846498966630e+02 1.570259621566665409e+01
1.063830216262539636e+02 1.572747643947449347e+01
1.063875586026112785e+02 1.572636683557691661e+01
1.063920955789685934e+02 1.574416703284346930e+01
1.063966325553259082e+02 1.576559864387300181e+01
1.064011695316832231e+02 1.578657790546553130e+01
1.064057065080405380e+02 1.579145893631983455e+01
1.064102434843978386e+02 1.580062413857521086e+01
1.064147804607551535e+02 1.580705535610581336e+01
1.064193174371124684e+02 1.580969434923467531e+01
1.064238544134697833e+02 1.582067425995903420e+01
1.064283913898270839e+02 1.580476169728644287e+01
1.064329283661843988e+02 1.579770364237641367e+01
1.064374653425417137e+02 1.580334773066038778e+01
1.064420023188990285e+02 1.579530131701502427e+01
1.064465392952563434e+02 1.582517219167032607e+01
1.064510762716136583e+02 1.584097491256510537e+01
1.064556132479709731e+02 1.584974670676383290e+01
1.064601502243282738e+02 1.584749163040447861e+01
1.064646872006855887e+02 1.582692765353704267e+01
1.064692241770429035e+02 1.583189444934071588e+01
1.064737611534002042e+02 1.582464360011946169e+01
1.064782981297575191e+02 1.583419433087904160e+01
1.064828351061148339e+02 1.586037849172121383e+01
1.064873720824721488e+02 1.587097944302161245e+01
1.064919090588294637e+02 1.586034257856903373e+01
1.064964460351867785e+02 1.585979181349282641e+01
1.065009830115440934e+02 1.586619923103048002e+01
1.065055199879013941e+02 1.586339983986022872e+01
1.065100569642587089e+02 1.589029852065075232e+01
1.065145939406160238e+02 1.587754445255435165e+01
1.065191309169733387e+02 1.589438543732485876e+01
1.065236678933306393e+02 1.589286007234091791e+01
1.065282048696879542e+02 1.591706755544789509e+01
1.065327418460452691e+02 1.595370471978052862e+01
1.065372788224025840e+02 1.596078873361771855e+01
1.065418157987598988e+02 1.597438648095316260e+01
1.065463527751172137e+02 1.596982688199777556e+01
1.065508897514745144e+02 1.600731986809054064e+01
1.065554267278318292e+02 1.599245822094622049e+01
1.065599637041891441e+02 1.600544216015409305e+01
1.065645006805464590e+02 1.600095614974690861e+01
1.065690376569037596e+02 1.600120680429850495e+01
1.065735746332610745e+02 1.601329460797061088e+01
1.065781116096183894e+02 1.603020244716151765e+01
1.065826485859757042e+02 1.601664286779862678e+01
1.065871855623330191e+02 1.603214192327500953e+01
1.065917225386903340e+02 1.603300153379019832e+01
1.065962595150476346e+02 1.601412979003894321e+01
1.066007964914049495e+02 1.603325798666476842e+01
1.066053334677622644e+02 1.601357130553677877e+01
1.066098704441195792e+02 1.604333391564804856e+01
1.066144074204768799e+02 1.604530999501507438e+01
1.066189443968341948e+02 1.604342720552517321e+01
1.066234813731915096e+02 1.605089692426509984e+01
1.066280183495488245e+02 1.602490543672173118e+01
1.066325553259061394e+02 1.603301303264773736e+01
1.066370923022634543e+02 1.605814698172002863e+01
1.066416292786207549e+02 1.606534279937179477e+01
1.066461662549780698e+02 1.608638169718295785e+01
1.066507032313353847e+02 1.610648672307301155e+01
1.066552402076926995e+02 1.609578413841668976e+01
1.066597771840500002e+02 1.612704174031939885e+01
1.066643141604073151e+02 1.614009817757285603e+01
1.066688511367646299e+02 1.616787081433667694e+01
1.066733881131219448e+02 1.620523946968181050e+01
1.066779250894792597e+02 1.619912352634018404e+01
1.066824620658365745e+02 1.621937586757739425e+01
1.066869990421938894e+02 1.622073136429249729e+01
1.066915360185511901e+02 1.620881707789137138e+01
1.066960729949085049e+02 1.620652165449850202e+01
1.067006099712658198e+02 1.618428764984862056e+01
1.067051469476231347e+02 1.613676728313920350e+01
1.067096839239804353e+02 1.613865860597503143e+01
1.067142209003377502e+02 1.611604607074485429e+01
1.067187578766950651e+02 1.609415173520267217e+01
1.067232948530523799e+02 1.609706753852210426e+01
1.067278318294096948e+02 1.612867884949944397e+01
1.067323688057670097e+02 1.614639955997452603e+01
1.067369057821243103e+02 1.615634881612116658e+01
1.067414427584816252e+02 1.619728693591050828e+01
1.067459797348389401e+02 1.619118403597919453e+01
1.067505167111962550e+02 1.619377149050023235e+01
1.067550536875535556e+02 1.618314262690697447e+01
1.067595906639108705e+02 1.615602162012107001e+01
1.067641276402681854e+02 1.614872151469207751e+01
1.067686646166255002e+02 1.613364184355949149e+01
1.067732015929828151e+02 1.614309473314600751e+01
1.067777385693401300e+02 1.616141009423004959e+01
1.067822755456974306e+02 1.617965875847234969e+01
1.067868125220547455e+02 1.618337478117818407e+01
1.067913494984120604e+02 1.621237796721451474e+01
1.067958864747693752e+02 1.623413568362416015e+01
1.068004234511266759e+02 1.625981353530606199e+01
1.068049604274839908e+02 1.627439789120434455e+01
1.068094974038413056e+02 1.629765546010678889e+01
1.068140343801986205e+02 1.632847346272557942e+01
1.068185713565559354e+02 1.633862528117504809e+01
1.068231083329132503e+02 1.635673571841096674e+01
1.068276453092705509e+02 1.636609036451747201e+01
1.068321822856278658e+02 1.638774767236832020e+01
1.068367192619851807e+02 1.639051426839410652e+01
1.068412562383424955e+02 1.636966019893306523e+01
1.068457932146997962e+02 1.632068219116657559e+01
1.068503301910571111e+02 1.631882380473779648e+01
1.068548671674144259e+02 1.630903443459766677e+01
1.068594041437717408e+02 1.627695458856213762e+01
1.068639411201290557e+02 1.626936440431641628e+01
1.068684780964863705e+02 1.623830910667173200e+01
1.068730150728436854e+02 1.623496736917790528e+01
1.068775520492009861e+02 1.624100752289848160e+01
1.068820890255583009e+02 1.626307860153611529e+01
1.068866260019156158e+02 1.630112418045898437e+01
1.068911629782729165e+02 1.632734296352655079e+01
1.068956999546302313e+02 1.633632991437786330e+01
1.069002369309875462e+02 1.632995449216740269e+01
1.069047739073448611e+02 1.631738608605048668e+01
1.069093108837021759e+02 1.630647692908218716e+01
1.069138478600594908e+02 1.628564482138263259e+01
1.069183848364168057e+02 1.628592113622362092e+01
1.069229218127741063e+02 1.628402950249086345e+01
1.069274587891314212e+02 1.628908382831738422e+01
1.069319957654887361e+02 1.631079527756428504e+01
1.069365327418460510e+02 1.632606513766945966e+01
1.069410697182033516e+02 1.634368784228301763e+01
1.069456066945606665e+02 1.632900744802511639e+01
1.069501436709179814e+02 1.633624564460451367e+01
1.069546806472752962e+02 1.634080570593828341e+01
1.069592176236326111e+02 1.633896225072020414e+01
1.069637545999899260e+02 1.633979958841734614e+01
1.069682915763472266e+02 1.633250636591024119e+01
1.069728285527045415e+02 1.632213328897494264e+01
1.069773655290618564e+02 1.631608472605882909e+01
1.069819025054191712e+02 1.632996791460994501e+01
1.069864394817764719e+02 1.633491568623888668e+01
1.069909764581337868e+02 1.634876170792013639e+01
1.069955134344911016e+02 1.634231167362836956e+01
1.070000504108484165e+02 1.636486388483417542e+01
1.070045873872057314e+02 1.635485292285994419e+01
1.070091243635630462e+02 1.633205911257046594e+01
1.070136613399203469e+02 1.633992614571540258e+01
1.070181983162776618e+02 1.634988818675043731e+01
1.070227352926349766e+02 1.634260987944910326e+01
1.070272722689922915e+02 1.635213738513443715e+01
1.070318092453495922e+02 1.638447031199020287e+01
1.070363462217069070e+02 1.640687548758322833e+01
1.070408831980642219e+02 1.642173984160363531e+01
1.070454201744215368e+02 1.641760974743440116e+01
1.070499571507788517e+02 1.645967199214735643e+01
1.070544941271361665e+02 1.646395336809571930e+01
1.070590311034934814e+02 1.646469710102619288e+01
1.070635680798507821e+02 1.648808785432728641e+01
1.070681050562080969e+02 1.651425391152452704e+01
1.070726420325654118e+02 1.653112352715491795e+01
1.070771790089227125e+02 1.652829726680921141e+01
1.070817159852800273e+02 1.657783348507465959e+01
1.070862529616373422e+02 1.657815515115546745e+01
1.070907899379946571e+02 1.658507684415715389e+01
1.070953269143519719e+02 1.657535374461119204e+01
1.070998638907092868e+02 1.658956395440868548e+01
1.071044008670666017e+02 1.661175068043336012e+01
1.071089378434239023e+02 1.661598105300058492e+01
1.071134748197812172e+02 1.662928747540984986e+01
1.071180117961385321e+02 1.664190581798019863e+01
1.071225487724958469e+02 1.665744336589518326e+01
1.071270857488531476e+02 1.666035310816684500e+01
1.071316227252104625e+02 1.668875412801000735e+01
1.071361597015677773e+02 1.665593783877751477e+01
1.071406966779250922e+02 1.663873487961321374e+01
1.071452336542824071e+02 1.658978607675953398e+01
1.071497706306397220e+02 1.657727267462684750e+01
1.071543076069970226e+02 1.659448440388383617e+01
1.071588445833543375e+02 1.659213622873471650e+01
1.071633815597116524e+02 1.660874676089314050e+01
1.071679185360689672e+02 1.661168917236184228e+01
1.071724555124262679e+02 1.662221933625987091e+01
1.071769924887835828e+02 1.662107467087685464e+01
1.071815294651408976e+02 1.662904936252976285e+01
1.071860664414982125e+02 1.665221547627569265e+01
1.071906034178555274e+02 1.665757329817083843e+01
1.071951403942128422e+02 1.666872842422417378e+01
1.071996773705701429e+02 1.667748897929195095e+01
1.072042143469274578e+02 1.669664545700319280e+01
1.072087513232847726e+02 1.672438674154614091e+01
1.072132882996420875e+02 1.675541788443612035e+01
1.072178252759993882e+02 1.675672572246747905e+01
1.072223622523567030e+02 1.677318321667201673e+01
1.072268992287140179e+02 1.675190221474560914e+01
1.072314362050713328e+02 1.672431711218027672e+01
1.072359731814286476e+02 1.671444680246609238e+01
1.072405101577859625e+02 1.670253084603185556e+01
1.072450471341432774e+02 1.672189720274998237e+01
1.072495841105005780e+02 1.674765993260624342e+01
1.072541210868578929e+02 1.676289618130139658e+01
1.072586580632152078e+02 1.675391121348948076e+01
1.072631950395725084e+02 1.674866263596808480e+01
1.072677320159298233e+02 1.672355966118309567e+01
1.072722689922871382e+02 1.673887978545646504e+01
1.072768059686444531e+02 1.676445399804792658e+01
1.072813429450017679e+02 1.678290050267113998e+01
1.072858799213590828e+02 1.678392121932986569e+01
1.072904168977163977e+02 1.678450245468316737e+01
1.072949538740736983e+02 1.676233642002891244e+01
1.072994908504310132e+02 1.674986887333779606e+01
1.073040278267883281e+02 1.674930652964152955e+01
1.073085648031456429e+02 1.674604256660003188e+01
1.073131017795029436e+02 1.676459409081222418e+01
1.073176387558602585e+02 1.678590228198580903e+01
1.073221757322175733e+02 1.679720960160445387e+01
1.073267127085748882e+02 1.678755418025642143e+01
1.073312496849322031e+02 1.684457290521013917e+01
1.073357866612895180e+02 1.685936526374758060e+01
1.073403236376468186e+02 1.689847297125137970e+01
1.073448606140041335e+02 1.693830803529858287e+01
1.073493975903614484e+02 1.692414440099841499e+01
1.073539345667187632e+02 1.688690181941993984e+01
1.073584715430760639e+02 1.684509313648522522e+01
1.073630085194333788e+02 1.686265237426703933e+01
1.073675454957906936e+02 1.684316709555879399e+01
1.073720824721480085e+02 1.684282451853747986e+01
1.073766194485053234e+02 1.686013568306926302e+01
1.073811564248626382e+02 1.689473379309906065e+01
1.073856934012199389e+02 1.690250782649890837e+01
1.073902303775772538e+02 1.691734284279219835e+01
1.073947673539345686e+02 1.691104904197659664e+01
1.073993043302918835e+02 1.691918047342234743e+01
1.074038413066491842e+02 1.694139920050227488e+01
1.074083782830064990e+02 1.695185131055944083e+01
1.074129152593638139e+02 1.696145039543102229e+01
1.074174522357211288e+02 1.694670094960354945e+01
1.074219892120784436e+02 1.692897657186235705e+01
1.074265261884357585e+02 1.693360374459112805e+01
1.074310631647930592e+02 1.695987579088036057e+01
1.074356001411503740e+02 1.694997529305117467e+01
1.074401371175076889e+02 1.698208938066931495e+01
1.074446740938650038e+02 1.698753572683314417e+01
1.074492110702223044e+02 1.697960733822111834e+01
1.074537480465796193e+02 1.698706531520757324e+01
1.074582850229369342e+02 1.702662830161265362e+01
1.074628219992942491e+02 1.704084835922386176e+01
1.074673589756515639e+02 1.702907447010857567e+01
1.074718959520088788e+02 1.703952294069637574e+01
1.074764329283661937e+02 1.704699944603874684e+01
1.074809699047234943e+02 1.709263093550605461e+01
1.074855068810808092e+02 1.709066100215223472e+01
1.074900438574381241e+02 1.712225948802748121e+01
1.074945808337954389e+02 1.713485263324771068e+01
1.074991178101527396e+02 1.714384051680861631e+01
1.075036547865100545e+02 1.718085028069331699e+01
1.075081917628673693e+02 1.717133203820576526e+01
1.075127287392246842e+02 1.720674875569125817e+01
1.075172657155819991e+02 1.721222011585173917e+01
1.075218026919393139e+02 1.725056299332393550e+01
1.075263396682966146e+02 1.729515692506031144e+01
1.075308766446539295e+02 1.730778232877862877e+01
1.075354136210112443e+02 1.731232028498392950e+01
1.075399505973685592e+02 1.731704487647235524e+01
1.075444875737258599e+02 1.729422537030195883e+01
1.075490245500831747e+02 1.730196534623987858e+01
1.075535615264404896e+02 1.731190685820585529e+01
1.075580985027978045e+02 1.731199354007575764e+01
1.075626354791551194e+02 1.733509840210312802e+01
1.075671724555124342e+02 1.735064221301499998e+01
1.075717094318697349e+02 1.734738300804585975e+01
1.075762464082270498e+02 1.734863335553451691e+01
1.075807833845843646e+02 1.735230844021272389e+01
1.075853203609416795e+02 1.735018594176071005e+01
1.075898573372989802e+02 1.733155770490077785e+01
1.075943943136562950e+02 1.733699045447367482e+01
1.075989312900136099e+02 1.733970679423950401e+01
1.076034682663709248e+02 1.736171351288973597e+01
1.076080052427282396e+02 1.736247335383495738e+01
1.076125422190855545e+02 1.738634850334390691e+01
1.076170791954428552e+02 1.739752783883862719e+01
1.076216161718001700e+02 1.738102629687118039e+01
1.076261531481574849e+02 1.737345563230696399e+01
1.076306901245147998e+02 1.735674671470007979e+01
1.076352271008721004e+02 1.736214177273669179e+01
1.076397640772294153e+02 1.736495936228821080e+01
1.076443010535867302e+02 1.738107502000134019e+01
1.076488380299440450e+02 1.737786178862013742e+01
1.076533750063013599e+02 1.736598478226359177e+01
1.076579119826586748e+02 1.735573341014555027e+01
1.076624489590159897e+02 1.736593488748100356e+01
1.076669859353732903e+02 1.738887089800953945e+01
1.076715229117306052e+02 1.740062269306821108e+01
1.076760598880879201e+02 1.739024564267480244e+01
1.076805968644452349e+02 1.739335805824012837e+01
1.076851338408025356e+02 1.740295922734069478e+01
1.076896708171598505e+02 1.742032680485835527e+01
1.076942077935171653e+02 1.742184858915923940e+01
1.076987447698744802e+02 1.746178559571753297e+01
1.077032817462317951e+02 1.748544741506309919e+01
1.077078187225891099e+02 1.749804172048144935e+01
1.077123556989464106e+02 1.752244213180410171e+01
1.077168926753037255e+02 1.754036362092052670e+01
1.077214296516610403e+02 1.755902881514148817e+01
1.077259666280183552e+02 1.755339516303925862e+01
1.077305036043756559e+02 1.756174389378416834e+01
1.077350405807329707e+02 1.758033502324444441e+01
1.077395775570902856e+02 1.758551242420858784e+01
1.077441145334476005e+02 1.757594502334086428e+01
1.077486515098049153e+02 1.758968787743767592e+01
1.077531884861622302e+02 1.757829467997799711e+01
1.077577254625195309e+02 1.756750727864305617e+01
1.077622624388768457e+02 1.755997850180672515e+01
1.077667994152341606e+02 1.757216516796602335e+01
1.077713363915914755e+02 1.757831145871140066e+01
1.077758733679487761e+02 1.756239106277865147e+01
1.077804103443060910e+02 1.757852737778258501e+01
1.077849473206634059e+02 1.760483618869297828e+01
1.077894842970207208e+02 1.760573722938209684e+01
1.077940212733780356e+02 1.761611081287455605e+01
1.077985582497353505e+02 1.759192893331898944e+01
1.078030952260926512e+02 1.759787716272111524e+01
1.078076322024499660e+02 1.757053742392611539e+01
1.078121691788072809e+02 1.758219326112078207e+01
1.078167061551645958e+02 1.757327460573584688e+01
1.078212431315218964e+02 1.756239228245713235e+01
1.078257801078792113e+02 1.754798263804212510e+01
1.078303170842365262e+02 1.756073773730683030e+01
1.078348540605938410e+02 1.757599093202397000e+01
1.078393910369511559e+02 1.759461212214273829e+01
1.078439280133084708e+02 1.760958023674073303e+01
1.078484649896657857e+02 1.760977159842744300e+01
1.078530019660230863e+02 1.760623454236321450e+01
1.078575389423804012e+02 1.760335949231000541e+01
1.078620759187377161e+02 1.761179905491070485e+01
1.078666128950950167e+02 1.764497469903640336e+01
1.078711498714523316e+02 1.764835312662159339e+01
1.078756868478096465e+02 1.765848263883843927e+01
1.078802238241669613e+02 1.765691165067328328e+01
1.078847608005242762e+02 1.767123029466121054e+01
1.078892977768815911e+02 1.768753174454972310e+01
1.078938347532389059e+02 1.771056066471690471e+01
1.078983717295962066e+02 1.771615378973709198e+01
1.079029087059535215e+02 1.770406174890172935e+01
1.079074456823108363e+02 1.770362345239669111e+01
1.079119826586681512e+02 1.770150957209238740e+01
1.079165196350254519e+02 1.771369020598842425e+01
1.079210566113827667e+02 1.771058638421396125e+01
1.079255935877400816e+02 1.775092957576118025e+01
1.079301305640973965e+02 1.773217470492895487e+01
1.079346675404547113e+02 1.774638243431070705e+01
1.079392045168120262e+02 1.775906642718845063e+01
1.079437414931693269e+02 1.779601266686397310e+01
1.079482784695266417e+02 1.783582165556047272e+01
1.079528154458839566e+02 1.784366573552948054e+01
1.079573524222412715e+02 1.787458532200414396e+01
1.079618893985985721e+02 1.789129663140239046e+01
1.079664263749558870e+02 1.791887241653563123e+01
1.079709633513132019e+02 1.787313070886441579e+01
1.079755003276705168e+02 1.785638770139992815e+01
1.079800373040278316e+02 1.785832522591730509e+01
1.079845742803851465e+02 1.784303308892810236e+01
1.079891112567424472e+02 1.786445663528884609e+01
1.079936482330997620e+02 1.788210940120995929e+01
1.079981852094570769e+02 1.791986556927770380e+01
1.080027221858143918e+02 1.792305008648143527e+01
1.080072591621716924e+02 1.793484574739386517e+01
1.080117961385290073e+02 1.793196049266041925e+01
1.080163331148863222e+02 1.792032337332710412e+01
1.080208700912436370e+02 1.792374055446365233e+01
1.080254070676009519e+02 1.793458100959747981e+01
1.080299440439582668e+02 1.792612281589976320e+01
1.080344810203155816e+02 1.792466906747677768e+01
1.080390179966728823e+02 1.789781075176514591e+01
1.080435549730301972e+02 1.786480978587368895e+01
1.080480919493875120e+02 1.785495236429665411e+01
1.080526289257448127e+02 1.786967373400066705e+01
1.080571659021021276e+02 1.788354289057555846e+01
1.080617028784594424e+02 1.792839196756381170e+01
1.080662398548167573e+02 1.790877011920096606e+01
1.080707768311740722e+02 1.789799040252986373e+01
1.080753138075313871e+02 1.789810415647828279e+01
1.080798507838887019e+02 1.788880349900133027e+01
1.080843877602460026e+02 1.789482901937547510e+01
1.080889247366033175e+02 1.790794902945967593e+01
1.080934617129606323e+02 1.791764864072823471e+01
1.080979986893179472e+02 1.790637771875981343e+01
1.081025356656752479e+02 1.791129638891074549e+01
1.081070726420325627e+02 1.787441476592444900e+01
1.081116096183898776e+02 1.786362838468883041e+01
1.081161465947471925e+02 1.785862001464476023e+01
1.081206835711045073e+02 1.785398678949081841e+01
1.081252205474618222e+02 1.786585557726334272e+01
1.081297575238191229e+02 1.787002172787999044e+01
1.081342945001764377e+02 1.788696654667032249e+01
1.081388314765337526e+02 1.789639523114896491e+01
1.081433684528910675e+02 1.790826557726368407e+01
1.081479054292483681e+02 1.792912071587641876e+01
1.081524424056056830e+02 1.795000542878725724e+01
1.081569793819629979e+02 1.795003898129847641e+01
1.081615163583203127e+02 1.795827208967298105e+01
1.081660533346776276e+02 1.794303413909819511e+01
1.081705903110349425e+02 1.794039156843076555e+01
1.081751272873922431e+02 1.792522772750913873e+01
1.081796642637495580e+02 1.795422775307731200e+01
1.081842012401068729e+02 1.798976518792591861e+01
1.081887382164641878e+02 1.799121284966230405e+01
1.081932751928214884e+02 1.798759768423478533e+01
1.081978121691788033e+02 1.801758612341074084e+01
1.082023491455361182e+02 1.800577310132422681e+01
1.082068861218934330e+02 1.802418920152525317e+01
1.082114230982507479e+02 1.800874320056475852e+01
1.082159600746080628e+02 1.800630815142222474e+01
1.082204970509653776e+02 1.800396263626331006e+01
1.082250340273226783e+02 1.801134603014920188e+01
1.082295710036799932e+02 1.802497681381994710e+01
1.082341079800373080e+02 1.801633336741828373e+01
1.082386449563946087e+02 1.803473826306294470e+01
1.082431819327519236e+02 1.802421361710129233e+01
1.082477189091092384e+02 1.802759909645542891e+01
1.082522558854665533e+02 1.801193043957706053e+01
1.082567928618238682e+02 1.803850437536116758e+01
1.082613298381811830e+02 1.805721520733200691e+01
1.082658668145384979e+02 1.805529702569622685e+01
1.082704037908957986e+02 1.804929049240149652e+01
1.082749407672531134e+02 1.803969200693462938e+01
1.082794777436104283e+02 1.804438679305478033e+01
1.082840147199677432e+02 1.803964468027591650e+01
1.082885516963250438e+02 1.805563578291381077e+01
1.082930886726823587e+02 1.808521608024195260e+01
1.082976256490396736e+02 1.807437337602915406e+01
1.083021626253969885e+02 1.807215073514078085e+01
1.083066996017543033e+02 1.807963263766848172e+01
1.083112365781116182e+02 1.807680646503255772e+01
1.083157735544689189e+02 1.807566444786512960e+01
1.083203105308262337e+02 1.809408968047067390e+01
1.083248475071835486e+02 1.808875499847427903e+01
1.083293844835408635e+02 1.809316150969667447e+01
1.083339214598981641e+02 1.805892173232579623e+01
1.083384584362554790e+02 1.802798362596459825e+01
1.083429954126127939e+02 1.805245617200757735e+01
1.083475323889701087e+02 1.803992294345367853e+01
1.083520693653274236e+02 1.802692527494980723e+01
1.083566063416847385e+02 1.801968527645830420e+01
1.083611433180420391e+02 1.798954194086962488e+01
1.083656802943993540e+02 1.797559751093236358e+01
1.083702172707566689e+02 1.798931686343932768e+01
1.083747542471139838e+02 1.801699768300585447e+01
1.083792912234712844e+02 1.803550978198769883e+01
1.083838281998285993e+02 1.804424202804494470e+01
1.083883651761859142e+02 1.803521573254558064e+01
1.083929021525432290e+02 1.804711845626966848e+01
1.083974391289005439e+02 1.805785009046086742e+01
1.084019761052578588e+02 1.808842632698291197e+01
1.084065130816151594e+02 1.809993571618378638e+01
1.084110500579724743e+02 1.809702967447838518e+01
1.084155870343297892e+02 1.810456732961507953e+01
1.084201240106871040e+02 1.810098555443628854e+01
1.084246609870444047e+02 1.810496325070165824e+01
1.084291979634017196e+02 1.810790023824914385e+01
1.084337349397590344e+02 1.811555396691148090e+01
1.084382719161163493e+02 1.810544267237645144e+01
1.084428088924736642e+02 1.810496837326529018e+01
1.084473458688309790e+02 1.810462122574788779e+01
1.084518828451882939e+02 1.810882424600478657e+01
1.084564198215455946e+02 1.811728455508188418e+01
1.084609567979029094e+02 1.810166705751441540e+01
1.084654937742602243e+02 1.811040620116370548e+01
1.084700307506175392e+02 1.811398076338636898e+01
1.084745677269748398e+02 1.814587100691139554e+01
1.084791047033321547e+02 1.816688385970432407e+01
1.084836416796894696e+02 1.818851581525122540e+01
1.084881786560467845e+02 1.819248558035008045e+01
1.084927156324040993e+02 1.817492310706314385e+01
1.084972526087614142e+02 1.820199087662549076e+01
1.085017895851187149e+02 1.820926109462755704e+01
1.085063265614760297e+02 1.820446739498575894e+01
1.085108635378333446e+02 1.816609975392314169e+01
1.085154005141906595e+02 1.816864769218764053e+01
1.085199374905479601e+02 1.817394118041437778e+01
1.085244744669052750e+02 1.816661338117805613e+01
1.085290114432625899e+02 1.819757603769517118e+01
1.085335484196199047e+02 1.823219506762685072e+01
1.085380853959772196e+02 1.825385443626519688e+01
1.085426223723345345e+02 1.823472210425582674e+01
1.085471593486918351e+02 1.821604334278244863e+01
1.085516963250491500e+02 1.821315670265967412e+01
1.085562333014064649e+02 1.822294544149717765e+01
1.085607702777637797e+02 1.824798592756417293e+01
1.085653072541210804e+02 1.827840333927429484e+01
1.085698442304783953e+02 1.826261462459586937e+01
1.085743812068357101e+02 1.825602756932138959e+01
1.085789181831930250e+02 1.824753893637844371e+01
1.085834551595503399e+02 1.823341578417788966e+01
1.085879921359076548e+02 1.824521668250024220e+01
1.085925291122649554e+02 1.823389955077777813e+01
1.085970660886222703e+02 1.824628077767529888e+01
1.086016030649795852e+02 1.824928085148444268e+01
1.086061400413369000e+02 1.827605155653570179e+01
1.086106770176942007e+02 1.829228320367699467e+01
1.086152139940515156e+02 1.827307259061565148e+01
1.086197509704088304e+02 1.824703356895322770e+01
1.086242879467661453e+02 1.824833766118106482e+01
1.086288249231234602e+02 1.822719250173155103e+01
1.086333618994807750e+02 1.823472923805427826e+01
1.086378988758380899e+02 1.826434575924935544e+01
1.086424358521953906e+02 1.825767765888050320e+01
1.086469728285527054e+02 1.824491505851807105e+01
1.086515098049100203e+02 1.826296181748886127e+01
1.086560467812673210e+02 1.827572816672180522e+01
1.086605837576246358e+02 1.828935378320435845e+01
1.086651207339819507e+02 1.833583739746515562e+01
1.086696577103392656e+02 1.832521485143593765e+01
1.086741946866965804e+02 1.833534371221465165e+01
1.086787316630538953e+02 1.832950408023712541e+01
1.086832686394112102e+02 1.834373554271592965e+01
1.086878056157685108e+02 1.836429049130738278e+01
1.086923425921258257e+02 1.837802086818425096e+01
1.086968795684831406e+02 1.841191356278450897e+01
1.087014165448404555e+02 1.843642535593659204e+01
1.087059535211977561e+02 1.842746319230975516e+01
1.087104904975550710e+02 1.843034781505555486e+01
1.087150274739123859e+02 1.846495978664115967e+01
1.087195644502697007e+02 1.846095351853941580e+01
1.087241014266270156e+02 1.846775119083433481e+01
1.087286384029843305e+02 1.844235524262167658e+01
1.087331753793416311e+02 1.843046784705475716e+01
1.087377123556989460e+02 1.841243559740579983e+01
1.087422493320562609e+02 1.841417512120781552e+01
1.087467863084135757e+02 1.843373887890863827e+01
1.087513232847708764e+02 1.844415432597246252e+01
1.087558602611281913e+02 1.843458495105178585e+01
1.087603972374855061e+02 1.844363053300637034e+01
1.087649342138428210e+02 1.845796502681772111e+01
1.087694711902001359e+02 1.843988114871387651e+01
1.087740081665574507e+02 1.844840604015932684e+01
1.087785451429147514e+02 1.843314883080719113e+01
1.087830821192720663e+02 1.844596842857695407e+01
1.087876190956293811e+02 1.843294941400443321e+01
1.087921560719866960e+02 1.845924636414370212e+01
1.087966930483439967e+02 1.849630807606446581e+01
1.088012300247013115e+02 1.849322412787561021e+01
1.088057670010586264e+02 1.849928637836677936e+01
1.088103039774159413e+02 1.848483131715257599e+01
1.088148409537732562e+02 1.848961673141447548e+01
1.088193779301305710e+02 1.848987018782906944e+01
1.088239149064878859e+02 1.853994451035469737e+01
1.088284518828451866e+02 1.854188164283329954e+01
1.088329888592025014e+02 1.855265039361359314e+01
1.088375258355598163e+02 1.855437443023687649e+01
1.088420628119171170e+02 1.854987301211884798e+01
1.088465997882744318e+02 1.854961776324103084e+01
1.088511367646317467e+02 1.856059968012115391e+01
1.088556737409890616e+02 1.858554876877727224e+01
1.088602107173463764e+02 1.857356497055848621e+01
1.088647476937036913e+02 1.859553818046640217e+01
1.088692846700610062e+02 1.859639368458340414e+01
1.088738216464183068e+02 1.859670098667350757e+01
1.088783586227756217e+02 1.859183725756343719e+01
1.088828955991329366e+02 1.857399121539616260e+01
1.088874325754902515e+02 1.857268171759564979e+01
1.088919695518475521e+02 1.858203683556567753e+01
1.088965065282048670e+02 1.858699276958089541e+01
1.089010435045621819e+02 1.859687843291360565e+01
1.089055804809194967e+02 1.860221983275415880e+01
1.089101174572768116e+02 1.857039855990798216e+01
1.089146544336341265e+02 1.858411123246333219e+01
1.089191914099914271e+02 1.859662947686207701e+01
1.089237283863487420e+02 1.858831512843126177e+01
1.089282653627060569e+02 1.863113667944918461e+01
1.089328023390633717e+02 1.864872594654805127e+01
1.089373393154206724e+02 1.869581803473669623e+01
1.089418762917779873e+02 1.867954037134714795e+01
1.089464132681353021e+02 1.868358273353423726e+01
1.089509502444926170e+02 1.870381580578209224e+01
1.089554872208499319e+02 1.874419370320636347e+01
1.089600241972072467e+02 1.877673320834557202e+01
1.089645611735645474e+02 1.877658376980765098e+01
1.089690981499218623e+02 1.875342083158443884e+01
1.089736351262791771e+02 1.873828013285788430e+01
1.089781721026364920e+02 1.877218315242569346e+01
1.089827090789937927e+02 1.882176160834623957e+01
1.089872460553511075e+02 1.887141775172664637e+01
1.089917830317084224e+02 1.888608046829485332e+01
1.089963200080657373e+02 1.890190768654286657e+01
1.090008569844230522e+02 1.891335663923295130e+01
1.090053939607803670e+02 1.889509834059028393e+01
1.090099309371376819e+02 1.893954630756082125e+01
1.090144679134949826e+02 1.895573451524387210e+01
1.090190048898522974e+02 1.893237075609642517e+01
1.090235418662096123e+02 1.891802254796822069e+01
1.090280788425669130e+02 1.892934272606376922e+01
1.090326158189242278e+02 1.892928698649417285e+01
1.090371527952815427e+02 1.893464759350170823e+01
1.090416897716388576e+02 1.895127138442515857e+01
1.090462267479961724e+02 1.895670567628332392e+01
1.090507637243534873e+02 1.897930860846043188e+01
1.090553007007108022e+02 1.898530119239243064e+01
1.090598376770681028e+02 1.902177647757851275e+01
1.090643746534254177e+02 1.902600379066566205e+01
1.090689116297827326e+02 1.900441663812523529e+01
1.090734486061400474e+02 1.904036806514853808e+01
1.090779855824973481e+02 1.903017414814828712e+01
1.090825225588546630e+02 1.905090678190740761e+01
1.090870595352119778e+02 1.906133024752310234e+01
1.090915965115692927e+02 1.907677323549057036e+01
1.090961334879266076e+02 1.909527327337562852e+01
1.091006704642839225e+02 1.907914726154884733e+01
1.091052074406412231e+02 1.908650969295842614e+01
1.091097444169985380e+02 1.908945009981541219e+01
1.091142813933558529e+02 1.912375791676792858e+01
1.091188183697131677e+02 1.912535529335280415e+01
1.091233553460704684e+02 1.914399603627316182e+01
1.091278923224277833e+02 1.915863421966077595e+01
1.091324292987850981e+02 1.919271193838431699e+01
1.091369662751424130e+02 1.918789586004507441e+01
1.091415032514997279e+02 1.919035445497267744e+01
1.091460402278570427e+02 1.919881753261929802e+01
1.091505772042143434e+02 1.921844812750894960e+01
1.091551141805716583e+02 1.925725361769868726e+01
1.091596511569289731e+02 1.925597331035624293e+01
1.091641881332862880e+02 1.926612633536099040e+01
1.091687251096435887e+02 1.927140856959397652e+01
1.091732620860009035e+02 1.927474399250895587e+01
1.091777990623582184e+02 1.929379352800819447e+01
1.091823360387155333e+02 1.934660257846098119e+01
1.091868730150728481e+02 1.935594645114417744e+01
1.091914099914301630e+02 1.937298137808584286e+01
1.091959469677874637e+02 1.939107347033232998e+01
1.092004839441447785e+02 1.939539060096651824e+01
1.092050209205020934e+02 1.941287484222905491e+01
1.092095578968594083e+02 1.941090289154659487e+01
1.092140948732167089e+02 1.943610470244718158e+01
1.092186318495740238e+02 1.943368938140798008e+01
1.092231688259313387e+02 1.946816353887554740e+01
1.092277058022886536e+02 1.948978132151623299e+01
1.092322427786459684e+02 1.951091516247370805e+01
1.092367797550032833e+02 1.955278858537701225e+01
1.092413167313605982e+02 1.958036964596182727e+01
1.092458537077178988e+02 1.958782255930852045e+01
1.092503906840752137e+02 1.959374408527354561e+01
1.092549276604325286e+02 1.963654575567134231e+01
1.092594646367898434e+02 1.963607722169701475e+01
1.092640016131471441e+02 1.964022922118328651e+01
1.092685385895044590e+02 1.962310854641821223e+01
1.092730755658617738e+02 1.961186598535486425e+01
1.092776125422190887e+02 1.959664331579766738e+01
1.092821495185764036e+02 1.957265156607036971e+01
1.092866864949337184e+02 1.959316498395305928e+01
1.092912234712910191e+02 1.959228885251269503e+01
1.092957604476483340e+02 1.960955201875382059e+01
1.093002974240056488e+02 1.964677180539326784e+01
1.093048344003629637e+02 1.965368720707406069e+01
1.093093713767202644e+02 1.965925955879892228e+01
1.093139083530775792e+02 1.965322947194466607e+01
1.093184453294348941e+02 1.965427522704914409e+01
1.093229823057922090e+02 1.963466312116299761e+01
1.093275192821495239e+02 1.963049754941452818e+01
1.093320562585068387e+02 1.964702622848479407e+01
1.093365932348641394e+02 1.966329248462908197e+01
1.093411302112214543e+02 1.967303759234877703e+01
1.093456671875787691e+02 1.970452007718307641e+01
1.093502041639360840e+02 1.969996560764521831e+01
1.093547411402933847e+02 1.970293211061904515e+01
1.093592781166506995e+02 1.970974574071150442e+01
1.093638150930080144e+02 1.969747507021911659e+01
1.093683520693653293e+02 1.971000721802612787e+01
1.093728890457226441e+02 1.971915560255468236e+01
1.093774260220799590e+02 1.975679684062208352e+01
1.093819629984372597e+02 1.976516739731538763e+01
1.093864999747945745e+02 1.977787696204945789e+01
1.093910369511518894e+02 1.979916679629864262e+01
1.093955739275092043e+02 1.980867611160233110e+01
1.094001109038665049e+02 1.980615522874580137e+01
1.094046478802238198e+02 1.983466422055815670e+01
1.094091848565811347e+02 1.983905906017258758e+01
1.094137218329384496e+02 1.986051626244114487e+01
1.094182588092957644e+02 1.988230395715310905e+01
1.094227957856530793e+02 1.990810705598733676e+01
1.094273327620103942e+02 1.992718845888539647e+01
1.094318697383676948e+02 1.993481629320850601e+01
1.094364067147250097e+02 1.992943060793662369e+01
1.094409436910823246e+02 1.991386886198480610e+01
1.094454806674396394e+02 1.991547541786922793e+01
1.094500176437969401e+02 1.990866502476118072e+01
1.094545546201542550e+02 1.992555084826411615e+01
1.094590915965115698e+02 1.993695917958372732e+01
1.094636285728688847e+02 1.995443278202526116e+01
1.094681655492261996e+02 1.996084561025290682e+01
1.094727025255835144e+02 1.997341821624002733e+01
1.094772395019408151e+02 1.998886376368660933e+01
1.094817764782981300e+02 2.001491653939705984e+01
1.094863134546554448e+02 1.999696837272011862e+01
1.094908504310127597e+02 1.997738892839029035e+01
1.094953874073700604e+02 1.995861968591449909e+01
1.094999243837273752e+02 1.993635070079782778e+01
1.095044613600846901e+02 1.995016041322439193e+01
1.095089983364420050e+02 1.994495534911386159e+01
1.095135353127993199e+02 1.995693483460485140e+01
1.095180722891566347e+02 1.996075736820355573e+01
1.095226092655139354e+02 1.995741585949076580e+01
1.095271462418712503e+02 1.997434611568808549e+01
1.095316832182285651e+02 2.000500642965959486e+01
1.095362201945858800e+02 2.000614736154342310e+01
1.095407571709431807e+02 2.001723297392973677e+01
1.095452941473004955e+02 2.000975822126185477e+01
1.095498311236578104e+02 1.999752140184768834e+01
1.095543681000151253e+02 2.000753023336739744e+01
1.095589050763724401e+02 2.001187986749305381e+01
1.095634420527297550e+02 2.007496991812442744e+01
1.095679790290870557e+02 2.008224180122881108e+01
1.095725160054443705e+02 2.008733113698201223e+01
1.095770529818016854e+02 2.010199329338686880e+01
1.095815899581590003e+02 2.012355757886986041e+01
1.095861269345163009e+02 2.011179938658764854e+01
1.095906639108736158e+02 2.012140191547562296e+01
1.095952008872309307e+02 2.010462884053049493e+01
1.095997378635882455e+02 2.009244905581038765e+01
1.096042748399455604e+02 2.011002504237454147e+01
1.096088118163028753e+02 2.010107000128517285e+01
1.096133487926601902e+02 2.010689137066764687e+01
1.096178857690174908e+02 2.011203897857542344e+01
1.096224227453748057e+02 2.011720185947841344e+01
1.096269597217321206e+02 2.012141282969414036e+01
1.096314966980894212e+02 2.014157240665758763e+01
1.096360336744467361e+02 2.016543219544807641e+01
1.096405706508040510e+02 2.019563056111831401e+01
1.096451076271613658e+02 2.021601667220256004e+01
1.096496446035186807e+02 2.021725080331055580e+01
1.096541815798759956e+02 2.021831932848752444e+01
1.096587185562333104e+02 2.021774875546147143e+01
1.096632555325906111e+02 2.020951110560391584e+01
1.096677925089479260e+02 2.023066840419964052e+01
1.096723294853052408e+02 2.027154314733136076e+01
1.096768664616625557e+02 2.031521090247963457e+01
1.096814034380198564e+02 2.035169190165141728e+01
1.096859404143771712e+02 2.035477600859999114e+01
1.096904773907344861e+02 2.037306021095354680e+01
1.096950143670918010e+02 2.034902365331696217e+01
1.096995513434491158e+02 2.035126217583358965e+01
1.097040883198064307e+02 2.036255644232042883e+01
1.097086252961637314e+02 2.035433049368635849e+01
1.097131622725210462e+02 2.036278594745046178e+01
1.097176992488783611e+02 2.036149358450032310e+01
1.097222362252356760e+02 2.035669618643236234e+01
1.097267732015929766e+02 2.034307125460048482e+01
1.097313101779502915e+02 2.034956708124369484e+01
1.097358471543076064e+02 2.036827422524998710e+01
1.097403841306649213e+02 2.039851830156828072e+01
1.097449211070222361e+02 2.040967608141389533e+01
1.097494580833795510e+02 2.044229823211594166e+01
1.097539950597368517e+02 2.042413096046031384e+01
1.097585320360941665e+02 2.041460062152605559e+01
1.097630690124514814e+02 2.042565234246301387e+01
1.097676059888087963e+02 2.039626216189561347e+01
1.097721429651660969e+02 2.042637539483689935e+01
1.097766799415234118e+02 2.042218126171024295e+01
1.097812169178807267e+02 2.045283918867998452e+01
1.097857538942380415e+02 2.045992521213856108e+01
1.097902908705953564e+02 2.048344852186721710e+01
1.097948278469526713e+02 2.050445923470917364e+01
1.097993648233099861e+02 2.049530377664001790e+01
1.098039017996672868e+02 2.051125779981967057e+01
1.098084387760246017e+02 2.052294153300984547e+01
1.098129757523819165e+02 2.054926877094286297e+01
1.098175127287392172e+02 2.058268524990761961e+01
1.098220497050965321e+02 2.062222070550816255e+01
1.098265866814538469e+02 2.064778254537149138e+01
1.098311236578111618e+02 2.064429760619262666e+01
1.098356606341684767e+02 2.059761078542737067e+01
1.098401976105257916e+02 2.057746742660073735e+01
1.098447345868831064e+02 2.058060128090671981e+01
1.098492715632404071e+02 2.056950023186727350e+01
1.098538085395977220e+02 2.058660923093793471e+01
1.098583455159550368e+02 2.061681583088321901e+01
1.098628824923123517e+02 2.063010198418163199e+01
1.098674194686696524e+02 2.064055673204956420e+01
1.098719564450269672e+02 2.067519460034023737e+01
1.098764934213842821e+02 2.070209528772864260e+01
1.098810303977415970e+02 2.071180862034765013e+01
1.098855673740989118e+02 2.072451510079071468e+01
1.098901043504562267e+02 2.077047658177205847e+01
1.098946413268135274e+02 2.075873673640234784e+01
1.098991783031708422e+02 2.073702105891016956e+01
1.099037152795281571e+02 2.076425090888627878e+01
1.099082522558854720e+02 2.076979146198316073e+01
1.099127892322427726e+02 2.077135396466556116e+01
1.099173262086000875e+02 2.080919931267790446e+01
1.099218631849574024e+02 2.083337936610287855e+01
1.099264001613147173e+02 2.084391394643765238e+01
1.099309371376720321e+02 2.085242143560979855e+01
1.099354741140293470e+02 2.086167530420686234e+01
1.099400110903866477e+02 2.085772213796532881e+01
1.099445480667439625e+02 2.085208347200052259e+01
1.099490850431012774e+02 2.085443018830943629e+01
1.099536220194585923e+02 2.086434759589407406e+01
1.099581589958158929e+02 2.085213433792937820e+01
1.099626959721732078e+02 2.085275219428663007e+01
1.099672329485305227e+02 2.084662131938247143e+01
1.099717699248878375e+02 2.084841664337039191e+01
1.099763069012451524e+02 2.085069300170444961e+01
1.099808438776024673e+02 2.082250728066776091e+01
1.099853808539597821e+02 2.084565885496207116e+01
1.099899178303170828e+02 2.083766844110604310e+01
1.099944548066743977e+02 2.085414375322272207e+01
1.099989917830317125e+02 2.084977384770329323e+01
1.100035287593890132e+02 2.085055014064024803e+01
1.100080657357463281e+02 2.086959821047708630e+01
1.100126027121036429e+02 2.087349507961387118e+01
1.100171396884609578e+02 2.090165752051722947e+01
1.100216766648182727e+02 2.090948308296866642e+01
1.100262136411755876e+02 2.090010290687799355e+01
1.100307506175329024e+02 2.090061054062706702e+01
1.100352875938902031e+02 2.091280342044359131e+01
1.100398245702475180e+02 2.091719990424791575e+01
1.100443615466048328e+02 2.093377001170947338e+01
1.100488985229621477e+02 2.094487610028269486e+01
1.100534354993194484e+02 2.093834080224991823e+01
1.100579724756767632e+02 2.093908214368900289e+01
1.100625094520340781e+02 2.096778431905884688e+01
1.100670464283913930e+02 2.099206373500425826e+01
1.100715834047487078e+02 2.102664557616529706e+01
1.100761203811060227e+02 2.105210189322798442e+01
1.100806573574633234e+02 2.103900893926107685e+01
1.100851943338206382e+02 2.106323012576157794e+01
1.100897313101779531e+02 2.110051776136705470e+01
1.100942682865352680e+02 2.109975929864149791e+01
1.100988052628925686e+02 2.113518844554381459e+01
1.101033422392498835e+02 2.111878281843254257e+01
1.101078792156071984e+02 2.111561081130560780e+01
1.101124161919645132e+02 2.110418545635101850e+01
1.101169531683218281e+02 2.109835946609093682e+01
1.101214901446791430e+02 2.109968397675113039e+01
1.101260271210364436e+02 2.110239702884600987e+01
1.101305640973937585e+02 2.112401837464603815e+01
1.101351010737510734e+02 2.112844915415417901e+01
1.101396380501083883e+02 2.113524043091467419e+01
1.101441750264656889e+02 2.115744451626935785e+01
1.101487120028230038e+02 2.116878459084955821e+01
1.101532489791803187e+02 2.117238325497502771e+01
1.101577859555376335e+02 2.119438447574076534e+01
1.101623229318949484e+02 2.119895678720701682e+01
1.101668599082522633e+02 2.122225218348191333e+01
1.101713968846095639e+02 2.127392129268955401e+01
1.101759338609668788e+02 2.129089408912236792e+01
1.101804708373241937e+02 2.132403542161680576e+01
1.101850078136815085e+02 2.133614640748975688e+01
1.101895447900388092e+02 2.132973675812181824e+01
1.101940817663961241e+02 2.133788481946288940e+01
1.101986187427534389e+02 2.133181089788264373e+01
1.102031557191107538e+02 2.133145323753070954e+01
1.102076926954680687e+02 2.134059263075795698e+01
1.102122296718253835e+02 2.134103534068379915e+01
1.102167666481826984e+02 2.135071541175511101e+01
1.102213036245399991e+02 2.136373523045896050e+01
1.102258406008973139e+02 2.135561614262576668e+01
1.102303775772546288e+02 2.136179349064011390e+01
1.102349145536119437e+02 2.135733129200327696e+01
1.102394515299692443e+02 2.139147833114612851e+01
1.102439885063265592e+02 2.138062921739118849e+01
1.102485254826838741e+02 2.140697858280853083e+01
1.102530624590411890e+02 2.142713976308499468e+01
1.102575994353985038e+02 2.141993153701922381e+01
1.102621364117558187e+02 2.143990689393403670e+01
1.102666733881131194e+02 2.143771708529911990e+01
1.102712103644704342e+02 2.142365277715330762e+01
1.102757473408277491e+02 2.142073901201549901e+01
1.102802843171850640e+02 2.141419332914314566e+01
1.102848212935423646e+02 2.143968083029404426e+01
1.102893582698996795e+02 2.144835346793606590e+01
1.102938952462569944e+02 2.144198993377499463e+01
1.102984322226143092e+02 2.142016660835255237e+01
1.103029691989716241e+02 2.140675201550635265e+01
1.103075061753289390e+02 2.138606854397358603e+01
1.103120431516862396e+02 2.139135578110368741e+01
1.103165801280435545e+02 2.139801970220779381e+01
1.103211171044008694e+02 2.143229050487996901e+01
1.103256540807581843e+02 2.143418096853855914e+01
1.103301910571154849e+02 2.146491883346868690e+01
1.103347280334727998e+02 2.144853670328075879e+01
1.103392650098301146e+02 2.145771471886817139e+01
1.103438019861874295e+02 2.147563482616969921e+01
1.103483389625447444e+02 2.150801265558642683e+01
1.103528759389020593e+02 2.150844835694735835e+01
1.103574129152593599e+02 2.152510721145786832e+01
1.103619498916166748e+02 2.152487452684248481e+01
1.103664868679739897e+02 2.152627506844974903e+01
1.103710238443313045e+02 2.157064796618813673e+01
1.103755608206886052e+02 2.159203369210096568e+01
1.103800977970459201e+02 2.160510317860431684e+01
1.103846347734032349e+02 2.158071556811384895e+01
1.103891717497605498e+02 2.157688948477261803e+01
1.103937087261178647e+02 2.157651273759185884e+01
1.103982457024751795e+02 2.158335929661449626e+01
1.104027826788324944e+02 2.159127138698395498e+01
1.104073196551897951e+02 2.161113636472316912e+01
1.104118566315471099e+02 2.160671146936114795e+01
1.104163936079044248e+02 2.161875191922558059e+01
1.104209305842617255e+02 2.163284326404202673e+01
1.104254675606190403e+02 2.165033159674892360e+01
1.104300045369763552e+02 2.164231506904270219e+01
1.104345415133336701e+02 2.162835010601148156e+01
1.104390784896909850e+02 2.164850227357304036e+01
1.104436154660482998e+02 2.162216555117602468e+01
1.104481524424056147e+02 2.162785230648269064e+01
1.104526894187629154e+02 2.163860416850576485e+01
1.104572263951202302e+02 2.167914330227207031e+01
1.104617633714775451e+02 2.171394389765733379e+01
1.104663003478348600e+02 2.173917111795032042e+01
1.104708373241921606e+02 2.173264465569619830e+01
1.104753743005494755e+02 2.176644880851753427e+01
1.104799112769067904e+02 2.178838647010735130e+01
1.104844482532641052e+02 2.181915485073693972e+01
1.104889852296214201e+02 2.184713415890863430e+01
1.104935222059787350e+02 2.187506170018019702e+01
1.104980591823360356e+02 2.191184849864155382e+01
1.105025961586933505e+02 2.191463694451273980e+01
1.105071331350506654e+02 2.194746363893591479e+01
1.105116701114079802e+02 2.194647241375277602e+01
1.105162070877652809e+02 2.197686019146028258e+01
1.105207440641225958e+02 2.198683191866236797e+01
1.105252810404799106e+02 2.196490182358569143e+01
1.105298180168372255e+02 2.194497036136056423e+01
1.105343549931945404e+02 2.193549353899358678e+01
1.105388919695518553e+02 2.191152844106500197e+01
1.105434289459091559e+02 2.191211832950769178e+01
1.105479659222664708e+02 2.190862924203511142e+01
1.105525028986237857e+02 2.191783995417560860e+01
1.105570398749811005e+02 2.192527013319394769e+01
1.105615768513384012e+02 2.192960153953145763e+01
1.105661138276957161e+02 2.195427908867440792e+01
1.105706508040530309e+02 2.198935995783742925e+01
1.105751877804103458e+02 2.200940665764679949e+01
1.105797247567676607e+02 2.205555760281458078e+01
1.105842617331249755e+02 2.207027907352216545e+01
1.105887987094822904e+02 2.208291733549101110e+01
1.105933356858395911e+02 2.209958641225056653e+01
1.105978726621969059e+02 2.211610619258225796e+01
1.106024096385542208e+02 2.210237989078476062e+01
1.106069466149115215e+02 2.214365620578341876e+01
1.106114835912688363e+02 2.218263983019593510e+01
1.106160205676261512e+02 2.220758195688036452e+01
1.106205575439834661e+02 2.225138320885898935e+01
1.106250945203407809e+02 2.227466005025843288e+01
1.106296314966980958e+02 2.229881489183438248e+01
1.106341684730554107e+02 2.230619600849434647e+01
1.106387054494127113e+02 2.229471076486797898e+01
1.106432424257700262e+02 2.229683268314128597e+01
1.106477794021273411e+02 2.230663623151460229e+01
1.106523163784846560e+02 2.230890130932058213e+01
1.106568533548419566e+02 2.230945560076254708e+01
1.106613903311992715e+02 2.229316533215413187e+01
1.106659273075565864e+02 2.230652116961678288e+01
1.106704642839139012e+02 2.231684373780055708e+01
1.106750012602712161e+02 2.229994103685309881e+01
1.106795382366285310e+02 2.231729400256670459e+01
1.106840752129858316e+02 2.230469414074885748e+01
1.106886121893431465e+02 2.231582158982741504e+01
1.106931491657004614e+02 2.232547792427222433e+01
1.106976861420577762e+02 2.233452384636182586e+01
1.107022231184150769e+02 2.234017163651403948e+01
1.107067600947723918e+02 2.235109619123339186e+01
1.107112970711297066e+02 2.234089912226992780e+01
1.107158340474870215e+02 2.235290611952597217e+01
1.107203710238443364e+02 2.235002112661582174e+01
1.107249080002016512e+02 2.235126480299485507e+01
1.107294449765589519e+02 2.235926445196052370e+01
1.107339819529162668e+02 2.235934135545107182e+01
1.107385189292735816e+02 2.235209903967033540e+01
1.107430559056308965e+02 2.236188731180825684e+01
1.107475928819881972e+02 2.240832270259710413e+01
1.107521298583455120e+02 2.241606312124998723e+01
1.107566668347028269e+02 2.243119465549029812e+01
1.107612038110601418e+02 2.243636585237586090e+01
1.107657407874174567e+02 2.246265287236732533e+01
1.107702777637747715e+02 2.246962585128161294e+01
1.107748147401320864e+02 2.246969041494400088e+01
1.107793517164893871e+02 2.248560125985325087e+01
1.107838886928467019e+02 2.248738373707297811e+01
1.107884256692040168e+02 2.249302537922268286e+01
1.107929626455613175e+02 2.252141325898100277e+01
1.107974996219186323e+02 2.254297135415544062e+01
1.108020365982759472e+02 2.255605705487039003e+01
1.108065735746332621e+02 2.255341602746435470e+01
1.108111105509905769e+02 2.253776836854593313e+01
1.108156475273478918e+02 2.256181468585686645e+01
1.108201845037052067e+02 2.257694929364188852e+01
1.108247214800625073e+02 2.257371260344488917e+01
1.108292584564198222e+02 2.257614307291553857e+01
1.108337954327771371e+02 2.259657159631884227e+01
1.108383324091344520e+02 2.263707090377843656e+01
1.108428693854917526e+02 2.263189497367735115e+01
1.108474063618490675e+02 2.265678807738030542e+01
1.108519433382063824e+02 2.265817757522928844e+01
1.108564803145636972e+02 2.263999292829558740e+01
1.108610172909210121e+02 2.265570090807690207e+01
1.108655542672783270e+02 2.267417004941647463e+01
1.108700912436356276e+02 2.267146655289607793e+01
1.108746282199929425e+02 2.268159048212968898e+01
1.108791651963502574e+02 2.272204904206779830e+01
1.108837021727075722e+02 2.273437686444257366e+01
1.108882391490648729e+02 2.274460557993144860e+01
1.108927761254221878e+02 2.276158612894258937e+01
1.108973131017795026e+02 2.277810791056114326e+01
1.109018500781368175e+02 2.279270936176384055e+01
1.109063870544941324e+02 2.279365900441172954e+01
1.109109240308514472e+02 2.281208529114826433e+01
1.109154610072087479e+02 2.277529434343468040e+01
1.109199979835660628e+02 2.277743307037096088e+01
1.109245349599233776e+02 2.276684453132754271e+01
1.109290719362806925e+02 2.275100700168065515e+01
1.109336089126379932e+02 2.272764574396033765e+01
1.109381458889953080e+02 2.270297075002827469e+01
1.109426828653526229e+02 2.270820262384140165e+01
1.109472198417099378e+02 2.270893336985006528e+01
1.109517568180672527e+02 2.273854913605877215e+01
1.109562937944245675e+02 2.274765950179972762e+01
1.109608307707818682e+02 2.276323502279927169e+01
1.109653677471391831e+02 2.274398571093436416e+01
1.109699047234964979e+02 2.275179506654067296e+01
1.109744416998538128e+02 2.273622505159894303e+01
1.109789786762111135e+02 2.274638369594335785e+01
1.109835156525684283e+02 2.276029449576015296e+01
1.109880526289257432e+02 2.278981388342214487e+01
1.109925896052830581e+02 2.281000209098662168e+01
1.109971265816403729e+02 2.281494007634041665e+01
1.110016635579976878e+02 2.282008623262610314e+01
1.110062005343550027e+02 2.283179523663864785e+01
1.110107375107123033e+02 2.284541716314188520e+01
1.110152744870696182e+02 2.286545465611579431e+01
1.110198114634269331e+02 2.288848166227845127e+01
1.110243484397842479e+02 2.288354188433023495e+01
1.110288854161415486e+02 2.293041972385585581e+01
1.110334223924988635e+02 2.292425682444241630e+01
1.110379593688561783e+02 2.295710112321346941e+01
1.110424963452134932e+02 2.299059911805002798e+01
1.110470333215708081e+02 2.300833375264600988e+01
1.110515702979281230e+02 2.299884292681398890e+01
1.110561072742854236e+02 2.301927154595320957e+01
1.110606442506427385e+02 2.300999961266291649e+01
1.110651812270000534e+02 2.302368643658404324e+01
1.110697182033573682e+02 2.304843597473739791e+01
1.110742551797146689e+02 2.306702002048070099e+01
1.110787921560719838e+02 2.307339032233536713e+01
1.110833291324292986e+02 2.306785749881390757e+01
1.110878661087866135e+02 2.309879520570308387e+01
1.110924030851439284e+02 2.313587747713687648e+01
1.110969400615012432e+02 2.314459569293965657e+01
1.111014770378585439e+02 2.317278034252602836e+01
1.111060140142158588e+02 2.318945755228165595e+01
1.111105509905731736e+02 2.319810130913032253e+01
1.111150879669304885e+02 2.321610481812244231e+01
1.111196249432877892e+02 2.321576835367249458e+01
1.111241619196451040e+02 2.322587523314578206e+01
1.111286988960024189e+02 2.325264518585040463e+01
1.111332358723597338e+02 2.326814230651849158e+01
1.111377728487170486e+02 2.327519238332091689e+01
1.111423098250743635e+02 2.325745478246869169e+01
1.111468468014316642e+02 2.326702615516880002e+01
1.111513837777889790e+02 2.324205970942175981e+01
1.111559207541462939e+02 2.324198341401621093e+01
1.111604577305036088e+02 2.327038661925119101e+01
1.111649947068609094e+02 2.327362881630672575e+01
1.111695316832182243e+02 2.329694398528153698e+01
1.111740686595755392e+02 2.334447934932881452e+01
1.111786056359328541e+02 2.336063226676231608e+01
1.111831426122901689e+02 2.336714482303132456e+01
1.111876795886474838e+02 2.338707133839056596e+01
1.111922165650047987e+02 2.340596277118704549e+01
1.111967535413620993e+02 2.342106521104135197e+01
1.112012905177194142e+02 2.340959873613353537e+01
1.112058274940767291e+02 2.342897500238383302e+01
1.112103644704340439e+02 2.345094492806500241e+01
1.112149014467913446e+02 2.344320270858123223e+01
1.112194384231486595e+02 2.347067165997688321e+01
1.112239753995059743e+02 2.350690838434503860e+01
1.112285123758632892e+02 2.350676146437201552e+01
1.112330493522206041e+02 2.351811894642344569e+01
1.112375863285779189e+02 2.352438155407137899e+01
1.112421233049352196e+02 2.353579857583575219e+01
1.112466602812925345e+02 2.352942960602128863e+01
1.112511972576498493e+02 2.356721378678684786e+01
1.112557342340071642e+02 2.358917287367817650e+01
1.112602712103644649e+02 2.360095803760123090e+01
1.112648081867217797e+02 2.363384868962761587e+01
1.112693451630790946e+02 2.368060597224307884e+01
1.112738821394364095e+02 2.368392478527817602e+01
1.112784191157937244e+02 2.371499571177053411e+01
1.112829560921510392e+02 2.376193596485236625e+01
1.112874930685083399e+02 2.375744631365328630e+01
1.112920300448656548e+02 2.378782864567748234e+01
1.112965670212229696e+02 2.377686327424032697e+01
1.113011039975802845e+02 2.376567666649818023e+01
1.113056409739375852e+02 2.377536910643143742e+01
1.113101779502949000e+02 2.379942457291789992e+01
1.113147149266522149e+02 2.380336673278926085e+01
1.113192519030095298e+02 2.382765236434948264e+01
1.113237888793668446e+02 2.384572720301467896e+01
1.113283258557241595e+02 2.388679965147836270e+01
1.113328628320814602e+02 2.390103117857031023e+01
1.113373998084387750e+02 2.393518776142450477e+01
1.113419367847960899e+02 2.397880301292953220e+01
1.113464737611534048e+02 2.400722774363860523e+01
1.113510107375107054e+02 2.400201161629555457e+01
1.113555477138680203e+02 2.402894762117693972e+01
1.113600846902253352e+02 2.401197917064775211e+01
1.113646216665826501e+02 2.400218869113677300e+01
1.113691586429399649e+02 2.398668597258988200e+01
1.113736956192972798e+02 2.399527701458293549e+01
1.113782325956545947e+02 2.401011277578836811e+01
1.113827695720118953e+02 2.402650504754487315e+01
1.113873065483692102e+02 2.403123219446902681e+01
1.113918435247265251e+02 2.403876140103404069e+01
1.113963805010838257e+02 2.404499861688976736e+01
1.114009174774411406e+02 2.405838865266505167e+01
1.114054544537984555e+02 2.407239249686416827e+01
1.114099914301557703e+02 2.411337580793723490e+01
1.114145284065130852e+02 2.414705973419312102e+01
1.114190653828704001e+02 2.415208223831106338e+01
1.114236023592277149e+02 2.415937540452058130e+01
1.114281393355850156e+02 2.418586759831467958e+01
1.114326763119423305e+02 2.419409675881991362e+01
1.114372132882996453e+02 2.420363613993504970e+01
1.114417502646569602e+02 2.421109548607101658e+01
1.114462872410142609e+02 2.419368696562640153e+01
1.114508242173715757e+02 2.419042413421225746e+01
1.114553611937288906e+02 2.419419089276501822e+01
1.114598981700862055e+02 2.416683514934769761e+01
1.114644351464435204e+02 2.417948346805085791e+01
1.114689721228008352e+02 2.417300076123585129e+01
1.114735090991581359e+02 2.417031971062231221e+01
1.114780460755154508e+02 2.416973969657487231e+01
1.114825830518727656e+02 2.419074783160619191e+01
1.114871200282300805e+02 2.418310770832534473e+01
1.114916570045873812e+02 2.421457586495488812e+01
1.114961939809446960e+02 2.424237836707898452e+01
1.115007309573020109e+02 2.427328823208656416e+01
1.115052679336593258e+02 2.427757635399520453e+01
1.115098049100166406e+02 2.427619660261237300e+01
1.115143418863739555e+02 2.429751925394244694e+01
1.115188788627312562e+02 2.428274829101386345e+01
1.115234158390885710e+02 2.427813953920585988e+01
1.115279528154458859e+02 2.431250199347551799e+01
1.115324897918032008e+02 2.434121790152402909e+01
1.115370267681605014e+02 2.434150314074085131e+01
1.115415637445178163e+02 2.435935943868710041e+01
1.115461007208751312e+02 2.436604339008922082e+01
1.115506376972324460e+02 2.439948783123720233e+01
1.115551746735897609e+02 2.442481384804380440e+01
1.115597116499470758e+02 2.444755290176781060e+01
1.115642486263043907e+02 2.445524944581589111e+01
1.115687856026616913e+02 2.445666613360399566e+01
1.115733225790190062e+02 2.445653900533090308e+01
1.115778595553763211e+02 2.447140589069025296e+01
1.115823965317336217e+02 2.448820319154018321e+01
1.115869335080909366e+02 2.451300721602524391e+01
1.115914704844482515e+02 2.454026394197707006e+01
1.115960074608055663e+02 2.453119684737493600e+01
1.116005444371628812e+02 2.454296012239418090e+01
1.116050814135201961e+02 2.455091307909668075e+01
1.116096183898775109e+02 2.458457273709363022e+01
1.116141553662348116e+02 2.460426807476888555e+01
1.116186923425921265e+02 2.459488810824914395e+01
1.116232293189494413e+02 2.461107305410589774e+01
1.116277662953067562e+02 2.457783119535101335e+01
1.116323032716640569e+02 2.460374843162438196e+01
1.116368402480213717e+02 2.461286342244714476e+01
1.116413772243786866e+02 2.462048700401209089e+01
1.116459142007360015e+02 2.463274251815578708e+01
1.116504511770933163e+02 2.462076619124925969e+01
1.116549881534506312e+02 2.459414288731550613e+01
1.116595251298079319e+02 2.459833649760538776e+01
1.116640621061652467e+02 2.459982261891673616e+01
1.116685990825225616e+02 2.459209893735343400e+01
1.116731360588798765e+02 2.463392829965751574e+01
1.116776730352371771e+02 2.462277351297235839e+01
1.116822100115944920e+02 2.464518081479623746e+01
1.116867469879518069e+02 2.464614958500457220e+01
1.116912839643091218e+02 2.465437281875004061e+01
1.116958209406664366e+02 2.467593229115103881e+01
1.117003579170237515e+02 2.468735459658537224e+01
1.117048948933810522e+02 2.468177136951248585e+01
1.117094318697383670e+02 2.469256790614053543e+01
1.117139688460956819e+02 2.472266133182629844e+01
1.117185058224529968e+02 2.473871790641359425e+01
1.117230427988102974e+02 2.477143742234467538e+01
1.117275797751676123e+02 2.479168913785353467e+01
1.117321167515249272e+02 2.479619663162465315e+01
1.117366537278822420e+02 2.478901908190157499e+01
1.117411907042395569e+02 2.482097465668797298e+01
1.117457276805968718e+02 2.484925894653920864e+01
1.117502646569541866e+02 2.486897668041785536e+01
1.117548016333114873e+02 2.487996971429871351e+01
1.117593386096688022e+02 2.487812783294295116e+01
1.117638755860261170e+02 2.489755416397743915e+01
1.117684125623834177e+02 2.488467536639469202e+01
1.117729495387407326e+02 2.489415987706585298e+01
1.117774865150980474e+02 2.488542576705119558e+01
1.117820234914553623e+02 2.490396932237005956e+01
1.117865604678126772e+02 2.489648865649876797e+01
1.117910974441699921e+02 2.492602706551695491e+01
1.117956344205273069e+02 2.494335656253027267e+01
1.118001713968846076e+02 2.493647987258715659e+01
1.118047083732419225e+02 2.497415964711601433e+01
1.118092453495992373e+02 2.498557999123156392e+01
1.118137823259565522e+02 2.499343005690294817e+01
1.118183193023138529e+02 2.502455953129629407e+01
1.118228562786711677e+02 2.506066796890878479e+01
1.118273932550284826e+02 2.506082693761838698e+01
1.118319302313857975e+02 2.509306785155595776e+01
1.118364672077431123e+02 2.514654206691808724e+01
1.118410041841004272e+02 2.515111564227317942e+01
1.118455411604577279e+02 2.512520585078831203e+01
1.118500781368150427e+02 2.513914718612880250e+01
1.118546151131723576e+02 2.514560154936864222e+01
1.118591520895296725e+02 2.514916814919910593e+01
1.118636890658869731e+02 2.515700226908977655e+01
1.118682260422442880e+02 2.518075603484814806e+01
1.118727630186016029e+02 2.521103854140172729e+01
1.118772999949589178e+02 2.521679359713645496e+01
1.118818369713162326e+02 2.524673659035607898e+01
1.118863739476735475e+02 2.525549969449433974e+01
1.118909109240308482e+02 2.526114691119153832e+01
1.118954479003881630e+02 2.526631582155740929e+01
1.118999848767454779e+02 2.528440557801283006e+01
1.119045218531027928e+02 2.529816521139755281e+01
1.119090588294600934e+02 2.530950510551776489e+01
1.119135958058174083e+02 2.533777897613914121e+01
1.119181327821747232e+02 2.537853812509659335e+01
1.119226697585320380e+02 2.538528069803021481e+01
1.119272067348893529e+02 2.541272348863445529e+01
1.119317437112466678e+02 2.542041457995970788e+01
1.119362806876039684e+02 2.541331387122720287e+01
1.119408176639612833e+02 2.540570472497197940e+01
1.119453546403185982e+02 2.538788170180953330e+01
1.119498916166759130e+02 2.538099754798132324e+01
1.119544285930332137e+02 2.537090318166946545e+01
1.119589655693905286e+02 2.538046130943508061e+01
1.119635025457478434e+02 2.538563328575433076e+01
1.119680395221051583e+02 2.540129503242307862e+01
1.119725764984624732e+02 2.543880511825184954e+01
1.119771134748197881e+02 2.548654558956670257e+01
1.119816504511771029e+02 2.552805147767224270e+01
1.119861874275344036e+02 2.556497920182962957e+01
1.119907244038917185e+02 2.557864150389752567e+01
1.119952613802490333e+02 2.559290866956536448e+01
1.119997983566063482e+02 2.562870061848312986e+01
1.120043353329636489e+02 2.566355033951181852e+01
1.120088723093209637e+02 2.568685943843533437e+01
1.120134092856782786e+02 2.570413788572884783e+01
1.120179462620355935e+02 2.572932120393078037e+01
1.120224832383929083e+02 2.576587095038089004e+01
1.120270202147502232e+02 2.578498910682320755e+01
1.120315571911075239e+02 2.581657354335240839e+01
1.120360941674648387e+02 2.580769150368745457e+01
1.120406311438221536e+02 2.581151519627469426e+01
1.120451681201794685e+02 2.584043256965660618e+01
1.120497050965367691e+02 2.589515753105598606e+01
1.120542420728940840e+02 2.592636385063030247e+01
1.120587790492513989e+02 2.594774852419442723e+01
1.120633160256087137e+02 2.595296232356912824e+01
1.120678530019660286e+02 2.594726985425917576e+01
1.120723899783233435e+02 2.598373856341181209e+01
1.120769269546806441e+02 2.600959785100286226e+01
1.120814639310379590e+02 2.602659874072190860e+01
1.120860009073952739e+02 2.604995285603445865e+01
1.120905378837525888e+02 2.604761620566753777e+01
1.120950748601098894e+02 2.604442231035653421e+01
1.120996118364672043e+02 2.604307773243615998e+01
1.121041488128245192e+02 2.603465770941981816e+01
1.121086857891818340e+02 2.604541467346227890e+01
1.121132227655391489e+02 2.606491241484214427e+01
1.121177597418964638e+02 2.607119663222110972e+01
1.121222967182537644e+02 2.609448154923540031e+01
1.121268336946110793e+02 2.609157110781346489e+01
1.121313706709683942e+02 2.613596407383266396e+01
1.121359076473257090e+02 2.616907658375142276e+01
1.121404446236830097e+02 2.616619956774335165e+01
1.121449816000403246e+02 2.620505552329126431e+01
1.121495185763976394e+02 2.620255096040177989e+01
1.121540555527549543e+02 2.622596872998405004e+01
1.121585925291122692e+02 2.625149638795787865e+01
1.121631295054695840e+02 2.628589602540892045e+01
1.121676664818268989e+02 2.629075814033594582e+01
1.121722034581841996e+02 2.630491344893654571e+01
1.121767404345415144e+02 2.631236316722641533e+01
1.121812774108988293e+02 2.633274577774983527e+01
1.121858143872561300e+02 2.633677848929654886e+01
1.121903513636134448e+02 2.630909635464348995e+01
1.121948883399707597e+02 2.633374592640013034e+01
1.121994253163280746e+02 2.632614023548526561e+01
1.122039622926853895e+02 2.632559675842705715e+01
1.122084992690427043e+02 2.635378573407674452e+01
1.122130362454000192e+02 2.637351791336109130e+01
1.122175732217573199e+02 2.641190596587989248e+01
1.122221101981146347e+02 2.643349365328961298e+01
1.122266471744719496e+02 2.646749864395009766e+01
1.122311841508292645e+02 2.650921500929207397e+01
1.122357211271865651e+02 2.651814659554262477e+01
1.122402581035438800e+02 2.648320631909517076e+01
1.122447950799011949e+02 2.648902702319244185e+01
1.122493320562585097e+02 2.650875957390138993e+01
1.122538690326158246e+02 2.651439290151181183e+01
1.122584060089731395e+02 2.651057286875330021e+01
1.122629429853304401e+02 2.650474578209283649e+01
1.122674799616877550e+02 2.654255429231569607e+01
1.122720169380450699e+02 2.657565082521407263e+01
1.122765539144023847e+02 2.663239393583504722e+01
1.122810908907596854e+02 2.669028433062890926e+01
1.122856278671170003e+02 2.670819136187843057e+01
1.122901648434743151e+02 2.670356219864982350e+01
1.122947018198316300e+02 2.670375847780318779e+01
1.122992387961889449e+02 2.671738594774774000e+01
1.123037757725462598e+02 2.674047979559048471e+01
1.123083127489035604e+02 2.675419623022382964e+01
1.123128497252608753e+02 2.677457061236303204e+01
1.123173867016181902e+02 2.682487825873001697e+01
1.123219236779755050e+02 2.684626051110664946e+01
1.123264606543328057e+02 2.685176660368071921e+01
1.123309976306901206e+02 2.687846303107688684e+01
1.123355346070474354e+02 2.686339916209232115e+01
1.123400715834047503e+02 2.684688926113181751e+01
1.123446085597620652e+02 2.686975767562720208e+01
1.123491455361193800e+02 2.687932776160273463e+01
1.123536825124766949e+02 2.689671695625043668e+01
1.123582194888339956e+02 2.693353526765108441e+01
1.123627564651913104e+02 2.695108234612592568e+01
1.123672934415486253e+02 2.696362197382103076e+01
1.123718304179059260e+02 2.696465214607455962e+01
1.123763673942632408e+02 2.699127800202765570e+01
1.123809043706205557e+02 2.702647045289833372e+01
1.123854413469778706e+02 2.705595470147493131e+01
1.123899783233351855e+02 2.705627427875149138e+01
1.123945152996925003e+02 2.709419594302350021e+01
1.123990522760498152e+02 2.708000447529910915e+01
1.124035892524071159e+02 2.708184763339171397e+01
1.124081262287644307e+02 2.708593428130736669e+01
1.124126632051217456e+02 2.710696651636131449e+01
1.124172001814790605e+02 2.711007415100936058e+01
1.124217371578363611e+02 2.711973237858921593e+01
1.124262741341936760e+02 2.713851714778766322e+01
1.124308111105509909e+02 2.713457497101999039e+01
1.124353480869083057e+02 2.715475124992324041e+01
1.124398850632656206e+02 2.718592065289149673e+01
1.124444220396229355e+02 2.720529179966423428e+01
1.124489590159802361e+02 2.722141902600530372e+01
1.124534959923375510e+02 2.722297357041541588e+01
1.124580329686948659e+02 2.724101191928619414e+01
1.124625699450521807e+02 2.724662784733540377e+01
1.124671069214094814e+02 2.726063171338546454e+01
1.124716438977667963e+02 2.724856792751149470e+01
1.124761808741241111e+02 2.726121675321585514e+01
1.124807178504814260e+02 2.725924857640162813e+01
1.124852548268387409e+02 2.724912913084415322e+01
1.124897918031960558e+02 2.728203994822056444e+01
1.124943287795533564e+02 2.729882015688714247e+01
1.124988657559106713e+02 2.733972907802544228e+01
1.125034027322679862e+02 2.737799779968312563e+01
1.125079397086253010e+02 2.739759420248205402e+01
1.125124766849826017e+02 2.740758581262170068e+01
1.125170136613399166e+02 2.743823642896517612e+01
1.125215506376972314e+02 2.744130789777957702e+01
1.125260876140545463e+02 2.747854704795048875e+01
1.125306245904118612e+02 2.749828058402060194e+01
1.125351615667691760e+02 2.751058896128346376e+01
1.125396985431264909e+02 2.753920401697799036e+01
1.125442355194837916e+02 2.755322980520978859e+01
1.125487724958411064e+02 2.757656543519024339e+01
1.125533094721984213e+02 2.761634518033616104e+01
1.125578464485557220e+02 2.764698696308730419e+01
1.125623834249130368e+02 2.765390006005725354e+01
1.125669204012703517e+02 2.767969149592065392e+01
1.125714573776276666e+02 2.766398220309010725e+01
1.125759943539849814e+02 2.764520714405113111e+01
1.125805313303422963e+02 2.765126853235607740e+01
1.125850683066996112e+02 2.765774426494698091e+01
1.125896052830569118e+02 2.767904792269591496e+01
1.125941422594142267e+02 2.769100225235963109e+01
1.125986792357715416e+02 2.769849086518983938e+01
1.126032162121288565e+02 2.771222872253993685e+01
1.126077531884861571e+02 2.775311873427741816e+01
1.126122901648434720e+02 2.779615695957641108e+01
1.126168271412007869e+02 2.781606903094286309e+01
1.126213641175581017e+02 2.782572690921937664e+01
1.126259010939154166e+02 2.783785216532027462e+01
1.126304380702727315e+02 2.781344057572217210e+01
1.126349750466300321e+02 2.782307899143226138e+01
1.126395120229873470e+02 2.784827291108566172e+01
1.126440489993446619e+02 2.787760759414416256e+01
1.126485859757019767e+02 2.788964654530746401e+01
1.126531229520592774e+02 2.789637629089934023e+01
1.126576599284165923e+02 2.792972050909479975e+01
1.126621969047739071e+02 2.793553193371292664e+01
1.126667338811312220e+02 2.793650525787637307e+01
1.126712708574885369e+02 2.794147014691995423e+01
1.126758078338458517e+02 2.792538476174713580e+01
1.126803448102031524e+02 2.794649408267650159e+01
1.126848817865604673e+02 2.796593508356966851e+01
1.126894187629177821e+02 2.799767741402567012e+01
1.126939557392750970e+02 2.800713308457485340e+01
1.126984927156323977e+02 2.803127617171089980e+01
1.127030296919897125e+02 2.803233398515976305e+01
1.127075666683470274e+02 2.804154275420660980e+01
1.127121036447043423e+02 2.806708371199994900e+01
1.127166406210616572e+02 2.810005767651065511e+01
1.127211775974189720e+02 2.813673594696354385e+01
1.127257145737762727e+02 2.818037295104417694e+01
1.127302515501335876e+02 2.819959830137765167e+01
1.127347885264909024e+02 2.819769540588113443e+01
1.127393255028482173e+02 2.822971015502315950e+01
1.127438624792055180e+02 2.823023632977768216e+01
1.127483994555628328e+02 2.823451517923328780e+01
1.127529364319201477e+02 2.826095453884035891e+01
1.127574734082774626e+02 2.828787829549003163e+01
1.127620103846347774e+02 2.831918537255520718e+01
1.127665473609920923e+02 2.831544364814168091e+01
1.127710843373494072e+02 2.831773361402818523e+01
1.127756213137067078e+02 2.835058839054484281e+01
1.127801582900640227e+02 2.834644829624451390e+01
1.127846952664213376e+02 2.836543516147732191e+01
1.127892322427786524e+02 2.841716363249041066e+01
1.127937692191359531e+02 2.841883029311349773e+01
1.127983061954932680e+02 2.843375424327269840e+01
1.128028431718505828e+02 2.845546186010109224e+01
1.128073801482078977e+02 2.846451273610559696e+01
1.128119171245652126e+02 2.847193443291542536e+01
1.128164541009225275e+02 2.850030036924854215e+01
1.128209910772798281e+02 2.853755106569463962e+01
1.128255280536371430e+02 2.858017706412102754e+01
1.128300650299944579e+02 2.860103930113094606e+01
1.128346020063517727e+02 2.862595353545547638e+01
1.128391389827090734e+02 2.867474407040008799e+01
1.128436759590663883e+02 2.866371772317243938e+01
1.128482129354237031e+02 2.868362873064691598e+01
1.128527499117810180e+02 2.867503540993774891e+01
1.128572868881383329e+02 2.870306539780819222e+01
1.128618238644956477e+02 2.871720760248758708e+01
1.128663608408529484e+02 2.870833714695269734e+01
1.128708978172102633e+02 2.872423599085761126e+01
1.128754347935675781e+02 2.870766629799244640e+01
1.128799717699248930e+02 2.870857399220621886e+01
1.128845087462821937e+02 2.872106593303685074e+01
1.128890457226395085e+02 2.870969743542524100e+01
1.128935826989968234e+02 2.872787544152811279e+01
1.128981196753541383e+02 2.877002373876041830e+01
1.129026566517114532e+02 2.879013868931034992e+01
1.129071936280687680e+02 2.880698195806001749e+01
1.129117306044260687e+02 2.882202892919764281e+01
1.129162675807833836e+02 2.882755420997694884e+01
1.129208045571406984e+02 2.883947320111255408e+01
1.129253415334980133e+02 2.881905084076674939e+01
1.129298785098553140e+02 2.883517829824625167e+01
1.129344154862126288e+02 2.887376366521849036e+01
1.129389524625699437e+02 2.887521573924615481e+01
1.129434894389272586e+02 2.887882375755602027e+01
1.129480264152845734e+02 2.889393991082383906e+01
1.129525633916418883e+02 2.893344894636748776e+01
1.129571003679992032e+02 2.897146847083928378e+01
1.129616373443565038e+02 2.903162794401118418e+01
1.129661743207138187e+02 2.908752004639888256e+01
1.129707112970711336e+02 2.912809821350694506e+01
1.129752482734284484e+02 2.914815547517612870e+01
1.129797852497857491e+02 2.918224806116856485e+01
1.129843222261430640e+02 2.919637995846873935e+01
1.129888592025003788e+02 2.922457295544981193e+01
1.129933961788576937e+02 2.923621587780274922e+01
1.129979331552150086e+02 2.923238498407548036e+01
1.130024701315723235e+02 2.927296070970562170e+01
1.130070071079296241e+02 2.927357944077156304e+01
1.130115440842869390e+02 2.928134690923866401e+01
1.130160810606442539e+02 2.927315286647435144e+01
1.130206180370015687e+02 2.930515630482468836e+01
1.130251550133588694e+02 2.930403952796861944e+01
1.130296919897161843e+02 2.930604845167493977e+01
1.130342289660734991e+02 2.926762052048867702e+01
1.130387659424308140e+02 2.925980009010459781e+01
1.130433029187881289e+02 2.924759352945113022e+01
1.130478398951454437e+02 2.925376459060551682e+01
1.130523768715027444e+02 2.929001922316796680e+01
1.130569138478600593e+02 2.928532101420417888e+01
1.130614508242173741e+02 2.930974677564177711e+01
1.130659878005746890e+02 2.931236634904247751e+01
1.130705247769319897e+02 2.931845914880212689e+01
1.130750617532893045e+02 2.935091305561197572e+01
1.130795987296466194e+02 2.935743303978033580e+01
1.130841357060039343e+02 2.936246267804928323e+01
1.130886726823612491e+02 2.935573763469837516e+01
1.130932096587185640e+02 2.936735179526441186e+01
1.130977466350758647e+02 2.938904707010046380e+01
1.131022836114331795e+02 2.940559851880525244e+01
1.131068205877904944e+02 2.942807325698769461e+01
1.131113575641478093e+02 2.942508632398320856e+01
1.131158945405051099e+02 2.944908802887374577e+01
1.131204315168624248e+02 2.945925719636468187e+01
1.131249684932197397e+02 2.945047417984029181e+01
1.131295054695770546e+02 2.943143705403916499e+01
1.131340424459343694e+02 2.942866769986754960e+01
1.131385794222916843e+02 2.941578814316896029e+01
1.131431163986489992e+02 2.941820747151287918e+01
1.131476533750062998e+02 2.947629383415140936e+01
1.131521903513636147e+02 2.950111408296538329e+01
1.131567273277209296e+02 2.952124627538334423e+01
1.131612643040782302e+02 2.953723708857060259e+01
1.131658012804355451e+02 2.953657397277875063e+01
1.131703382567928600e+02 2.956570947978767094e+01
1.131748752331501748e+02 2.960384054732723769e+01
1.131794122095074897e+02 2.965208465809558191e+01
1.131839491858648046e+02 2.967721551114472689e+01
1.131884861622221194e+02 2.969067658070431648e+01
1.131930231385794201e+02 2.970721833598219064e+01
1.131975601149367350e+02 2.972528365431666941e+01
1.132020970912940498e+02 2.971246211003376558e+01
1.132066340676513647e+02 2.972117346598397347e+01
1.132111710440086654e+02 2.973051189222825741e+01
1.132157080203659802e+02 2.973774505846672156e+01
1.132202449967232951e+02 2.977190135739554222e+01
1.132247819730806100e+02 2.978769176847520228e+01
1.132293189494379249e+02 2.982773034447901495e+01
1.132338559257952397e+02 2.984061613826132131e+01
1.132383929021525404e+02 2.987132365299752124e+01
1.132429298785098553e+02 2.990000049187005260e+01
1.132474668548671701e+02 2.993081741435528542e+01
1.132520038312244850e+02 2.994382131324410423e+01
1.132565408075817857e+02 2.998417631276770834e+01
1.132610777839391005e+02 3.000541979784713931e+01
1.132656147602964154e+02 3.002342133275369207e+01
1.132701517366537303e+02 3.002099824703999076e+01
1.132746887130110451e+02 3.004522905593096027e+01
1.132792256893683600e+02 3.004975613662985623e+01
1.132837626657256607e+02 3.004685259634265648e+01
1.132882996420829755e+02 3.006400049791309925e+01
1.132928366184402904e+02 3.008427024915220827e+01
1.132973735947976053e+02 3.010748437901291652e+01
1.133019105711549059e+02 3.012702281160604656e+01
1.133064475475122208e+02 3.014816378759968885e+01
1.133109845238695357e+02 3.015709765586388258e+01
1.133155215002268505e+02 3.018534253460871497e+01
1.133200584765841654e+02 3.019186181258740120e+01
1.133245954529414803e+02 3.021748751000875544e+01
1.133291324292987952e+02 3.021844948191697355e+01
1.133336694056560958e+02 3.020310556677292624e+01
1.133382063820134107e+02 3.021984845036251244e+01
1.133427433583707256e+02 3.021546783414560622e+01
1.133472803347280262e+02 3.020943583255484199e+01
1.133518173110853411e+02 3.024292200361341543e+01
1.133563542874426560e+02 3.025185980930750418e+01
1.133608912637999708e+02 3.028568730330881564e+01
1.133654282401572857e+02 3.031876235795473917e+01
1.133699652165146006e+02 3.037020852090067891e+01
1.133745021928719154e+02 3.039454531339766419e+01
1.133790391692292161e+02 3.042143945317979004e+01
1.133835761455865310e+02 3.043833101202368852e+01
1.133881131219438458e+02 3.045794421111181549e+01
1.133926500983011607e+02 3.046370285894446539e+01
1.133971870746584614e+02 3.045435127296052258e+01
1.134017240510157762e+02 3.049644009558778635e+01
1.134062610273730911e+02 3.051679969433680739e+01
1.134107980037304060e+02 3.053317422227335598e+01
1.134153349800877209e+02 3.055485535986807832e+01
1.134198719564450357e+02 3.055498362846397598e+01
1.134244089328023364e+02 3.055117463554316615e+01
1.134289459091596513e+02 3.058910507535188827e+01
1.134334828855169661e+02 3.059812199276463929e+01
1.134380198618742810e+02 3.063371486795928078e+01
1.134425568382315817e+02 3.066507656659381098e+01
1.134470938145888965e+02 3.066721718323404744e+01
1.134516307909462114e+02 3.070104541253406794e+01
1.134561677673035263e+02 3.071345879239176213e+01
1.134607047436608411e+02 3.076212120966295416e+01
1.134652417200181560e+02 3.081342308264433427e+01
1.134697786963754567e+02 3.081576211899990980e+01
1.134743156727327715e+02 3.081327402967825790e+01
1.134788526490900864e+02 3.082818357030818035e+01
1.134833896254474013e+02 3.083782083360472370e+01
1.134879266018047019e+02 3.084026328143942663e+01
1.134924635781620168e+02 3.085397437392473563e+01
1.134970005545193317e+02 3.085188446099902748e+01
1.135015375308766465e+02 3.085423402128777326e+01
1.135060745072339614e+02 3.086987257972140242e+01
1.135106114835912763e+02 3.089731589832926062e+01
1.135151484599485912e+02 3.091744606884959268e+01
1.135196854363058918e+02 3.091856857524153313e+01
1.135242224126632067e+02 3.091448598701326489e+01
1.135287593890205216e+02 3.091497875549477570e+01
1.135332963653778222e+02 3.091504002795636907e+01
1.135378333417351371e+02 3.093865819547832174e+01
1.135423703180924520e+02 3.094743760092171669e+01
1.135469072944497668e+02 3.098398107869393669e+01
1.135514442708070817e+02 3.099758751333269302e+01
1.135559812471643966e+02 3.102758816280417875e+01
1.135605182235217114e+02 3.105256021884321171e+01
1.135650551998790121e+02 3.108653148746853390e+01
1.135695921762363270e+02 3.113190010124005980e+01
1.135741291525936418e+02 3.116671679578418974e+01
1.135786661289509567e+02 3.119732872643823285e+01
1.135832031053082574e+02 3.120053419553098806e+01
1.135877400816655722e+02 3.120765787760846877e+01
1.135922770580228871e+02 3.121353091746585662e+01
1.135968140343802020e+02 3.122756565180185007e+01
1.136013510107375168e+02 3.124024527720828814e+01
1.136058879870948317e+02 3.123596911536477450e+01
1.136104249634521324e+02 3.125325888066599589e+01
1.136149619398094472e+02 3.127182794982864777e+01
1.136194989161667621e+02 3.129602445106480957e+01
1.136240358925240770e+02 3.132707898780938649e+01
1.136285728688813776e+02 3.132954437173341589e+01
1.136331098452386925e+02 3.129837694070335985e+01
1.136376468215960074e+02 3.131316605873395886e+01
1.136421837979533223e+02 3.132063772940687940e+01
1.136467207743106371e+02 3.135286908195187294e+01
1.136512577506679520e+02 3.135365207795582876e+01
1.136557947270252527e+02 3.136529762644645203e+01
1.136603317033825675e+02 3.134074761094123218e+01
1.136648686797398824e+02 3.133575713809212004e+01
1.136694056560971973e+02 3.131030994999746753e+01
1.136739426324544979e+02 3.134665508311011806e+01
1.136784796088118128e+02 3.136535990067618940e+01
1.136830165851691277e+02 3.138647573714008132e+01
1.136875535615264425e+02 3.140942953109894020e+01
1.136920905378837574e+02 3.141015764673736044e+01
1.136966275142410723e+02 3.139819391074193433e+01
1.137011644905983729e+02 3.137363721676113926e+01
1.137057014669556878e+02 3.139308032437406837e+01
1.137102384433130027e+02 3.140622479857393046e+01
1.137147754196703175e+02 3.143098145636072971e+01
1.137193123960276182e+02 3.145860567082528192e+01
1.137238493723849331e+02 3.148394946481827006e+01
1.137283863487422479e+02 3.147849464858611057e+01
1.137329233250995628e+02 3.149554900396714174e+01
1.137374603014568777e+02 3.153018780195417392e+01
1.137419972778141926e+02 3.154159284763980153e+01
1.137465342541715074e+02 3.156341390101520261e+01
1.137510712305288081e+02 3.155791658976425751e+01
1.137556082068861230e+02 3.158145272297632644e+01
1.137601451832434378e+02 3.158504378369580223e+01
1.137646821596007527e+02 3.161176125143661508e+01
1.137692191359580534e+02 3.159292966055179974e+01
1.137737561123153682e+02 3.162147499973571385e+01
1.137782930886726831e+02 3.165594781239488498e+01
1.137828300650299980e+02 3.167005817872512807e+01
1.137873670413873128e+02 3.168399236436504651e+01
1.137919040177446277e+02 3.170494246750476819e+01
1.137964409941019284e+02 3.170438242122964567e+01
1.138009779704592432e+02 3.173052877641646674e+01
1.138055149468165581e+02 3.177617266211538904e+01
1.138100519231738730e+02 3.176818841337039245e+01
1.138145888995311736e+02 3.177894115763263372e+01
1.138191258758884885e+02 3.177337244178085385e+01
1.138236628522458034e+02 3.179333622760846367e+01
1.138281998286031182e+02 3.178339118481331838e+01
1.138327368049604331e+02 3.181501726451463341e+01
1.138372737813177480e+02 3.182878594739538158e+01
1.138418107576750486e+02 3.184381780894756986e+01
1.138463477340323635e+02 3.186147758263520657e+01
1.138508847103896784e+02 3.188313481857614207e+01
1.138554216867469933e+02 3.190280436157955180e+01
1.138599586631042939e+02 3.191646438897922522e+01
1.138644956394616088e+02 3.192135279952363192e+01
1.138690326158189237e+02 3.194348041072394651e+01
1.138735695921762385e+02 3.196635311844188720e+01
1.138781065685335534e+02 3.197765900112840853e+01
1.138826435448908683e+02 3.198740342521270819e+01
1.138871805212481689e+02 3.202921862853988699e+01
1.138917174976054838e+02 3.203707538773979735e+01
1.138962544739627987e+02 3.207210425171066959e+01
1.139007914503201135e+02 3.210373113697983882e+01
1.139053284266774142e+02 3.211817304705685672e+01
1.139098654030347291e+02 3.213852057681469887e+01
1.139144023793920439e+02 3.212468441307379408e+01
1.139189393557493588e+02 3.212845632148591335e+01
1.139234763321066737e+02 3.212424450359532813e+01
1.139280133084639886e+02 3.213584271764666767e+01
1.139325502848213034e+02 3.212671138685156791e+01
1.139370872611786041e+02 3.213148209450866943e+01
1.139416242375359190e+02 3.214404233367520192e+01
1.139461612138932338e+02 3.216424964124175290e+01
1.139506981902505345e+02 3.218161907821910717e+01
1.139552351666078494e+02 3.218981471135792560e+01
1.139597721429651642e+02 3.223533147194135040e+01
1.139643091193224791e+02 3.224364419093492984e+01
1.139688460956797940e+02 3.224322880102259603e+01
1.139733830720371088e+02 3.223209146286969684e+01
1.139779200483944237e+02 3.225369964013719226e+01
1.139824570247517244e+02 3.228051512167534298e+01
1.139869940011090392e+02 3.229012116544019051e+01
1.139915309774663541e+02 3.229698438351800860e+01
1.139960679538236690e+02 3.233542094097950326e+01
1.140006049301809696e+02 3.235596628260968544e+01
1.140051419065382845e+02 3.236316419794763277e+01
1.140096788828955994e+02 3.238862600101949596e+01
1.140142158592529142e+02 3.241645669813825492e+01
1.140187528356102291e+02 3.244786492598019834e+01
1.140232898119675440e+02 3.248624736080976305e+01
1.140278267883248446e+02 3.249156687747555594e+01
1.140323637646821595e+02 3.253200356474178534e+01
1.140369007410394744e+02 3.254764250548930704e+01
1.140414377173967893e+02 3.255282532804704942e+01
1.140459746937540899e+02 3.254561293315795467e+01
1.140505116701114048e+02 3.257405381190415739e+01
1.140550486464687197e+02 3.260319525618767500e+01
1.140595856228260345e+02 3.260685764200510306e+01
1.140641225991833494e+02 3.263359539954260669e+01
1.140686595755406643e+02 3.263936123386315558e+01
1.140731965518979649e+02 3.264166276168535319e+01
1.140777335282552798e+02 3.265807721308909350e+01
1.140822705046125947e+02 3.268579127919854699e+01
1.140868074809699095e+02 3.271375554462183999e+01
1.140913444573272102e+02 3.272103043010915968e+01
1.140958814336845251e+02 3.273601188515772265e+01
1.141004184100418399e+02 3.273214199921803669e+01
1.141049553863991548e+02 3.270950083005303810e+01
1.141094923627564697e+02 3.269050987919126072e+01
1.141140293391137845e+02 3.269185983827058095e+01
1.141185663154710994e+02 3.271825796804220232e+01
1.141231032918284001e+02 3.277382390959873959e+01
1.141276402681857149e+02 3.278783543497774389e+01
1.141321772445430298e+02 3.280928625646107832e+01
1.141367142209003305e+02 3.286466830299232811e+01
1.141412511972576453e+02 3.287256181584456982e+01
1.141457881736149602e+02 3.288847517550092903e+01
1.141503251499722751e+02 3.289599004639254787e+01
1.141548621263295900e+02 3.291532876847660560e+01
1.141593991026869048e+02 3.292220656824699887e+01
1.141639360790442197e+02 3.293234763515599184e+01
1.141684730554015204e+02 3.292943205888389002e+01
1.141730100317588352e+02 3.293705439682453573e+01
1.141775470081161501e+02 3.295425503095995623e+01
1.141820839844734650e+02 3.299669180520395884e+01
1.141866209608307656e+02 3.304571089118392990e+01
1.141911579371880805e+02 3.307088221897472380e+01
1.141956949135453954e+02 3.312661899733323878e+01
1.142002318899027102e+02 3.312875061556096057e+01
1.142047688662600251e+02 3.314123237835865865e+01
1.142093058426173400e+02 3.315281167558557485e+01
1.142138428189746406e+02 3.317050097190420388e+01
1.142183797953319555e+02 3.317514524733003611e+01
1.142229167716892704e+02 3.315165073507819216e+01
1.142274537480465852e+02 3.315253207457150353e+01
1.142319907244038859e+02 3.317828532599020264e+01
1.142365277007612008e+02 3.320890003829886439e+01
1.142410646771185156e+02 3.324863446815364654e+01
1.142456016534758305e+02 3.328867931968614613e+01
1.142501386298331454e+02 3.333426990526667311e+01
1.142546756061904603e+02 3.335087500810483618e+01
1.142592125825477609e+02 3.338973593994546718e+01
1.142637495589050758e+02 3.340638077102920533e+01
1.142682865352623907e+02 3.342221298443728017e+01
1.142728235116197055e+02 3.340624037227303944e+01
1.142773604879770062e+02 3.343747657678128604e+01
1.142818974643343211e+02 3.346188777967449823e+01
1.142864344406916359e+02 3.348546842558289427e+01
1.142909714170489508e+02 3.350290837216644491e+01
1.142955083934062657e+02 3.351821039496787336e+01
1.143000453697635805e+02 3.353637874919851214e+01
1.143045823461208954e+02 3.353018373265286556e+01
1.143091193224781961e+02 3.355289172370214601e+01
1.143136562988355109e+02 3.357085305298464561e+01
1.143181932751928258e+02 3.358682399177016720e+01
1.143227302515501265e+02 3.360822886112829622e+01
1.143272672279074413e+02 3.362961850220180082e+01
1.143318042042647562e+02 3.364636910532305336e+01
1.143363411806220711e+02 3.366504814331455719e+01
1.143408781569793859e+02 3.366164633156964925e+01
1.143454151333367008e+02 3.367871429828460350e+01
1.143499521096940157e+02 3.367016319223803578e+01
1.143544890860513163e+02 3.366484771886129579e+01
1.143590260624086312e+02 3.366696371105569341e+01
1.143635630387659461e+02 3.367767937431098346e+01
1.143681000151232610e+02 3.369836707330929926e+01
1.143726369914805616e+02 3.371021382298244617e+01
1.143771739678378765e+02 3.373116754925735705e+01
1.143817109441951914e+02 3.376455417516101676e+01
1.143862479205525062e+02 3.378909821734490748e+01
1.143907848969098211e+02 3.381356498064658211e+01
1.143953218732671360e+02 3.383576760680777795e+01
1.143998588496244366e+02 3.385312573136464209e+01
1.144043958259817515e+02 3.385673462848296111e+01
1.144089328023390664e+02 3.387069152434800401e+01
1.144134697786963812e+02 3.386359564778565812e+01
1.144180067550536819e+02 3.387499240512013898e+01
1.144225437314109968e+02 3.386413405958565903e+01
1.144270807077683116e+02 3.388210606127589841e+01
1.144316176841256265e+02 3.389650419111000446e+01
1.144361546604829414e+02 3.392176318946485480e+01
1.144406916368402563e+02 3.395029240066170928e+01
1.144452286131975569e+02 3.395820249803756496e+01
1.144497655895548718e+02 3.396281352462248293e+01
1.144543025659121867e+02 3.397715634582465327e+01
1.144588395422695015e+02 3.400964723389489563e+01
1.144633765186268022e+02 3.403495000336150156e+01
1.144679134949841171e+02 3.406822959442990850e+01
1.144724504713414319e+02 3.407570122140426605e+01
1.144769874476987468e+02 3.410928556188110861e+01
1.144815244240560617e+02 3.411636031067161667e+01
1.144860614004133765e+02 3.413364897447730328e+01
1.144905983767706772e+02 3.413841566280127182e+01
1.144951353531279921e+02 3.412241601785450484e+01
1.144996723294853069e+02 3.413476103000190420e+01
1.145042093058426218e+02 3.412701956508938395e+01
1.145087462821999225e+02 3.413831417733020857e+01
1.145132832585572373e+02 3.415334008533317700e+01
1.145178202349145522e+02 3.416279634436297385e+01
1.145223572112718671e+02 3.415845688768436617e+01
1.145268941876291819e+02 3.418055530961633792e+01
1.145314311639864968e+02 3.418468848596791787e+01
1.145359681403438117e+02 3.422128524448378784e+01
1.145405051167011123e+02 3.425889398764568483e+01
1.145450420930584272e+02 3.426900348031262666e+01
1.145495790694157421e+02 3.425384117003343221e+01
1.145541160457730570e+02 3.426777699388159704e+01
1.145586530221303576e+02 3.428469138434573438e+01
1.145631899984876725e+02 3.430513247719316894e+01
1.145677269748449874e+02 3.434793677824349345e+01
1.145722639512023022e+02 3.438125352792518896e+01
1.145768009275596171e+02 3.439721937398445561e+01
1.145813379039169320e+02 3.440922086738808616e+01
1.145858748802742326e+02 3.443282760788105179e+01
1.145904118566315475e+02 3.446542625856815079e+01
1.145949488329888624e+02 3.448407774212051891e+01
1.145994858093461772e+02 3.449534979953804026e+01
1.146040227857034779e+02 3.451635402454022028e+01
1.146085597620607928e+02 3.452426958125720802e+01
1.146130967384181076e+02 3.454974505306338983e+01
1.146176337147754225e+02 3.456833611831799402e+01
1.146221706911327374e+02 3.460916507981433909e+01
1.146267076674900522e+02 3.463900942954125384e+01
1.146312446438473529e+02 3.466243348826652948e+01
1.146357816202046678e+02 3.466070070659085189e+01
1.146403185965619826e+02 3.469380478826047209e+01
1.146448555729192975e+02 3.471165066960119816e+01
1.146493925492765982e+02 3.470676231669106926e+01
1.146539295256339130e+02 3.474925139496341586e+01
1.146584665019912279e+02 3.480392044360651482e+01
1.146630034783485428e+02 3.483300573462126692e+01
1.146675404547058577e+02 3.487249873512545406e+01
1.146720774310631725e+02 3.490897970402935613e+01
1.146766144074204732e+02 3.491389782382632490e+01
1.146811513837777881e+02 3.492171827383682370e+01
1.146856883601351029e+02 3.495165543856506218e+01
1.146902253364924178e+02 3.498282995029231301e+01
1.146947623128497185e+02 3.501576309436777734e+01
1.146992992892070333e+02 3.500663266176372446e+01
1.147038362655643482e+02 3.499082863409663702e+01
1.147083732419216631e+02 3.497920712215745453e+01
1.147129102182789779e+02 3.498499326012775867e+01
1.147174471946362928e+02 3.501532276985887648e+01
1.147219841709936077e+02 3.505055335735777078e+01
1.147265211473509083e+02 3.508348804437007828e+01
1.147310581237082232e+02 3.509369303026117848e+01
1.147355951000655381e+02 3.512913590029211974e+01
1.147401320764228529e+02 3.514484142079579954e+01
1.147446690527801536e+02 3.516313363047999729e+01
1.147492060291374685e+02 3.520864481356647246e+01
1.147537430054947833e+02 3.523398470497131285e+01
1.147582799818520982e+02 3.524878663055606154e+01
1.147628169582094131e+02 3.524515798960689494e+01
1.147673539345667280e+02 3.524687397027226865e+01
1.147718909109240286e+02 3.524869336238361228e+01
1.147764278872813435e+02 3.528551340683362980e+01
1.147809648636386584e+02 3.531037560598756642e+01
1.147855018399959732e+02 3.536344721002603109e+01
1.147900388163532739e+02 3.540462100651237165e+01
1.147945757927105888e+02 3.540616913124949150e+01
1.147991127690679036e+02 3.544185217892232487e+01
1.148036497454252185e+02 3.547695731484324710e+01
1.148081867217825334e+02 3.550919413808708924e+01
1.148127236981398482e+02 3.554096819598583323e+01
1.148172606744971489e+02 3.557167240683123310e+01
1.148217976508544638e+02 3.558607248835096470e+01
1.148263346272117786e+02 3.562353197403234617e+01
1.148308716035690935e+02 3.563687923152067327e+01
1.148354085799263942e+02 3.565619020088237789e+01
1.148399455562837090e+02 3.566060691877672895e+01
1.148444825326410239e+02 3.563355649537196257e+01
1.148490195089983388e+02 3.565348656718377640e+01
1.148535564853556536e+02 3.567298052399199548e+01
1.148580934617129685e+02 3.567981509014219199e+01
1.148626304380702692e+02 3.570556104122893970e+01
1.148671674144275840e+02 3.572112769473773852e+01
1.148717043907848989e+02 3.575916643679040163e+01
1.148762413671422138e+02 3.575440702353472489e+01
1.148807783434995144e+02 3.577289819720245845e+01
1.148853153198568293e+02 3.581310753057370988e+01
1.148898522962141442e+02 3.584599248485931611e+01
1.148943892725714591e+02 3.587988404402268827e+01
1.148989262489287739e+02 3.592488710778050631e+01
1.149034632252860888e+02 3.593203198730770964e+01
1.149080002016434037e+02 3.593936531983097638e+01
1.149125371780007043e+02 3.593802192748022861e+01
1.149170741543580192e+02 3.595297381526934544e+01
1.149216111307153341e+02 3.595170628846495475e+01
1.149261481070726347e+02 3.598945402331465715e+01
1.149306850834299496e+02 3.601879102677735744e+01
1.149352220597872645e+02 3.609575441906623894e+01
1.149397590361445793e+02 3.613704810255620004e+01
1.149442960125018942e+02 3.617451599547587193e+01
1.149488329888592091e+02 3.618368150865386923e+01
1.149533699652165240e+02 3.616672030886632427e+01
1.149579069415738246e+02 3.618431563542446838e+01
1.149624439179311395e+02 3.619946531014369384e+01
1.149669808942884544e+02 3.620520453706440378e+01
1.149715178706457692e+02 3.621886552592790309e+01
1.149760548470030699e+02 3.621863594176041801e+01
1.149805918233603848e+02 3.621592315324472366e+01
1.149851287997176996e+02 3.623056417645577199e+01
1.149896657760750145e+02 3.626162155557682354e+01
1.149942027524323294e+02 3.630998229756144013e+01
1.149987397287896442e+02 3.633080626562689019e+01
1.150032767051469449e+02 3.634346140272698022e+01
1.150078136815042598e+02 3.636031206672544158e+01
1.150123506578615746e+02 3.637897160339009162e+01
1.150168876342188895e+02 3.639438201894439828e+01
1.150214246105761902e+02 3.642831287672379403e+01
1.150259615869335050e+02 3.643899349857047554e+01
1.150304985632908199e+02 3.644992942382194201e+01
1.150350355396481348e+02 3.647879151738371917e+01
1.150395725160054496e+02 3.650437811651219988e+01
1.150441094923627645e+02 3.651663287302560690e+01
1.150486464687200652e+02 3.652599418335829284e+01
1.150531834450773800e+02 3.652081612400601074e+01
1.150577204214346949e+02 3.654117365378260018e+01
1.150622573977920098e+02 3.654835370577635700e+01
1.150667943741493104e+02 3.654521197700190527e+01
1.150713313505066253e+02 3.656366943489633314e+01
1.150758683268639402e+02 3.658415197610940339e+01
1.150804053032212551e+02 3.659095847808397650e+01
1.150849422795785699e+02 3.661880702789401454e+01
1.150894792559358848e+02 3.664661313601942538e+01
1.150940162322931997e+02 3.665405022580660699e+01
1.150985532086505003e+02 3.668314764244851744e+01
1.151030901850078152e+02 3.671902655774596980e+01
1.151076271613651301e+02 3.676348009514383364e+01
1.151121641377224307e+02 3.678933782755214565e+01
1.151167011140797456e+02 3.682059877736872266e+01
1.151212380904370605e+02 3.682607131605088568e+01
1.151257750667943753e+02 3.686037845941821445e+01
1.151303120431516902e+02 3.687875593923947548e+01
1.151348490195090051e+02 3.689676901913770024e+01
1.151393859958663199e+02 3.693053968795576480e+01
1.151439229722236206e+02 3.695756108308859211e+01
1.151484599485809355e+02 3.698416447289170605e+01
1.151529969249382503e+02 3.701214640683120649e+01
1.151575339012955652e+02 3.704348053287786513e+01
1.151620708776528659e+02 3.702912147644168073e+01
1.151666078540101807e+02 3.704580560730472882e+01
1.151711448303674956e+02 3.703162057563787357e+01
1.151756818067248105e+02 3.705628896850165432e+01
1.151802187830821254e+02 3.706286752905459991e+01
1.151847557594394402e+02 3.709271247091723467e+01
1.151892927357967409e+02 3.712963799128716857e+01
1.151938297121540558e+02 3.716052662887616265e+01
1.151983666885113706e+02 3.717539075359673006e+01
1.152029036648686855e+02 3.718989085516424353e+01
1.152074406412259862e+02 3.721006273866788661e+01
1.152119776175833010e+02 3.721476430497607168e+01
1.152165145939406159e+02 3.723869036877666616e+01
1.152210515702979308e+02 3.724203751893540471e+01
1.152255885466552456e+02 3.726354153665942448e+01
1.152301255230125605e+02 3.727059947262605988e+01
1.152346624993698612e+02 3.730901639297447048e+01
1.152391994757271760e+02 3.732498622382320974e+01
1.152437364520844909e+02 3.735551698121302167e+01
1.152482734284418058e+02 3.737091645379644689e+01
1.152528104047991064e+02 3.739404924656595597e+01
1.152573473811564213e+02 3.741018669117217854e+01
1.152618843575137362e+02 3.742861699429838751e+01
1.152664213338710510e+02 3.744294655446789477e+01
1.152709583102283659e+02 3.744567755418835731e+01
1.152754952865856808e+02 3.749270419108977848e+01
1.152800322629429957e+02 3.753010220964019794e+01
1.152845692393002963e+02 3.756245884504986066e+01
1.152891062156576112e+02 3.754810420781569746e+01
1.152936431920149261e+02 3.756650881500402051e+01
1.152981801683722267e+02 3.758406203463985662e+01
1.153027171447295416e+02 3.758233324477283332e+01
1.153072541210868565e+02 3.761359844784525563e+01
1.153117910974441713e+02 3.765060652584764256e+01
1.153163280738014862e+02 3.768372825809922233e+01
1.153208650501588011e+02 3.769139269324423225e+01
1.153254020265161159e+02 3.771045005513170167e+01
1.153299390028734166e+02 3.773086120422483702e+01
1.153344759792307315e+02 3.776500104998967799e+01
1.153390129555880463e+02 3.778535666363364953e+01
1.153435499319453612e+02 3.782018254490762388e+01
1.153480869083026619e+02 3.783398910320721598e+01
1.153526238846599767e+02 3.785192029283621196e+01
1.153571608610172916e+02 3.784345517001160886e+01
1.153616978373746065e+02 3.783312980808508286e+01
1.153662348137319213e+02 3.786338160299198563e+01
1.153707717900892362e+02 3.789878432814609255e+01
1.153753087664465369e+02 3.792541511079915750e+01
1.153798457428038517e+02 3.796826702962933808e+01
1.153843827191611666e+02 3.798541987402902720e+01
1.153889196955184815e+02 3.799143066606451669e+01
1.153934566718757821e+02 3.797715541982463350e+01
1.153979936482330970e+02 3.797241652455722516e+01
1.154025306245904119e+02 3.798116538513584572e+01
1.154070676009477268e+02 3.800313691104049241e+01
1.154116045773050416e+02 3.802069982687967098e+01
1.154161415536623565e+02 3.805237187836571877e+01
1.154206785300196572e+02 3.804988973546616648e+01
1.154252155063769720e+02 3.805187511712217230e+01
1.154297524827342869e+02 3.811122219579755921e+01
1.154342894590916018e+02 3.814777647920694648e+01
1.154388264354489024e+02 3.819311721765500778e+01
1.154433634118062173e+02 3.824531809242773051e+01
1.154479003881635322e+02 3.826722619714055185e+01
1.154524373645208470e+02 3.827355701023327583e+01
1.154569743408781619e+02 3.828874268918902857e+01
1.154615113172354768e+02 3.830898771593249563e+01
1.154660482935927774e+02 3.832662880596827648e+01
1.154705852699500923e+02 3.835189110404834878e+01
1.154751222463074072e+02 3.835891355425221860e+01
1.154796592226647221e+02 3.836702747357843180e+01
1.154841961990220227e+02 3.836026231921568552e+01
1.154887331753793376e+02 3.836347101704276241e+01
1.154932701517366525e+02 3.840233180157884618e+01
1.154978071280939673e+02 3.842012662109816290e+01
1.155023441044512822e+02 3.847493698159278352e+01
1.155068810808085971e+02 3.847516492392529130e+01
1.155114180571659119e+02 3.849869564018504775e+01
1.155159550335232126e+02 3.851853336234710667e+01
1.155204920098805275e+02 3.854899441055589193e+01
1.155250289862378423e+02 3.858203285618180445e+01
1.155295659625951572e+02 3.860978380474285387e+01
1.155341029389524579e+02 3.862162545862060625e+01
1.155386399153097727e+02 3.862128079997511065e+01
1.155431768916670876e+02 3.863320191206599930e+01
1.155477138680244025e+02 3.864506623737830182e+01
1.155522508443817173e+02 3.869675972576721534e+01
1.155567878207390322e+02 3.871867957786113834e+01
1.155613247970963329e+02 3.874878316763101793e+01
1.155658617734536477e+02 3.876914399414035728e+01
1.155703987498109626e+02 3.879832637632851089e+01
1.155749357261682775e+02 3.883798154200739816e+01
1.155794727025255781e+02 3.885435326798061340e+01
1.155840096788828930e+02 3.886506074714156256e+01
1.155885466552402079e+02 3.886466937053355508e+01
1.155930836315975228e+02 3.889684299391896616e+01
1.155976206079548376e+02 3.892557420932476475e+01
1.156021575843121525e+02 3.894731897811100652e+01
1.156066945606694532e+02 3.895597289118146023e+01
1.156112315370267680e+02 3.897003586349546822e+01
1.156157685133840829e+02 3.897934906049886905e+01
1.156203054897413978e+02 3.899816774237536521e+01
1.156248424660986984e+02 3.904389310315375639e+01
1.156293794424560133e+02 3.906521053331513826e+01
1.156339164188133282e+02 3.907464773457457596e+01
1.156384533951706430e+02 3.906079631768686511e+01
1.156429903715279579e+02 3.907492776483988450e+01
1.156475273478852728e+02 3.909686198158654946e+01
1.156520643242425734e+02 3.912101009146157793e+01
1.156566013005998883e+02 3.914621148187021049e+01
1.156611382769572032e+02 3.917073572006680848e+01
1.156656752533145180e+02 3.919427051425382302e+01
1.156702122296718187e+02 3.920553116412654759e+01
1.156747492060291336e+02 3.922520441138756553e+01
1.156792861823864484e+02 3.926440072008113447e+01
1.156838231587437633e+02 3.927984166065952820e+01
1.156883601351010782e+02 3.930254613873433556e+01
1.156928971114583931e+02 3.936169977821129606e+01
1.156974340878157079e+02 3.939209859968634930e+01
1.157019710641730086e+02 3.940320122226466992e+01
1.157065080405303235e+02 3.939225117350294170e+01
1.157110450168876383e+02 3.940173050477415018e+01
1.157155819932449390e+02 3.941391771965815849e+01
1.157201189696022539e+02 3.943903041517278041e+01
1.157246559459595687e+02 3.945890971338509701e+01
1.157291929223168836e+02 3.947823485133589827e+01
1.157337298986741985e+02 3.947642682445680862e+01
1.157382668750315133e+02 3.948381590199895186e+01
1.157428038513888282e+02 3.950370269720534822e+01
1.157473408277461289e+02 3.950687895889335977e+01
1.157518778041034437e+02 3.949395915545858315e+01
1.157564147804607586e+02 3.951417733098731588e+01
1.157609517568180735e+02 3.953636475155072816e+01
1.157654887331753741e+02 3.956884305707828275e+01
1.157700257095326890e+02 3.959381450913100053e+01
1.157745626858900039e+02 3.963827131536655912e+01
1.157790996622473187e+02 3.965762610230650864e+01
1.157836366386046336e+02 3.967965996280451435e+01
1.157881736149619485e+02 3.970720368751688056e+01
1.157927105913192491e+02 3.973373798289829750e+01
1.157972475676765640e+02 3.976820066070715143e+01
1.158017845440338789e+02 3.975517229166325706e+01
1.158063215203911938e+02 3.976380301214443591e+01
1.158108584967484944e+02 3.976831935865269685e+01
1.158153954731058093e+02 3.981112200975970694e+01
1.158199324494631242e+02 3.983623755445297121e+01
1.158244694258204390e+02 3.989019469295583065e+01
1.158290064021777539e+02 3.991777688905543187e+01
1.158335433785350688e+02 3.995155697397953531e+01
1.158380803548923694e+02 3.998979729164622654e+01
1.158426173312496843e+02 4.002128591883016639e+01
1.158471543076069992e+02 4.007670271671631212e+01
1.158516912839643140e+02 4.010233050253548015e+01
1.158562282603216147e+02 4.012369099924489291e+01
1.158607652366789296e+02 4.013740794775829102e+01
1.158653022130362444e+02 4.015466195126386850e+01
1.158698391893935593e+02 4.016346075318781317e+01
1.158743761657508742e+02 4.018889336562535419e+01
1.158789131421081890e+02 4.020497045667088543e+01
1.158834501184655039e+02 4.021468041366425439e+01
1.158879870948228046e+02 4.026309942223926441e+01
1.158925240711801194e+02 4.027113652642274388e+01
1.158970610475374343e+02 4.032708267193232388e+01
1.159015980238947350e+02 4.034429516554408934e+01
1.159061350002520498e+02 4.039273537122347335e+01
1.159106719766093647e+02 4.040811814862514240e+01
1.159152089529666796e+02 4.044030173367737291e+01
1.159197459293239945e+02 4.047573672671563827e+01
1.159242829056813093e+02 4.047453306968755982e+01
1.159288198820386242e+02 4.047921789450037267e+01
1.159333568583959249e+02 4.050926261773062009e+01
1.159378938347532397e+02 4.051724182145718345e+01
1.159424308111105546e+02 4.051937194461341818e+01
1.159469677874678695e+02 4.054257565828932997e+01
1.159515047638251701e+02 4.055910207626310893e+01
1.159560417401824850e+02 4.056453159357824489e+01
1.159605787165397999e+02 4.060095306170009621e+01
1.159651156928971147e+02 4.063935857487866343e+01
1.159696526692544296e+02 4.066667643846976432e+01
1.159741896456117445e+02 4.069045495187626216e+01
1.159787266219690451e+02 4.070901818203422806e+01
1.159832635983263600e+02 4.075566005310134443e+01
1.159878005746836749e+02 4.077630638041650712e+01
1.159923375510409898e+02 4.081100908710246955e+01
1.159968745273982904e+02 4.082731268924265322e+01
1.160014115037556053e+02 4.085391252074244761e+01
1.160059484801129202e+02 4.086960994687195381e+01
1.160104854564702350e+02 4.089166512139861709e+01
1.160150224328275499e+02 4.091158429045217559e+01
1.160195594091848648e+02 4.095664777117945476e+01
1.160240963855421654e+02 4.101908208006896217e+01
1.160286333618994803e+02 4.101927152930198872e+01
1.160331703382567952e+02 4.104331586058992087e+01
1.160377073146141100e+02 4.107295528323152922e+01
1.160422442909714107e+02 4.109880751748232086e+01
1.160467812673287256e+02 4.109178943023836439e+01
1.160513182436860404e+02 4.110978433010012623e+01
1.160558552200433553e+02 4.112391801928975354e+01
1.160603921964006702e+02 4.114573421235846240e+01
1.160649291727579850e+02 4.116057269476739577e+01
1.160694661491152999e+02 4.115697610458667555e+01
1.160740031254726006e+02 4.116656312752208891e+01
1.160785401018299154e+02 4.116614042073728541e+01
1.160830770781872303e+02 4.117001693798239614e+01
1.160876140545445310e+02 4.119969963716658157e+01
1.160921510309018458e+02 4.122578880427234083e+01
1.160966880072591607e+02 4.124712085946017481e+01
1.161012249836164756e+02 4.128364925827235510e+01
1.161057619599737905e+02 4.131081359946806941e+01
1.161102989363311053e+02 4.134406887371408601e+01
1.161148359126884202e+02 4.138269418925074206e+01
1.161193728890457209e+02 4.137903123963641860e+01
1.161239098654030357e+02 4.139221299349657812e+01
1.161284468417603506e+02 4.140258919123930781e+01
1.161329838181176655e+02 4.139620773580139712e+01
1.161375207944749661e+02 4.142685308441634362e+01
1.161420577708322810e+02 4.146125839318093398e+01
1.161465947471895959e+02 4.147798233695480974e+01
1.161511317235469107e+02 4.151592833310784414e+01
1.161556686999042256e+02 4.155240201823706769e+01
1.161602056762615405e+02 4.156086188534314374e+01
1.161647426526188411e+02 4.160729487628191947e+01
1.161692796289761560e+02 4.164090455937166979e+01
1.161738166053334709e+02 4.167716310759065124e+01
1.161783535816907857e+02 4.167827759967501322e+01
1.161828905580480864e+02 4.168538136961566920e+01
1.161874275344054013e+02 4.169712475827228104e+01
1.161919645107627161e+02 4.171355722783165731e+01
1.161965014871200310e+02 4.174420350875423935e+01
1.162010384634773459e+02 4.173712977309875782e+01
1.162055754398346608e+02 4.175528631289568438e+01
1.162101124161919614e+02 4.175921559785366810e+01
1.162146493925492763e+02 4.176947293778391668e+01
1.162191863689065912e+02 4.181191690248589055e+01
1.162237233452639060e+02 4.186502619373965928e+01
1.162282603216212067e+02 4.189836008765718134e+01
1.162327972979785216e+02 4.190464552673535792e+01
1.162373342743358364e+02 4.191879737668106287e+01
1.162418712506931513e+02 4.192123461773454807e+01
1.162464082270504662e+02 4.196085399096265434e+01
1.162509452034077810e+02 4.200252470642364955e+01
1.162554821797650817e+02 4.204847932229735363e+01
1.162600191561223966e+02 4.209008217472560176e+01
1.162645561324797114e+02 4.211752505155461535e+01
1.162690931088370263e+02 4.211928417224005017e+01
1.162736300851943270e+02 4.211860915674627392e+01
1.162781670615516418e+02 4.212639912604974768e+01
1.162827040379089567e+02 4.213746374482582979e+01
1.162872410142662716e+02 4.218829217747849469e+01
1.162917779906235864e+02 4.224632212755278005e+01
1.162963149669809013e+02 4.229389623400162890e+01
1.163008519433382162e+02 4.230407696288891373e+01
1.163053889196955168e+02 4.234385073042388115e+01
1.163099258960528317e+02 4.237724779490503835e+01
1.163144628724101466e+02 4.238745435442564968e+01
1.163189998487674615e+02 4.242745285201714722e+01
1.163235368251247621e+02 4.248352214461724685e+01
1.163280738014820770e+02 4.249350922426741306e+01
1.163326107778393919e+02 4.250803409615162565e+01
1.163371477541967067e+02 4.250318048914759572e+01
1.163416847305540216e+02 4.250110534718115218e+01
1.163462217069113365e+02 4.250454527405032223e+01
1.163507586832686371e+02 4.252001331229920567e+01
1.163552956596259520e+02 4.256017884495202708e+01
1.163598326359832669e+02 4.261258165569505962e+01
1.163643696123405817e+02 4.265245628181119741e+01
1.163689065886978824e+02 4.267227998844199988e+01
1.163734435650551973e+02 4.268350207071570424e+01
1.163779805414125121e+02 4.270849940438382930e+01
1.163825175177698270e+02 4.271542689372050461e+01
1.163870544941271419e+02 4.274734248354713628e+01
1.163915914704844567e+02 4.278020206328616126e+01
1.163961284468417574e+02 4.277664141634041783e+01
1.164006654231990723e+02 4.279963601105836801e+01
1.164052023995563871e+02 4.281983387642723926e+01
1.164097393759137020e+02 4.284399621227462518e+01
1.164142763522710027e+02 4.287134358734076756e+01
1.164188133286283175e+02 4.291505373255129285e+01
1.164233503049856324e+02 4.295875338056548287e+01
1.164278872813429473e+02 4.299221328199257641e+01
1.164324242577002622e+02 4.300877991385493004e+01
1.164369612340575770e+02 4.304313211215199431e+01
1.164414982104148777e+02 4.305167509660690683e+01
1.164460351867721926e+02 4.303739996012515689e+01
1.164505721631295074e+02 4.304168226556109289e+01
1.164551091394868223e+02 4.303407989136403700e+01
1.164596461158441230e+02 4.303344272604083898e+01
1.164641830922014378e+02 4.305542504094165679e+01
1.164687200685587527e+02 4.307372660612410442e+01
1.164732570449160676e+02 4.307566058074009874e+01
1.164777940212733824e+02 4.311077986651059746e+01
1.164823309976306973e+02 4.313886618877825896e+01
1.164868679739880122e+02 4.317276090080162732e+01
1.164914049503453128e+02 4.321357976384068422e+01
1.164959419267026277e+02 4.322762086182981278e+01
1.165004789030599426e+02 4.325970576654077604e+01
1.165050158794172575e+02 4.328089251087058642e+01
1.165095528557745581e+02 4.328764714176740824e+01
1.165140898321318730e+02 4.331665128841041934e+01
1.165186268084891879e+02 4.333159891277504272e+01
1.165231637848465027e+02 4.334339960787932711e+01
1.165277007612038176e+02 4.338141561767942989e+01
1.165322377375611325e+02 4.340731520593234194e+01
1.165367747139184331e+02 4.341819399612114694e+01
1.165413116902757480e+02 4.344528258216164573e+01
1.165458486666330629e+02 4.344576562237894990e+01
1.165503856429903777e+02 4.347731256012344403e+01
1.165549226193476784e+02 4.352344314914081735e+01
1.165594595957049933e+02 4.354031964642367569e+01
1.165639965720623081e+02 4.358176384484521293e+01
1.165685335484196230e+02 4.359244591553701298e+01
1.165730705247769379e+02 4.360384829374774540e+01
1.165776075011342527e+02 4.365054552950809352e+01
1.165821444774915534e+02 4.368080851947979681e+01
1.165866814538488683e+02 4.372716613658617746e+01
1.165912184302061831e+02 4.375251579691106230e+01
1.165957554065634980e+02 4.375945006941251592e+01
1.166002923829207987e+02 4.378355683831551204e+01
1.166048293592781135e+02 4.378648362861366650e+01
1.166093663356354284e+02 4.379160312099410390e+01
1.166139033119927433e+02 4.382060065402658466e+01
1.166184402883500582e+02 4.385960573566638487e+01
1.166229772647073730e+02 4.387582201819299854e+01
1.166275142410646737e+02 4.392052679463840548e+01
1.166320512174219886e+02 4.392315351459605921e+01
1.166365881937793034e+02 4.393549621726219812e+01
1.166411251701366183e+02 4.394884228063067155e+01
1.166456621464939190e+02 4.394804023234213020e+01
1.166501991228512338e+02 4.394248278269952834e+01
1.166547360992085487e+02 4.394957769063142905e+01
1.166592730755658636e+02 4.395619592662099961e+01
1.166638100519231784e+02 4.397439232853090374e+01
1.166683470282804933e+02 4.400036431811872717e+01
1.166728840046378082e+02 4.400773449890137101e+01
1.166774209809951088e+02 4.405754564739842039e+01
1.166819579573524237e+02 4.408986494721926874e+01
1.166864949337097386e+02 4.411798893832529700e+01
1.166910319100670392e+02 4.414326786860181073e+01
1.166955688864243541e+02 4.418683136089806140e+01
1.167001058627816690e+02 4.419731694272435618e+01
1.167046428391389838e+02 4.421809428417481058e+01
1.167091798154962987e+02 4.423101242697305224e+01
1.167137167918536136e+02 4.423062302841330506e+01
1.167182537682109285e+02 4.423824870091259953e+01
1.167227907445682291e+02 4.426572620248358447e+01
1.167273277209255440e+02 4.429992683208191551e+01
1.167318646972828589e+02 4.432717116456055351e+01
1.167364016736401737e+02 4.434999787775725366e+01
1.167409386499974744e+02 4.437516704410217017e+01
1.167454756263547893e+02 4.439138621532629259e+01
1.167500126027121041e+02 4.441385018942398943e+01
1.167545495790694190e+02 4.444147293689493949e+01
1.167590865554267339e+02 4.449983976820462317e+01
1.167636235317840487e+02 4.452536463064745220e+01
1.167681605081413494e+02 4.456393189570380287e+01
1.167726974844986643e+02 4.455629454905158582e+01
1.167772344608559791e+02 4.455310295551853272e+01
1.167817714372132940e+02 4.456468800019418097e+01
1.167863084135705947e+02 4.457880048543219687e+01
1.167908453899279095e+02 4.458992364279269793e+01
1.167953823662852244e+02 4.461473718353582996e+01
1.167999193426425393e+02 4.462806810398711121e+01
1.168044563189998541e+02 4.463102016595150445e+01
1.168089932953571690e+02 4.466006730482181553e+01
1.168135302717144697e+02 4.465321559285054320e+01
1.168180672480717845e+02 4.468787688593746310e+01
1.168226042244290994e+02 4.473485031732808181e+01
1.168271412007864143e+02 4.474311166270728535e+01
1.168316781771437149e+02 4.476440311436321196e+01
1.168362151535010298e+02 4.479804411703119627e+01
1.168407521298583447e+02 4.479953583890965518e+01
1.168452891062156596e+02 4.479582872405543981e+01
1.168498260825729744e+02 4.481777004741710613e+01
1.168543630589302893e+02 4.484654703842405610e+01
1.168589000352876042e+02 4.488532530481989369e+01
1.168634370116449048e+02 4.490955120667436518e+01
1.168679739880022197e+02 4.492139764220323883e+01
1.168725109643595346e+02 4.494539694449328948e+01
1.168770479407168352e+02 4.496545508765657928e+01
1.168815849170741501e+02 4.499725288231464049e+01
1.168861218934314650e+02 4.500615176982820742e+01
1.168906588697887798e+02 4.501447202159206284e+01
1.168951958461460947e+02 4.499912931148237050e+01
1.168997328225034096e+02 4.501863106391579095e+01
1.169042697988607244e+02 4.504984191383076109e+01
1.169088067752180251e+02 4.506753318415375276e+01
1.169133437515753400e+02 4.510677381993336610e+01
1.169178807279326548e+02 4.511504836848753541e+01
1.169224177042899697e+02 4.514485043321231217e+01
1.169269546806472704e+02 4.516436039144807069e+01
1.169314916570045852e+02 4.516806718985795044e+01
1.169360286333619001e+02 4.517733739480254940e+01
1.169405656097192150e+02 4.519178951678018308e+01
1.169451025860765299e+02 4.519327462338885937e+01
1.169496395624338447e+02 4.520063534965916574e+01
1.169541765387911454e+02 4.521582958809585762e+01
1.169587135151484603e+02 4.521536797161989796e+01
1.169632504915057751e+02 4.523151737877959278e+01
1.169677874678630900e+02 4.523488255482651255e+01
1.169723244442203907e+02 4.527297771799099024e+01
1.169768614205777055e+02 4.529430756724111262e+01
1.169813983969350204e+02 4.532015819391472888e+01
1.169859353732923353e+02 4.536030005564121126e+01
1.169904723496496501e+02 4.539454545578632860e+01
1.169950093260069650e+02 4.542870555294929602e+01
1.169995463023642657e+02 4.542654542868164214e+01
1.170040832787215805e+02 4.545293897181480247e+01
1.170086202550788954e+02 4.545176711299090044e+01
1.170131572314362103e+02 4.545769104099364455e+01
1.170176942077935109e+02 4.548871671918925585e+01
1.170222311841508258e+02 4.551128629178244722e+01
1.170267681605081407e+02 4.554991413655722710e+01
1.170313051368654556e+02 4.557695338650830763e+01
1.170358421132227704e+02 4.561670131354233604e+01
1.170403790895800853e+02 4.565370627795707748e+01
1.170449160659374002e+02 4.570733961188057748e+01
1.170494530422947008e+02 4.571773647991134482e+01
1.170539900186520157e+02 4.572790925367817039e+01
1.170585269950093306e+02 4.574154181871689673e+01
1.170630639713666312e+02 4.573579220862313122e+01
1.170676009477239461e+02 4.577768458713983790e+01
1.170721379240812610e+02 4.579758545935825254e+01
1.170766749004385758e+02 4.583395851093284534e+01
1.170812118767958907e+02 4.583570521090585714e+01
1.170857488531532056e+02 4.585763857496738893e+01
1.170902858295105204e+02 4.587552708925865375e+01
1.170948228058678211e+02 4.589124207295373736e+01
1.170993597822251360e+02 4.591143743203395644e+01
1.171038967585824508e+02 4.595226356392860367e+01
1.171084337349397657e+02 4.597565464946119107e+01
1.171129707112970664e+02 4.600251451272804104e+01
1.171175076876543812e+02 4.602699938343666730e+01
1.171220446640116961e+02 4.607036496098557166e+01
1.171265816403690110e+02 4.610467612287013850e+01
1.171311186167263259e+02 4.612942209353123957e+01
1.171356555930836407e+02 4.615299584215333084e+01
1.171401925694409414e+02 4.613510104815122048e+01
1.171447295457982563e+02 4.614116607586728236e+01
1.171492665221555711e+02 4.616178633283857380e+01
1.171538034985128860e+02 4.620410788122038781e+01
1.171583404748701867e+02 4.622665743837907826e+01
1.171628774512275015e+02 4.626353521835682869e+01
1.171674144275848164e+02 4.630633860708496030e+01
1.171719514039421313e+02 4.635074119441966900e+01
1.171764883802994461e+02 4.638899170095447033e+01
1.171810253566567610e+02 4.643035197981127027e+01
1.171855623330140617e+02 4.645469607191325423e+01
1.171900993093713765e+02 4.646641586255186240e+01
1.171946362857286914e+02 4.648613859407717541e+01
1.171991732620860063e+02 4.648666394398971846e+01
1.172037102384433069e+02 4.652854867044364795e+01
1.172082472148006218e+02 4.656323377428422106e+01
1.172127841911579367e+02 4.660675185765303041e+01
1.172173211675152515e+02 4.663038574572582462e+01
1.172218581438725664e+02 4.667266962382907280e+01
1.172263951202298813e+02 4.670287979686922597e+01
1.172309320965871819e+02 4.671685286982845042e+01
1.172354690729444968e+02 4.674624731861865001e+01
1.172400060493018117e+02 4.677190154681410661e+01
1.172445430256591266e+02 4.679666062938962767e+01
1.172490800020164272e+02 4.681069056236015058e+01
1.172536169783737421e+02 4.682660497376279096e+01
1.172581539547310570e+02 4.683584505586337343e+01
1.172626909310883718e+02 4.685815728274975811e+01
1.172672279074456867e+02 4.689962478027085524e+01
1.172717648838030016e+02 4.692501028129930063e+01
1.172763018601603164e+02 4.696411996493620222e+01
1.172808388365176171e+02 4.698984127399676680e+01
1.172853758128749320e+02 4.703144323093784607e+01
1.172899127892322468e+02 4.707273556936851833e+01
1.172944497655895617e+02 4.712356049201596164e+01
1.172989867419468624e+02 4.713580582147202591e+01
1.173035237183041772e+02 4.714234317290537035e+01
1.173080606946614921e+02 4.714917817897206476e+01
1.173125976710188070e+02 4.715736483825745040e+01
1.173171346473761218e+02 4.718636522097197172e+01
1.173216716237334367e+02 4.720752736784878323e+01
1.173262086000907374e+02 4.724127371186484936e+01
1.173307455764480522e+02 4.728476410726842261e+01
1.173352825528053671e+02 4.730426146673262622e+01
1.173398195291626820e+02 4.732883963527943649e+01
1.173443565055199826e+02 4.735268936180644772e+01
1.173488934818772975e+02 4.737835242817671144e+01
1.173534304582346124e+02 4.739590773487437048e+01
1.173579674345919273e+02 4.741097219965280374e+01
1.173625044109492421e+02 4.743082365456198346e+01
1.173670413873065570e+02 4.746018407780961468e+01
1.173715783636638577e+02 4.752801381795735125e+01
1.173761153400211725e+02 4.754265502872206639e+01
1.173806523163784874e+02 4.756687290657831824e+01
1.173851892927358023e+02 4.759320803076945339e+01
1.173897262690931029e+02 4.763517071798118963e+01
1.173942632454504178e+02 4.763759983220455041e+01
1.173988002218077327e+02 4.764701076498041488e+01
1.174033371981650475e+02 4.766846102462407941e+01
1.174078741745223624e+02 4.768830349898223631e+01
1.174124111508796773e+02 4.770284070502138718e+01
1.174169481272369779e+02 4.772866522218051699e+01
1.174214851035942928e+02 4.777871863300107691e+01
1.174260220799516077e+02 4.780137645718640726e+01
1.174305590563089225e+02 4.782697831756928508e+01
1.174350960326662232e+02 4.784055651888058946e+01
1.174396330090235381e+02 4.786858914235990170e+01
1.174441699853808529e+02 4.787758372040968169e+01
1.174487069617381678e+02 4.789682659620981298e+01
1.174532439380954827e+02 4.792768745066574354e+01
1.174577809144527976e+02 4.794954292743200597e+01
1.174623178908101124e+02 4.795888933396773979e+01
1.174668548671674131e+02 4.801619640951347634e+01
1.174713918435247280e+02 4.807536574191959744e+01
1.174759288198820428e+02 4.810575283111403166e+01
1.174804657962393435e+02 4.813312842725043339e+01
1.174850027725966584e+02 4.813269882098706631e+01
1.174895397489539732e+02 4.816621881965711083e+01
1.174940767253112881e+02 4.820559224654519426e+01
1.174986137016686030e+02 4.823918163913160129e+01
1.175031506780259178e+02 4.825888517632701991e+01
1.175076876543832327e+02 4.829818189255155403e+01
1.175122246307405334e+02 4.831979993170407539e+01
1.175167616070978482e+02 4.833212643379187057e+01
1.175212985834551631e+02 4.831189154817899833e+01
1.175258355598124780e+02 4.831832199812252071e+01
1.175303725361697786e+02 4.833963495567751067e+01
1.175349095125270935e+02 4.835805550223490457e+01
1.175394464888844084e+02 4.839485695804912524e+01
1.175439834652417233e+02 4.844400729784777582e+01
1.175485204415990381e+02 4.847757134630285947e+01
1.175530574179563530e+02 4.849661522083997767e+01
1.175575943943136537e+02 4.851192180886316407e+01
1.175621313706709685e+02 4.854080904919214134e+01
1.175666683470282834e+02 4.854480799199254903e+01
1.175712053233855983e+02 4.856299646586688112e+01
1.175757422997428989e+02 4.858909074806192763e+01
1.175802792761002138e+02 4.861860979003247252e+01
1.175848162524575287e+02 4.863435307470516022e+01
1.175893532288148435e+02 4.865865426121700921e+01
1.175938902051721584e+02 4.869776766786046807e+01
1.175984271815294733e+02 4.872375972559885327e+01
1.176029641578867739e+02 4.873913529042958004e+01
1.176075011342440888e+02 4.874642126057107561e+01
1.176120381106014037e+02 4.877688949493586534e+01
1.176165750869587185e+02 4.877451818981175791e+01
1.176211120633160192e+02 4.880514136526650049e+01
1.176256490396733341e+02 4.882237146918492954e+01
1.176301860160306489e+02 4.885045845574150292e+01
1.176347229923879638e+02 4.885730642122729961e+01
1.176392599687452787e+02 4.889876900723909614e+01
1.176437969451025936e+02 4.891924451588929657e+01
1.176483339214599084e+02 4.894460639453598105e+01
1.176528708978172091e+02 4.896846560852070951e+01
1.176574078741745240e+02 4.897894107289736354e+01
1.176619448505318388e+02 4.898102783392649684e+01
1.176664818268891395e+02 4.898576323138023980e+01
1.176710188032464544e+02 4.898907326297348419e+01
1.176755557796037692e+02 4.898812548224374552e+01
1.176800927559610841e+02 4.901036639747363921e+01
1.176846297323183990e+02 4.902389257944098233e+01
1.176891667086757138e+02 4.904906567590231958e+01
1.176937036850330287e+02 4.904236955834477385e+01
1.176982406613903294e+02 4.907841386735364608e+01
1.177027776377476442e+02 4.911560951886674076e+01
1.177073146141049591e+02 4.914397511693992016e+01
1.177118515904622740e+02 4.919440898143102459e+01
1.177163885668195746e+02 4.925385011723944473e+01
1.177209255431768895e+02 4.931318219594373176e+01
1.177254625195342044e+02 4.936073123548009534e+01
1.177299994958915192e+02 4.937094197387653338e+01
1.177345364722488341e+02 4.938679366642821833e+01
1.177390734486061490e+02 4.942261909868964409e+01
1.177436104249634496e+02 4.946531839270861752e+01
1.177481474013207645e+02 4.947387962118537530e+01
1.177526843776780794e+02 4.949795619253568901e+01
1.177572213540353943e+02 4.952838535597761194e+01
1.177617583303926949e+02 4.956521611155995544e+01
1.177662953067500098e+02 4.959173229256426652e+01
1.177708322831073247e+02 4.962137444086720706e+01
1.177753692594646395e+02 4.966459239248196411e+01
1.177799062358219544e+02 4.969693251093806197e+01
1.177844432121792693e+02 4.971835899296439010e+01
1.177889801885365699e+02 4.971042075833908314e+01
1.177935171648938848e+02 4.973031641845139461e+01
1.177980541412511997e+02 4.972603969949788905e+01
1.178025911176085145e+02 4.976226205450029738e+01
1.178071280939658152e+02 4.976186392664494207e+01
1.178116650703231301e+02 4.979101008196980871e+01
1.178162020466804449e+02 4.982104448166359134e+01
1.178207390230377598e+02 4.982776557219072089e+01
1.178252759993950747e+02 4.981953580011734317e+01
1.178298129757523895e+02 4.983647195670342001e+01
1.178343499521097044e+02 4.983201443534658637e+01
1.178388869284670051e+02 4.982249557860415479e+01
1.178434239048243199e+02 4.982308239353103829e+01
1.178479608811816348e+02 4.984564615468980975e+01
1.178524978575389355e+02 4.987884032215479380e+01
1.178570348338962503e+02 4.992699782498914374e+01
1.178615718102535652e+02 4.995616457862336546e+01
1.178661087866108801e+02 4.998789900897797622e+01
1.178706457629681950e+02 5.002075295725853010e+01
1.178751827393255098e+02 5.004618029768786869e+01
1.178797197156828247e+02 5.005420170155725401e+01
1.178842566920401254e+02 5.006871146420580487e+01
1.178887936683974402e+02 5.005138777777268899e+01
1.178933306447547551e+02 5.007963089946094470e+01
1.178978676211120700e+02 5.010950786650156630e+01
1.179024045974693706e+02 5.013003800245923713e+01
1.179069415738266855e+02 5.017586897433886151e+01
1.179114785501840004e+02 5.019529076967537407e+01
1.179160155265413152e+02 5.022217506796729936e+01
1.179205525028986301e+02 5.023414647286532642e+01
1.179250894792559450e+02 5.026522592718089300e+01
1.179296264556132456e+02 5.028642732764194534e+01
1.179341634319705605e+02 5.028871186850618358e+01
1.179387004083278754e+02 5.032093154974759841e+01
1.179432373846851902e+02 5.035578643430191903e+01
1.179477743610424909e+02 5.037874090791964221e+01
1.179523113373998058e+02 5.039931136124003075e+01
1.179568483137571206e+02 5.041879039730306289e+01
1.179613852901144355e+02 5.044915522762698146e+01
1.179659222664717504e+02 5.047353954758813188e+01
1.179704592428290653e+02 5.049777146284202445e+01
1.179749962191863659e+02 5.051865809067791702e+01
1.179795331955436808e+02 5.054454091844809227e+01
1.179840701719009957e+02 5.054870737863148378e+01
1.179886071482583105e+02 5.055839627322519902e+01
1.179931441246156112e+02 5.058043683279509395e+01
1.179976811009729261e+02 5.061382964851174648e+01
1.180022180773302409e+02 5.062626471714493448e+01
1.180067550536875558e+02 5.062604940636533257e+01
1.180112920300448707e+02 5.064124390307130597e+01
1.180158290064021855e+02 5.065864002951862233e+01
1.180203659827594862e+02 5.071251845905165823e+01
1.180249029591168011e+02 5.075626689269996916e+01
1.180294399354741159e+02 5.081114386183867992e+01
1.180339769118314308e+02 5.086931747874785970e+01
1.180385138881887315e+02 5.089479161448298328e+01
1.180430508645460463e+02 5.093904499378341910e+01
1.180475878409033612e+02 5.097935616903378531e+01
1.180521248172606761e+02 5.099649369139027044e+01
1.180566617936179910e+02 5.102385660667744105e+01
1.180611987699753058e+02 5.101701435551146346e+01
1.180657357463326207e+02 5.101908396097785925e+01
1.180702727226899214e+02 5.103696460070926832e+01
1.180748096990472362e+02 5.106058514103701640e+01
1.180793466754045511e+02 5.108089012605210399e+01
1.180838836517618660e+02 5.109796451009003704e+01
1.180884206281191666e+02 5.112427335182248100e+01
1.180929576044764815e+02 5.114706188176501200e+01
1.180974945808337964e+02 5.117602792237462239e+01
1.181020315571911112e+02 5.120116249393415586e+01
1.181065685335484261e+02 5.123953704683365373e+01
1.181111055099057410e+02 5.120860765178330354e+01
1.181156424862630416e+02 5.121740512983606664e+01
1.181201794626203565e+02 5.124700802848958148e+01
1.181247164389776714e+02 5.128740886066560734e+01
1.181292534153349862e+02 5.133367446126233347e+01
1.181337903916922869e+02 5.139861177697970618e+01
1.181383273680496018e+02 5.144812139469454593e+01
1.181428643444069166e+02 5.146371174282577243e+01
1.181474013207642315e+02 5.149055452965882296e+01
1.181519382971215464e+02 5.153106156612841460e+01
1.181564752734788613e+02 5.155206946340589980e+01
1.181610122498361619e+02 5.155402922050921433e+01
1.181655492261934768e+02 5.157831749180016345e+01
1.181700862025507917e+02 5.159445283041178243e+01
1.181746231789081065e+02 5.160117649118249972e+01
1.181791601552654072e+02 5.160012038301034210e+01
1.181836971316227221e+02 5.160612171383222346e+01
1.181882341079800369e+02 5.161644654156775402e+01
1.181927710843373518e+02 5.162785724967386614e+01
1.181973080606946667e+02 5.165258004421488636e+01
1.182018450370519815e+02 5.167984602205208233e+01
1.182063820134092822e+02 5.167630626629654245e+01
1.182109189897665971e+02 5.169386158288302369e+01
1.182154559661239119e+02 5.171241648746148201e+01
1.182199929424812268e+02 5.170865182464297760e+01
1.182245299188385275e+02 5.172971636105700810e+01
1.182290668951958423e+02 5.175858640640420560e+01
1.182336038715531572e+02 5.176327328481247037e+01
1.182381408479104721e+02 5.176945701169461245e+01
1.182426778242677869e+02 5.178837553504543223e+01
1.182472148006251018e+02 5.179028411515554353e+01
1.182517517769824167e+02 5.179529924699216537e+01
1.182562887533397173e+02 5.181959879709553718e+01
1.182608257296970322e+02 5.186791755303696050e+01
1.182653627060543471e+02 5.191397527469420226e+01
1.182698996824116620e+02 5.195469047933651296e+01
1.182744366587689626e+02 5.199628222525510068e+01
1.182789736351262775e+02 5.199811154845099992e+01
1.182835106114835924e+02 5.200946896094593797e+01
1.182880475878409072e+02 5.205246783872532035e+01
1.182925845641982221e+02 5.205251565547222725e+01
1.182971215405555370e+02 5.207591409194377263e+01
1.183016585169128376e+02 5.212592714535867344e+01
1.183061954932701525e+02 5.212418829461326908e+01
1.183107324696274674e+02 5.214257278455294653e+01
1.183152694459847822e+02 5.215265667947039674e+01
1.183198064223420829e+02 5.217866858711981592e+01
1.183243433986993978e+02 5.223144594014350872e+01
1.183288803750567126e+02 5.224997093975341755e+01
1.183334173514140275e+02 5.229976717158223920e+01
1.183379543277713424e+02 5.232283423361272412e+01
1.183424913041286572e+02 5.234507488150669730e+01
1.183470282804859579e+02 5.236840015823687366e+01
1.183515652568432728e+02 5.237761483679452823e+01
1.183561022332005876e+02 5.238476134763968872e+01
1.183606392095579025e+02 5.241065818238304530e+01
1.183651761859152032e+02 5.241720841187131441e+01
1.183697131622725180e+02 5.243851149667818135e+01
1.183742501386298329e+02 5.246019128429750111e+01
1.183787871149871478e+02 5.246351632816011801e+01
1.183833240913444627e+02 5.246787163424581735e+01
1.183878610677017775e+02 5.248948149543626585e+01
1.183923980440590782e+02 5.252908625815946664e+01
1.183969350204163931e+02 5.257222161859831289e+01
1.184014719967737079e+02 5.260517040434231717e+01
1.184060089731310228e+02 5.263562997683023781e+01
1.184105459494883235e+02 5.266221366740683862e+01
1.184150829258456383e+02 5.270658129857739738e+01
1.184196199022029532e+02 5.271140958874842397e+01
1.184241568785602681e+02 5.276290733497864238e+01
1.184286938549175829e+02 5.278925785612202759e+01
1.184332308312748978e+02 5.278816936635796253e+01
1.184377678076322127e+02 5.281319524060024406e+01
1.184423047839895133e+02 5.284496547708526037e+01
1.184468417603468282e+02 5.286754606431703962e+01
1.184513787367041431e+02 5.287549249142677610e+01
1.184559157130614437e+02 5.290192415467313225e+01
1.184604526894187586e+02 5.292315860468114153e+01
1.184649896657760735e+02 5.295137818172384669e+01
1.184695266421333883e+02 5.300620845778436774e+01
1.184740636184907032e+02 5.301927695117328909e+01
1.184786005948480181e+02 5.304925371880619878e+01
1.184831375712053330e+02 5.307516770499486114e+01
1.184876745475626336e+02 5.308920032054052740e+01
1.184922115239199485e+02 5.312003028262697768e+01
1.184967485002772634e+02 5.315812510623622700e+01
1.185012854766345782e+02 5.316594963834052834e+01
1.185058224529918789e+02 5.320810434295007241e+01
1.185103594293491938e+02 5.324130382691764396e+01
1.185148964057065086e+02 5.324767783335910565e+01
1.185194333820638235e+02 5.326934615344655555e+01
1.185239703584211384e+02 5.328602976085961984e+01
1.185285073347784532e+02 5.331349759738493077e+01
1.185330443111357539e+02 5.335031279943350313e+01
1.185375812874930688e+02 5.339905363485921441e+01
1.185421182638503836e+02 5.339332800357778552e+01
1.185466552402076985e+02 5.340979163670139229e+01
1.185511922165649992e+02 5.341471530521152999e+01
1.185557291929223140e+02 5.342906623086097539e+01
1.185602661692796289e+02 5.345705371724307042e+01
1.185648031456369438e+02 5.347515285779959271e+01
1.185693401219942587e+02 5.350494565673327685e+01
1.185738770983515735e+02 5.351579792148611148e+01
1.185784140747088742e+02 5.355020374277059858e+01
1.185829510510661891e+02 5.357194410424720843e+01
1.185874880274235039e+02 5.359619833646134879e+01
1.185920250037808188e+02 5.362328547989811511e+01
1.185965619801381195e+02 5.365217893027414675e+01
1.186010989564954343e+02 5.367858434475920859e+01
1.186056359328527492e+02 5.371579357622351836e+01
1.186101729092100641e+02 5.373542999210069127e+01
1.186147098855673789e+02 5.375911425157382695e+01
1.186192468619246938e+02 5.376613055400272145e+01
1.186237838382820087e+02 5.376533360751758295e+01
1.186283208146393093e+02 5.377150501287601969e+01
1.186328577909966242e+02 5.379699587296882157e+01
1.186373947673539391e+02 5.384619001246282721e+01
1.186419317437112397e+02 5.387446892425015932e+01
1.186464687200685546e+02 5.393036026851865472e+01
1.186510056964258695e+02 5.393438012337728793e+01
1.186555426727831843e+02 5.395852023086478511e+01
1.186600796491404992e+02 5.398587826613001539e+01
1.186646166254978141e+02 5.401769316531958509e+01
1.186691536018551290e+02 5.407403733156022696e+01
1.186736905782124296e+02 5.409874545072860030e+01
1.186782275545697445e+02 5.412126243937849068e+01
1.186827645309270594e+02 5.414799225844308239e+01
1.186873015072843742e+02 5.419198346246549391e+01
1.186918384836416749e+02 5.421850806192536965e+01
1.186963754599989898e+02 5.421217857353649094e+01
1.187009124363563046e+02 5.422003839861341845e+01
1.187054494127136195e+02 5.424938638492321274e+01
1.187099863890709344e+02 5.426934046579795279e+01
1.187145233654282492e+02 5.429805751825205817e+01
1.187190603417855499e+02 5.432028603506793019e+01
1.187235973181428648e+02 5.434490379503026958e+01
1.187281342945001796e+02 5.436834633313797838e+01
1.187326712708574945e+02 5.439989584483437568e+01
1.187372082472147952e+02 5.441622433148604898e+01
1.187417452235721100e+02 5.445737311254989521e+01
1.187462821999294249e+02 5.446215960057939753e+01
1.187508191762867398e+02 5.444843355405292584e+01
1.187553561526440546e+02 5.445227237413161703e+01
1.187598931290013695e+02 5.444540022087703335e+01
1.187644301053586702e+02 5.447667186949333029e+01
1.187689670817159850e+02 5.450889268901659079e+01
1.187735040580732999e+02 5.453047046844255874e+01
1.187780410344306148e+02 5.455695845729352556e+01
1.187825780107879154e+02 5.460699662015932176e+01
1.187871149871452303e+02 5.460406354832603881e+01
1.187916519635025452e+02 5.462025803097665744e+01
1.187961889398598601e+02 5.464914643764637958e+01
1.188007259162171749e+02 5.468055853759539531e+01
1.188052628925744898e+02 5.470253777115501492e+01
1.188097998689318047e+02 5.473886742481800383e+01
1.188143368452891053e+02 5.475369670101876096e+01
1.188188738216464202e+02 5.477214015122701340e+01
1.188234107980037351e+02 5.479064661294748362e+01
1.188279477743610357e+02 5.479222695254497921e+01
1.188324847507183506e+02 5.480486999871312292e+01
1.188370217270756655e+02 5.478496338521632936e+01
1.188415587034329803e+02 5.480305520686138721e+01
1.188460956797902952e+02 5.482637771805136850e+01
1.188506326561476101e+02 5.484698429398786601e+01
1.188551696325049249e+02 5.486712034982926411e+01
1.188597066088622256e+02 5.487249123518472516e+01
1.188642435852195405e+02 5.490372473950261423e+01
1.188687805615768553e+02 5.491728523945629803e+01
1.188733175379341702e+02 5.493906341067971510e+01
1.188778545142914709e+02 5.499391827571709968e+01
1.188823914906487857e+02 5.501961807993280473e+01
1.188869284670061006e+02 5.504009448214860356e+01
1.188914654433634155e+02 5.504672534015808338e+01
1.188960024197207304e+02 5.506301244112430737e+01
1.189005393960780452e+02 5.507719114039646513e+01
1.189050763724353459e+02 5.512564859531018158e+01
1.189096133487926608e+02 5.515546995730115043e+01
1.189141503251499756e+02 5.519736889191059248e+01
1.189186873015072905e+02 5.524787553022886755e+01
1.189232242778645912e+02 5.527009804496928780e+01
1.189277612542219060e+02 5.530904512961658526e+01
1.189322982305792209e+02 5.531486372339178814e+01
1.189368352069365358e+02 5.537865923842485927e+01
1.189413721832938506e+02 5.538807246922223726e+01
1.189459091596511655e+02 5.540623284338506238e+01
1.189504461360084662e+02 5.545832222328969863e+01
1.189549831123657810e+02 5.548771099463279910e+01
1.189595200887230959e+02 5.552288232807350710e+01
1.189640570650804108e+02 5.554567395390039053e+01
1.189685940414377114e+02 5.558659895129698469e+01
1.189731310177950263e+02 5.562413185912985369e+01
1.189776679941523412e+02 5.564892624099014995e+01
1.189822049705096561e+02 5.566277178708465101e+01
1.189867419468669709e+02 5.569209740079273985e+01
1.189912789232242858e+02 5.569029160727729533e+01
1.189958158995815865e+02 5.571115295260096190e+01
1.190003528759389013e+02 5.571510329351645652e+01
1.190048898522962162e+02 5.572302959729645977e+01
1.190094268286535311e+02 5.575553089795845096e+01
1.190139638050108317e+02 5.578700520841286448e+01
1.190185007813681466e+02 5.582051146472528558e+01
1.190230377577254615e+02 5.583841841121316918e+01
1.190275747340827763e+02 5.586715314261913079e+01
1.190321117104400912e+02 5.589550070609224974e+01
1.190366486867974061e+02 5.590944588151230477e+01
1.190411856631547209e+02 5.598677019555841383e+01
1.190457226395120216e+02 5.602558558583415049e+01
1.190502596158693365e+02 5.607074042296795824e+01
1.190547965922266513e+02 5.610618287532731330e+01
1.190593335685839662e+02 5.610812872284390096e+01
1.190638705449412669e+02 5.610765635524520434e+01
1.190684075212985817e+02 5.613084939720171462e+01
1.190729444976558966e+02 5.615695219430021723e+01
1.190774814740132115e+02 5.619226900970294025e+01
1.190820184503705264e+02 5.622122745956967549e+01
1.190865554267278412e+02 5.622287297126106154e+01
1.190910924030851419e+02 5.623217800555570989e+01
1.190956293794424568e+02 5.623979188386734052e+01
1.191001663557997716e+02 5.624509495820765181e+01
1.191047033321570865e+02 5.628497922271604637e+01
1.191092403085143872e+02 5.627671935357806632e+01
1.191137772848717020e+02 5.629792728076836283e+01
1.191183142612290169e+02 5.631678039843165351e+01
1.191228512375863318e+02 5.632210655639225649e+01
1.191273882139436466e+02 5.635133448354783070e+01
1.191319251903009615e+02 5.637693996780660655e+01
1.191364621666582622e+02 5.639276835264047349e+01
1.191409991430155770e+02 5.639478667551367153e+01
1.191455361193728919e+02 5.640680192197061160e+01
1.191500730957302068e+02 5.643655825022956662e+01
1.191546100720875074e+02 5.645744534821180594e+01
1.191591470484448223e+02 5.646179034559527565e+01
1.191636840248021372e+02 5.647517376606327844e+01
1.191682210011594520e+02 5.649755922975208478e+01
1.191727579775167669e+02 5.651792514934624734e+01
1.191772949538740818e+02 5.656593999520133309e+01
1.191818319302313824e+02 5.660490162689080762e+01
1.191863689065886973e+02 5.666174725381465294e+01
1.191909058829460122e+02 5.667704042694467859e+01
1.191954428593033271e+02 5.669159143751317487e+01
1.191999798356606277e+02 5.669566920836339108e+01
1.192045168120179426e+02 5.670391038727231603e+01
1.192090537883752575e+02 5.672559692759293171e+01
1.192135907647325723e+02 5.673100318895639305e+01
1.192181277410898872e+02 5.679894495573850577e+01
1.192226647174472021e+02 5.680677421322766918e+01
1.192272016938045169e+02 5.682648714705638326e+01
1.192317386701618176e+02 5.681334923238538437e+01
1.192362756465191325e+02 5.680204868217908398e+01
1.192408126228764473e+02 5.684243595659062720e+01
1.192453495992337480e+02 5.685007880600001329e+01
1.192498865755910629e+02 5.689189476183850047e+01
1.192544235519483777e+02 5.694126599877031225e+01
1.192589605283056926e+02 5.695924608431452896e+01
1.192634975046630075e+02 5.698572973752358450e+01
1.192680344810203223e+02 5.700170817258386791e+01
1.192725714573776372e+02 5.700166074922783821e+01
1.192771084337349379e+02 5.700939218811509335e+01
1.192816454100922527e+02 5.702021839520315893e+01
1.192861823864495676e+02 5.705630572631503838e+01
1.192907193628068825e+02 5.708489445367021631e+01
1.192952563391641831e+02 5.710802485817209373e+01
1.192997933155214980e+02 5.713643649302947836e+01
1.193043302918788129e+02 5.713973755477545780e+01
1.193088672682361278e+02 5.715451969057892967e+01
1.193134042445934426e+02 5.717814176214915278e+01
1.193179412209507575e+02 5.718699094182251486e+01
1.193224781973080582e+02 5.718991089202153688e+01
1.193270151736653730e+02 5.720723151152166963e+01
1.193315521500226879e+02 5.721802050252114924e+01
1.193360891263800028e+02 5.722419983395272425e+01
1.193406261027373034e+02 5.721318722692677028e+01
1.193451630790946183e+02 5.723089009974045638e+01
1.193497000554519332e+02 5.726777552503176594e+01
1.193542370318092480e+02 5.729874087902737045e+01
1.193587740081665629e+02 5.737280792312428446e+01
1.193633109845238778e+02 5.740701053916018282e+01
1.193678479608811784e+02 5.745698513370160043e+01
1.193723849372384933e+02 5.748946092907571881e+01
1.193769219135958082e+02 5.748374858800983844e+01
1.193814588899531230e+02 5.749090674206406959e+01
1.193859958663104237e+02 5.752382779707352967e+01
1.193905328426677386e+02 5.754296278297043443e+01
1.193950698190250534e+02 5.759303541514260161e+01
1.193996067953823683e+02 5.761198902426003343e+01
1.194041437717396832e+02 5.761937131852499050e+01
1.194086807480969981e+02 5.760954827504139075e+01
1.194132177244543129e+02 5.761255677748219028e+01
1.194177547008116136e+02 5.763265512326147899e+01
1.194222916771689285e+02 5.767892154206831634e+01
1.194268286535262433e+02 5.770184389260941771e+01
1.194313656298835440e+02 5.774087457900674991e+01
1.194359026062408589e+02 5.775488428312808509e+01
1.194404395825981737e+02 5.773171460833273017e+01
1.194449765589554886e+02 5.773472376025147668e+01
1.194495135353128035e+02 5.773892434030842225e+01
1.194540505116701183e+02 5.774808552811596485e+01
1.194585874880274332e+02 5.774497069113854053e+01
1.194631244643847339e+02 5.775811848798488768e+01
1.194676614407420487e+02 5.775570195400725027e+01
1.194721984170993636e+02 5.776607831152488615e+01
1.194767353934566785e+02 5.776340415468163059e+01
1.194812723698139791e+02 5.774999836710688328e+01
1.194858093461712940e+02 5.775037776714588489e+01
1.194903463225286089e+02 5.775345521128429738e+01
1.194948832988859238e+02 5.774207397834194921e+01
1.194994202752432386e+02 5.776552594222468429e+01
1.195039572516005535e+02 5.778992602561568503e+01
1.195084942279578542e+02 5.779545967387037564e+01
1.195130312043151690e+02 5.780279239580856654e+01
1.195175681806724839e+02 5.781760525369490011e+01
1.195221051570297988e+02 5.780183250045921284e+01
1.195266421333870994e+02 5.780906669957866484e+01
1.195311791097444143e+02 5.782869625174372885e+01
1.195357160861017292e+02 5.783598469102253858e+01
1.195402530624590440e+02 5.785087976042937896e+01
1.195447900388163589e+02 5.786139718783687158e+01
1.195493270151736738e+02 5.788733860123514319e+01
1.195538639915309744e+02 5.789853151069039683e+01
1.195584009678882893e+02 5.789983625064955675e+01
1.195629379442456042e+02 5.792022164539594087e+01
1.195674749206029190e+02 5.792517149778608143e+01
1.195720118969602197e+02 5.795987317146153828e+01
1.195765488733175346e+02 5.798492872796993680e+01
1.195810858496748494e+02 5.800164769094128303e+01
1.195856228260321643e+02 5.798514036089370194e+01
1.195901598023894792e+02 5.801407528117979950e+01
1.195946967787467941e+02 5.803068426505620891e+01
1.195992337551041089e+02 5.803678178210030580e+01
1.196037707314614096e+02 5.804107040428326769e+01
1.196083077078187245e+02 5.802743199101696803e+01
1.196128446841760393e+02 5.802174228249486987e+01
1.196173816605333400e+02 5.800041571356203463e+01
1.196219186368906549e+02 5.801804452772945808e+01
1.196264556132479697e+02 5.803251130021106974e+01
1.196309925896052846e+02 5.805105428466418971e+01
1.196355295659625995e+02 5.809601586556406971e+01
1.196400665423199143e+02 5.814617066270209733e+01
1.196446035186772292e+02 5.821638931721214760e+01
1.196491404950345299e+02 5.824284746575809635e+01
1.196536774713918447e+02 5.829120848092633622e+01
1.196582144477491596e+02 5.829551018627717696e+01
1.196627514241064745e+02 5.831258404106535664e+01
1.196672884004637751e+02 5.832461887934066880e+01
1.196718253768210900e+02 5.832367735624883665e+01
1.196763623531784049e+02 5.835774362935003268e+01
1.196808993295357197e+02 5.836258659185984499e+01
1.196854363058930346e+02 5.838186044382863571e+01
1.196899732822503495e+02 5.838578468778752040e+01
1.196945102586076501e+02 5.838334417197143011e+01
1.196990472349649650e+02 5.840475763719040714e+01
1.197035842113222799e+02 5.844658201164831723e+01
1.197081211876795948e+02 5.845949655128784883e+01
1.197126581640368954e+02 5.848479468409995263e+01
1.197171951403942103e+02 5.847956324098317538e+01
1.197217321167515252e+02 5.845696137776219814e+01
1.197262690931088400e+02 5.849493695943414195e+01
1.197308060694661549e+02 5.852354199115473676e+01
1.197353430458234698e+02 5.855634092739008167e+01
1.197398800221807704e+02 5.856194690086362442e+01
1.197444169985380853e+02 5.858055398388893309e+01
1.197489539748954002e+02 5.859087165806268160e+01
1.197534909512527150e+02 5.858661779217603538e+01
1.197580279276100157e+02 5.859265661939921443e+01
1.197625649039673306e+02 5.862331830798795806e+01
1.197671018803246454e+02 5.863099032557502710e+01
1.197716388566819603e+02 5.867567940182271968e+01
1.197761758330392752e+02 5.870979480626154867e+01
1.197807128093965900e+02 5.872966515334751847e+01
1.197852497857538907e+02 5.873340223946983940e+01
1.197897867621112056e+02 5.874590970909372345e+01
1.197943237384685204e+02 5.876972881144370575e+01
1.197988607148258353e+02 5.878498884026437565e+01
1.198033976911831360e+02 5.879228195419992886e+01
1.198079346675404508e+02 5.880627931618706583e+01
1.198124716438977657e+02 5.880692992476981118e+01
1.198170086202550806e+02 5.882165696407111710e+01
1.198215455966123955e+02 5.881553576741836764e+01
1.198260825729697103e+02 5.882874376827573570e+01
1.198306195493270252e+02 5.883453936248368166e+01
1.198351565256843259e+02 5.883284671045730363e+01
1.198396935020416407e+02 5.883214224188729702e+01
1.198442304783989556e+02 5.883889090760374785e+01
1.198487674547562705e+02 5.884994191147250575e+01
1.198533044311135711e+02 5.887309852649851649e+01
1.198578414074708860e+02 5.888723206808103328e+01
1.198623783838282009e+02 5.887991037988916787e+01
1.198669153601855157e+02 5.889712697680585762e+01
1.198714523365428306e+02 5.891062722848975852e+01
1.198759893129001455e+02 5.893865305690835754e+01
1.198805262892574461e+02 5.894384624339186018e+01
1.198850632656147610e+02 5.895328635138700690e+01
1.198896002419720759e+02 5.897956726974818764e+01
1.198941372183293907e+02 5.899581793299021371e+01
1.198986741946866914e+02 5.900763921949120316e+01
1.199032111710440063e+02 5.901202655208300740e+01
1.199077481474013211e+02 5.903506796976956394e+01
1.199122851237586360e+02 5.906000837615607679e+01
1.199168221001159509e+02 5.908170024598064174e+01
1.199213590764732658e+02 5.908136303479954421e+01
1.199258960528305664e+02 5.908945500988178168e+01
1.199304330291878813e+02 5.907462781477912017e+01
1.199349700055451962e+02 5.907918431507035706e+01
1.199395069819025110e+02 5.907848318581162772e+01
1.199440439582598117e+02 5.909815794435090197e+01
1.199485809346171266e+02 5.911326385767856095e+01
1.199531179109744414e+02 5.910246871545551528e+01
1.199576548873317563e+02 5.908438080195059428e+01
1.199621918636890712e+02 5.908313323241754489e+01
1.199667288400463860e+02 5.907625195904242332e+01
1.199712658164036867e+02 5.908671851644434980e+01
1.199758027927610016e+02 5.909028257415884866e+01
1.199803397691183164e+02 5.909572279752632085e+01
1.199848767454756313e+02 5.908862618888127116e+01
1.199894137218329320e+02 5.910234030270411409e+01
1.199939506981902468e+02 5.909619116870675271e+01
1.199984876745475617e+02 5.909337316168801379e+01
1.200030246509048766e+02 5.910608660700385286e+01
1.200075616272621915e+02 5.911305755354128877e+01
1.200120986036195063e+02 5.913111271883049369e+01
1.200166355799768212e+02 5.915699251663346558e+01
1.200211725563341219e+02 5.919485279976891690e+01
1.200257095326914367e+02 5.922899275953412257e+01
1.200302465090487516e+02 5.923319319007526218e+01
1.200347834854060665e+02 5.926453413281210914e+01
1.200393204617633671e+02 5.929607826961851202e+01
1.200438574381206820e+02 5.931346589987834506e+01
1.200483944144779969e+02 5.930958077683908414e+01
1.200529313908353117e+02 5.932683912707828711e+01
1.200574683671926266e+02 5.934054318465738476e+01
1.200620053435499415e+02 5.934608150016507722e+01
1.200665423199072421e+02 5.936053408601419079e+01
1.200710792962645570e+02 5.936026809462154574e+01
1.200756162726218719e+02 5.934319190359318696e+01
1.200801532489791867e+02 5.934055803524774575e+01
1.200846902253364874e+02 5.935315849987051706e+01
1.200892272016938023e+02 5.937346820640878775e+01
1.200937641780511171e+02 5.940100388995327307e+01
1.200983011544084320e+02 5.940448841788496281e+01
1.201028381307657469e+02 5.938766266014501127e+01
1.201073751071230618e+02 5.940900016150438034e+01
1.201119120834803624e+02 5.942206154877569446e+01
1.201164490598376773e+02 5.941951834542943800e+01
1.201209860361949922e+02 5.944075478679910418e+01
1.201255230125523070e+02 5.943888879395184688e+01
1.201300599889096077e+02 5.941146396104743133e+01
1.201345969652669226e+02 5.938902532698600112e+01
1.201391339416242374e+02 5.937757435054823674e+01
1.201436709179815523e+02 5.940575983190079512e+01
1.201482078943388672e+02 5.941955676307073730e+01
1.201527448706961820e+02 5.942137059415052391e+01
1.201572818470534827e+02 5.943686737043843493e+01
1.201618188234107976e+02 5.942452723393421365e+01
1.201663557997681124e+02 5.941290400070869282e+01
1.201708927761254273e+02 5.943338066658218111e+01
1.201754297524827280e+02 5.945934374579904613e+01
1.201799667288400428e+02 5.947755442244309165e+01
1.201845037051973577e+02 5.948334559398649901e+01
1.201890406815546726e+02 5.950457964265888222e+01
1.201935776579119874e+02 5.949358179529865254e+01
1.201981146342693023e+02 5.951689318338484469e+01
1.202026516106266172e+02 5.952845817020241270e+01
1.202071885869839178e+02 5.954755300289485120e+01
1.202117255633412327e+02 5.955364246760453284e+01
1.202162625396985476e+02 5.956959249220066965e+01
1.202207995160558482e+02 5.959825732651828645e+01
1.202253364924131631e+02 5.962581841233337343e+01
1.202298734687704780e+02 5.961750154811459623e+01
1.202344104451277929e+02 5.965473504713394703e+01
1.202389474214851077e+02 5.965135881619345781e+01
1.202434843978424226e+02 5.964501918719556528e+01
1.202480213741997375e+02 5.965714501168780259e+01
1.202525583505570381e+02 5.967315193901633563e+01
1.202570953269143530e+02 5.969436687350581394e+01
1.202616323032716679e+02 5.971581043676473399e+01
1.202661692796289827e+02 5.971926188684584247e+01
1.202707062559862834e+02 5.972268693577587584e+01
1.202752432323435983e+02 5.974690182849770537e+01
1.202797802087009131e+02 5.975501463420466308e+01
1.202843171850582280e+02 5.975008595239183506e+01
1.202888541614155429e+02 5.976144661062287611e+01
1.202933911377728577e+02 5.977623197573118574e+01
1.202979281141301584e+02 5.979082403373756449e+01
1.203024650904874733e+02 5.980762369252310862e+01
1.203070020668447881e+02 5.981207281389453101e+01
1.203115390432021030e+02 5.979738407826729940e+01
1.203160760195594037e+02 5.979660119147399655e+01
1.203206129959167185e+02 5.981462566390628410e+01
1.203251499722740334e+02 5.982344663098093918e+01
1.203296869486313483e+02 5.981379862848376661e+01
1.203342239249886632e+02 5.983680418250749966e+01
1.203387609013459780e+02 5.983264453175391395e+01
1.203432978777032787e+02 5.985346919454538295e+01
1.203478348540605936e+02 5.987527509570213624e+01
1.203523718304179084e+02 5.989553968569776288e+01
1.203569088067752233e+02 5.990066757062126612e+01
1.203614457831325240e+02 5.992009378967511424e+01
1.203659827594898388e+02 5.994129203501488234e+01
1.203705197358471537e+02 5.998808699216780838e+01
1.203750567122044686e+02 6.002519950494224332e+01
1.203795936885617834e+02 6.005880884313432944e+01
1.203841306649190983e+02 6.006948911299895144e+01
1.203886676412764132e+02 6.005775986361423691e+01
1.203932046176337138e+02 6.007401599919541724e+01
1.203977415939910287e+02 6.004916660260200700e+01
1.204022785703483436e+02 6.005302413717974730e+01
1.204068155467056442e+02 6.003353304410006075e+01
1.204113525230629591e+02 6.008308159680032645e+01
1.204158894994202740e+02 6.011621853664873782e+01
1.204204264757775888e+02 6.015053929060790949e+01
1.204249634521349037e+02 6.015961986575324261e+01
1.204295004284922186e+02 6.018176662183457637e+01
1.204340374048495335e+02 6.018386256396227907e+01
1.204385743812068341e+02 6.017874904558198779e+01
1.204431113575641490e+02 6.020941534522703620e+01
1.204476483339214639e+02 6.019750149778128900e+01
1.204521853102787787e+02 6.022862009288193264e+01
1.204567222866360794e+02 6.024898775596156497e+01
1.204612592629933943e+02 6.027922613143234543e+01
1.204657962393507091e+02 6.031215875300885898e+01
1.204703332157080240e+02 6.035282071970115680e+01
1.204748701920653389e+02 6.038626556361364095e+01
1.204794071684226537e+02 6.038761414148598305e+01
1.204839441447799544e+02 6.040938579411344733e+01
1.204884811211372693e+02 6.044324329881862212e+01
1.204930180974945841e+02 6.046533124720392038e+01
1.204975550738518990e+02 6.046839984576028826e+01
1.205020920502091997e+02 6.047989627062443674e+01
1.205066290265665145e+02 6.045669273471780514e+01
1.205111660029238294e+02 6.045176764321904272e+01
1.205157029792811443e+02 6.045616500032917173e+01
1.205202399556384592e+02 6.047176438226189532e+01
1.205247769319957740e+02 6.048040831474234125e+01
1.205293139083530747e+02 6.048511520599367941e+01
1.205338508847103896e+02 6.050402001484395242e+01
1.205383878610677044e+02 6.051253589396820587e+01
1.205429248374250193e+02 6.048418357962319192e+01
1.205474618137823200e+02 6.050087078982154054e+01
1.205519987901396348e+02 6.047945423102835605e+01
1.205565357664969497e+02 6.046776622109577204e+01
1.205610727428542646e+02 6.046861521515582893e+01
1.205656097192115794e+02 6.049337235703534077e+01
1.205701466955688943e+02 6.050505063102536241e+01
1.205746836719262092e+02 6.051341065792457385e+01
1.205792206482835098e+02 6.054028774167296234e+01
1.205837576246408247e+02 6.055040057598709780e+01
1.205882946009981396e+02 6.057254935516428418e+01
1.205928315773554402e+02 6.056150090246424611e+01
1.205973685537127551e+02 6.058077320550329858e+01
1.206019055300700700e+02 6.058043151331472131e+01
1.206064425064273848e+02 6.058514044462635439e+01
1.206109794827846997e+02 6.061455887116620289e+01
1.206155164591420146e+02 6.061133384768037047e+01
1.206200534354993295e+02 6.064349685344812713e+01
1.206245904118566301e+02 6.065974333583304201e+01
1.206291273882139450e+02 6.067427751610593134e+01
1.206336643645712599e+02 6.069359439602486361e+01
1.206382013409285747e+02 6.072508133908915795e+01
1.206427383172858754e+02 6.072019036420931570e+01
1.206472752936431903e+02 6.073716823946551813e+01
1.206518122700005051e+02 6.074744367749266871e+01
1.206563492463578200e+02 6.077834986492131009e+01
1.206608862227151349e+02 6.080293671783044829e+01
1.206654231990724497e+02 6.081684532985104852e+01
1.206699601754297504e+02 6.082868556911120805e+01
1.206744971517870653e+02 6.082460804178406022e+01
1.206790341281443801e+02 6.086225319669001976e+01
1.206835711045016950e+02 6.089471282248824480e+01
1.206881080808589957e+02 6.091663338719015997e+01
1.206926450572163105e+02 6.094013511425404062e+01
1.206971820335736254e+02 6.096510418323412495e+01
1.207017190099309403e+02 6.096880825600185716e+01
1.207062559862882551e+02 6.097869910480132205e+01
1.207107929626455700e+02 6.102627572806351708e+01
1.207153299390028707e+02 6.104502971900402741e+01
1.207198669153601855e+02 6.106168730581153881e+01
1.207244038917175004e+02 6.110774658312045204e+01
1.207289408680748153e+02 6.110837969677023551e+01
1.207334778444321159e+02 6.110888955517720689e+01
1.207380148207894308e+02 6.114921565555911087e+01
1.207425517971467457e+02 6.117067527739072830e+01
1.207470887735040606e+02 6.118906625906073060e+01
1.207516257498613754e+02 6.122226911839926800e+01
1.207561627262186903e+02 6.124271697116815716e+01
1.207606997025759910e+02 6.124499370599179571e+01
1.207652366789333058e+02 6.124413020671540409e+01
1.207697736552906207e+02 6.126874369215968841e+01
1.207743106316479356e+02 6.129639700229085975e+01
1.207788476080052362e+02 6.131657873145309168e+01
1.207833845843625511e+02 6.134476278858514320e+01
1.207879215607198660e+02 6.135923745939410878e+01
1.207924585370771808e+02 6.138322772399202165e+01
1.207969955134344957e+02 6.139574356081580220e+01
1.208015324897918106e+02 6.139980388214657125e+01
1.208060694661491254e+02 6.140041573717938661e+01
1.208106064425064261e+02 6.141577807332307515e+01
1.208151434188637410e+02 6.143941810458051123e+01
1.208196803952210558e+02 6.145584256300966786e+01
1.208242173715783707e+02 6.147951142226789045e+01
1.208287543479356714e+02 6.148285849518816804e+01
1.208332913242929862e+02 6.154376605732495165e+01
1.208378283006503011e+02 6.154350869361177701e+01
1.208423652770076160e+02 6.156469653571048894e+01
1.208469022533649309e+02 6.157629803933760826e+01
1.208514392297222457e+02 6.160727861160240337e+01
1.208559762060795464e+02 6.162384985161374829e+01
1.208605131824368613e+02 6.164730872657005989e+01
1.208650501587941761e+02 6.166124463794894695e+01
1.208695871351514910e+02 6.167674956575800138e+01
1.208741241115087917e+02 6.168716276017146782e+01
1.208786610878661065e+02 6.168735785367204727e+01
1.208831980642234214e+02 6.172038105724818280e+01
1.208877350405807363e+02 6.173508529391175159e+01
1.208922720169380511e+02 6.177047072531532024e+01
1.208968089932953660e+02 6.174755589398502309e+01
1.209013459696526667e+02 6.177830171387942215e+01
1.209058829460099815e+02 6.179165926756148508e+01
1.209104199223672964e+02 6.180659398847116393e+01
1.209149568987246113e+02 6.178644578067934390e+01
1.209194938750819119e+02 6.178883047403392226e+01
1.209240308514392268e+02 6.181005817983212580e+01
1.209285678277965417e+02 6.179352915845651495e+01
1.209331048041538565e+02 6.181243783179882456e+01
1.209376417805111714e+02 6.181759987890370667e+01
1.209421787568684863e+02 6.182593334597805779e+01
1.209467157332257869e+02 6.182918884952081129e+01
1.209512527095831018e+02 6.185436804889006623e+01
1.209557896859404167e+02 6.188136579339714416e+01
1.209603266622977316e+02 6.189521244669892752e+01
1.209648636386550322e+02 6.193144702159367654e+01
1.209694006150123471e+02 6.198164466246024773e+01
1.209739375913696620e+02 6.198354421759440669e+01
1.209784745677269768e+02 6.196966214632526970e+01
1.209830115440842917e+02 6.198143944487515711e+01
1.209875485204416066e+02 6.194926748756832779e+01
1.209920854967989214e+02 6.197202803562612416e+01
1.209966224731562221e+02 6.198247903119376900e+01
1.210011594495135370e+02 6.199969088670371065e+01
1.210056964258708518e+02 6.201363411499386302e+01
1.210102334022281525e+02 6.203929223943829641e+01
1.210147703785854674e+02 6.206870419086096291e+01
1.210193073549427822e+02 6.208948152239530316e+01
1.210238443313000971e+02 6.210964061713486473e+01
1.210283813076574120e+02 6.213236521389066525e+01
1.210329182840147269e+02 6.213158651260764742e+01
1.210374552603720417e+02 6.212182182375263295e+01
1.210419922367293424e+02 6.216705385236307535e+01
1.210465292130866573e+02 6.219817745929763930e+01
1.210510661894439721e+02 6.221233467064724465e+01
1.210556031658012870e+02 6.226051650649118585e+01
1.210601401421585877e+02 6.227249609694865029e+01
1.210646771185159025e+02 6.229274026330850944e+01
1.210692140948732174e+02 6.231395749747731116e+01
1.210737510712305323e+02 6.233228222717488620e+01
1.210782880475878471e+02 6.233403051785316507e+01
1.210828250239451620e+02 6.233076484504534420e+01
1.210873620003024627e+02 6.233196922729884903e+01
1.210918989766597775e+02 6.234962252524672266e+01
1.210964359530170924e+02 6.237641083140847087e+01
1.211009729293744073e+02 6.239355560884501273e+01
1.211055099057317079e+02 6.241701643954063883e+01
1.211100468820890228e+02 6.240156950165341954e+01
1.211145838584463377e+02 6.241246366361373532e+01
1.211191208348036525e+02 6.243811308877333488e+01
1.211236578111609674e+02 6.245466851760594551e+01
1.211281947875182823e+02 6.248829427667914871e+01
1.211327317638755829e+02 6.249433937458942978e+01
1.211372687402328978e+02 6.250511552536590898e+01
1.211418057165902127e+02 6.252566970241446143e+01
1.211463426929475276e+02 6.255078069146144060e+01
1.211508796693048282e+02 6.254306422929932552e+01
1.211554166456621431e+02 6.256904846186522207e+01
1.211599536220194580e+02 6.259087920126415128e+01
1.211644905983767728e+02 6.258827935794893449e+01
1.211690275747340877e+02 6.261233682711525006e+01
1.211735645510914026e+02 6.261060561177211525e+01
1.211781015274487174e+02 6.263239866859176885e+01
1.211826385038060181e+02 6.263866260375434081e+01
1.211871754801633330e+02 6.265250911833472713e+01
1.211917124565206478e+02 6.266685421093646369e+01
1.211962494328779485e+02 6.269540551228971026e+01
1.212007864092352634e+02 6.272157748575730096e+01
1.212053233855925782e+02 6.272426111782854719e+01
1.212098603619498931e+02 6.274792097843511129e+01
1.212143973383072080e+02 6.274868633720359412e+01
1.212189343146645228e+02 6.276499369735342526e+01
1.212234712910218377e+02 6.277633578479453291e+01
1.212280082673791384e+02 6.282550477867773253e+01
1.212325452437364532e+02 6.285012489472252639e+01
1.212370822200937681e+02 6.288069969485173516e+01
1.212416191964510830e+02 6.289323353613583123e+01
1.212461561728083836e+02 6.290773090284569946e+01
1.212506931491656985e+02 6.292320152928633092e+01
1.212552301255230134e+02 6.292454109077467450e+01
1.212597671018803283e+02 6.294554693167486192e+01
1.212643040782376431e+02 6.296531780055502026e+01
1.212688410545949580e+02 6.296000634085709180e+01
1.212733780309522587e+02 6.298331898873791346e+01
1.212779150073095735e+02 6.301904459985362905e+01
1.212824519836668884e+02 6.304263925282536007e+01
1.212869889600242033e+02 6.305297423605939855e+01
1.212915259363815039e+02 6.309357261111079396e+01
1.212960629127388188e+02 6.312740210453690537e+01
1.213005998890961337e+02 6.313819510833388904e+01
1.213051368654534485e+02 6.317224919803425109e+01
1.213096738418107634e+02 6.319580235071065033e+01
1.213142108181680783e+02 6.320654665620651969e+01
1.213187477945253789e+02 6.322234105129072645e+01
1.213232847708826938e+02 6.323248164568055785e+01
1.213278217472400087e+02 6.322852283438433574e+01
1.213323587235973235e+02 6.325456845688501062e+01
1.213368956999546242e+02 6.326704081001755497e+01
1.213414326763119391e+02 6.329409803143233404e+01
1.213459696526692539e+02 6.331098125206049332e+01
1.213505066290265688e+02 6.334374989761359842e+01
1.213550436053838837e+02 6.338168637112801918e+01
1.213595805817411986e+02 6.340177275876327201e+01
1.213641175580985134e+02 6.342536237583826875e+01
1.213686545344558141e+02 6.343950249758107418e+01
1.213731915108131290e+02 6.346591211772120289e+01
1.213777284871704438e+02 6.347589464760752520e+01
1.213822654635277445e+02 6.350846592647598499e+01
1.213868024398850594e+02 6.351590301236424096e+01
1.213913394162423742e+02 6.354937170089876020e+01
1.213958763925996891e+02 6.356093771280335147e+01
1.214004133689570040e+02 6.358837124400826468e+01
1.214049503453143188e+02 6.363477265224248924e+01
1.214094873216716337e+02 6.367626030816685301e+01
1.214140242980289344e+02 6.374144188928772081e+01
1.214185612743862492e+02 6.377196684405272720e+01
1.214230982507435641e+02 6.378528627416055485e+01
1.214276352271008790e+02 6.380803122177900377e+01
1.214321722034581796e+02 6.382620483533506928e+01
1.214367091798154945e+02 6.383942821910462584e+01
1.214412461561728094e+02 6.386574623363578240e+01
1.214457831325301242e+02 6.386805076458940533e+01
1.214503201088874391e+02 6.390662017432261877e+01
1.214548570852447540e+02 6.391971740512938283e+01
1.214593940616020546e+02 6.390008768299695419e+01
1.214639310379593695e+02 6.394042892699805236e+01
1.214684680143166844e+02 6.397031059229303906e+01
1.214730049906739993e+02 6.398871726866135390e+01
1.214775419670312999e+02 6.404439912432090409e+01
1.214820789433886148e+02 6.406250840636927535e+01
1.214866159197459297e+02 6.407027890930129388e+01
1.214911528961032445e+02 6.409897847436978680e+01
1.214956898724605594e+02 6.410612204820202464e+01
1.215002268488178743e+02 6.411204289297228343e+01
1.215047638251751749e+02 6.413932502663553237e+01
1.215093008015324898e+02 6.416691001288316443e+01
1.215138377778898047e+02 6.418819863891283717e+01
1.215183747542471195e+02 6.421529526969075619e+01
1.215229117306044202e+02 6.424950336556895536e+01
1.215274487069617351e+02 6.424866855803439591e+01
1.215319856833190499e+02 6.428664876991271626e+01
1.215365226596763648e+02 6.431324077172814668e+01
1.215410596360336797e+02 6.432403645765575106e+01
1.215455966123909946e+02 6.435373989938736372e+01
1.215501335887482952e+02 6.436093120749193019e+01
1.215546705651056101e+02 6.439382175512324125e+01
1.215592075414629250e+02 6.443627606549672748e+01
1.215637445178202398e+02 6.447701724883037855e+01
1.215682814941775405e+02 6.450328159154214802e+01
1.215728184705348554e+02 6.454896947983444022e+01
1.215773554468921702e+02 6.455276933370790005e+01
1.215818924232494851e+02 6.456406246785124381e+01
1.215864293996068000e+02 6.456361916724762295e+01
1.215909663759641148e+02 6.459895833092679140e+01
1.215955033523214297e+02 6.462899393242292945e+01
1.216000403286787304e+02 6.466719845055017402e+01
1.216045773050360452e+02 6.470574336483770139e+01
1.216091142813933601e+02 6.473684108647495350e+01
1.216136512577506750e+02 6.474910060567633252e+01
1.216181882341079756e+02 6.474281906446587698e+01
1.216227252104652905e+02 6.475074579734678082e+01
1.216272621868226054e+02 6.477909358177973331e+01
1.216317991631799202e+02 6.481078373804643888e+01
1.216363361395372351e+02 6.485545941727544061e+01
1.216408731158945500e+02 6.490138416626814433e+01
1.216454100922518506e+02 6.494547860092573899e+01
1.216499470686091655e+02 6.494516595422010141e+01
1.216544840449664804e+02 6.497307298867605141e+01
1.216590210213237953e+02 6.499556287576146474e+01
1.216635579976810959e+02 6.500177952547626603e+01
1.216680949740384108e+02 6.503792987251941327e+01
1.216726319503957257e+02 6.502633694764951144e+01
1.216771689267530405e+02 6.505930622081113768e+01
1.216817059031103554e+02 6.508958686874564137e+01
1.216862428794676703e+02 6.511146008666698037e+01
1.216907798558249709e+02 6.514698511910864909e+01
1.216953168321822858e+02 6.520272156525872731e+01
1.216998538085396007e+02 6.524018001679354484e+01
1.217043907848969155e+02 6.527682616602473331e+01
1.217089277612542162e+02 6.529027354935368521e+01
1.217134647376115311e+02 6.532968871931896615e+01
1.217180017139688459e+02 6.534396976978908356e+01
1.217225386903261608e+02 6.532987038096933929e+01
1.217270756666834757e+02 6.534081571788368592e+01
1.217316126430407905e+02 6.535618605374233425e+01
1.217361496193980912e+02 6.538625559570900236e+01
1.217406865957554061e+02 6.540252665056550541e+01
1.217452235721127209e+02 6.542514089869857230e+01
1.217497605484700358e+02 6.544371090565925897e+01
1.217542975248273365e+02 6.542646497262037997e+01
1.217588345011846513e+02 6.541827780007552917e+01
1.217633714775419662e+02 6.544590335160674499e+01
1.217679084538992811e+02 6.546855613478290081e+01
1.217724454302565960e+02 6.548446110431838463e+01
1.217769824066139108e+02 6.550284009837787380e+01
1.217815193829712257e+02 6.551813528333696013e+01
1.217860563593285264e+02 6.554275821358466203e+01
1.217905933356858412e+02 6.555692255775032606e+01
1.217951303120431561e+02 6.556967896742177970e+01
1.217996672884004710e+02 6.560334859487160486e+01
1.218042042647577716e+02 6.561622379409175210e+01
1.218087412411150865e+02 6.563900140897696645e+01
1.218132782174724014e+02 6.566969981903530140e+01
1.218178151938297162e+02 6.568218751272989664e+01
1.218223521701870311e+02 6.569642003958233545e+01
1.218268891465443460e+02 6.568055757968616604e+01
1.218314261229016466e+02 6.567516928355318839e+01
1.218359630992589615e+02 6.567554074454031365e+01
1.218405000756162764e+02 6.569820105458444459e+01
1.218450370519735912e+02 6.572482981903833377e+01
1.218495740283308919e+02 6.575660285342395639e+01
1.218541110046882068e+02 6.578658016082137294e+01
1.218586479810455216e+02 6.580867537178599491e+01
1.218631849574028365e+02 6.583810280690055095e+01
1.218677219337601514e+02 6.586656163880989823e+01
1.218722589101174663e+02 6.588003923958351038e+01
1.218767958864747669e+02 6.589146971502420058e+01
1.218813328628320818e+02 6.590131233215947759e+01
1.218858698391893967e+02 6.588740594199425971e+01
1.218904068155467115e+02 6.588997125559112078e+01
1.218949437919040122e+02 6.588553795280931524e+01
1.218994807682613271e+02 6.587536907386852647e+01
1.219040177446186419e+02 6.588647829145233459e+01
1.219085547209759568e+02 6.590304588654950635e+01
1.219130916973332717e+02 6.595769664140068755e+01
1.219176286736905865e+02 6.599065140370839799e+01
1.219221656500478872e+02 6.598614116161812149e+01
1.219267026264052021e+02 6.599427768387467097e+01
1.219312396027625169e+02 6.599923840150887600e+01
1.219357765791198318e+02 6.602654048786145324e+01
1.219403135554771325e+02 6.607286009917892500e+01
1.219448505318344473e+02 6.608754575783591179e+01
1.219493875081917622e+02 6.608774566378471604e+01
1.219539244845490771e+02 6.608720417761522015e+01
1.219584614609063919e+02 6.609639425564843407e+01
1.219629984372637068e+02 6.611071919570602518e+01
1.219675354136210217e+02 6.613686728242261381e+01
1.219720723899783223e+02 6.614024375034286152e+01
1.219766093663356372e+02 6.615074823220011524e+01
1.219811463426929521e+02 6.615354315129077634e+01
1.219856833190502527e+02 6.617050310372053445e+01
1.219902202954075676e+02 6.617900183948226811e+01
1.219947572717648825e+02 6.620353446854488766e+01
1.219992942481221974e+02 6.621869470601693308e+01
1.220038312244795122e+02 6.624303479210792034e+01
1.220083682008368271e+02 6.625562085436619952e+01
1.220129051771941420e+02 6.628028413368407712e+01
1.220174421535514426e+02 6.629286553284033801e+01
1.220219791299087575e+02 6.630859528899060251e+01
1.220265161062660724e+02 6.630921984442304051e+01
1.220310530826233730e+02 6.631259565946010071e+01
1.220355900589806879e+02 6.631572819066137470e+01
1.220401270353380028e+02 6.632018987299460377e+01
1.220446640116953176e+02 6.633511339537174933e+01
1.220492009880526325e+02 6.634303803200178606e+01
1.220537379644099474e+02 6.638007089831538110e+01
1.220582749407672623e+02 6.640971713445779301e+01
1.220628119171245771e+02 6.641334899827779736e+01
1.220673488934818778e+02 6.643339053478550227e+01
1.220718858698391927e+02 6.645615855065507560e+01
1.220764228461964933e+02 6.647989069014236918e+01
1.220809598225538082e+02 6.649894329701815820e+01
1.220854967989111231e+02 6.651759689807792597e+01
1.220900337752684379e+02 6.655018743263077852e+01
1.220945707516257528e+02 6.653863725027296994e+01
1.220991077279830677e+02 6.655676329158657722e+01
1.221036447043403825e+02 6.656801528432471571e+01
1.221081816806976974e+02 6.656344983511398539e+01
1.221127186570549981e+02 6.656729363424902601e+01
1.221172556334123129e+02 6.657554337674881140e+01
1.221217926097696278e+02 6.658793829650296914e+01
1.221263295861269285e+02 6.657991016235061466e+01
1.221308665624842433e+02 6.659777090669288668e+01
1.221354035388415582e+02 6.659446788681137264e+01
1.221399405151988731e+02 6.661688296326809677e+01
1.221444774915561879e+02 6.663423404684645845e+01
1.221490144679135028e+02 6.666506133542699786e+01
1.221535514442708177e+02 6.668433244971198803e+01
1.221580884206281183e+02 6.669282254553718303e+01
1.221626253969854332e+02 6.671501420831788209e+01
1.221671623733427481e+02 6.672035198236812903e+01
1.221716993497000487e+02 6.674849532611116842e+01
1.221762363260573636e+02 6.675830878725351170e+01
1.221807733024146785e+02 6.678345054914306900e+01
1.221853102787719934e+02 6.678444805531624695e+01
1.221898472551293082e+02 6.678004543284060901e+01
1.221943842314866231e+02 6.678088312768154822e+01
1.221989212078439380e+02 6.679360134197530385e+01
1.222034581842012386e+02 6.681938992728993298e+01
1.222079951605585535e+02 6.681781581353286015e+01
1.222125321369158684e+02 6.683545087454979239e+01
1.222170691132731690e+02 6.685231525557998111e+01
1.222216060896304839e+02 6.689738386075515564e+01
1.222261430659877988e+02 6.690492650081783665e+01
1.222306800423451136e+02 6.692709930026201448e+01
1.222352170187024285e+02 6.694668521967945196e+01
1.222397539950597434e+02 6.696109096177811182e+01
1.222442909714170582e+02 6.696275606910944589e+01
1.222488279477743731e+02 6.699179673790087008e+01
1.222533649241316738e+02 6.701380520452001122e+01
1.222579019004889886e+02 6.705044318290281069e+01
1.222624388768462893e+02 6.705993735605431993e+01
1.222669758532036042e+02 6.706585880146666057e+01
1.222715128295609190e+02 6.706930524844734975e+01
1.222760498059182339e+02 6.709029564747639540e+01
1.222805867822755488e+02 6.708510779884127828e+01
1.222851237586328637e+02 6.710930493903570948e+01
1.222896607349901785e+02 6.712916734772046823e+01
1.222941977113474934e+02 6.712572744885103759e+01
1.222987346877047941e+02 6.712672452612058294e+01
1.223032716640621089e+02 6.711495433236383690e+01
1.223078086404194096e+02 6.713233620570750304e+01
1.223123456167767245e+02 6.717195491495412796e+01
1.223168825931340393e+02 6.719433783074360633e+01
1.223214195694913542e+02 6.722945503840307424e+01
1.223259565458486691e+02 6.726323226751804896e+01
1.223304935222059839e+02 6.729433040694196677e+01
1.223350304985632988e+02 6.730005369421328965e+01
1.223395674749206137e+02 6.731322713777490208e+01
1.223441044512779143e+02 6.730218011172587467e+01
1.223486414276352292e+02 6.729253797616577515e+01
1.223531784039925441e+02 6.729644009244665881e+01
1.223577153803498447e+02 6.729501991358982593e+01
1.223622523567071596e+02 6.732261790126136702e+01
1.223667893330644745e+02 6.731962616075767869e+01
1.223713263094217893e+02 6.735569814703784175e+01
1.223758632857791042e+02 6.736507669099756868e+01
1.223804002621364191e+02 6.736722072115227888e+01
1.223849372384937340e+02 6.738926336958053298e+01
1.223894742148510346e+02 6.740622152648828092e+01
1.223940111912083495e+02 6.742854839198726324e+01
1.223985481675656644e+02 6.742023893646339161e+01
1.224030851439229650e+02 6.740184111455370441e+01
1.224076221202802799e+02 6.738908431894866169e+01
1.224121590966375948e+02 6.740259744451979884e+01
1.224166960729949096e+02 6.741854697026691667e+01
1.224212330493522245e+02 6.741417812890480832e+01
1.224257700257095394e+02 6.745138729999366944e+01
1.224303070020668542e+02 6.743897558619438826e+01
1.224348439784241691e+02 6.744553394813969760e+01
1.224393809547814698e+02 6.746727008617914123e+01
1.224439179311387846e+02 6.750127758610882722e+01
1.224484549074960853e+02 6.752410324865451230e+01
1.224529918838534002e+02 6.755472923954854991e+01
1.224575288602107150e+02 6.754676253782319861e+01
1.224620658365680299e+02 6.755318055489996709e+01
1.224666028129253448e+02 6.757170033539154019e+01
1.224711397892826596e+02 6.757306869581385911e+01
1.224756767656399745e+02 6.761377783598200608e+01
1.224802137419972894e+02 6.761423209560621217e+01
1.224847507183545900e+02 6.765971956062627157e+01
1.224892876947119049e+02 6.767937763703812948e+01
1.224938246710692056e+02 6.770154038452837142e+01
1.224983616474265204e+02 6.772544719058819851e+01
1.225028986237838353e+02 6.775026912042780225e+01
1.225074356001411502e+02 6.773600915857102223e+01
1.225119725764984651e+02 6.773561267258303076e+01
1.225165095528557799e+02 6.772324686202631483e+01
1.225210465292130948e+02 6.772952630106087213e+01
1.225255835055704097e+02 6.777381768259792238e+01
1.225301204819277103e+02 6.780253951728822415e+01
1.225346574582850252e+02 6.784020448758175803e+01
1.225391944346423401e+02 6.785720020110518647e+01
1.225437314109996407e+02 6.787002802283168990e+01
1.225482683873569556e+02 6.786896217703221623e+01
1.225528053637142705e+02 6.790084946070889771e+01
1.225573423400715853e+02 6.791803874891911619e+01
1.225618793164289002e+02 6.795764921886717502e+01
1.225664162927862151e+02 6.795973275392331914e+01
1.225709532691435300e+02 6.795337357645735210e+01
1.225754902455008306e+02 6.794571797815162029e+01
1.225800272218581455e+02 6.795966363806964239e+01
1.225845641982154604e+02 6.796945267822748349e+01
1.225891011745727610e+02 6.799083375567775533e+01
1.225936381509300759e+02 6.802809335724975881e+01
1.225981751272873908e+02 6.803465179988035061e+01
1.226027121036447056e+02 6.806786890811495994e+01
1.226072490800020205e+02 6.807741787362463981e+01
1.226117860563593354e+02 6.808747488468374343e+01
1.226163230327166502e+02 6.810384112111550792e+01
1.226208600090739651e+02 6.813075100901555459e+01
1.226253969854312658e+02 6.814050336432286770e+01
1.226299339617885806e+02 6.816312833029559215e+01
1.226344709381458813e+02 6.816859927023747900e+01
1.226390079145031962e+02 6.814369829766582143e+01
1.226435448908605110e+02 6.815610650924658387e+01
1.226480818672178259e+02 6.815544632183346607e+01
1.226526188435751408e+02 6.817259819222633155e+01
1.226571558199324556e+02 6.817824225089556478e+01
1.226616927962897705e+02 6.821411549968300392e+01
1.226662297726470854e+02 6.823522362978050637e+01
1.226707667490043860e+02 6.823339217520877753e+01
1.226753037253617009e+02 6.825655190030089159e+01
1.226798407017190016e+02 6.828599991605115349e+01
1.226843776780763164e+02 6.828561189315271918e+01
1.226889146544336313e+02 6.831828983002701250e+01
1.226934516307909462e+02 6.835124186994468687e+01
1.226979886071482611e+02 6.838732927444978316e+01
1.227025255835055759e+02 6.841095231453118686e+01
1.227070625598628908e+02 6.838828403018608526e+01
1.227115995362202057e+02 6.839014213851763202e+01
1.227161365125775063e+02 6.840028226975087478e+01
1.227206734889348212e+02 6.840409889505954766e+01
1.227252104652921361e+02 6.841871226419844731e+01
1.227297474416494367e+02 6.845340617931022109e+01
1.227342844180067516e+02 6.848223268336857927e+01
1.227388213943640665e+02 6.848660909440003763e+01
1.227433583707213813e+02 6.850160900738865166e+01
1.227478953470786962e+02 6.850650293800410395e+01
1.227524323234360111e+02 6.851448990031283870e+01
1.227569692997933259e+02 6.851556342856191861e+01
1.227615062761506266e+02 6.854698863033409850e+01
1.227660432525079415e+02 6.854220121013091216e+01
1.227705802288652563e+02 6.855187722151526941e+01
1.227751172052225570e+02 6.856372817295188327e+01
1.227796541815798719e+02 6.856413436796560745e+01
1.227841911579371867e+02 6.861003662944752080e+01
1.227887281342945016e+02 6.860171985951807017e+01
1.227932651106518165e+02 6.863406565111091595e+01
1.227978020870091314e+02 6.865391888871376125e+01
1.228023390633664462e+02 6.867578014798222341e+01
1.228068760397237611e+02 6.870147424080033716e+01
1.228114130160810618e+02 6.873121449601146082e+01
1.228159499924383766e+02 6.874591428919038094e+01
1.228204869687956773e+02 6.878688190947283942e+01
1.228250239451529922e+02 6.880630537040232753e+01
1.228295609215103070e+02 6.883134188126162201e+01
1.228340978978676219e+02 6.884522058737178440e+01
1.228386348742249368e+02 6.881608104108055102e+01
1.228431718505822516e+02 6.883804699666478655e+01
1.228477088269395665e+02 6.883071513115180551e+01
1.228522458032968814e+02 6.885359920082579777e+01
1.228567827796541820e+02 6.887273556574170641e+01
1.228613197560114969e+02 6.886548397951936806e+01
1.228658567323687976e+02 6.888386006304274645e+01
1.228703937087261124e+02 6.889103556355837554e+01
1.228749306850834273e+02 6.888729228607101618e+01
1.228794676614407422e+02 6.892325582620203761e+01
1.228840046377980570e+02 6.894513805178696941e+01
1.228885416141553719e+02 6.897001908805840742e+01
1.228930785905126868e+02 6.901214899078328813e+01
1.228976155668700017e+02 6.903850042914736207e+01
1.229021525432273023e+02 6.906819854186015561e+01
1.229066895195846172e+02 6.907787163395522612e+01
1.229112264959419321e+02 6.907788790968851345e+01
1.229157634722992327e+02 6.907115266934800957e+01
1.229203004486565476e+02 6.907494111100139378e+01
1.229248374250138625e+02 6.905128204738038278e+01
1.229293744013711773e+02 6.905140833266237621e+01
1.229339113777284922e+02 6.904792807599946514e+01
1.229384483540858071e+02 6.905160348820616889e+01
1.229429853304431219e+02 6.907195910998240151e+01
1.229475223068004226e+02 6.906208752664335293e+01
1.229520592831577375e+02 6.908705128571914145e+01
1.229565962595150523e+02 6.910940910613416577e+01
1.229611332358723530e+02 6.911181251386717861e+01
1.229656702122296679e+02 6.914656697227547966e+01
1.229702071885869827e+02 6.914125644557337580e+01
1.229747441649442976e+02 6.913637330426766425e+01
1.229792811413016125e+02 6.913821546194117218e+01
1.229838181176589273e+02 6.913684995219080065e+01
1.229883550940162422e+02 6.915574183672116249e+01
1.229928920703735429e+02 6.916898874485526960e+01
1.229974290467308577e+02 6.917666857884751153e+01
1.230019660230881726e+02 6.920572944232019097e+01
1.230065029994454733e+02 6.922577873830111628e+01
1.230110399758027881e+02 6.923579855244595649e+01
1.230155769521601030e+02 6.926534659511526115e+01
1.230201139285174179e+02 6.928910530198015749e+01
1.230246509048747328e+02 6.932629656443347699e+01
1.230291878812320476e+02 6.935085613451772701e+01
1.230337248575893625e+02 6.934087456128899873e+01
1.230382618339466774e+02 6.935475037914042673e+01
1.230427988103039780e+02 6.936381108629747416e+01
1.230473357866612929e+02 6.940185488778514866e+01
1.230518727630185936e+02 6.942178990115186821e+01
1.230564097393759084e+02 6.943568029060804747e+01
1.230609467157332233e+02 6.946623542920947614e+01
1.230654836920905382e+02 6.947344701137528489e+01
1.230700206684478530e+02 6.948789966001916696e+01
1.230745576448051679e+02 6.950121951384620900e+01
1.230790946211624828e+02 6.953745723964613035e+01
1.230836315975197977e+02 6.954939766540643120e+01
1.230881685738770983e+02 6.956700397531650992e+01
1.230927055502344132e+02 6.960053549885195423e+01
1.230972425265917281e+02 6.959613126000829197e+01
1.231017795029490287e+02 6.960081706056485018e+01
1.231063164793063436e+02 6.958174433171360818e+01
1.231108534556636585e+02 6.956579561818135460e+01
1.231153904320209733e+02 6.956740962219600988e+01
1.231199274083782882e+02 6.959060768443654865e+01
1.231244643847356031e+02 6.961142439762056711e+01
1.231290013610929179e+02 6.964204034734339643e+01
1.231335383374502186e+02 6.964753980932474065e+01
1.231380753138075335e+02 6.969349148276393180e+01
1.231426122901648483e+02 6.972172752581892041e+01
1.231471492665221490e+02 6.972579399378588505e+01
1.231516862428794639e+02 6.973627178951819872e+01
1.231562232192367787e+02 6.975967564637666385e+01
1.231607601955940936e+02 6.975898853205926287e+01
1.231652971719514085e+02 6.976958681497447401e+01
1.231698341483087233e+02 6.980597064848049627e+01
1.231743711246660382e+02 6.981491830973365609e+01
1.231789081010233389e+02 6.985210968738557824e+01
1.231834450773806537e+02 6.985485680465367864e+01
1.231879820537379686e+02 6.988059746682222340e+01
1.231925190300952693e+02 6.988038483255114386e+01
1.231970560064525841e+02 6.990253240831295045e+01
1.232015929828098990e+02 6.989884773843937182e+01
1.232061299591672139e+02 6.993238102003026313e+01
1.232106669355245288e+02 6.995810519022617768e+01
1.232152039118818436e+02 6.995555603326657490e+01
1.232197408882391585e+02 6.996883484185038071e+01
1.232242778645964734e+02 6.999096291912961476e+01
1.232288148409537740e+02 7.001100672999234575e+01
1.232333518173110889e+02 7.000400090942670772e+01
1.232378887936683896e+02 7.004254349066309260e+01
1.232424257700257044e+02 7.003870444608752166e+01
1.232469627463830193e+02 7.005841047098114416e+01
1.232514997227403342e+02 7.007206083848083722e+01
1.232560366990976490e+02 7.008331178526714211e+01
1.232605736754549639e+02 7.008250637345365419e+01
1.232651106518122788e+02 7.007905604655057630e+01
1.232696476281695936e+02 7.012145522501278094e+01
1.232741846045268943e+02 7.012743262285829360e+01
1.232787215808842092e+02 7.015562915610676953e+01
1.232832585572415098e+02 7.017003881961711897e+01
1.232877955335988247e+02 7.019193725027970743e+01
1.232923325099561396e+02 7.021577150381286003e+01
1.232968694863134544e+02 7.023242110379689507e+01
1.233014064626707693e+02 7.023596933958020827e+01
1.233059434390280842e+02 7.022813259548206588e+01
1.233104804153853991e+02 7.020601183793552025e+01
1.233150173917427139e+02 7.024324404666070620e+01
1.233195543681000146e+02 7.027853804377367908e+01
1.233240913444573295e+02 7.026930254904837625e+01
1.233286283208146443e+02 7.027551042620726207e+01
1.233331652971719450e+02 7.028173643652171165e+01
1.233377022735292599e+02 7.027167197161027445e+01
1.233422392498865747e+02 7.028967529859411911e+01
1.233467762262438896e+02 7.030325220332261438e+01
1.233513132026012045e+02 7.032229826157532671e+01
1.233558501789585193e+02 7.035247455874900879e+01
1.233603871553158342e+02 7.037798346841879038e+01
1.233649241316731349e+02 7.041711585899497550e+01
1.233694611080304497e+02 7.041762669783594220e+01
1.233739980843877646e+02 7.043540673663603968e+01
1.233785350607450653e+02 7.042608960134889173e+01
1.233830720371023801e+02 7.044630114147327049e+01
1.233876090134596950e+02 7.044894068775933249e+01
1.233921459898170099e+02 7.047684605313064310e+01
1.233966829661743247e+02 7.051169041345471555e+01
1.234012199425316396e+02 7.054131170933297312e+01
1.234057569188889545e+02 7.056180007272966748e+01
1.234102938952462694e+02 7.062182292112436244e+01
1.234148308716035700e+02 7.062959363482397634e+01
1.234193678479608849e+02 7.064481332686408166e+01
1.234239048243181855e+02 7.069157400562127691e+01
1.234284418006755004e+02 7.070581154100923982e+01
1.234329787770328153e+02 7.071853190794263355e+01
1.234375157533901302e+02 7.073852402043451093e+01
1.234420527297474450e+02 7.076213790044062080e+01
1.234465897061047599e+02 7.078295426474298324e+01
1.234511266824620748e+02 7.078812576638485154e+01
1.234556636588193896e+02 7.080515677416077835e+01
1.234602006351766903e+02 7.084000445210853059e+01
1.234647376115340052e+02 7.083257900975178245e+01
1.234692745878913058e+02 7.085521446239403076e+01
1.234738115642486207e+02 7.087697189059605307e+01
1.234783485406059356e+02 7.088201698052490940e+01
1.234828855169632504e+02 7.090592026115244551e+01
1.234874224933205653e+02 7.090799494187821495e+01
1.234919594696778802e+02 7.092583223824743754e+01
1.234964964460351950e+02 7.093972016335534647e+01
1.235010334223925099e+02 7.094293961866711129e+01
1.235055703987498106e+02 7.096042753604265840e+01
1.235101073751071254e+02 7.096005889845372394e+01
1.235146443514644403e+02 7.093422851612626800e+01
1.235191813278217410e+02 7.095547832552966838e+01
1.235237183041790558e+02 7.096393751232140801e+01
1.235282552805363707e+02 7.095951355990783327e+01
1.235327922568936856e+02 7.100750490104415746e+01
1.235373292332510005e+02 7.101998563604966819e+01
1.235418662096083153e+02 7.102804357966456905e+01
1.235464031859656302e+02 7.104397119228471524e+01
1.235509401623229309e+02 7.106012320277083916e+01
1.235554771386802457e+02 7.110361325666332277e+01
1.235600141150375606e+02 7.111348267642735266e+01
1.235645510913948613e+02 7.110104919657968026e+01
1.235690880677521761e+02 7.112160512484562958e+01
1.235736250441094910e+02 7.112439262743811241e+01
1.235781620204668059e+02 7.114402642604113680e+01
1.235826989968241207e+02 7.114880198063028161e+01
1.235872359731814356e+02 7.120037351760026922e+01
1.235917729495387505e+02 7.119506954782970354e+01
1.235963099258960654e+02 7.122369100304956646e+01
1.236008469022533660e+02 7.124133199467198096e+01
1.236053838786106809e+02 7.126285556057227666e+01
1.236099208549679815e+02 7.127734883392496101e+01
1.236144578313252964e+02 7.130886077867558015e+01
1.236189948076826113e+02 7.133286696813971162e+01
1.236235317840399262e+02 7.132984768537912146e+01
1.236280687603972410e+02 7.136720923683154183e+01
1.236326057367545559e+02 7.138904352798235209e+01
1.236371427131118708e+02 7.141682822842484768e+01
1.236416796894691856e+02 7.142798705269066772e+01
1.236462166658264863e+02 7.144790253408595504e+01
1.236507536421838012e+02 7.148009703851222696e+01
1.236552906185411018e+02 7.150267670607568959e+01
1.236598275948984167e+02 7.153722651850304715e+01
1.236643645712557316e+02 7.154717360838095885e+01
1.236689015476130464e+02 7.156692090124933259e+01
1.236734385239703613e+02 7.157244239860138180e+01
1.236779755003276762e+02 7.159663344742240554e+01
1.236825124766849910e+02 7.158972965439389213e+01
1.236870494530423059e+02 7.159943516617396142e+01
1.236915864293996066e+02 7.160509802687620606e+01
1.236961234057569214e+02 7.161763745821740201e+01
1.237006603821142363e+02 7.163494305001492535e+01
1.237051973584715370e+02 7.166096527689389006e+01
1.237097343348288518e+02 7.169659914271038303e+01
1.237142713111861667e+02 7.171768200228346757e+01
1.237188082875434816e+02 7.172578118197499464e+01
1.237233452639007965e+02 7.173065036449513343e+01
1.237278822402581113e+02 7.175449984665155512e+01
1.237324192166154262e+02 7.174824024922841659e+01
1.237369561929727269e+02 7.175964323402770617e+01
1.237414931693300417e+02 7.178060393627582414e+01
1.237460301456873566e+02 7.180685601000620011e+01
1.237505671220446573e+02 7.182514111217140851e+01
1.237551040984019721e+02 7.182831487024762396e+01
1.237596410747592870e+02 7.186232822536186404e+01
1.237641780511166019e+02 7.186353817069499428e+01
1.237687150274739167e+02 7.188416998666147606e+01
1.237732520038312316e+02 7.191693713781295116e+01
1.237777889801885465e+02 7.195762602977927713e+01
1.237823259565458471e+02 7.196648300085720962e+01
1.237868629329031620e+02 7.198593959994488500e+01
1.237913999092604769e+02 7.198954629343367628e+01
1.237959368856177775e+02 7.197561968190355230e+01
1.238004738619750924e+02 7.196943905957066079e+01
1.238050108383324073e+02 7.197806353320656569e+01
1.238095478146897221e+02 7.196362511759949143e+01
1.238140847910470370e+02 7.197677807783617254e+01
1.238186217674043519e+02 7.198043714935670323e+01
1.238231587437616668e+02 7.198151046112005247e+01
1.238276957201189816e+02 7.198274417119290547e+01
1.238322326964762823e+02 7.200519386203356476e+01
1.238367696728335972e+02 7.203843303263677456e+01
1.238413066491908978e+02 7.203884367062600802e+01
1.238458436255482127e+02 7.205378033733903465e+01
1.238503806019055276e+02 7.206587070604395251e+01
1.238549175782628424e+02 7.206806692737916364e+01
1.238594545546201573e+02 7.207085641572990653e+01
1.238639915309774722e+02 7.208255899000322131e+01
1.238685285073347870e+02 7.208785009529941590e+01
1.238730654836921019e+02 7.210636089504839674e+01
1.238776024600494026e+02 7.214124087185693668e+01
1.238821394364067174e+02 7.217707346259147982e+01
1.238866764127640323e+02 7.220977156132012453e+01
1.238912133891213330e+02 7.222491620960926184e+01
1.238957503654786478e+02 7.224914686995889213e+01
1.239002873418359627e+02 7.226824939792534508e+01
1.239048243181932776e+02 7.228533941112196715e+01
1.239093612945505924e+02 7.228676440530891512e+01
1.239138982709079073e+02 7.228801346014772378e+01
1.239184352472652222e+02 7.229715462971336137e+01
1.239229722236225228e+02 7.233449409496073201e+01
1.239275091999798377e+02 7.233965179024026781e+01
1.239320461763371526e+02 7.236325218228157041e+01
1.239365831526944532e+02 7.238476560697716877e+01
1.239411201290517681e+02 7.240180301935481566e+01
1.239456571054090830e+02 7.243707825425431679e+01
1.239501940817663979e+02 7.247260939185186146e+01
1.239547310581237127e+02 7.249418417887522992e+01
1.239592680344810276e+02 7.250854759279634720e+01
1.239638050108383425e+02 7.251487741141826859e+01
1.239683419871956431e+02 7.251876648494663868e+01
1.239728789635529580e+02 7.253006667571452226e+01
1.239774159399102729e+02 7.254530479943763055e+01
1.239819529162675735e+02 7.259017679401506484e+01
1.239864898926248884e+02 7.260019481368178162e+01
1.239910268689822033e+02 7.263558658260956236e+01
1.239955638453395181e+02 7.265014945416675118e+01
1.240001008216968330e+02 7.266368089713681400e+01
1.240046377980541479e+02 7.266873967192381656e+01
1.240091747744114627e+02 7.269405388842875482e+01
1.240137117507687776e+02 7.268667412299990360e+01
1.240182487271260783e+02 7.270374651933425980e+01
1.240227857034833931e+02 7.269830182155192233e+01
1.240273226798406938e+02 7.271066022398336770e+01
1.240318596561980087e+02 7.273763138928661931e+01
1.240363966325553235e+02 7.274376399961732886e+01
1.240409336089126384e+02 7.277913719500152467e+01
1.240454705852699533e+02 7.278014117873175337e+01
1.240500075616272682e+02 7.279833851548598034e+01
1.240545445379845830e+02 7.279530085554856100e+01
1.240590815143418979e+02 7.279365585362522495e+01
1.240636184906991986e+02 7.281655601062988126e+01
1.240681554670565134e+02 7.282020674575328201e+01
1.240726924434138141e+02 7.284137118885060147e+01
1.240772294197711290e+02 7.287329426271915622e+01
1.240817663961284438e+02 7.291367731556211140e+01
1.240863033724857587e+02 7.293780079132226035e+01
1.240908403488430736e+02 7.295662871220793022e+01
1.240953773252003884e+02 7.298484491537338670e+01
1.240999143015577033e+02 7.298268265427192603e+01
1.241044512779150182e+02 7.299865236593001327e+01
1.241089882542723188e+02 7.303479146588014714e+01
1.241135252306296337e+02 7.304297592774086922e+01
1.241180622069869486e+02 7.303999312082572715e+01
1.241225991833442492e+02 7.303434333465510520e+01
1.241271361597015641e+02 7.304588249562341673e+01
1.241316731360588790e+02 7.304735813282911749e+01
1.241362101124161939e+02 7.305269324924537955e+01
1.241407470887735087e+02 7.306650165975558764e+01
1.241452840651308236e+02 7.308414989375992832e+01
1.241498210414881385e+02 7.308193586746665460e+01
1.241543580178454391e+02 7.310509766424071643e+01
1.241588949942027540e+02 7.314367926235699713e+01
1.241634319705600689e+02 7.317034007368995674e+01
1.241679689469173695e+02 7.318839254957488549e+01
1.241725059232746844e+02 7.322963557440645843e+01
1.241770428996319993e+02 7.325557629054743813e+01
1.241815798759893141e+02 7.328124721299583655e+01
1.241861168523466290e+02 7.329681503105784657e+01
1.241906538287039439e+02 7.334814649703419320e+01
1.241951908050612587e+02 7.336515738145294563e+01
1.241997277814185736e+02 7.338074359142784431e+01
1.242042647577758743e+02 7.340363632713170716e+01
1.242088017341331891e+02 7.342920951253820760e+01
1.242133387104904898e+02 7.343765502896013686e+01
1.242178756868478047e+02 7.346680266756175115e+01
1.242224126632051195e+02 7.349359433880898962e+01
1.242269496395624344e+02 7.350719921049018524e+01
1.242314866159197493e+02 7.352955765518241549e+01
1.242360235922770642e+02 7.354868035301736029e+01
1.242405605686343790e+02 7.355678237518412743e+01
1.242450975449916939e+02 7.357679154417996870e+01
1.242496345213489946e+02 7.360189616446479022e+01
1.242541714977063094e+02 7.360727543296360409e+01
1.242587084740636101e+02 7.363638422366547331e+01
1.242632454504209250e+02 7.362970830465872041e+01
1.242677824267782398e+02 7.363990463440522660e+01
1.242723194031355547e+02 7.365613894952478802e+01
1.242768563794928696e+02 7.368437233841811462e+01
1.242813933558501844e+02 7.368646792848275595e+01
1.242859303322074993e+02 7.369968905784108415e+01
1.242904673085648142e+02 7.371309173718731245e+01
1.242950042849221148e+02 7.374821483919609477e+01
1.242995412612794297e+02 7.375103399634548396e+01
1.243040782376367446e+02 7.378239230754293487e+01
1.243086152139940452e+02 7.381468351312493326e+01
1.243131521903513601e+02 7.384063581833827072e+01
1.243176891667086750e+02 7.386965740911669798e+01
1.243222261430659898e+02 7.390709130953948147e+01
1.243267631194233047e+02 7.394915411290826057e+01
1.243313000957806196e+02 7.395071892958357296e+01
1.243358370721379345e+02 7.397986624625303875e+01
1.243403740484952351e+02 7.401671321117721902e+01
1.243449110248525500e+02 7.403481114987175715e+01
1.243494480012098649e+02 7.405605514759947994e+01
1.243539849775671655e+02 7.410634473781226461e+01
1.243585219539244804e+02 7.412188621159870650e+01
1.243630589302817953e+02 7.415123492115553461e+01
1.243675959066391101e+02 7.416432696604562125e+01
1.243721328829964250e+02 7.417138961337498415e+01
1.243766698593537399e+02 7.419261196889787868e+01
1.243812068357110547e+02 7.420417973619565544e+01
1.243857438120683696e+02 7.422453532989250391e+01
1.243902807884256703e+02 7.424226590461755393e+01
1.243948177647829851e+02 7.425580156137469601e+01
1.243993547411402858e+02 7.427657048822837282e+01
1.244038917174976007e+02 7.430826064725157210e+01
1.244084286938549155e+02 7.433512695514305335e+01
1.244129656702122304e+02 7.436149896729895659e+01
1.244175026465695453e+02 7.436005573923401357e+01
1.244220396229268601e+02 7.435542502908130302e+01
1.244265765992841750e+02 7.436926962090589655e+01
1.244311135756414899e+02 7.437100790824877095e+01
1.244356505519987905e+02 7.440924922069198999e+01
1.244401875283561054e+02 7.442291163013901212e+01
1.244447245047134061e+02 7.444345761447442555e+01
1.244492614810707209e+02 7.447270019659633533e+01
1.244537984574280358e+02 7.450250788072433750e+01
1.244583354337853507e+02 7.453117315955772426e+01
1.244628724101426656e+02 7.456321963051442481e+01
1.244674093864999804e+02 7.456425819143808553e+01
1.244719463628572953e+02 7.455802570442480715e+01
1.244764833392146102e+02 7.457398429222062930e+01
1.244810203155719108e+02 7.459766524127621778e+01
1.244855572919292257e+02 7.461766197461062688e+01
1.244900942682865406e+02 7.463543326184138493e+01
1.244946312446438412e+02 7.467049253534781883e+01
1.244991682210011561e+02 7.468182157910349872e+01
1.245037051973584710e+02 7.472619283079622221e+01
1.245082421737157858e+02 7.476292353138106250e+01
1.245127791500731007e+02 7.477544672738862630e+01
1.245173161264304156e+02 7.480229552038163376e+01
1.245218531027877304e+02 7.482430709814322256e+01
1.245263900791450311e+02 7.483338806460292858e+01
1.245309270555023460e+02 7.485607493914351096e+01
1.245354640318596608e+02 7.487459273939244042e+01
1.245400010082169615e+02 7.489199559923586946e+01
1.245445379845742764e+02 7.492032782591154216e+01
1.245490749609315912e+02 7.492206443485464717e+01
1.245536119372889061e+02 7.497773303823595370e+01
1.245581489136462210e+02 7.498303641544093523e+01
1.245626858900035359e+02 7.502203075268828059e+01
1.245672228663608507e+02 7.505384348847125864e+01
1.245717598427181656e+02 7.507300898434988312e+01
1.245762968190754663e+02 7.510779239265841056e+01
1.245808337954327811e+02 7.515053521623032395e+01
1.245853707717900818e+02 7.517094312036063286e+01
1.245899077481473967e+02 7.519988283730823753e+01
1.245944447245047115e+02 7.522761119591729084e+01
1.245989817008620264e+02 7.522749176379457481e+01
1.246035186772193413e+02 7.523170664519760464e+01
1.246080556535766561e+02 7.524626795727141371e+01
1.246125926299339710e+02 7.528151816693259946e+01
1.246171296062912859e+02 7.531899212332886862e+01
1.246216665826485865e+02 7.533878617342281814e+01
1.246262035590059014e+02 7.537802951489284453e+01
1.246307405353632021e+02 7.539478529995534473e+01
1.246352775117205169e+02 7.539438483841691152e+01
1.246398144880778318e+02 7.539058192882258425e+01
1.246443514644351467e+02 7.541010434460530121e+01
1.246488884407924616e+02 7.541159666574628773e+01
1.246534254171497764e+02 7.540498428563358857e+01
1.246579623935070913e+02 7.543356538618050422e+01
1.246624993698644062e+02 7.543496327370378651e+01
1.246670363462217068e+02 7.545747051477458456e+01
1.246715733225790217e+02 7.547291209028603021e+01
1.246761102989363366e+02 7.549356699637229440e+01
1.246806472752936372e+02 7.551945119092621894e+01
1.246851842516509521e+02 7.554550387420707125e+01
1.246897212280082670e+02 7.555362067304972129e+01
1.246942582043655818e+02 7.557966338273688223e+01
1.246987951807228967e+02 7.560040360271564452e+01
1.247033321570802116e+02 7.562568957534256242e+01
1.247078691334375264e+02 7.566269445102854263e+01
1.247124061097948271e+02 7.567749051801710891e+01
1.247169430861521420e+02 7.570765713304565736e+01
1.247214800625094568e+02 7.572157894091276376e+01
1.247260170388667575e+02 7.573700549409410598e+01
1.247305540152240724e+02 7.574971344274861451e+01
1.247350909915813872e+02 7.576630358759916817e+01
1.247396279679387021e+02 7.577130860111492439e+01
1.247441649442960170e+02 7.577507513333161171e+01
1.247487019206533319e+02 7.577428826206839574e+01
1.247532388970106467e+02 7.577898815348618200e+01
1.247577758733679474e+02 7.578987391549280517e+01
1.247623128497252623e+02 7.582223953046978693e+01
1.247668498260825771e+02 7.584444394284007274e+01
1.247713868024398778e+02 7.587279427598852521e+01
1.247759237787971927e+02 7.588668664014542742e+01
1.247804607551545075e+02 7.591132014998572686e+01
1.247849977315118224e+02 7.593255724492178160e+01
1.247895347078691373e+02 7.596055958716073064e+01
1.247940716842264521e+02 7.598936717078376546e+01
1.247986086605837670e+02 7.600426117438378526e+01
1.248031456369410819e+02 7.602837883323219614e+01
1.248076826132983825e+02 7.602385202449514168e+01
1.248122195896556974e+02 7.601927914220974003e+01
1.248167565660129981e+02 7.601878816833665553e+01
1.248212935423703129e+02 7.604508704482388737e+01
1.248258305187276278e+02 7.606382853346789830e+01
1.248303674950849427e+02 7.606668299235141717e+01
1.248349044714422575e+02 7.612467382561592899e+01
1.248394414477995724e+02 7.614692990905079739e+01
1.248439784241568873e+02 7.616641378051505740e+01
1.248485154005142022e+02 7.616918521728800329e+01
1.248530523768715028e+02 7.619454889321133351e+01
1.248575893532288177e+02 7.620946554788071126e+01
1.248621263295861183e+02 7.621690878752497156e+01
1.248666633059434332e+02 7.621339907586376228e+01
1.248712002823007481e+02 7.623241723790064839e+01
1.248757372586580630e+02 7.624284647342464893e+01
1.248802742350153778e+02 7.627242376411336977e+01
1.248848112113726927e+02 7.631267222089144298e+01
1.248893481877300076e+02 7.632116742296059897e+01
1.248938851640873224e+02 7.634490461100035930e+01
1.248984221404446231e+02 7.637724562229472269e+01
1.249029591168019380e+02 7.640745602250294155e+01
1.249074960931592528e+02 7.641269932817083088e+01
1.249120330695165535e+02 7.643729613811836998e+01
1.249165700458738684e+02 7.645812041759738520e+01
1.249211070222311832e+02 7.647292298677648148e+01
1.249256439985884981e+02 7.649033175774242466e+01
1.249301809749458130e+02 7.649683057169103506e+01
1.249347179513031278e+02 7.649091710125051691e+01
1.249392549276604427e+02 7.646778487472433028e+01
1.249437919040177434e+02 7.647973807843422378e+01
1.249483288803750582e+02 7.647597989193774026e+01
1.249528658567323731e+02 7.649568450168936806e+01
1.249574028330896738e+02 7.651394447781025576e+01
1.249619398094469886e+02 7.653146403571452083e+01
1.249664767858043035e+02 7.655073294113334725e+01
1.249710137621616184e+02 7.656221715120872773e+01
1.249755507385189333e+02 7.658833581824671910e+01
1.249800877148762481e+02 7.663395334812092585e+01
1.249846246912335630e+02 7.667403541882224260e+01
1.249891616675908779e+02 7.669271125330617167e+01
1.249936986439481785e+02 7.674502113608980380e+01
1.249982356203054934e+02 7.676941537017354733e+01
1.250027725966627941e+02 7.682493782084478084e+01
1.250073095730201089e+02 7.683923286603588565e+01
1.250118465493774238e+02 7.687088697744358967e+01
1.250163835257347387e+02 7.692257766429079879e+01
1.250209205020920535e+02 7.692949295140610388e+01
1.250254574784493684e+02 7.694009660451953891e+01
1.250299944548066833e+02 7.693493377409608058e+01
1.250345314311639981e+02 7.695219434447155038e+01
1.250390684075212988e+02 7.695403701088488901e+01
1.250436053838786137e+02 7.696741351431994360e+01
1.250481423602359143e+02 7.698571948044383362e+01
1.250526793365932292e+02 7.703241333580167804e+01
1.250572163129505441e+02 7.705128231688586027e+01
1.250617532893078589e+02 7.706958242204483156e+01
1.250662902656651738e+02 7.708426261064377627e+01
1.250708272420224887e+02 7.710837783272201307e+01
1.250753642183798036e+02 7.712867809571625344e+01
1.250799011947371184e+02 7.712448424042068496e+01
1.250844381710944191e+02 7.715462097007929287e+01
1.250889751474517340e+02 7.718559825936313246e+01
1.250935121238090488e+02 7.722208253485025864e+01
1.250980491001663495e+02 7.726479658380101512e+01
1.251025860765236644e+02 7.730061669355636411e+01
1.251071230528809792e+02 7.730295518525279874e+01
1.251116600292382941e+02 7.729733496297122031e+01
1.251161970055956090e+02 7.729101297701647866e+01
1.251207339819529238e+02 7.731159914540998557e+01
1.251252709583102387e+02 7.732125165398717570e+01
1.251298079346675394e+02 7.735951224030426943e+01
1.251343449110248542e+02 7.738319141668351620e+01
1.251388818873821691e+02 7.739959731202321791e+01
1.251434188637394698e+02 7.740554297235756565e+01
1.251479558400967846e+02 7.742471405643196647e+01
1.251524928164540995e+02 7.745039602056621675e+01
1.251570297928114144e+02 7.747299036378809944e+01
1.251615667691687293e+02 7.750115959056898873e+01
1.251661037455260441e+02 7.751980708825477961e+01
1.251706407218833590e+02 7.754691626735048260e+01
1.251751776982406739e+02 7.756114645420714737e+01
1.251797146745979745e+02 7.760360214477211116e+01
1.251842516509552894e+02 7.762476805352905274e+01
1.251887886273125901e+02 7.763698453936893884e+01
1.251933256036699049e+02 7.765913122335881269e+01
1.251978625800272198e+02 7.768349584602793811e+01
1.252023995563845347e+02 7.771142968178438082e+01
1.252069365327418495e+02 7.772350611488064942e+01
1.252114735090991644e+02 7.773845376108072003e+01
1.252160104854564793e+02 7.774752375165239471e+01
1.252205474618137941e+02 7.776782315133671375e+01
1.252250844381710948e+02 7.778215957692162874e+01
1.252296214145284097e+02 7.782300499807172400e+01
1.252341583908857103e+02 7.781821596826296172e+01
1.252386953672430252e+02 7.781867290077383359e+01
1.252432323436003401e+02 7.783254049234439265e+01
1.252477693199576549e+02 7.783737946771907446e+01
1.252523062963149698e+02 7.785619777177076628e+01
1.252568432726722847e+02 7.784428737471333193e+01
1.252613802490295996e+02 7.785846398460878959e+01
1.252659172253869144e+02 7.785389493433311259e+01
1.252704542017442151e+02 7.787589757393452317e+01
1.252749911781015300e+02 7.788482985373062206e+01
1.252795281544588448e+02 7.789303180457716280e+01
1.252840651308161455e+02 7.788571118394503401e+01
1.252886021071734604e+02 7.789747026436045019e+01
1.252931390835307752e+02 7.793834946999751878e+01
1.252976760598880901e+02 7.794223218601149483e+01
1.253022130362454050e+02 7.795940561811075042e+01
1.253067500126027198e+02 7.797963548289801849e+01
1.253112869889600347e+02 7.799907161899263031e+01
1.253158239653173354e+02 7.801883116283947572e+01
1.253203609416746502e+02 7.806575183940755380e+01
1.253248979180319651e+02 7.811311559668055793e+01
1.253294348943892658e+02 7.812708273508488332e+01
1.253339718707465806e+02 7.816620541234954089e+01
1.253385088471038955e+02 7.822188992541772734e+01
1.253430458234612104e+02 7.822892363711122243e+01
1.253475827998185252e+02 7.827304013552357276e+01
1.253521197761758401e+02 7.830583343759185766e+01
1.253566567525331550e+02 7.831644175425866194e+01
1.253611937288904699e+02 7.832076660109584054e+01
1.253657307052477705e+02 7.834589676506139710e+01
1.253702676816050854e+02 7.834577898060605605e+01
1.253748046579623860e+02 7.835146971722126352e+01
1.253793416343197009e+02 7.834486811020634889e+01
1.253838786106770158e+02 7.838509708060801984e+01
1.253884155870343307e+02 7.839832128057109628e+01
1.253929525633916455e+02 7.843145901080752935e+01
1.253974895397489604e+02 7.845702374547829550e+01
1.254020265161062753e+02 7.848041721616921507e+01
1.254065634924635901e+02 7.849241185855571246e+01
1.254111004688208908e+02 7.850696861915703550e+01
1.254156374451782057e+02 7.852835934542508767e+01
1.254201744215355063e+02 7.853834906372505031e+01
1.254247113978928212e+02 7.856767319387462578e+01
1.254292483742501361e+02 7.859903933162379985e+01
1.254337853506074509e+02 7.859113534352714225e+01
1.254383223269647658e+02 7.859624063284759643e+01
1.254428593033220807e+02 7.862238666075359106e+01
1.254473962796793955e+02 7.862194450135403656e+01
1.254519332560367104e+02 7.865117255267786334e+01
1.254564702323940111e+02 7.866845032653215242e+01
1.254610072087513259e+02 7.868097332848178382e+01
1.254655441851086408e+02 7.871183565030662521e+01
1.254700811614659415e+02 7.872176755371243928e+01
1.254746181378232563e+02 7.873355457613509145e+01
1.254791551141805712e+02 7.878295931793753937e+01
1.254836920905378861e+02 7.880569511454292808e+01
1.254882290668952010e+02 7.882282865204999212e+01
1.254927660432525158e+02 7.882924633251747082e+01
1.254973030196098307e+02 7.883959516776442911e+01
1.255018399959671314e+02 7.885420875161500476e+01
1.255063769723244462e+02 7.885057761530956100e+01
1.255109139486817611e+02 7.886466519968982425e+01
1.255154509250390618e+02 7.887868002427934755e+01
1.255199879013963766e+02 7.887333974278368487e+01
1.255245248777536915e+02 7.890170069345364823e+01
1.255290618541110064e+02 7.893010506607122068e+01
1.255335988304683212e+02 7.894564502828180252e+01
1.255381358068256361e+02 7.895877410937148966e+01
1.255426727831829510e+02 7.898924322396977971e+01
1.255472097595402516e+02 7.900317910955078560e+01
1.255517467358975665e+02 7.900484567437487726e+01
1.255562837122548814e+02 7.901250799576136785e+01
1.255608206886121820e+02 7.903766357312217394e+01
1.255653576649694969e+02 7.904681796273388272e+01
1.255698946413268118e+02 7.905766023539409559e+01
1.255744316176841266e+02 7.908312322093037494e+01
1.255789685940414415e+02 7.909107682726947530e+01
1.255835055703987564e+02 7.910252662980222738e+01
1.255880425467560713e+02 7.913815208167352466e+01
1.255925795231133861e+02 7.918093923551715818e+01
1.255971164994706868e+02 7.922002126225739005e+01
1.256016534758280017e+02 7.925187744364974662e+01
1.256061904521853023e+02 7.928814572364747448e+01
1.256107274285426172e+02 7.933167593494867731e+01
1.256152644048999321e+02 7.936292262275399878e+01
1.256198013812572469e+02 7.939407229100693542e+01
1.256243383576145618e+02 7.942337290844169218e+01
1.256288753339718767e+02 7.946607918500495771e+01
1.256334123103291915e+02 7.950876888459033864e+01
1.256379492866865064e+02 7.954328270538462675e+01
1.256424862630438071e+02 7.958424389381801234e+01
1.256470232394011219e+02 7.959279687541193482e+01
1.256515602157584368e+02 7.960941688634761704e+01
1.256560971921157375e+02 7.963496473586995705e+01
1.256606341684730523e+02 7.964938076411314682e+01
1.256651711448303672e+02 7.966581414534556416e+01
1.256697081211876821e+02 7.967053831883940518e+01
1.256742450975449970e+02 7.967867176615432356e+01
1.256787820739023118e+02 7.971543509056046162e+01
1.256833190502596267e+02 7.975830947695739326e+01
1.256878560266169274e+02 7.977261083504832584e+01
1.256923930029742422e+02 7.978529886353651079e+01
1.256969299793315571e+02 7.979524768313257255e+01
1.257014669556888578e+02 7.981429737817576608e+01
1.257060039320461726e+02 7.984407785933147750e+01
1.257105409084034875e+02 7.985803592176010568e+01
1.257150778847608024e+02 7.987884845304363068e+01
1.257196148611181172e+02 7.990343797760591826e+01
1.257241518374754321e+02 7.992293427545330076e+01
1.257286888138327470e+02 7.995060029227008158e+01
1.257332257901900476e+02 7.999474427166477142e+01
1.257377627665473625e+02 8.001798139950277289e+01
1.257422997429046774e+02 8.004037268268676542e+01
1.257468367192619780e+02 8.006343049850931948e+01
1.257513736956192929e+02 8.012170275879806525e+01
1.257559106719766078e+02 8.015904854651799383e+01
1.257604476483339226e+02 8.020090844905732297e+01
1.257649846246912375e+02 8.021996467613182347e+01
1.257695216010485524e+02 8.023410758522868491e+01
1.257740585774058673e+02 8.022080736559989589e+01
1.257785955537631821e+02 8.022455464760567168e+01
1.257831325301204828e+02 8.022493922733096383e+01
1.257876695064777977e+02 8.023710754695086678e+01
1.257922064828350983e+02 8.025130800608457093e+01
1.257967434591924132e+02 8.026759319712003560e+01
1.258012804355497281e+02 8.027531144350471948e+01
1.258058174119070429e+02 8.026335064049216328e+01
1.258103543882643578e+02 8.026511467584469983e+01
1.258148913646216727e+02 8.028104598590296348e+01
1.258194283409789875e+02 8.031306497172799652e+01
1.258239653173363024e+02 8.033931710231134105e+01
1.258285022936936031e+02 8.035249518040846795e+01
1.258330392700509179e+02 8.038078400453863992e+01
1.258375762464082186e+02 8.038618588041555313e+01
1.258421132227655335e+02 8.042198485317678092e+01
1.258466501991228483e+02 8.045754020407899532e+01
1.258511871754801632e+02 8.048934518288402273e+01
1.258557241518374781e+02 8.051707544118886517e+01
1.258602611281947929e+02 8.054723899522177533e+01
1.258647981045521078e+02 8.054225862756260312e+01
1.258693350809094227e+02 8.058010499702261598e+01
1.258738720572667233e+02 8.059747865216475304e+01
1.258784090336240382e+02 8.063057354158203793e+01
1.258829460099813531e+02 8.063041336260745595e+01
1.258874829863386537e+02 8.066746109078610516e+01
1.258920199626959686e+02 8.068509912595895628e+01
1.258965569390532835e+02 8.072998225324501220e+01
1.259010939154105984e+02 8.075158227713134806e+01
1.259056308917679132e+02 8.077912649569373116e+01
1.259101678681252281e+02 8.079082313211958422e+01
1.259147048444825430e+02 8.079857361986688602e+01
1.259192418208398436e+02 8.081282922852473405e+01
1.259237787971971585e+02 8.082925840666361239e+01
1.259283157735544734e+02 8.084954595006044542e+01
1.259328527499117740e+02 8.085778400959867440e+01
1.259373897262690889e+02 8.090436890783331592e+01
1.259419267026264038e+02 8.091656528720089625e+01
1.259464636789837186e+02 8.092711594210106796e+01
1.259510006553410335e+02 8.096909324858273749e+01
1.259555376316983484e+02 8.099946525094979677e+01
1.259600746080556632e+02 8.102550246373617426e+01
1.259646115844129781e+02 8.104413805736876952e+01
1.259691485607702788e+02 8.107408878490669224e+01
1.259736855371275936e+02 8.111289151147552445e+01
1.259782225134848943e+02 8.113202463769984263e+01
1.259827594898422092e+02 8.115771892134644361e+01
1.259872964661995240e+02 8.118283551600080727e+01
1.259918334425568389e+02 8.119454538858741444e+01
1.259963704189141538e+02 8.120949550080408130e+01
1.260009073952714687e+02 8.120871887837643044e+01
1.260054443716287835e+02 8.121546942364726362e+01
1.260099813479860984e+02 8.123553150092946851e+01
1.260145183243433991e+02 8.124287325884711208e+01
1.260190553007007139e+02 8.127251300821524183e+01
1.260235922770580146e+02 8.128284523678665607e+01
1.260281292534153295e+02 8.128311725993683012e+01
1.260326662297726443e+02 8.131504354034836979e+01
1.260372032061299592e+02 8.133712523588135923e+01
1.260417401824872741e+02 8.136007973908692748e+01
1.260462771588445889e+02 8.139911104767990935e+01
1.260508141352019038e+02 8.142847701994487863e+01
1.260553511115592187e+02 8.146260963528699506e+01
1.260598880879165193e+02 8.149593570498645079e+01
1.260644250642738342e+02 8.151648467865095427e+01
1.260689620406311491e+02 8.156359394651130401e+01
1.260734990169884497e+02 8.159077749049706085e+01
1.260780359933457646e+02 8.162247993032414684e+01
1.260825729697030795e+02 8.165693716647162148e+01
1.260871099460603943e+02 8.168170777106269043e+01
1.260916469224177092e+02 8.169583715809953617e+01
1.260961838987750241e+02 8.169221908889706185e+01
1.261007208751323390e+02 8.172411667689553383e+01
1.261052578514896396e+02 8.172415241244117112e+01
1.261097948278469545e+02 8.174241752911960646e+01
1.261143318042042694e+02 8.177833504016868460e+01
1.261188687805615700e+02 8.179713543607296344e+01
1.261234057569188849e+02 8.181204756696389779e+01
1.261279427332761998e+02 8.185123445561274025e+01
1.261324797096335146e+02 8.187925483861629061e+01
1.261370166859908295e+02 8.191257959407457179e+01
1.261415536623481444e+02 8.192959530730210815e+01
1.261460906387054592e+02 8.194620505489747586e+01
1.261506276150627741e+02 8.198281338949719554e+01
1.261551645914200748e+02 8.200399404491265898e+01
1.261597015677773896e+02 8.204948068341491307e+01
1.261642385441346903e+02 8.206748863192385102e+01
1.261687755204920052e+02 8.209446280240996430e+01
1.261733124968493200e+02 8.211059213995038419e+01
1.261778494732066349e+02 8.213236955511531789e+01
1.261823864495639498e+02 8.215295738955370553e+01
1.261869234259212647e+02 8.217841103688749627e+01
1.261914604022785795e+02 8.219741704876354049e+01
1.261959973786358944e+02 8.220709994342662696e+01
1.262005343549931951e+02 8.221646919634493145e+01
1.262050713313505099e+02 8.224244250253953226e+01
1.262096083077078106e+02 8.227758676700084095e+01
1.262141452840651255e+02 8.229205112165377045e+01
1.262186822604224403e+02 8.232466874211131369e+01
1.262232192367797552e+02 8.234999089957587159e+01
1.262277562131370701e+02 8.236176049055316639e+01
1.262322931894943849e+02 8.238190630436888284e+01
1.262368301658516998e+02 8.240951364395360201e+01
1.262413671422090147e+02 8.242528249807885743e+01
1.262459041185663153e+02 8.241150711409028418e+01
1.262504410949236302e+02 8.242233460729082140e+01
1.262549780712809451e+02 8.242392759542886438e+01
1.262595150476382457e+02 8.245821316260706624e+01
1.262640520239955606e+02 8.249140722148575833e+01
1.262685890003528755e+02 8.250805990751486263e+01
1.262731259767101903e+02 8.256267903617408876e+01
1.262776629530675052e+02 8.259321697071807478e+01
1.262821999294248201e+02 8.263127698649148556e+01
1.262867369057821350e+02 8.266783062733775012e+01
1.262912738821394356e+02 8.268919718573206978e+01
1.262958108584967505e+02 8.268556607811285630e+01
1.263003478348540654e+02 8.271127656913904502e+01
1.263048848112113660e+02 8.271941742892251170e+01
1.263094217875686809e+02 8.273073834625637346e+01
1.263139587639259958e+02 8.275751889795390071e+01
1.263184957402833106e+02 8.278556989128611576e+01
1.263230327166406255e+02 8.282068768212099030e+01
1.263275696929979404e+02 8.284910161323077205e+01
1.263321066693552552e+02 8.288132385327652685e+01
1.263366436457125701e+02 8.290228592862192158e+01
1.263411806220698708e+02 8.294484405343141020e+01
1.263457175984271856e+02 8.297261674960876121e+01
1.263502545747844863e+02 8.302571964797074600e+01
1.263547915511418012e+02 8.305126708910684386e+01
1.263593285274991160e+02 8.308151148624055793e+01
1.263638655038564309e+02 8.310850393482499499e+01
1.263684024802137458e+02 8.313418824897016179e+01
1.263729394565710606e+02 8.314078925415248023e+01
1.263774764329283755e+02 8.313620298541174236e+01
1.263820134092856904e+02 8.313567006219901145e+01
1.263865503856429910e+02 8.315864038569117156e+01
1.263910873620003059e+02 8.317642341978748277e+01
1.263956243383576066e+02 8.317891574110035435e+01
1.264001613147149214e+02 8.322378832144441674e+01
1.264046982910722363e+02 8.322221096125404927e+01
1.264092352674295512e+02 8.327038373033565222e+01
1.264137722437868661e+02 8.332172679226412981e+01
1.264183092201441809e+02 8.339073111653110004e+01
1.264228461965014958e+02 8.343656063127400557e+01
1.264273831728588107e+02 8.346340853232612744e+01
1.264319201492161113e+02 8.346596524617237378e+01
1.264364571255734262e+02 8.348129822018032087e+01
1.264409941019307411e+02 8.349934628505087630e+01
1.264455310782880417e+02 8.351503126791340037e+01
1.264500680546453566e+02 8.357940981065131325e+01
1.264546050310026715e+02 8.360506211729874337e+01
1.264591420073599863e+02 8.360253314295353277e+01
1.264636789837173012e+02 8.362451929629926894e+01
1.264682159600746161e+02 8.367525939035671456e+01
1.264727529364319309e+02 8.370012368193562224e+01
1.264772899127892316e+02 8.372957653571366166e+01
1.264818268891465465e+02 8.376123249036261598e+01
1.264863638655038613e+02 8.379237776909737079e+01
1.264909008418611620e+02 8.381015082351298418e+01
1.264954378182184769e+02 8.382255763130213211e+01
1.264999747945757917e+02 8.385281495370198002e+01
1.265045117709331066e+02 8.387082407885223745e+01
1.265090487472904215e+02 8.390909997477130844e+01
1.265135857236477364e+02 8.390998926488407506e+01
1.265181227000050512e+02 8.391825851311493523e+01
1.265226596763623519e+02 8.391756134561509839e+01
1.265271966527196668e+02 8.393127107056743341e+01
1.265317336290769816e+02 8.395946525089387080e+01
1.265362706054342823e+02 8.395852605168495586e+01
1.265408075817915972e+02 8.396414698149305877e+01
1.265453445581489120e+02 8.398140025994219116e+01
1.265498815345062269e+02 8.399195141606344350e+01
1.265544185108635418e+02 8.403109715900464494e+01
1.265589554872208566e+02 8.406827500287631949e+01
1.265634924635781715e+02 8.406656053019513308e+01
1.265680294399354864e+02 8.408853971353745749e+01
1.265725664162927870e+02 8.411827009950812339e+01
1.265771033926501019e+02 8.415824811440077724e+01
1.265816403690074026e+02 8.417076531044172327e+01
1.265861773453647174e+02 8.420556152733287547e+01
1.265907143217220323e+02 8.423863494749797098e+01
1.265952512980793472e+02 8.423900109426737970e+01
1.265997882744366620e+02 8.425751739703497378e+01
1.266043252507939769e+02 8.427769686202914556e+01
1.266088622271512918e+02 8.430857491725279829e+01
1.266133992035086067e+02 8.433670535269818913e+01
1.266179361798659073e+02 8.436590415648322505e+01
1.266224731562232222e+02 8.437829701114306147e+01
1.266270101325805228e+02 8.442247405872703325e+01
1.266315471089378377e+02 8.445108038591000366e+01
1.266360840852951526e+02 8.449257530758764290e+01
1.266406210616524675e+02 8.452378804359886999e+01
1.266451580380097823e+02 8.454414504224202176e+01
1.266496950143670972e+02 8.458178784320998034e+01
1.266542319907244121e+02 8.459647716279332030e+01
1.266587689670817269e+02 8.461700150889210192e+01
1.266633059434390276e+02 8.462827944995565588e+01
1.266678429197963425e+02 8.464528836956198177e+01
1.266723798961536573e+02 8.466518955368360366e+01
1.266769168725109580e+02 8.469002957190868131e+01
1.266814538488682729e+02 8.469082938698542762e+01
1.266859908252255877e+02 8.470101126529624480e+01
1.266905278015829026e+02 8.474111559293440621e+01
1.266950647779402175e+02 8.478923180281279315e+01
1.266996017542975324e+02 8.481451131775699537e+01
1.267041387306548472e+02 8.483352872101770004e+01
1.267086757070121479e+02 8.486164813280724672e+01
1.267132126833694628e+02 8.488024123493690354e+01
1.267177496597267776e+02 8.491296297236057455e+01
1.267222866360840783e+02 8.494049021569483671e+01
1.267268236124413932e+02 8.496063583360860605e+01
1.267313605887987080e+02 8.498162528958286543e+01
1.267358975651560229e+02 8.500176190797969866e+01
1.267404345415133378e+02 8.502899067652299436e+01
1.267449715178706526e+02 8.505497914280671523e+01
1.267495084942279675e+02 8.508218376267524263e+01
1.267540454705852824e+02 8.511947396937068788e+01
1.267585824469425830e+02 8.513856845607429591e+01
1.267631194232998979e+02 8.516657697582589037e+01
1.267676563996571986e+02 8.518135933324542464e+01
1.267721933760145134e+02 8.519890793517025429e+01
1.267767303523718283e+02 8.523510124418662315e+01
1.267812673287291432e+02 8.525037167710139840e+01
1.267858043050864580e+02 8.528886088502632390e+01
1.267903412814437729e+02 8.528292935532743968e+01
1.267948782578010878e+02 8.530140295137751139e+01
1.267994152341584027e+02 8.531645626773126878e+01
1.268039522105157033e+02 8.533142419774721077e+01
1.268084891868730182e+02 8.535973732711667594e+01
1.268130261632303188e+02 8.537058512957788992e+01
1.268175631395876337e+02 8.537640298711249898e+01
1.268221001159449486e+02 8.539241145233765451e+01
1.268266370923022635e+02 8.541913986995857044e+01
1.268311740686595783e+02 8.544492429186774984e+01
1.268357110450168932e+02 8.548776450436515972e+01
1.268402480213742081e+02 8.549230939959855391e+01
1.268447849977315229e+02 8.552345323013231848e+01
1.268493219740888236e+02 8.553363916300814651e+01
1.268538589504461385e+02 8.556339800913906402e+01
1.268583959268034533e+02 8.560687797919338493e+01
1.268629329031607540e+02 8.562460585640120314e+01
1.268674698795180689e+02 8.562343085601752080e+01
1.268720068558753837e+02 8.563548540138536680e+01
1.268765438322326986e+02 8.565646387622884106e+01
1.268810808085900135e+02 8.567028974613718617e+01
1.268856177849473283e+02 8.572199370017189324e+01
1.268901547613046432e+02 8.574966714342961893e+01
1.268946917376619439e+02 8.579690092441988725e+01
1.268992287140192587e+02 8.585162826483454523e+01
1.269037656903765736e+02 8.587998959193070903e+01
1.269083026667338743e+02 8.589848158838316294e+01
1.269128396430911891e+02 8.593841357760342703e+01
1.269173766194485040e+02 8.596675783165747475e+01
1.269219135958058189e+02 8.601058467886528547e+01
1.269264505721631338e+02 8.604627451731002452e+01
1.269309875485204486e+02 8.606273158105166488e+01
1.269355245248777635e+02 8.609239855273713715e+01
1.269400615012350784e+02 8.610888061869357557e+01
1.269445984775923790e+02 8.610566386984953624e+01
1.269491354539496939e+02 8.612411701746317760e+01
1.269536724303069946e+02 8.614418221271584741e+01
1.269582094066643094e+02 8.616711470198299594e+01
1.269627463830216243e+02 8.618828613688043561e+01
1.269672833593789392e+02 8.622915836198890815e+01
1.269718203357362540e+02 8.626221484172393161e+01
1.269763573120935689e+02 8.628081275044080201e+01
1.269808942884508838e+02 8.633029714398247734e+01
1.269854312648081986e+02 8.634796468773241429e+01
1.269899682411654993e+02 8.635731864811697278e+01
1.269945052175228142e+02 8.638416371333795496e+01
1.269990421938801148e+02 8.639874152740044622e+01
1.270035791702374297e+02 8.640288063860684531e+01
1.270081161465947446e+02 8.641891510691064582e+01
1.270126531229520594e+02 8.644893445279137723e+01
1.270171900993093743e+02 8.648092408146145260e+01
1.270217270756666892e+02 8.651306072365375144e+01
1.270262640520240041e+02 8.654227442955682648e+01
1.270308010283813189e+02 8.657358239237395026e+01
1.270353380047386196e+02 8.658435420779598246e+01
1.270398749810959345e+02 8.660640969696116542e+01
1.270444119574532493e+02 8.662786787488408891e+01
1.270489489338105500e+02 8.665917959288573513e+01
1.270534859101678649e+02 8.668322080327475021e+01
1.270580228865251797e+02 8.672981015695191331e+01
1.270625598628824946e+02 8.675882313898864595e+01
1.270670968392398095e+02 8.679287896387458545e+01
1.270716338155971243e+02 8.680972307078975803e+01
1.270761707919544392e+02 8.684611186898004576e+01
1.270807077683117399e+02 8.685789635541345888e+01
1.270852447446690547e+02 8.682572349297343806e+01
1.270897817210263696e+02 8.683895232156130817e+01
1.270943186973836703e+02 8.685575221894048070e+01
1.270988556737409851e+02 8.685512034728533592e+01
1.271033926500983000e+02 8.689080777371603403e+01
1.271079296264556149e+02 8.692127677499054528e+01
1.271124666028129298e+02 8.694345669085772954e+01
1.271170035791702446e+02 8.695853995494107380e+01
1.271215405555275595e+02 8.697697735804571550e+01
1.271260775318848744e+02 8.698234293904900483e+01
1.271306145082421750e+02 8.698470046159255276e+01
1.271351514845994899e+02 8.700263493904668621e+01
1.271396884609567905e+02 8.705547239435789209e+01
1.271442254373141054e+02 8.708393521031879914e+01
1.271487624136714203e+02 8.711186380407716001e+01
1.271532993900287352e+02 8.712551155251783541e+01
1.271578363663860500e+02 8.714955808742179499e+01
1.271623733427433649e+02 8.716690460480322145e+01
1.271669103191006798e+02 8.718305835555780448e+01
1.271714472954579946e+02 8.721739105312911988e+01
1.271759842718152953e+02 8.723223810178899384e+01
1.271805212481726102e+02 8.727504337622308128e+01
1.271850582245299108e+02 8.730176371213136122e+01
1.271895952008872257e+02 8.732862303036175433e+01
1.271941321772445406e+02 8.735618137119787718e+01
1.271986691536018554e+02 8.738179293364947853e+01
1.272032061299591703e+02 8.741502482085748227e+01
1.272077431063164852e+02 8.743342947822816313e+01
1.272122800826738001e+02 8.745548855434846303e+01
1.272168170590311149e+02 8.745742629496754716e+01
1.272213540353884156e+02 8.747317300427802422e+01
1.272258910117457305e+02 8.746943031253013601e+01
1.272304279881030453e+02 8.747721853976598538e+01
1.272349649644603460e+02 8.750123402376456738e+01
1.272395019408176609e+02 8.754226739553455161e+01
1.272440389171749757e+02 8.757380136350715816e+01
1.272485758935322906e+02 8.761964690801433164e+01
1.272531128698896055e+02 8.765621816931557930e+01
1.272576498462469203e+02 8.766596619331225781e+01
1.272621868226042352e+02 8.770749208067881852e+01
1.272667237989615359e+02 8.774631670367709546e+01
1.272712607753188507e+02 8.777811013165590737e+01
1.272757977516761656e+02 8.780202791834923914e+01
1.272803347280334663e+02 8.784029869436706406e+01
1.272848717043907811e+02 8.786314676687258896e+01
1.272894086807480960e+02 8.788752556809035354e+01
1.272939456571054109e+02 8.790941599883187507e+01
1.272984826334627257e+02 8.794498629312380444e+01
1.273030196098200406e+02 8.796599632682588776e+01
1.273075565861773555e+02 8.800286074008607784e+01
1.273120935625346561e+02 8.803265036192220805e+01
1.273166305388919710e+02 8.803476948341160835e+01
1.273211675152492859e+02 8.806273371127348071e+01
1.273257044916065865e+02 8.809282994117275223e+01
1.273302414679639014e+02 8.812737531985818862e+01
1.273347784443212163e+02 8.815533147589209761e+01
1.273393154206785312e+02 8.817402405060924764e+01
1.273438523970358460e+02 8.820816837624374784e+01
1.273483893733931609e+02 8.822128991164728973e+01
1.273529263497504758e+02 8.824628300922755386e+01
1.273574633261077906e+02 8.828332886335653029e+01
1.273620003024650913e+02 8.831498337110653551e+01
1.273665372788224062e+02 8.834650816341884649e+01
1.273710742551797068e+02 8.838726300672982461e+01
1.273756112315370217e+02 8.841591777400927299e+01
1.273801482078943366e+02 8.844559050460232186e+01
1.273846851842516514e+02 8.848164625572164255e+01
1.273892221606089663e+02 8.848710100443523174e+01
1.273937591369662812e+02 8.850544418868304319e+01
1.273982961133235960e+02 8.853476479539928334e+01
1.274028330896809109e+02 8.853807506001267313e+01
1.274073700660382116e+02 8.857911330317882914e+01
1.274119070423955264e+02 8.859721196968162360e+01
1.274164440187528413e+02 8.862912113887735188e+01
1.274209809951101420e+02 8.867005235042960010e+01
1.274255179714674568e+02 8.871953531206457910e+01
1.274300549478247717e+02 8.875425054129516411e+01
1.274345919241820866e+02 8.878986121837047563e+01
1.274391289005394015e+02 8.882186461638619335e+01
1.274436658768967163e+02 8.885259731325099608e+01
1.274482028532540312e+02 8.888210950848309722e+01
1.274527398296113319e+02 8.889832819663928376e+01
1.274572768059686467e+02 8.891139074921416352e+01
1.274618137823259616e+02 8.892452426677694177e+01
1.274663507586832623e+02 8.894659943505394040e+01
1.274708877350405771e+02 8.897540110438670524e+01
1.274754247113978920e+02 8.898405920042070250e+01
1.274799616877552069e+02 8.899993156417106377e+01
1.274844986641125217e+02 8.902235014167962390e+01
1.274890356404698366e+02 8.905585516331314011e+01
1.274935726168271515e+02 8.908510497910133097e+01
1.274981095931844521e+02 8.911070503108339835e+01
1.275026465695417670e+02 8.912396135024604860e+01
1.275071835458990819e+02 8.914679803485789478e+01
1.275117205222563825e+02 8.917542053492601895e+01
1.275162574986136974e+02 8.922692437503319240e+01
1.275207944749710123e+02 8.926564591545439953e+01
1.275253314513283271e+02 8.930372121381783757e+01
1.275298684276856420e+02 8.930346660178220475e+01
1.275344054040429569e+02 8.930527874405269984e+01
1.275389423804002718e+02 8.932196914388599396e+01
1.275434793567575866e+02 8.935954979592989389e+01
1.275480163331148873e+02 8.938266533676797110e+01
1.275525533094722022e+02 8.940473135614979583e+01
1.275570902858295028e+02 8.941571028980081337e+01
1.275616272621868177e+02 8.944894723137453241e+01
1.275661642385441326e+02 8.948433170813920867e+01
1.275707012149014474e+02 8.954369987733670655e+01
1.275752381912587623e+02 8.960041418437162974e+01
1.275797751676160772e+02 8.963850639175808510e+01
1.275843121439733920e+02 8.967579522923803381e+01
1.275888491203307069e+02 8.970706524767798840e+01
1.275933860966880076e+02 8.972219544230526367e+01
1.275979230730453224e+02 8.972008024790325464e+01
1.276024600494026231e+02 8.972348740415529278e+01
1.276069970257599380e+02 8.973362282038705473e+01
1.276115340021172528e+02 8.973549964373188459e+01
1.276160709784745677e+02 8.976159692097175480e+01
1.276206079548318826e+02 8.980384534710665889e+01
1.276251449311891975e+02 8.984635560821607214e+01
1.276296819075465123e+02 8.988597381868888192e+01
1.276342188839038272e+02 8.993203050113042707e+01
1.276387558602611279e+02 8.996093461171213335e+01
1.276432928366184427e+02 9.000317684059740486e+01
1.276478298129757576e+02 9.003318233905585544e+01
1.276523667893330583e+02 9.005196641884312214e+01
1.276569037656903731e+02 9.006496704212815985e+01
1.276614407420476880e+02 9.007646261725693648e+01
1.276659777184050029e+02 9.010564147280067004e+01
1.276705146947623177e+02 9.012417777847257128e+01
1.276750516711196326e+02 9.015406599103236829e+01
1.276795886474769475e+02 9.017181402595745965e+01
1.276841256238342481e+02 9.020193884672012530e+01
1.276886626001915630e+02 9.023146419459634160e+01
1.276931995765488779e+02 9.025981483219952395e+01
1.276977365529061785e+02 9.030459755755413198e+01
1.277022735292634934e+02 9.033671620193258889e+01
1.277068105056208083e+02 9.038968990602641895e+01
1.277113474819781231e+02 9.042117855614681332e+01
1.277158844583354380e+02 9.046006700797425992e+01
1.277204214346927529e+02 9.047463193357455680e+01
1.277249584110500678e+02 9.049791948030829758e+01
1.277294953874073826e+02 9.051818096498121236e+01
1.277340323637646833e+02 9.052373577156701856e+01
1.277385693401219982e+02 9.057250471732898234e+01
1.277431063164792988e+02 9.061586097736962131e+01
1.277476432928366137e+02 9.066289648861852868e+01
1.277521802691939286e+02 9.070498466950179761e+01
1.277567172455512434e+02 9.073270133545936744e+01
1.277612542219085583e+02 9.075140190571437415e+01
1.277657911982658732e+02 9.077032358942241785e+01
1.277703281746231880e+02 9.079712504812079032e+01
1.277748651509805029e+02 9.084529079579117194e+01
1.277794021273378036e+02 9.086307528720105608e+01
1.277839391036951184e+02 9.087768567511524509e+01
1.277884760800524191e+02 9.090364081622433901e+01
1.277930130564097340e+02 9.090147077780973461e+01
1.277975500327670488e+02 9.094387792482500288e+01
1.278020870091243637e+02 9.097752562865393600e+01
1.278066239854816786e+02 9.100912850999594639e+01
1.278111609618389934e+02 9.102933013090469672e+01
1.278156979381963083e+02 9.103944938340887916e+01
1.278202349145536232e+02 9.105458667112586113e+01
1.278247718909109238e+02 9.106844664944932788e+01
1.278293088672682387e+02 9.106333669275240084e+01
1.278338458436255536e+02 9.108016908494812469e+01
1.278383828199828542e+02 9.109062738669206283e+01
1.278429197963401691e+02 9.112498645149393894e+01
1.278474567726974840e+02 9.116701959372832675e+01
1.278519937490547989e+02 9.120007660159556906e+01
1.278565307254121137e+02 9.121305303371023854e+01
1.278610677017694286e+02 9.124954136346410394e+01
1.278656046781267435e+02 9.129073931986809498e+01
1.278701416544840441e+02 9.130744913544214114e+01
1.278746786308413590e+02 9.132941138129675096e+01
1.278792156071986739e+02 9.136837460212889539e+01
1.278837525835559745e+02 9.138777867474611583e+01
1.278882895599132894e+02 9.140689573499932408e+01
1.278928265362706043e+02 9.144440642471919034e+01
1.278973635126279191e+02 9.146767687823549409e+01
1.279019004889852340e+02 9.149821586110026317e+01
1.279064374653425489e+02 9.153357280692338804e+01
1.279109744416998637e+02 9.157474303056137899e+01
1.279155114180571786e+02 9.159136762039301516e+01
1.279200483944144793e+02 9.162806666026310154e+01
1.279245853707717941e+02 9.163238802350659284e+01
1.279291223471290948e+02 9.163494865823211910e+01
1.279336593234864097e+02 9.165524197674382378e+01
1.279381962998437245e+02 9.168384646142632732e+01
1.279427332762010394e+02 9.171659863937692592e+01
1.279472702525583543e+02 9.173219685499728371e+01
1.279518072289156692e+02 9.177600650528641779e+01
1.279563442052729840e+02 9.180336721153000212e+01
1.279608811816302989e+02 9.182320927471037919e+01
1.279654181579875996e+02 9.186341075613380269e+01
1.279699551343449144e+02 9.189870338911222802e+01
1.279744921107022151e+02 9.192185362334546994e+01
1.279790290870595300e+02 9.195048656428649281e+01
1.279835660634168448e+02 9.199085300689736755e+01
1.279881030397741597e+02 9.200785353924185017e+01
1.279926400161314746e+02 9.202934000458041908e+01
1.279971769924887894e+02 9.202221523929701164e+01
1.280017139688461043e+02 9.204389377965384256e+01
1.280062509452034192e+02 9.205768397012715809e+01
1.280107879215607340e+02 9.210183749303575951e+01
1.280153248979180489e+02 9.212837343690071634e+01
1.280198618742753638e+02 9.215157195034139193e+01
1.280243988506326502e+02 9.216395243355607647e+01
1.280289358269899651e+02 9.218142350907473315e+01
1.280334728033472800e+02 9.219611704348193371e+01
1.280380097797045948e+02 9.221525339635928731e+01
1.280425467560619097e+02 9.224388191408594651e+01
1.280470837324192246e+02 9.225707642996275126e+01
1.280516207087765395e+02 9.228547435911850982e+01
1.280561576851338259e+02 9.230159049376649705e+01
1.280606946614911408e+02 9.233214330213894527e+01
1.280652316378484556e+02 9.234573335070361111e+01
1.280697686142057705e+02 9.237278775329347980e+01
1.280743055905630854e+02 9.240249816294134177e+01
1.280788425669204003e+02 9.243884140484907164e+01
1.280833795432777151e+02 9.247465104608696151e+01
1.280879165196350300e+02 9.252438878292247182e+01
1.280924534959923449e+02 9.257464891736438517e+01
1.280969904723496597e+02 9.259877264455622026e+01
1.281015274487069746e+02 9.261338051620776923e+01
1.281060644250642895e+02 9.265251094358519879e+01
1.281106014014216044e+02 9.265524513761775438e+01
1.281151383777788908e+02 9.268923402336164941e+01
1.281196753541362057e+02 9.272260203702235515e+01
1.281242123304935205e+02 9.273768737903282044e+01
1.281287493068508354e+02 9.275961604903153557e+01
1.281332862832081503e+02 9.277762254376918349e+01
1.281378232595654652e+02 9.278561218865405635e+01
1.281423602359227800e+02 9.280545669273355713e+01
1.281468972122800949e+02 9.282245150962326363e+01
1.281514341886373813e+02 9.283369014713620970e+01
1.281559711649946962e+02 9.287662504348516279e+01
1.281605081413520111e+02 9.290517162444746191e+01
1.281650451177093260e+02 9.294198716677050243e+01
1.281695820940666408e+02 9.297050402654555512e+01
1.281741190704239557e+02 9.299531804023754944e+01
1.281786560467812706e+02 9.303719024003200389e+01
1.281831930231385854e+02 9.307462746954455213e+01
1.281877299994959003e+02 9.311290204575816176e+01
1.281922669758532152e+02 9.317761604143157683e+01
1.281968039522105300e+02 9.322206706924552577e+01
1.282013409285678449e+02 9.327472951468212159e+01
1.282058779049251598e+02 9.330392369835999489e+01
1.282104148812824462e+02 9.334464588335418966e+01
1.282149518576397611e+02 9.337536735273741328e+01
1.282194888339970760e+02 9.337916894121715927e+01
1.282240258103543908e+02 9.338494741124576137e+01
1.282285627867117057e+02 9.339760282324024843e+01
1.282330997630690206e+02 9.341064685246607269e+01
1.282376367394263355e+02 9.343573438696824951e+01
1.282421737157836219e+02 9.348282741077895253e+01
1.282467106921409368e+02 9.352423300351293278e+01
1.282512476684982516e+02 9.356225874026159772e+01
1.282557846448555665e+02 9.359168337025046469e+01
1.282603216212128814e+02 9.362443578099771457e+01
1.282648585975701963e+02 9.365355539430586873e+01
1.282693955739275111e+02 9.364568372902684246e+01
1.282739325502848260e+02 9.367340407281007231e+01
1.282784695266421409e+02 9.369144104850934696e+01
1.282830065029994557e+02 9.371564083375955079e+01
1.282875434793567706e+02 9.373021557939071613e+01
1.282920804557140855e+02 9.376729645685404080e+01
1.282966174320714003e+02 9.377873935650289638e+01
1.283011544084286868e+02 9.380524426722061548e+01
1.283056913847860017e+02 9.385858153981395446e+01
1.283102283611433165e+02 9.389321564869426595e+01
1.283147653375006314e+02 9.392484916453399535e+01
1.283193023138579463e+02 9.394679420701997685e+01
1.283238392902152611e+02 9.398156846011366383e+01
1.283283762665725760e+02 9.401153077870031893e+01
1.283329132429298909e+02 9.403965793617632585e+01
1.283374502192871773e+02 9.405399299133567581e+01
1.283419871956444922e+02 9.407562210512868717e+01
1.283465241720018071e+02 9.408418215091673176e+01
1.283510611483591219e+02 9.409388726459444285e+01
1.283555981247164368e+02 9.412656269606739556e+01
1.283601351010737517e+02 9.413293921415844068e+01
1.283646720774310666e+02 9.417438870431823261e+01
1.283692090537883814e+02 9.423509428781257213e+01
1.283737460301456963e+02 9.426903432135108574e+01
1.283782830065030112e+02 9.433205883425370075e+01
1.283828199828603260e+02 9.437707547020461618e+01
1.283873569592176409e+02 9.442802287701762509e+01
1.283918939355749274e+02 9.443829283055119106e+01
1.283964309119322422e+02 9.446793586828675870e+01
1.284009678882895571e+02 9.448077006149827639e+01
1.284055048646468720e+02 9.448914226420130547e+01
1.284100418410041868e+02 9.451541190748248766e+01
1.284145788173615017e+02 9.454280403355110707e+01
1.284191157937188166e+02 9.456590093427340094e+01
1.284236527700761314e+02 9.460734313227429482e+01
1.284281897464334179e+02 9.466206272951205847e+01
1.284327267227907328e+02 9.468862515814092262e+01
1.284372636991480476e+02 9.469824606542789525e+01
1.284418006755053625e+02 9.472036624196788068e+01
1.284463376518626774e+02 9.475856112371131701e+01
1.284508746282199922e+02 9.477177562423362644e+01
1.284554116045773071e+02 9.479406648866945773e+01
1.284599485809346220e+02 9.483046625274850783e+01
1.284644855572919369e+02 9.483733681143230854e+01
1.284690225336492517e+02 9.486109407053297105e+01
1.284735595100065666e+02 9.488433789139891417e+01
1.284780964863638815e+02 9.491576155896345313e+01
1.284826334627211963e+02 9.494515937350537627e+01
1.284871704390784828e+02 9.496912056301447080e+01
1.284917074154357977e+02 9.499696739415672653e+01
1.284962443917931125e+02 9.502079827293748338e+01
1.285007813681504274e+02 9.504310236847069859e+01
1.285053183445077423e+02 9.507807761924679824e+01
1.285098553208650571e+02 9.510307215484918686e+01
1.285143922972223720e+02 9.515543107639105358e+01
1.285189292735796869e+02 9.521498123628829546e+01
1.285234662499369733e+02 9.525842561360485661e+01
1.285280032262942882e+02 9.529732314404044757e+01
1.285325402026516031e+02 9.531553221253801667e+01
1.285370771790089179e+02 9.532371846013451488e+01
1.285416141553662328e+02 9.535612765013993908e+01
1.285461511317235477e+02 9.538839381550012320e+01
1.285506881080808625e+02 9.540907526740802780e+01
1.285552250844381774e+02 9.544304910232462191e+01
1.285597620607954923e+02 9.546410641350168191e+01
1.285642990371528072e+02 9.549201962275395772e+01
1.285688360135101220e+02 9.553324651424080116e+01
1.285733729898674369e+02 9.556439825339465699e+01
1.285779099662247233e+02 9.559252702303071203e+01
1.285824469425820382e+02 9.562776951023315064e+01
1.285869839189393531e+02 9.565048638826371530e+01
1.285915208952966680e+02 9.569560383639314693e+01
1.285960578716539828e+02 9.568707993495952735e+01
1.286005948480112977e+02 9.571627676324423817e+01
1.286051318243686126e+02 9.575268705363745880e+01
1.286096688007259274e+02 9.576791154295482045e+01
1.286142057770832139e+02 9.580846705346434078e+01
1.286187427534405288e+02 9.585309002642054566e+01
1.286232797297978436e+02 9.586398107310513694e+01
1.286278167061551585e+02 9.590199319657456556e+01
1.286323536825124734e+02 9.591607666671822585e+01
1.286368906588697882e+02 9.592535534122899321e+01
1.286414276352271031e+02 9.594805463534424916e+01
1.286459646115844180e+02 9.597819606642865153e+01
1.286505015879417329e+02 9.599713437136098548e+01
1.286550385642990477e+02 9.603264504310764949e+01
1.286595755406563626e+02 9.605921363488144493e+01
1.286641125170136775e+02 9.609406753935657264e+01
1.286686494933709923e+02 9.612937152141050490e+01
1.286731864697282788e+02 9.616207089312071332e+01
1.286777234460855937e+02 9.621803025358003936e+01
1.286822604224429085e+02 9.622807349709383118e+01
1.286867973988002234e+02 9.625076792886638088e+01
1.286913343751575383e+02 9.627747805123640035e+01
1.286958713515148531e+02 9.630444346575552572e+01
1.287004083278721680e+02 9.632829910784789718e+01
1.287049453042294829e+02 9.635534496637457380e+01
1.287094822805867693e+02 9.638883878551523310e+01
1.287140192569440842e+02 9.643094967653452443e+01
1.287185562333013991e+02 9.645910608518730101e+01
1.287230932096587139e+02 9.649807524768193900e+01
1.287276301860160288e+02 9.652848989804334678e+01
1.287321671623733437e+02 9.654245771843781654e+01
1.287367041387306585e+02 9.657703339453797753e+01
1.287412411150879734e+02 9.661778553019802018e+01
1.287457780914452883e+02 9.664997314341738388e+01
1.287503150678026032e+02 9.668445523584571788e+01
1.287548520441599180e+02 9.670450146606179942e+01
1.287593890205172329e+02 9.672007977494811826e+01
1.287639259968745193e+02 9.673148029190359409e+01
1.287684629732318342e+02 9.676293215012832150e+01
1.287729999495891491e+02 9.679869609742560499e+01
1.287775369259464640e+02 9.679354075927795975e+01
1.287820739023037788e+02 9.681107855269959828e+01
1.287866108786610937e+02 9.684555233667488494e+01
1.287911478550184086e+02 9.686670045224582282e+01
1.287956848313757234e+02 9.691422456339951452e+01
1.288002218077330099e+02 9.690320755206548142e+01
1.288047587840903248e+02 9.691864536747917214e+01
1.288092957604476396e+02 9.692664325533587544e+01
1.288138327368049545e+02 9.694968970185098556e+01
1.288183697131622694e+02 9.695219487733326957e+01
1.288229066895195842e+02 9.698711663982631137e+01
1.288274436658768991e+02 9.698746253867197709e+01
1.288319806422342140e+02 9.703525079348192151e+01
1.288365176185915288e+02 9.708164625058157071e+01
1.288410545949488437e+02 9.709652316232687497e+01
1.288455915713061586e+02 9.713360836774249663e+01
1.288501285476634735e+02 9.713831762397818181e+01
1.288546655240207883e+02 9.717404899678344066e+01
1.288592025003780748e+02 9.719863964064862216e+01
1.288637394767353896e+02 9.722753521953121947e+01
1.288682764530927045e+02 9.724891459148082618e+01
1.288728134294500194e+02 9.727432113208185172e+01
1.288773504058073343e+02 9.730086452046280954e+01
1.288818873821646491e+02 9.733527111827621070e+01
1.288864243585219640e+02 9.736723931227953699e+01
1.288909613348792789e+02 9.737986432759677768e+01
1.288954983112365653e+02 9.741641135709684818e+01
1.289000352875938802e+02 9.744050859445867729e+01
1.289045722639511951e+02 9.746716439290531753e+01
1.289091092403085099e+02 9.748419264842651444e+01
1.289136462166658248e+02 9.750390710938742700e+01
1.289181831930231397e+02 9.751053998389488697e+01
1.289227201693804545e+02 9.756297685384606666e+01
1.289272571457377694e+02 9.758537260885955789e+01
1.289317941220950843e+02 9.760627330575552207e+01
1.289363310984523991e+02 9.764975874860553517e+01
1.289408680748097140e+02 9.768126870142347684e+01
1.289454050511670289e+02 9.773210770101211153e+01
1.289499420275243153e+02 9.777464068517161877e+01
1.289544790038816302e+02 9.782737056423847832e+01
1.289590159802389451e+02 9.786549992038123946e+01
1.289635529565962599e+02 9.788885065699621180e+01
1.289680899329535748e+02 9.787868731065091765e+01
1.289726269093108897e+02 9.791043062397926633e+01
1.289771638856682046e+02 9.794518470484899808e+01
1.289817008620255194e+02 9.795620543428861993e+01
1.289862378383828059e+02 9.799590199019588965e+01
1.289907748147401207e+02 9.802160243767222880e+01
1.289953117910974356e+02 9.802441589317903947e+01
1.289998487674547505e+02 9.805687527281601490e+01
1.290043857438120654e+02 9.810230779623039155e+01
1.290089227201693802e+02 9.813873924403551996e+01
1.290134596965266951e+02 9.816959501414180522e+01
1.290179966728840100e+02 9.818888462003626216e+01
1.290225336492413248e+02 9.822303897933538508e+01
1.290270706255986397e+02 9.823565491800655991e+01
1.290316076019559546e+02 9.825511059295530458e+01
1.290361445783132694e+02 9.827337410430341436e+01
1.290406815546705843e+02 9.830579020467398266e+01
1.290452185310278708e+02 9.832802880654206490e+01
1.290497555073851856e+02 9.838167764228765577e+01
1.290542924837425005e+02 9.839354860875607756e+01
1.290588294600998154e+02 9.841216380928300111e+01
1.290633664364571302e+02 9.843972264926632931e+01
1.290679034128144451e+02 9.845669370280016608e+01
1.290724403891717600e+02 9.847604469555818696e+01
1.290769773655290464e+02 9.850707353785234943e+01
1.290815143418863613e+02 9.854709587029161355e+01
1.290860513182436762e+02 9.855688199651324055e+01
1.290905882946009910e+02 9.858865709590071447e+01
1.290951252709583059e+02 9.860626672144728389e+01
1.290996622473156208e+02 9.860671326792976288e+01
1.291041992236729357e+02 9.862959875020104050e+01
1.291087362000302505e+02 9.864777793155509755e+01
1.291132731763875654e+02 9.867622006605955676e+01
1.291178101527448803e+02 9.870569581001795711e+01
1.291223471291021951e+02 9.875056188979192484e+01
1.291268841054595100e+02 9.879069626028798723e+01
1.291314210818168249e+02 9.880709959922099017e+01
1.291359580581741113e+02 9.884425309815165406e+01
1.291404950345314262e+02 9.885953239116446412e+01
1.291450320108887411e+02 9.888560245577338037e+01
1.291495689872460559e+02 9.892042567527633423e+01
1.291541059636033708e+02 9.895549785316804048e+01
1.291586429399606857e+02 9.897352885887713114e+01
1.291631799163180006e+02 9.901054304079407586e+01
1.291677168926753154e+02 9.903806723184759164e+01
1.291722538690326019e+02 9.907576378878131607e+01
1.291767908453899167e+02 9.911370880448014020e+01
1.291813278217472316e+02 9.916749358487558652e+01
1.291858647981045465e+02 9.920981638224147048e+01
1.291904017744618614e+02 9.923307199986760452e+01
1.291949387508191762e+02 9.924833206656477103e+01
1.291994757271764911e+02 9.927839052004010512e+01
1.292040127035338060e+02 9.930641303840513956e+01
1.292085496798911208e+02 9.934552471000654350e+01
1.292130866562484357e+02 9.936944769674708766e+01
1.292176236326057506e+02 9.941902779396619394e+01
1.292221606089630654e+02 9.945661486789984451e+01
1.292266975853203803e+02 9.949071597252385857e+01
1.292312345616776668e+02 9.955025034562763153e+01
1.292357715380349816e+02 9.958068907263624681e+01
1.292403085143922965e+02 9.959205728093593279e+01
1.292448454907496114e+02 9.960951359231306412e+01
1.292493824671069262e+02 9.964619228792291494e+01
1.292539194434642411e+02 9.969817430444268780e+01
1.292584564198215560e+02 9.972902044219794959e+01
1.292629933961788424e+02 9.977441623915781577e+01
1.292675303725361573e+02 9.979417666393771924e+01
1.292720673488934722e+02 9.982807272129029741e+01
1.292766043252507870e+02 9.985059428454026431e+01
1.292811413016081019e+02 9.988731520965505695e+01
1.292856782779654168e+02 9.990207407047230959e+01
1.292902152543227317e+02 9.992084155713332905e+01
1.292947522306800465e+02 9.993674319565826636e+01
1.292992892070373614e+02 9.995755268834770391e+01
1.293038261833946763e+02 9.997672746673993061e+01
1.293083631597519911e+02 1.000018573992298769e+02
1.293129001361093060e+02 1.000451494858796906e+02
1.293174371124666209e+02 1.000698226121986920e+02
1.293219740888239073e+02 1.001020825496583342e+02
1.293265110651812222e+02 1.001231345347335377e+02
1.293310480415385371e+02 1.001589575400473962e+02
1.293355850178958519e+02 1.001795128039749727e+02
1.293401219942531668e+02 1.002184225784718166e+02
1.293446589706104817e+02 1.002381707420385624e+02
1.293491959469677965e+02 1.002709265575025768e+02
1.293537329233251114e+02 1.002933921829467465e+02
1.293582698996823979e+02 1.003275249812380139e+02
1.293628068760397127e+02 1.003706815433950794e+02
1.293673438523970276e+02 1.004067043080831638e+02
1.293718808287543425e+02 1.004579599132877377e+02
1.293764178051116573e+02 1.004795142591784725e+02
1.293809547814689722e+02 1.004992608543114301e+02
1.293854917578262871e+02 1.005200458137625787e+02
1.293900287341836020e+02 1.005403513518686367e+02
1.293945657105409168e+02 1.005484426794838981e+02
1.293991026868982317e+02 1.005723624889679684e+02
1.294036396632555466e+02 1.006022314055779248e+02
1.294081766396128614e+02 1.006416499120868338e+02
1.294127136159701763e+02 1.006766891278762870e+02
1.294172505923274628e+02 1.006915919205652727e+02
1.294217875686847776e+02 1.007310307889432295e+02
1.294263245450420925e+02 1.007589742064314891e+02
1.294308615213994074e+02 1.007863635002127722e+02
1.294353984977567222e+02 1.008233029253845530e+02
1.294399354741140371e+02 1.008651249656123809e+02
1.294444724504713520e+02 1.008898457859277329e+02
1.294490094268286384e+02 1.009532297542176877e+02
1.294535464031859533e+02 1.009887162400992935e+02
1.294580833795432682e+02 1.010316191126449326e+02
1.294626203559005830e+02 1.010681754242473858e+02
1.294671573322578979e+02 1.011094729617593373e+02
1.294716943086152128e+02 1.011526505012378578e+02
1.294762312849725276e+02 1.011852651565542942e+02
1.294807682613298425e+02 1.011830168894633459e+02
1.294853052376871574e+02 1.012074011939773044e+02
1.294898422140444723e+02 1.012219700325576355e+02
1.294943791904017871e+02 1.012521230226456197e+02
1.294989161667591020e+02 1.012958372710657073e+02
1.295034531431164169e+02 1.013395229452867596e+02
1.295079901194737033e+02 1.013704534251189671e+02
1.295125270958310182e+02 1.013723037735391017e+02
1.295170640721883331e+02 1.014103748348208853e+02
1.295216010485456479e+02 1.014400843262925207e+02
1.295261380249029628e+02 1.014703349056726580e+02
1.295306750012602777e+02 1.015015999996492440e+02
1.295352119776175925e+02 1.015562303818020240e+02
1.295397489539749074e+02 1.015909857371499356e+02
1.295442859303321939e+02 1.016484481031911287e+02
1.295488229066895087e+02 1.016804081597060474e+02
1.295533598830468236e+02 1.017131840711388691e+02
1.295578968594041385e+02 1.017133961747384348e+02
1.295624338357614533e+02 1.017353758065846279e+02
1.295669708121187682e+02 1.017769481086445325e+02
1.295715077884760831e+02 1.018017166623312306e+02
1.295760447648333979e+02 1.018317611073187692e+02
1.295805817411907128e+02 1.018642114766937539e+02
1.295851187175480277e+02 1.018854887026125482e+02
1.295896556939053426e+02 1.019297911161611836e+02
1.295941926702626574e+02 1.019474126583508422e+02
1.295987296466199723e+02 1.019585112505414060e+02
1.296032666229772587e+02 1.019855587916748476e+02
1.296078035993345736e+02 1.020029584202750499e+02
1.296123405756918885e+02 1.020393638697886871e+02
1.296168775520492034e+02 1.020638847537175735e+02
1.296214145284065182e+02 1.020826117200268044e+02
1.296259515047638331e+02 1.021116575190982445e+02
1.296304884811211480e+02 1.021600496403629990e+02
1.296350254574784344e+02 1.022079274479228417e+02
1.296395624338357493e+02 1.022676437714910378e+02
1.296440994101930642e+02 1.023106359682341946e+02
1.296486363865503790e+02 1.023494266989741277e+02
1.296531733629076939e+02 1.023632229781746616e+02
1.296577103392650088e+02 1.023589783067386065e+02
1.296622473156223236e+02 1.023792024078933309e+02
1.296667842919796385e+02 1.023826996466316359e+02
1.296713212683369534e+02 1.023962143108953171e+02
1.296758582446942683e+02 1.024346895415917658e+02
1.296803952210515831e+02 1.024618953264842816e+02
1.296849321974088980e+02 1.025208059180102538e+02
1.296894691737662129e+02 1.025550834124814799e+02
1.296940061501234993e+02 1.025895432580440456e+02
1.296985431264808142e+02 1.026295279076870202e+02
1.297030801028381291e+02 1.026592883499165794e+02
1.297076170791954439e+02 1.026970069256385614e+02
1.297121540555527588e+02 1.027284459227876141e+02
1.297166910319100737e+02 1.027481494392674080e+02
1.297212280082673885e+02 1.027657034160762208e+02
1.297257649846247034e+02 1.027808860779667697e+02
1.297303019609819899e+02 1.028169475300931310e+02
1.297348389373393047e+02 1.028602918857145454e+02
1.297393759136966196e+02 1.028715367035916017e+02
1.297439128900539345e+02 1.028991046383696499e+02
1.297484498664112493e+02 1.029317910194825316e+02
1.297529868427685642e+02 1.029624751836683885e+02
1.297575238191258791e+02 1.029696642389671979e+02
1.297620607954831939e+02 1.029934830873509242e+02
1.297665977718405088e+02 1.030071782656125237e+02
1.297711347481978237e+02 1.030243258808038576e+02
1.297756717245551386e+02 1.030580466142668854e+02
1.297802087009124534e+02 1.030926830517560973e+02
1.297847456772697683e+02 1.031358472802532873e+02
1.297892826536270547e+02 1.031578482803191434e+02
1.297938196299843696e+02 1.032088715115854569e+02
1.297983566063416845e+02 1.032300875495036223e+02
1.298028935826989994e+02 1.032650905558602403e+02
1.298074305590563142e+02 1.032808964097475553e+02
1.298119675354136291e+02 1.033286071856272201e+02
1.298165045117709440e+02 1.033586741341215145e+02
1.298210414881282304e+02 1.034188341732148473e+02
1.298255784644855453e+02 1.034501971139371790e+02
1.298301154408428602e+02 1.034647475453706704e+02
1.298346524172001750e+02 1.034778895620346901e+02
1.298391893935574899e+02 1.035003934665598848e+02
1.298437263699148048e+02 1.035405666278327885e+02
1.298482633462721196e+02 1.035745817617815163e+02
1.298528003226294345e+02 1.036405177846311005e+02
1.298573372989867494e+02 1.036431527176193157e+02
1.298618742753440642e+02 1.036806335296343775e+02
1.298664112517013791e+02 1.036869280734779863e+02
1.298709482280586940e+02 1.037243184316167373e+02
1.298754852044160089e+02 1.037406883199258516e+02
1.298800221807732953e+02 1.037767284491199575e+02
1.298845591571306102e+02 1.037810028312181174e+02
1.298890961334879250e+02 1.038015238139121692e+02
1.298936331098452399e+02 1.038175784149505603e+02
1.298981700862025548e+02 1.038461228013278230e+02
1.299027070625598697e+02 1.038716690225336947e+02
1.299072440389171845e+02 1.039144143454683444e+02
1.299117810152744994e+02 1.039472854707098151e+02
1.299163179916317858e+02 1.039813685575383317e+02
1.299208549679891007e+02 1.040214832003796488e+02
1.299253919443464156e+02 1.040748944968988354e+02
1.299299289207037305e+02 1.041048271438696986e+02
1.299344658970610453e+02 1.041340091520791873e+02
1.299390028734183602e+02 1.041458642281521492e+02
1.299435398497756751e+02 1.041555408259455220e+02
1.299480768261329899e+02 1.041619121653572222e+02
1.299526138024903048e+02 1.041682522270589288e+02
1.299571507788476197e+02 1.041972791430375338e+02
1.299616877552049345e+02 1.042312075792818433e+02
1.299662247315622494e+02 1.042594041650630885e+02
1.299707617079195643e+02 1.043137637965585043e+02
1.299752986842768507e+02 1.043569047078831034e+02
1.299798356606341656e+02 1.043875195302875767e+02
1.299843726369914805e+02 1.044229498888760190e+02
1.299889096133487953e+02 1.044458625844589221e+02
1.299934465897061102e+02 1.044784629623225669e+02
1.299979835660634251e+02 1.044958551549425749e+02
1.300025205424207400e+02 1.045381266934425639e+02
1.300070575187780264e+02 1.045451234002398024e+02
1.300115944951353413e+02 1.045872365115180145e+02
1.300161314714926561e+02 1.046183871986834930e+02
1.300206684478499710e+02 1.046719759452294056e+02
1.300252054242072859e+02 1.047123086575269468e+02
1.300297424005646008e+02 1.047639980090098248e+02
1.300342793769219156e+02 1.047910322112844170e+02
1.300388163532792305e+02 1.048201475468549972e+02
1.300433533296365454e+02 1.048663760191550978e+02
1.300478903059938602e+02 1.048746680177912083e+02
1.300524272823511751e+02 1.048986440677416851e+02
1.300569642587084900e+02 1.049230709689251455e+02
1.300615012350658048e+02 1.049450519112980089e+02
1.300660382114230913e+02 1.049618155925621181e+02
1.300705751877804062e+02 1.049806818589425035e+02
1.300751121641377210e+02 1.050054746304663240e+02
1.300796491404950359e+02 1.050272130806321371e+02
1.300841861168523508e+02 1.050347531531501630e+02
1.300887230932096656e+02 1.050654000205330050e+02
1.300932600695669805e+02 1.050929766097989955e+02
1.300977970459242954e+02 1.051310479283157662e+02
1.301023340222815818e+02 1.051737093331152977e+02
1.301068709986388967e+02 1.052143868181146615e+02
1.301114079749962116e+02 1.052429613637738299e+02
1.301159449513535264e+02 1.052777314364184207e+02
1.301204819277108413e+02 1.053134959961619614e+02
1.301250189040681562e+02 1.053499637626184864e+02
1.301295558804254711e+02 1.054122456132183885e+02
1.301340928567827859e+02 1.054572485241855020e+02
1.301386298331401008e+02 1.054868898338564804e+02
1.301431668094974157e+02 1.055267514695821660e+02
1.301477037858547305e+02 1.055603894738157038e+02
1.301522407622120454e+02 1.055920042936869692e+02
1.301567777385693319e+02 1.056236674996722229e+02
1.301613147149266467e+02 1.056706683695976920e+02
1.301658516912839616e+02 1.057113234905660164e+02
1.301703886676412765e+02 1.057419497155697883e+02
1.301749256439985913e+02 1.057848236935335109e+02
1.301794626203559062e+02 1.058228356354819510e+02
1.301839995967132211e+02 1.058349352526216194e+02
1.301885365730705360e+02 1.058607331555637927e+02
1.301930735494278224e+02 1.059002808330962040e+02
1.301976105257851373e+02 1.059210519124688261e+02
1.302021475021424521e+02 1.059412311908033928e+02
1.302066844784997670e+02 1.059607430174027769e+02
1.302112214548570819e+02 1.060005209998091971e+02
1.302157584312143968e+02 1.060185684830025536e+02
1.302202954075717116e+02 1.060590937242045584e+02
1.302248323839290265e+02 1.060902142411158735e+02
1.302293693602863414e+02 1.061424516885175962e+02
1.302339063366436562e+02 1.061727517919538428e+02
1.302384433130009711e+02 1.062258322322707045e+02
1.302429802893582860e+02 1.062760953674610533e+02
1.302475172657156008e+02 1.062926355205287052e+02
1.302520542420728873e+02 1.063257254186092524e+02
1.302565912184302022e+02 1.063489125872326042e+02
1.302611281947875170e+02 1.063827802495317769e+02
1.302656651711448319e+02 1.064103759211617444e+02
1.302702021475021468e+02 1.064436195361151505e+02
1.302747391238594616e+02 1.064619899388887916e+02
1.302792761002167765e+02 1.064840682735342483e+02
1.302838130765740914e+02 1.065199497922381937e+02
1.302883500529313778e+02 1.065727603396087915e+02
1.302928870292886927e+02 1.065819841746760517e+02
1.302974240056460076e+02 1.066158750604636367e+02
1.303019609820033224e+02 1.066239068500683089e+02
1.303064979583606373e+02 1.066661428795613062e+02
1.303110349347179522e+02 1.066912879391107225e+02
1.303155719110752671e+02 1.067261228036532827e+02
1.303201088874325819e+02 1.067727643366894483e+02
1.303246458637898968e+02 1.068008646981751326e+02
1.303291828401472117e+02 1.068066519859423664e+02
1.303337198165045265e+02 1.068256263780890549e+02
1.303382567928618414e+02 1.068594863828307666e+02
1.303427937692191279e+02 1.068754623960986549e+02
1.303473307455764427e+02 1.069196875097428716e+02
1.303518677219337576e+02 1.069464250100202065e+02
1.303564046982910725e+02 1.069999925619777628e+02
1.303609416746483873e+02 1.070130511056779170e+02
1.303654786510057022e+02 1.070572142782493046e+02
1.303700156273630171e+02 1.070831252799509343e+02
1.303745526037203319e+02 1.071070300093472980e+02
1.303790895800776184e+02 1.071267982088777870e+02
1.303836265564349333e+02 1.071717078361822360e+02
1.303881635327922481e+02 1.072021442049145890e+02
1.303927005091495630e+02 1.072140293670820199e+02
1.303972374855068779e+02 1.072460370189878347e+02
1.304017744618641927e+02 1.072775077976761935e+02
1.304063114382215076e+02 1.073068059103772072e+02
1.304108484145788225e+02 1.073275613031988058e+02
1.304153853909361374e+02 1.073736736705005512e+02
1.304199223672934522e+02 1.074367382537160864e+02
1.304244593436507671e+02 1.074618364120059510e+02
1.304289963200080820e+02 1.075133098248223575e+02
1.304335332963653968e+02 1.075564267069905355e+02
1.304380702727226833e+02 1.075857808948316290e+02
1.304426072490799982e+02 1.076165609232558751e+02
1.304471442254373130e+02 1.076713421349007547e+02
1.304516812017946279e+02 1.077262434509483882e+02
1.304562181781519428e+02 1.077509837751239132e+02
1.304607551545092576e+02 1.077729256261107906e+02
1.304652921308665725e+02 1.077934955098859433e+02
1.304698291072238874e+02 1.078195869069514430e+02
1.304743660835811738e+02 1.078306689431145600e+02
1.304789030599384887e+02 1.078588835009429374e+02
1.304834400362958036e+02 1.078781446917040228e+02
1.304879770126531184e+02 1.079230191084349002e+02
1.304925139890104333e+02 1.079409844991393754e+02
1.304970509653677482e+02 1.079848990395916246e+02
1.305015879417250630e+02 1.080287667251638482e+02
1.305061249180823779e+02 1.080477350741707880e+02
1.305106618944396928e+02 1.080914334132580308e+02
1.305151988707970077e+02 1.081318706109497327e+02
1.305197358471543225e+02 1.081588300198697681e+02
1.305242728235116374e+02 1.082137748533238977e+02
1.305288097998689238e+02 1.082584169902820150e+02
1.305333467762262387e+02 1.082778234283474319e+02
1.305378837525835536e+02 1.083049985877203198e+02
1.305424207289408685e+02 1.083392048221793402e+02
1.305469577052981833e+02 1.083588267836491070e+02
1.305514946816554982e+02 1.083948958166802328e+02
1.305560316580128131e+02 1.084154393599886106e+02
1.305605686343701279e+02 1.084392727941539789e+02
1.305651056107274144e+02 1.084392730150020299e+02
1.305696425870847293e+02 1.084658291168864821e+02
1.305741795634420441e+02 1.084725431419661135e+02
1.305787165397993590e+02 1.084925141056758520e+02
1.305832535161566739e+02 1.085169235554526779e+02
1.305877904925139887e+02 1.085502822542875236e+02
1.305923274688713036e+02 1.085837148559351988e+02
1.305968644452286185e+02 1.086091768249673351e+02
1.306014014215859333e+02 1.086358691557293668e+02
1.306059383979432482e+02 1.086723761750386501e+02
1.306104753743005631e+02 1.087030271202713720e+02
1.306150123506578780e+02 1.087334358936299736e+02
1.306195493270151928e+02 1.087555424544451341e+02
1.306240863033724793e+02 1.087781514961168057e+02
1.306286232797297941e+02 1.087715258964813501e+02
1.306331602560871090e+02 1.088194449100131465e+02
1.306376972324444239e+02 1.088440491938007568e+02
1.306422342088017388e+02 1.088912776186062530e+02
1.306467711851590536e+02 1.089138226566510781e+02
1.306513081615163685e+02 1.089597997510948488e+02
1.306558451378736834e+02 1.089838402313714738e+02
1.306603821142309698e+02 1.090211586572384590e+02
1.306649190905882847e+02 1.090466281270437037e+02
1.306694560669455996e+02 1.090934406681681281e+02
1.306739930433029144e+02 1.091205489186930606e+02
1.306785300196602293e+02 1.091565921867844935e+02
1.306830669960175442e+02 1.091860481214247045e+02
1.306876039723748590e+02 1.091892255874131479e+02
1.306921409487321739e+02 1.092170887528455694e+02
1.306966779250894888e+02 1.092649255618837145e+02
1.307012149014468037e+02 1.093088427327413115e+02
1.307057518778041185e+02 1.093472759373601093e+02
1.307102888541614334e+02 1.094146067770931694e+02
1.307148258305187198e+02 1.094634940154950868e+02
1.307193628068760347e+02 1.094997446555507565e+02
1.307238997832333496e+02 1.095552728528754756e+02
1.307284367595906645e+02 1.095712903817003081e+02
1.307329737359479793e+02 1.095885263758328847e+02
1.307375107123052942e+02 1.096129027038792429e+02
1.307420476886626091e+02 1.096314799089565781e+02
1.307465846650199239e+02 1.096409048558961814e+02
1.307511216413772104e+02 1.096624710141365142e+02
1.307556586177345253e+02 1.096487573681463488e+02
1.307601955940918401e+02 1.096447881176213173e+02
1.307647325704491550e+02 1.096583421122717112e+02
1.307692695468064699e+02 1.096645965257784496e+02
1.307738065231637847e+02 1.096860575879201605e+02
1.307783434995210996e+02 1.097229125031056327e+02
1.307828804758784145e+02 1.097584217123340267e+02
1.307874174522357293e+02 1.098061966960810736e+02
1.307919544285930442e+02 1.098491970445403751e+02
1.307964914049503591e+02 1.098757674379052389e+02
1.308010283813076740e+02 1.098956821296447970e+02
1.308055653576649888e+02 1.099437223623985460e+02
1.308101023340222753e+02 1.099848951142934794e+02
1.308146393103795901e+02 1.100328956417043429e+02
1.308191762867369050e+02 1.100675229380777012e+02
1.308237132630942199e+02 1.101152518458221294e+02
1.308282502394515348e+02 1.101404840437883905e+02
1.308327872158088496e+02 1.101805758698359057e+02
1.308373241921661645e+02 1.101815302934676311e+02
1.308418611685234509e+02 1.102188186318903291e+02
1.308463981448807658e+02 1.102246507965800220e+02
1.308509351212380807e+02 1.102628107946929532e+02
1.308554720975953956e+02 1.102990017744127442e+02
1.308600090739527104e+02 1.103386293488421046e+02
1.308645460503100253e+02 1.103589132014517418e+02
1.308690830266673402e+02 1.103569855314659094e+02
1.308736200030246550e+02 1.103705342999255805e+02
1.308781569793819699e+02 1.104154590251932291e+02
1.308826939557392848e+02 1.104465520897365280e+02
1.308872309320965996e+02 1.105090467506390297e+02
1.308917679084539145e+02 1.105562862237818536e+02
1.308963048848112294e+02 1.105916011753700445e+02
1.309008418611685158e+02 1.106367489228421874e+02
1.309053788375258307e+02 1.106738599275357160e+02
1.309099158138831456e+02 1.106973838449425642e+02
1.309144527902404604e+02 1.107259718593094959e+02
1.309189897665977753e+02 1.107417839155660886e+02
1.309235267429550902e+02 1.107832125140940320e+02
1.309280637193124051e+02 1.108034853955772121e+02
1.309326006956697199e+02 1.108372695199220601e+02
1.309371376720270064e+02 1.108731021253562119e+02
1.309416746483843212e+02 1.109048904423007258e+02
1.309462116247416361e+02 1.109274138750768230e+02
1.309507486010989510e+02 1.109649342172223072e+02
1.309552855774562659e+02 1.110049094180646847e+02
1.309598225538135807e+02 1.110270312561452357e+02
1.309643595301708956e+02 1.110610026130801060e+02
1.309688965065282105e+02 1.110810675375399512e+02
1.309734334828855253e+02 1.111155929587302040e+02
1.309779704592428402e+02 1.111593057367016399e+02
1.309825074356001551e+02 1.111944429466451254e+02
1.309870444119574699e+02 1.112273556141855977e+02
1.309915813883147848e+02 1.112424302651435113e+02
1.309961183646720713e+02 1.112489423996604785e+02
1.310006553410293861e+02 1.112743740533767181e+02
1.310051923173867010e+02 1.113043780956714528e+02
1.310097292937440159e+02 1.113353388309997456e+02
1.310142662701013307e+02 1.113563392977023909e+02
1.310188032464586456e+02 1.113788817233001822e+02
1.310233402228159605e+02 1.113983737596045245e+02
1.310278771991732469e+02 1.114317660604986031e+02
1.310324141755305618e+02 1.114711758421383081e+02
1.310369511518878767e+02 1.115251889588348178e+02
1.310414881282451915e+02 1.115667881927441698e+02
1.310460251046025064e+02 1.116020241853689186e+02
1.310505620809598213e+02 1.116528177427320401e+02
1.310550990573171362e+02 1.116895162444193943e+02
1.310596360336744510e+02 1.117202308253287555e+02
1.310641730100317659e+02 1.117392642930207813e+02
1.310687099863890808e+02 1.117623941082564016e+02
1.310732469627463956e+02 1.117715280943632763e+02
1.310777839391037105e+02 1.118070474166998167e+02
1.310823209154610254e+02 1.118282228374944651e+02
1.310868578918183118e+02 1.118855489761969721e+02
1.310913948681756267e+02 1.119268279205913643e+02
1.310959318445329416e+02 1.119595437007664600e+02
1.311004688208902564e+02 1.119919547719915869e+02
1.311050057972475713e+02 1.120296194167623582e+02
1.311095427736048862e+02 1.120534514257836349e+02
1.311140797499622010e+02 1.120898152552182268e+02
1.311186167263195159e+02 1.121576067073372087e+02
1.311231537026768024e+02 1.121758028618580312e+02
1.311276906790341172e+02 1.122155299473885464e+02
1.311322276553914321e+02 1.122296039539239558e+02
1.311367646317487470e+02 1.122663886092199732e+02
1.311413016081060618e+02 1.122684386418511906e+02
1.311458385844633767e+02 1.123225320355332570e+02
1.311503755608206916e+02 1.123721346643726235e+02
1.311549125371780065e+02 1.124086801786483534e+02
1.311594495135353213e+02 1.124437733333702312e+02
1.311639864898926362e+02 1.124616735717630149e+02
1.311685234662499511e+02 1.124916585206346440e+02
1.311730604426072659e+02 1.124949868720476474e+02
1.311775974189645808e+02 1.125563807786362247e+02
1.311821343953218673e+02 1.125790953699474670e+02
1.311866713716791821e+02 1.126198459841874779e+02
1.311912083480364970e+02 1.126363635646350616e+02
1.311957453243938119e+02 1.126793989708583581e+02
1.312002823007511267e+02 1.126963289680638240e+02
1.312048192771084416e+02 1.127234745510263139e+02
1.312093562534657565e+02 1.127701055100983609e+02
1.312138932298230429e+02 1.127963913653393178e+02
1.312184302061803578e+02 1.128332103872846801e+02
1.312229671825376727e+02 1.128648158962306098e+02
1.312275041588949875e+02 1.128989521042112045e+02
1.312320411352523024e+02 1.129169250378992473e+02
1.312365781116096173e+02 1.129583778988558720e+02
1.312411150879669322e+02 1.130173305994388357e+02
1.312456520643242470e+02 1.130525268963824459e+02
1.312501890406815619e+02 1.130768420978235014e+02
1.312547260170388768e+02 1.131081102047986064e+02
1.312592629933961916e+02 1.131198608169006690e+02
1.312637999697535065e+02 1.131396317885739791e+02
1.312683369461108214e+02 1.131800054426891080e+02
1.312728739224681078e+02 1.132271333096861241e+02
1.312774108988254227e+02 1.132739404518096933e+02
1.312819478751827376e+02 1.132953762161835982e+02
1.312864848515400524e+02 1.133353932017160020e+02
1.312910218278973673e+02 1.133458694626931589e+02
1.312955588042546822e+02 1.133753111886853873e+02
1.313000957806119970e+02 1.134197382760406470e+02
1.313046327569693119e+02 1.134650151786872385e+02
1.313091697333265984e+02 1.135027762559027167e+02
1.313137067096839132e+02 1.135477378061664382e+02
1.313182436860412281e+02 1.135632777089493999e+02
1.313227806623985430e+02 1.135847129091768863e+02
1.313273176387558578e+02 1.136141419024936567e+02
1.313318546151131727e+02 1.136157525530592380e+02
1.313363915914704876e+02 1.136583061004177893e+02
1.313409285678278025e+02 1.136696683500274503e+02
1.313454655441851173e+02 1.137104118690018595e+02
1.313500025205424322e+02 1.137526454027988763e+02
1.313545394968997471e+02 1.138130455631906273e+02
1.313590764732570619e+02 1.138517281297215931e+02
1.313636134496143768e+02 1.138828539536046378e+02
1.313681504259716633e+02 1.139081348464546295e+02
1.313726874023289781e+02 1.139374079194062972e+02
1.313772243786862930e+02 1.139546735781367062e+02
1.313817613550436079e+02 1.139846372251935520e+02
1.313862983314009227e+02 1.140039703418566290e+02
1.313908353077582376e+02 1.140446070746430678e+02
1.313953722841155525e+02 1.140802192681313016e+02
1.313999092604728389e+02 1.141023845621107995e+02
1.314044462368301538e+02 1.141527132546847980e+02
1.314089832131874687e+02 1.142015025269942043e+02
1.314135201895447835e+02 1.142087861908256059e+02
1.314180571659020984e+02 1.142352007565701086e+02
1.314225941422594133e+02 1.142726849050891929e+02
1.314271311186167281e+02 1.143017196699582598e+02
1.314316680949740430e+02 1.143462416595067168e+02
1.314362050713313579e+02 1.143604654398492784e+02
1.314407420476886728e+02 1.143881905781792341e+02
1.314452790240459876e+02 1.144195883824407218e+02
1.314498160004033025e+02 1.144459278245893046e+02
1.314543529767606174e+02 1.144626610095063910e+02
1.314588899531179038e+02 1.144921702115371005e+02
1.314634269294752187e+02 1.145147030012254277e+02
1.314679639058325336e+02 1.145476475633121964e+02
1.314725008821898484e+02 1.146054915187618377e+02
1.314770378585471633e+02 1.146404010793984725e+02
1.314815748349044782e+02 1.146707984045497852e+02
1.314861118112617930e+02 1.147058138100115912e+02
1.314906487876191079e+02 1.147470220277569268e+02
1.314951857639763944e+02 1.147872953380274481e+02
1.314997227403337092e+02 1.148398113052936793e+02
1.315042597166910241e+02 1.148987805047252948e+02
1.315087966930483390e+02 1.149367610558859667e+02
1.315133336694056538e+02 1.149683363632004358e+02
1.315178706457629687e+02 1.150109838485634839e+02
1.315224076221202836e+02 1.150408630821898868e+02
1.315269445984775984e+02 1.150692726998531157e+02
1.315314815748349133e+02 1.151344586285184022e+02
1.315360185511922282e+02 1.151698403674849800e+02
1.315405555275495431e+02 1.152182137940508255e+02
1.315450925039068579e+02 1.152525691146014424e+02
1.315496294802641728e+02 1.152874001539884148e+02
1.315541664566214592e+02 1.152922730774372440e+02
1.315587034329787741e+02 1.153331658296484221e+02
1.315632404093360890e+02 1.153489439482982704e+02
1.315677773856934039e+02 1.153635059999222250e+02
1.315723143620507187e+02 1.154074709655452295e+02
1.315768513384080336e+02 1.154360936587136308e+02
1.315813883147653485e+02 1.154780520713030398e+02
1.315859252911226349e+02 1.154854904936085376e+02
1.315904622674799498e+02 1.155101063302910092e+02
1.315949992438372647e+02 1.155236191425036480e+02
1.315995362201945795e+02 1.155486607627453708e+02
1.316040731965518944e+02 1.155730094235348702e+02
1.316086101729092093e+02 1.155987018069373136e+02
1.316131471492665241e+02 1.156407779542764871e+02
1.316176841256238390e+02 1.156526537339760949e+02
1.316222211019811539e+02 1.157041828266326178e+02
1.316267580783384687e+02 1.157234397381958644e+02
1.316312950546957836e+02 1.157595603991043021e+02
1.316358320310530985e+02 1.158028901232318759e+02
1.316403690074104134e+02 1.158390810677714171e+02
1.316449059837676998e+02 1.158856192464093340e+02
1.316494429601250147e+02 1.159030392284579420e+02
1.316539799364823295e+02 1.159279082627751620e+02
1.316585169128396444e+02 1.159670910846055136e+02
1.316630538891969593e+02 1.160023457803003453e+02
1.316675908655542742e+02 1.160287704068214794e+02
1.316721278419115890e+02 1.160759805397675564e+02
1.316766648182689039e+02 1.160996933454385811e+02
1.316812017946261903e+02 1.161510716061016524e+02
1.316857387709835052e+02 1.161918634410466069e+02
1.316902757473408201e+02 1.162119047019914859e+02
1.316948127236981350e+02 1.162479642270124458e+02
1.316993497000554498e+02 1.162673576186105890e+02
1.317038866764127647e+02 1.162963748540508533e+02
1.317084236527700796e+02 1.163244620239037062e+02
1.317129606291273944e+02 1.163364584796180736e+02
1.317174976054847093e+02 1.163546693903145979e+02
1.317220345818420242e+02 1.163798705969593357e+02
1.317265715581993391e+02 1.164101834319967423e+02
1.317311085345566539e+02 1.164691791252513866e+02
1.317356455109139688e+02 1.165043920059976870e+02
1.317401824872712552e+02 1.165304085163536314e+02
1.317447194636285701e+02 1.165715438074668810e+02
1.317492564399858850e+02 1.166152236965238700e+02
1.317537934163431999e+02 1.166491527035878306e+02
1.317583303927005147e+02 1.166809123650387079e+02
1.317628673690578296e+02 1.167270542488786305e+02
1.317674043454151445e+02 1.167610579966541735e+02
1.317719413217724309e+02 1.167942693839075474e+02
1.317764782981297458e+02 1.168098060224950530e+02
1.317810152744870607e+02 1.168418526360539147e+02
1.317855522508443755e+02 1.168564227030902458e+02
1.317900892272016904e+02 1.168986978023484653e+02
1.317946262035590053e+02 1.169279660490384174e+02
1.317991631799163201e+02 1.169462835803002321e+02
1.318037001562736350e+02 1.169727837437639835e+02
1.318082371326309499e+02 1.169942789665612963e+02
1.318127741089882647e+02 1.170105168309871573e+02
1.318173110853455796e+02 1.170436645968353133e+02
1.318218480617028945e+02 1.170938177151093527e+02
1.318263850380602094e+02 1.171297645638086209e+02
1.318309220144174958e+02 1.171782849606968711e+02
1.318354589907748107e+02 1.172334006636298369e+02
1.318399959671321255e+02 1.172750972099546090e+02
1.318445329434894404e+02 1.173017368527858935e+02
1.318490699198467553e+02 1.173402702053885349e+02
1.318536068962040702e+02 1.173613629318697065e+02
1.318581438725613850e+02 1.173953196176422011e+02
1.318626808489186999e+02 1.174389652281061842e+02
1.318672178252759863e+02 1.174864869937166958e+02
1.318717548016333012e+02 1.175079500359569522e+02
1.318762917779906161e+02 1.175430984440676667e+02
1.318808287543479310e+02 1.175678729933517559e+02
1.318853657307052458e+02 1.175932256541307197e+02
1.318899027070625607e+02 1.176094340991633942e+02
1.318944396834198756e+02 1.176247265460273468e+02
1.318989766597771904e+02 1.176467203081893302e+02
1.319035136361345053e+02 1.176650873372698811e+02
1.319080506124918202e+02 1.177057268097605629e+02
1.319125875888491350e+02 1.177188752466885688e+02
1.319171245652064499e+02 1.177693494381745722e+02
1.319216615415637364e+02 1.178054698200011075e+02
1.319261985179210512e+02 1.178611288271080610e+02
1.319307354942783661e+02 1.179019692785423530e+02
1.319352724706356810e+02 1.179415203000260419e+02
1.319398094469929958e+02 1.179557901265563657e+02
1.319443464233503107e+02 1.179652721247617109e+02
1.319488833997076256e+02 1.179763333604119993e+02
1.319534203760649405e+02 1.179865592855610430e+02
1.319579573524222269e+02 1.180199165643691686e+02
1.319624943287795418e+02 1.180546045027364954e+02
1.319670313051368566e+02 1.181121785246967448e+02
1.319715682814941715e+02 1.181400503729815767e+02
1.319761052578514864e+02 1.181821311899648208e+02
1.319806422342088013e+02 1.181953130878576985e+02
1.319851792105661161e+02 1.182229959893453213e+02
1.319897161869234310e+02 1.182646107384685195e+02
1.319942531632807459e+02 1.182901166430046516e+02
1.319987901396380607e+02 1.183270393143715467e+02
1.320033271159953756e+02 1.183550784251238071e+02
1.320078640923526905e+02 1.183763546658703660e+02
1.320124010687100053e+02 1.183798575456523423e+02
1.320169380450672918e+02 1.184056141418954411e+02
1.320214750214246067e+02 1.184326590446873411e+02
1.320260119977819215e+02 1.184763057141013576e+02
1.320305489741392364e+02 1.185143319094428449e+02
1.320350859504965513e+02 1.185485020094090203e+02
1.320396229268538661e+02 1.185703355625805102e+02
1.320441599032111810e+02 1.186103218555203966e+02
1.320486968795684959e+02 1.186380176882652790e+02
1.320532338559257823e+02 1.186813416221426110e+02
1.320577708322830972e+02 1.187198029411017757e+02
1.320623078086404121e+02 1.187384588405255386e+02
1.320668447849977269e+02 1.187625950338380818e+02
1.320713817613550418e+02 1.187922230359297657e+02
1.320759187377123567e+02 1.188289421609022725e+02
1.320804557140696716e+02 1.188510973107624551e+02
1.320849926904269864e+02 1.188793334724580006e+02
1.320895296667843013e+02 1.189020555295180657e+02
1.320940666431416162e+02 1.189321891840063756e+02
1.320986036194989310e+02 1.189654799416725410e+02
1.321031405958562459e+02 1.189958510348828469e+02
1.321076775722135324e+02 1.190309111027923450e+02
1.321122145485708472e+02 1.190806287232172878e+02
1.321167515249281621e+02 1.190985479880917239e+02
1.321212885012854770e+02 1.191246691771660693e+02
1.321258254776427918e+02 1.191464292857948806e+02
1.321303624540001067e+02 1.191736329437424757e+02
1.321348994303574216e+02 1.192145645316649478e+02
1.321394364067147364e+02 1.192581520612273636e+02
1.321439733830720229e+02 1.192976755841424819e+02
1.321485103594293378e+02 1.193295949472979061e+02
1.321530473357866526e+02 1.193605323937758840e+02
1.321575843121439675e+02 1.193988572250133302e+02
1.321621212885012824e+02 1.194200104722123257e+02
1.321666582648585972e+02 1.194509801701018290e+02
1.321711952412159121e+02 1.194942434618326388e+02
1.321757322175732270e+02 1.195136764402113556e+02
1.321802691939305419e+02 1.195424327824386097e+02
1.321848061702878567e+02 1.195734490049209597e+02
1.321893431466451716e+02 1.196141850300642062e+02
1.321938801230024865e+02 1.196802963307608820e+02
1.321984170993598013e+02 1.197158855135033093e+02
1.322029540757170878e+02 1.197428157938203270e+02
1.322074910520744027e+02 1.197655783581309521e+02
1.322120280284317175e+02 1.197973200034263925e+02
1.322165650047890324e+02 1.198224874599135887e+02
1.322211019811463473e+02 1.198607446925664703e+02
1.322256389575036621e+02 1.198721019621298325e+02
1.322301759338609770e+02 1.199099141949477172e+02
1.322347129102182919e+02 1.199309204142048344e+02
1.322392498865755783e+02 1.199600695395502754e+02
1.322437868629328932e+02 1.200070009755104081e+02
1.322483238392902081e+02 1.200543555212436644e+02
1.322528608156475229e+02 1.200867199652190465e+02
1.322573977920048378e+02 1.201094151937781191e+02
1.322619347683621527e+02 1.201419752531898411e+02
1.322664717447194676e+02 1.201851972501946193e+02
1.322710087210767824e+02 1.202167327782530748e+02
1.322755456974340973e+02 1.202343248247435952e+02
1.322800826737914122e+02 1.202618412912629111e+02
1.322846196501487270e+02 1.202658529837303547e+02
1.322891566265060419e+02 1.202874759317960667e+02
1.322936936028633284e+02 1.203486928227272301e+02
1.322982305792206432e+02 1.203874821572987202e+02
1.323027675555779581e+02 1.204290770920002416e+02
1.323073045319352730e+02 1.204751285803569658e+02
1.323118415082925878e+02 1.205131148154914058e+02
1.323163784846499027e+02 1.205331221060262550e+02
1.323209154610072176e+02 1.205682137957883100e+02
1.323254524373645324e+02 1.206193083849222489e+02
1.323299894137218189e+02 1.206532318286910055e+02
1.323345263900791338e+02 1.206669754281477651e+02
1.323390633664364486e+02 1.206867898945226472e+02
1.323436003427937635e+02 1.206938995114560385e+02
1.323481373191510784e+02 1.207120090576075881e+02
1.323526742955083932e+02 1.207312601334903945e+02
1.323572112718657081e+02 1.207572509378596095e+02
1.323617482482230230e+02 1.207810652525814987e+02
1.323662852245803379e+02 1.208064646873638139e+02
1.323708222009376527e+02 1.208523057415741704e+02
1.323753591772949676e+02 1.208757499179318273e+02
1.323798961536522825e+02 1.209264448695260370e+02
1.323844331300095973e+02 1.209624208888443206e+02
1.323889701063668838e+02 1.210133128283297026e+02
1.323935070827241987e+02 1.210391902872751899e+02
1.323980440590815135e+02 1.210968989411222339e+02
1.324025810354388284e+02 1.211281691745850111e+02
1.324071180117961433e+02 1.211595987876687275e+02
1.324116549881534581e+02 1.211932512848793948e+02
1.324161919645107730e+02 1.212399716173933086e+02
1.324207289408680879e+02 1.212597869215025526e+02
1.324252659172253743e+02 1.213050208047592378e+02
1.324298028935826892e+02 1.213485235834176450e+02
1.324343398699400041e+02 1.213688197385582015e+02
1.324388768462973189e+02 1.214005308505960841e+02
1.324434138226546338e+02 1.214373709991330230e+02
1.324479507990119487e+02 1.214497103436167862e+02
1.324524877753692635e+02 1.214882844757777036e+02
1.324570247517265784e+02 1.215321273545067697e+02
1.324615617280838933e+02 1.215622457830208134e+02
1.324660987044412082e+02 1.216170723610832169e+02
1.324706356807985230e+02 1.216450952214150192e+02
1.324751726571558379e+02 1.216795988893247227e+02
1.324797096335131243e+02 1.216982219580059024e+02
1.324842466098704392e+02 1.217189629336108396e+02
1.324887835862277541e+02 1.217220837749512299e+02
1.324933205625850690e+02 1.217242974042303132e+02
1.324978575389423838e+02 1.217445676209112690e+02
1.325023945152996987e+02 1.217474068270138332e+02
1.325069314916570136e+02 1.217769490692540870e+02
1.325114684680143284e+02 1.218028852582480965e+02
1.325160054443716149e+02 1.218266989629109247e+02
1.325205424207289298e+02 1.218480014214163276e+02
1.325250793970862446e+02 1.219054922710192415e+02
1.325296163734435595e+02 1.219337569497163116e+02
1.325341533498008744e+02 1.219648271218752171e+02
1.325386903261581892e+02 1.219989228858624557e+02
1.325432273025155041e+02 1.220249068523015552e+02
1.325477642788728190e+02 1.220386196656374267e+02
1.325523012552301338e+02 1.220751403694249859e+02
1.325568382315874487e+02 1.221217356220320340e+02
1.325613752079447636e+02 1.221631318012749290e+02
1.325659121843020785e+02 1.222157851346005231e+02
1.325704491606593933e+02 1.222768323388774121e+02
1.325749861370166798e+02 1.223185631519727679e+02
1.325795231133739946e+02 1.223613123253233397e+02
1.325840600897313095e+02 1.223884117934217670e+02
1.325885970660886244e+02 1.224294994301613144e+02
1.325931340424459393e+02 1.224537300276559932e+02
1.325976710188032541e+02 1.224742707086880102e+02
1.326022079951605690e+02 1.224971262430985206e+02
1.326067449715178554e+02 1.225317440752124298e+02
1.326112819478751703e+02 1.225553981149895435e+02
1.326158189242324852e+02 1.226000468335188032e+02
1.326203559005898001e+02 1.226388923132625592e+02
1.326248928769471149e+02 1.226867279094687575e+02
1.326294298533044298e+02 1.227226477312266866e+02
1.326339668296617447e+02 1.227591780057882289e+02
1.326385038060190595e+02 1.227943614170245468e+02
1.326430407823763744e+02 1.228050399762385325e+02
1.326475777587336893e+02 1.228433521067704959e+02
1.326521147350910041e+02 1.228798022740222819e+02
1.326566517114483190e+02 1.229077207763053110e+02
1.326611886878056339e+02 1.229374614542689557e+02
1.326657256641629203e+02 1.229765588557821729e+02
1.326702626405202352e+02 1.230193807529066419e+02
1.326747996168775501e+02 1.230196341202568249e+02
1.326793365932348649e+02 1.230446780008567060e+02
1.326838735695921798e+02 1.230810274044802384e+02
1.326884105459494947e+02 1.231026569049318624e+02
1.326929475223068096e+02 1.231348804338474139e+02
1.326974844986641244e+02 1.231733768206600388e+02
1.327020214750214109e+02 1.232017619329203910e+02
1.327065584513787257e+02 1.232337377562910632e+02
1.327110954277360406e+02 1.232860281951097647e+02
1.327156324040933555e+02 1.233093065122364322e+02
1.327201693804506704e+02 1.233429582101313997e+02
1.327247063568079852e+02 1.233686375669528985e+02
1.327292433331653001e+02 1.233982922387258157e+02
1.327337803095226150e+02 1.234307407750750940e+02
1.327383172858799298e+02 1.234690072027160284e+02
1.327428542622372447e+02 1.234986347947470620e+02
1.327473912385945596e+02 1.235527799360823877e+02
1.327519282149518745e+02 1.236130431146656292e+02
1.327564651913091893e+02 1.236521699780024761e+02
1.327610021676664758e+02 1.237082290187802585e+02
1.327655391440237906e+02 1.237451059970954788e+02
1.327700761203811055e+02 1.237513789084367062e+02
1.327746130967384204e+02 1.237530192682982033e+02
1.327791500730957353e+02 1.237628490571666191e+02
1.327836870494530501e+02 1.237811090979925552e+02
1.327882240258103650e+02 1.238129059735578892e+02
1.327927610021676514e+02 1.238345777079988750e+02
1.327972979785249663e+02 1.238667691285831580e+02
1.328018349548822812e+02 1.239057235051316326e+02
1.328063719312395961e+02 1.239407436996468732e+02
1.328109089075969109e+02 1.239859424858493924e+02
1.328154458839542258e+02 1.240233328097558569e+02
1.328199828603115407e+02 1.240626009182695952e+02
1.328245198366688555e+02 1.240785056669867572e+02
1.328290568130261704e+02 1.241080300004340558e+02
1.328335937893834853e+02 1.241238884855593056e+02
1.328381307657408001e+02 1.241718280521995723e+02
1.328426677420981150e+02 1.241981342537199851e+02
1.328472047184554299e+02 1.242476626825738037e+02
1.328517416948127163e+02 1.242663903463861459e+02
1.328562786711700312e+02 1.243079864077864300e+02
1.328608156475273461e+02 1.243448131830837724e+02
1.328653526238846609e+02 1.243866124526684303e+02
1.328698896002419758e+02 1.244207236734103503e+02
1.328744265765992907e+02 1.244550895874722301e+02
1.328789635529566056e+02 1.245079832329390399e+02
1.328835005293139204e+02 1.245599196558689954e+02
1.328880375056712069e+02 1.246095644279134831e+02
1.328925744820285217e+02 1.246482166738468464e+02
1.328971114583858366e+02 1.246810712719288716e+02
1.329016484347431515e+02 1.247053804926736831e+02
1.329061854111004664e+02 1.247454545920974738e+02
1.329107223874577812e+02 1.247979955934524554e+02
1.329152593638150961e+02 1.248293238800312679e+02
1.329197963401724110e+02 1.248631779669665463e+02
1.329243333165297258e+02 1.248841025071226198e+02
1.329288702928870407e+02 1.249081746554120684e+02
1.329334072692443556e+02 1.249500163326440969e+02
1.329379442456016704e+02 1.249978037187211157e+02
1.329424812219589853e+02 1.250561920563586256e+02
1.329470181983162718e+02 1.250893997173381251e+02
1.329515551746735866e+02 1.251105221438055821e+02
1.329560921510309015e+02 1.251289270462397809e+02
1.329606291273882164e+02 1.251779653730281296e+02
1.329651661037455312e+02 1.252087237942985212e+02
1.329697030801028461e+02 1.252458565266723269e+02
1.329742400564601610e+02 1.252824932637528548e+02
1.329787770328174474e+02 1.253183390926343606e+02
1.329833140091747623e+02 1.253406019356638694e+02
1.329878509855320772e+02 1.253707489742014189e+02
1.329923879618893920e+02 1.254014423229578341e+02
1.329969249382467069e+02 1.254228961071206641e+02
1.330014619146040218e+02 1.254333896607228382e+02
1.330059988909613367e+02 1.254427869576592087e+02
1.330105358673186515e+02 1.254744899144576067e+02
1.330150728436759664e+02 1.255048629327525305e+02
1.330196098200332813e+02 1.255525534260061562e+02
1.330241467963905961e+02 1.255921382843501988e+02
1.330286837727479110e+02 1.256341461243989670e+02
1.330332207491052259e+02 1.256730817860578782e+02
1.330377577254625123e+02 1.257050231706831056e+02
1.330422947018198272e+02 1.257331579272128010e+02
1.330468316781771421e+02 1.257561675256916232e+02
1.330513686545344569e+02 1.257773313962391768e+02
1.330559056308917718e+02 1.257820370592015564e+02
1.330604426072490867e+02 1.257991076980117384e+02
1.330649795836064015e+02 1.258406552294375444e+02
1.330695165599637164e+02 1.258956437891395836e+02
1.330740535363210029e+02 1.259404211980912578e+02
1.330785905126783177e+02 1.259968050996590847e+02
1.330831274890356326e+02 1.260222905325780118e+02
1.330876644653929475e+02 1.260531048892319035e+02
1.330922014417502623e+02 1.260826671163022183e+02
1.330967384181075772e+02 1.261309744885080590e+02
1.331012753944648921e+02 1.261661478945857766e+02
1.331058123708222070e+02 1.262099006199439089e+02
1.331103493471795218e+02 1.262418276555334842e+02
1.331148863235368367e+02 1.262863547599061178e+02
1.331194232998941516e+02 1.263101440654942849e+02
1.331239602762514664e+02 1.263481887057793642e+02
1.331284972526087813e+02 1.263847555624798673e+02
1.331330342289660678e+02 1.263979802917823321e+02
1.331375712053233826e+02 1.264076292218721420e+02
1.331421081816806975e+02 1.264372044135859880e+02
1.331466451580380124e+02 1.264703891600669152e+02
1.331511821343953272e+02 1.265164931179124324e+02
1.331557191107526421e+02 1.265309141620932536e+02
1.331602560871099570e+02 1.265436813085810002e+02
1.331647930634672434e+02 1.265572311098629399e+02
1.331693300398245583e+02 1.265993588378514119e+02
1.331738670161818732e+02 1.266454137497489967e+02
1.331784039925391880e+02 1.266793117434871050e+02
1.331829409688965029e+02 1.266986922525333483e+02
1.331874779452538178e+02 1.267172571746506264e+02
1.331920149216111326e+02 1.267445275530007081e+02
1.331965518979684475e+02 1.267780219681485789e+02
1.332010888743257624e+02 1.268117224707126383e+02
1.332056258506830773e+02 1.268490181766946989e+02
1.332101628270403921e+02 1.268907572793971781e+02
1.332146998033977070e+02 1.269451929833734027e+02
1.332192367797550219e+02 1.270061070822803373e+02
1.332237737561123083e+02 1.270429653367258140e+02
1.332283107324696232e+02 1.270694098775106085e+02
1.332328477088269381e+02 1.271032537065162131e+02
1.332373846851842529e+02 1.271370482578911805e+02
1.332419216615415678e+02 1.271785162629841466e+02
1.332464586378988827e+02 1.272212126531815244e+02
1.332509956142561975e+02 1.272560662965883296e+02
1.332555325906135124e+02 1.272958621789655638e+02
1.332600695669707989e+02 1.273187175711813666e+02
1.332646065433281137e+02 1.273526617243203276e+02
1.332691435196854286e+02 1.274176113303929867e+02
1.332736804960427435e+02 1.274638433870060794e+02
1.332782174724000583e+02 1.274870048894554344e+02
1.332827544487573732e+02 1.275128315081027210e+02
1.332872914251146881e+02 1.275088172720992787e+02
1.332918284014720030e+02 1.275367122101734338e+02
1.332963653778293178e+02 1.275682618408530971e+02
1.333009023541866327e+02 1.275929649101472734e+02
1.333054393305439476e+02 1.276293081428950700e+02
1.333099763069012624e+02 1.276582377731809430e+02
1.333145132832585773e+02 1.276804550269562810e+02
1.333190502596158638e+02 1.277321753165567770e+02
1.333235872359731786e+02 1.277602726378385114e+02
1.333281242123304935e+02 1.277788665698948307e+02
1.333326611886878084e+02 1.278202300574906332e+02
1.333371981650451232e+02 1.278231941348664407e+02
1.333417351414024381e+02 1.278608016537552174e+02
1.333462721177597530e+02 1.278894734664750814e+02
1.333508090941170394e+02 1.279239325324473242e+02
1.333553460704743543e+02 1.279533536830145835e+02
1.333598830468316692e+02 1.279974640947864231e+02
1.333644200231889840e+02 1.280342003093327605e+02
1.333689569995462989e+02 1.280808525321448315e+02
1.333734939759036138e+02 1.281209777407628110e+02
1.333780309522609286e+02 1.281611491287308411e+02
1.333825679286182435e+02 1.281955559867355987e+02
1.333871049049755584e+02 1.282239015658745132e+02
1.333916418813328733e+02 1.282691577609913054e+02
1.333961788576901881e+02 1.282966086385620486e+02
1.334007158340475030e+02 1.283083309253660218e+02
1.334052528104048179e+02 1.283650646773787685e+02
1.334097897867621043e+02 1.283869442549784594e+02
1.334143267631194192e+02 1.284206059609215345e+02
1.334188637394767341e+02 1.284651635062098762e+02
1.334234007158340489e+02 1.285105379924941076e+02
1.334279376921913638e+02 1.285498278993925965e+02
1.334324746685486787e+02 1.285625559038361416e+02
1.334370116449059935e+02 1.285813885465165924e+02
1.334415486212633084e+02 1.286088208855370851e+02
1.334460855976205949e+02 1.286316127240549463e+02
1.334506225739779097e+02 1.286702940996806603e+02
1.334551595503352246e+02 1.286958947470574799e+02
1.334596965266925395e+02 1.287263715729161220e+02
1.334642335030498543e+02 1.287889109198198412e+02
1.334687704794071692e+02 1.288194319902550262e+02
1.334733074557644841e+02 1.288528344375119445e+02
1.334778444321217989e+02 1.288996580748990937e+02
1.334823814084791138e+02 1.289328201314835667e+02
1.334869183848364287e+02 1.289553581897366428e+02
1.334914553611937436e+02 1.289872461638512675e+02
1.334959923375510584e+02 1.290324748921761113e+02
1.335005293139083733e+02 1.290721337612022239e+02
1.335050662902656597e+02 1.291260093299627556e+02
1.335096032666229746e+02 1.291579893697321779e+02
1.335141402429802895e+02 1.291986102494620638e+02
1.335186772193376044e+02 1.292161437317448929e+02
1.335232141956949192e+02 1.292605472092897685e+02
1.335277511720522341e+02 1.293010416877833961e+02
1.335322881484095490e+02 1.293446741496640300e+02
1.335368251247668354e+02 1.293660786472596840e+02
1.335413621011241503e+02 1.294234774791900691e+02
1.335458990774814652e+02 1.294619456829026092e+02
1.335504360538387800e+02 1.295162834164659955e+02
1.335549730301960949e+02 1.295415656803645561e+02
1.335595100065534098e+02 1.295764071448718653e+02
1.335640469829107246e+02 1.296134945250603892e+02
1.335685839592680395e+02 1.296476053299244597e+02
1.335731209356253544e+02 1.296950464369151916e+02
1.335776579119826692e+02 1.297374836590174141e+02
1.335821948883399841e+02 1.297576988103140820e+02
1.335867318646972990e+02 1.297983929636633889e+02
1.335912688410546139e+02 1.298298865021071720e+02
1.335958058174119003e+02 1.298814902381330114e+02
1.336003427937692152e+02 1.299343936446652492e+02
1.336048797701265300e+02 1.299452423628279121e+02
1.336094167464838449e+02 1.299519942462336530e+02
1.336139537228411598e+02 1.299523940334829319e+02
1.336184906991984747e+02 1.299868416871220518e+02
1.336230276755557895e+02 1.300135733822174018e+02
1.336275646519131044e+02 1.300719985784456014e+02
1.336321016282703908e+02 1.301142454447428918e+02
1.336366386046277057e+02 1.301564124242699165e+02
1.336411755809850206e+02 1.301863747726976328e+02
1.336457125573423355e+02 1.302166133393547511e+02
1.336502495336996503e+02 1.302584964464952293e+02
1.336547865100569652e+02 1.302931531055984919e+02
1.336593234864142801e+02 1.303286998830496088e+02
1.336638604627715949e+02 1.303643140144503434e+02
1.336683974391289098e+02 1.304075743635711433e+02
1.336729344154862247e+02 1.304332480611090830e+02
1.336774713918435395e+02 1.304659797773942671e+02
1.336820083682008544e+02 1.304821812424330290e+02
1.336865453445581409e+02 1.305021501294629900e+02
1.336910823209154557e+02 1.305258646067489963e+02
1.336956192972727706e+02 1.305674092146045950e+02
1.337001562736300855e+02 1.306154591020419673e+02
1.337046932499874003e+02 1.306508649555227066e+02
1.337092302263447152e+02 1.306956624829261671e+02
1.337137672027020301e+02 1.307212330084902021e+02
1.337183041790593450e+02 1.307575988789401435e+02
1.337228411554166314e+02 1.307878784161486863e+02
1.337273781317739463e+02 1.308257732839699941e+02
1.337319151081312611e+02 1.308434843657323938e+02
1.337364520844885760e+02 1.308598887877633956e+02
1.337409890608458909e+02 1.308865593833630783e+02
1.337455260372032058e+02 1.309077133570166040e+02
1.337500630135605206e+02 1.309356994152053915e+02
1.337545999899178355e+02 1.309668212603596373e+02
1.337591369662751504e+02 1.309791842559694715e+02
1.337636739426324652e+02 1.310125888085433985e+02
1.337682109189897801e+02 1.310724109393540857e+02
1.337727478953470950e+02 1.311210967118360600e+02
1.337772848717044099e+02 1.311779877283248936e+02
1.337818218480616963e+02 1.312062942190323156e+02
1.337863588244190112e+02 1.312405695846008200e+02
1.337908958007763260e+02 1.312660334783098222e+02
1.337954327771336409e+02 1.313222363733082432e+02
1.337999697534909558e+02 1.313776148137377504e+02
1.338045067298482707e+02 1.314402333663746560e+02
1.338090437062055855e+02 1.314717057852572282e+02
1.338135806825629004e+02 1.315125464001818045e+02
1.338181176589201868e+02 1.315356340834179889e+02
1.338226546352775017e+02 1.315420355041301548e+02
1.338271916116348166e+02 1.315781116043694965e+02
1.338317285879921315e+02 1.315994902768046586e+02
1.338362655643494463e+02 1.316416988689178709e+02
1.338408025407067612e+02 1.317013873446256298e+02
1.338453395170640761e+02 1.317400532633891146e+02
1.338498764934213909e+02 1.317694829239414958e+02
1.338544134697787058e+02 1.317947057671693756e+02
1.338589504461360207e+02 1.318327641144657605e+02
1.338634874224933355e+02 1.318731264893189064e+02
1.338680243988506504e+02 1.319011408701369987e+02
1.338725613752079369e+02 1.319411144057721117e+02
1.338770983515652517e+02 1.319875543574853793e+02
1.338816353279225666e+02 1.320173987466548624e+02
1.338861723042798815e+02 1.320420965632733896e+02
1.338907092806371963e+02 1.320869170675610462e+02
1.338952462569945112e+02 1.321153321056948471e+02
1.338997832333518261e+02 1.321559939831164456e+02
1.339043202097091410e+02 1.321854405001850239e+02
1.339088571860664274e+02 1.322303975340212503e+02
1.339133941624237423e+02 1.322798618418684669e+02
1.339179311387810571e+02 1.323248998273443249e+02
1.339224681151383720e+02 1.323760520134531475e+02
1.339270050914956869e+02 1.323854411197107481e+02
1.339315420678530018e+02 1.324344718354701058e+02
1.339360790442103166e+02 1.324737710912611419e+02
1.339406160205676315e+02 1.325114695318863198e+02
1.339451529969249464e+02 1.325439007633544577e+02
1.339496899732822612e+02 1.325913719562056770e+02
1.339542269496395761e+02 1.326332212264215684e+02
1.339587639259968910e+02 1.326695980619806221e+02
1.339633009023542058e+02 1.327106108238070306e+02
1.339678378787114923e+02 1.327446908239552670e+02
1.339723748550688072e+02 1.327921650205032051e+02
1.339769118314261220e+02 1.328205112369708729e+02
1.339814488077834369e+02 1.328721572150259647e+02
1.339859857841407518e+02 1.329093002856737087e+02
1.339905227604980666e+02 1.329653655445344498e+02
1.339950597368553815e+02 1.329924055406419541e+02
1.339995967132126964e+02 1.330491225513397069e+02
1.340041336895699828e+02 1.330693010502749019e+02
1.340086706659272977e+02 1.330922823975908500e+02
1.340132076422846126e+02 1.331087441330270451e+02
1.340177446186419274e+02 1.331345360881556417e+02
1.340222815949992423e+02 1.331680089096903998e+02
1.340268185713565572e+02 1.332067952548494816e+02
1.340313555477138721e+02 1.332407442126051649e+02
1.340358925240711869e+02 1.332566576927441986e+02
1.340404295004285018e+02 1.332685353440928395e+02
1.340449664767858167e+02 1.332579579271752550e+02
1.340495034531431315e+02 1.332906058805657779e+02
1.340540404295004464e+02 1.333431183534636659e+02
1.340585774058577329e+02 1.333799950105592984e+02
1.340631143822150477e+02 1.334264542003807037e+02
1.340676513585723626e+02 1.334551411501947484e+02
1.340721883349296775e+02 1.334909666152550756e+02
1.340767253112869923e+02 1.335112680620639196e+02
1.340812622876443072e+02 1.335522150268476196e+02
1.340857992640016221e+02 1.336073149857477631e+02
1.340903362403589369e+02 1.336502875703101836e+02
1.340948732167162234e+02 1.337067615631542310e+02
1.340994101930735383e+02 1.337601088078059490e+02
1.341039471694308531e+02 1.338247945415522224e+02
1.341084841457881680e+02 1.338695440768712217e+02
1.341130211221454829e+02 1.339087951485587951e+02
1.341175580985027977e+02 1.339473424060142861e+02
1.341220950748601126e+02 1.339926863064041243e+02
1.341266320512174275e+02 1.340157696458308010e+02
1.341311690275747424e+02 1.340410843661674960e+02
1.341357060039320572e+02 1.340640587501772529e+02
1.341402429802893721e+02 1.340743819163401724e+02
1.341447799566466870e+02 1.340815016202507479e+02
1.341493169330040018e+02 1.341109960395139069e+02
1.341538539093612883e+02 1.341605284876343944e+02
1.341583908857186032e+02 1.341837851643377633e+02
1.341629278620759180e+02 1.341968827135542313e+02
1.341674648384332329e+02 1.342153953083779356e+02
1.341720018147905478e+02 1.342503155799482784e+02
1.341765387911478626e+02 1.342957047402235276e+02
1.341810757675051775e+02 1.343302321864783551e+02
1.341856127438624924e+02 1.343970654765938946e+02
1.341901497202197788e+02 1.344367461821901486e+02
1.341946866965770937e+02 1.344854934487455296e+02
1.341992236729344086e+02 1.345242067573815063e+02
1.342037606492917234e+02 1.345673882429189234e+02
1.342082976256490383e+02 1.346038255883348143e+02
1.342128346020063532e+02 1.346286569483570190e+02
1.342173715783636680e+02 1.346737825309051573e+02
1.342219085547209829e+02 1.346966019081234833e+02
1.342264455310782978e+02 1.347174701381747468e+02
1.342309825074356127e+02 1.347448263539756397e+02
1.342355194837929275e+02 1.347662420109296022e+02
1.342400564601502424e+02 1.347848100478496747e+02
1.342445934365075288e+02 1.348307437920871337e+02
1.342491304128648437e+02 1.348533327224999709e+02
1.342536673892221586e+02 1.348938715263550421e+02
1.342582043655794735e+02 1.349367219590467073e+02
1.342627413419367883e+02 1.349756917397377265e+02
1.342672783182941032e+02 1.350212685881564028e+02
1.342718152946514181e+02 1.350692419961683584e+02
1.342763522710087329e+02 1.351049714304845963e+02
1.342808892473660194e+02 1.351363242419488699e+02
1.342854262237233343e+02 1.351715831777042354e+02
1.342899632000806491e+02 1.351995494961410884e+02
1.342945001764379640e+02 1.352221855233294150e+02
1.342990371527952789e+02 1.352569446020232533e+02
1.343035741291525937e+02 1.352824813751664692e+02
1.343081111055099086e+02 1.353014069901387302e+02
1.343126480818672235e+02 1.353488821118342287e+02
1.343171850582245384e+02 1.353764417892008396e+02
1.343217220345818532e+02 1.354010229841600790e+02
1.343262590109391681e+02 1.354312607417531353e+02
1.343307959872964830e+02 1.354731471456628924e+02
1.343353329636537978e+02 1.354876727134787870e+02
1.343398699400110843e+02 1.355293515866540588e+02
1.343444069163683992e+02 1.355742765175128000e+02
1.343489438927257140e+02 1.356194160677316631e+02
1.343534808690830289e+02 1.356604299584251407e+02
1.343580178454403438e+02 1.357189216130323928e+02
1.343625548217976586e+02 1.357679427785762414e+02
1.343670917981549735e+02 1.358343412802594514e+02
1.343716287745122600e+02 1.358591352162627004e+02
1.343761657508695748e+02 1.358622569200581722e+02
1.343807027272268897e+02 1.358800857581155128e+02
1.343852397035842046e+02 1.358993576614810479e+02
1.343897766799415194e+02 1.359231447467263934e+02
1.343943136562988343e+02 1.359493111571348152e+02
1.343988506326561492e+02 1.359911933638717301e+02
1.344033876090134640e+02 1.360077724808741948e+02
1.344079245853707789e+02 1.360369221243150832e+02
1.344124615617280938e+02 1.360544541967873897e+02
1.344169985380854087e+02 1.360954378241741551e+02
1.344215355144427235e+02 1.361337517672003514e+02
1.344260724908000384e+02 1.361862430756432332e+02
1.344306094671573248e+02 1.362505148985208336e+02
1.344351464435146397e+02 1.363001076493067103e+02
1.344396834198719546e+02 1.363359074286253474e+02
1.344442203962292695e+02 1.363744402282897283e+02
1.344487573725865843e+02 1.364325752000924581e+02
1.344532943489438992e+02 1.364748183173725522e+02
1.344578313253012141e+02 1.365131528572134130e+02
1.344623683016585289e+02 1.365465379648452711e+02
1.344669052780158154e+02 1.365713308021765044e+02
1.344714422543731303e+02 1.365935012973384062e+02
1.344759792307304451e+02 1.366300222281654442e+02
1.344805162070877600e+02 1.366443929731639173e+02
1.344850531834450749e+02 1.366813121668777455e+02
1.344895901598023897e+02 1.367061601419428314e+02
1.344941271361597046e+02 1.367565123456211325e+02
1.344986641125170195e+02 1.367857846949756606e+02
1.345032010888743343e+02 1.368312318105866439e+02
1.345077380652316492e+02 1.368681550951982615e+02
1.345122750415889641e+02 1.369068565637618633e+02
1.345168120179462790e+02 1.369472770477703705e+02
1.345213489943035938e+02 1.369884450083816887e+02
1.345258859706608803e+02 1.370222017601056734e+02
1.345304229470181951e+02 1.370353398884770115e+02
1.345349599233755100e+02 1.370754878201745157e+02
1.345394968997328249e+02 1.371169018326920082e+02
1.345440338760901398e+02 1.371596537115756007e+02
1.345485708524474546e+02 1.372066014476185103e+02
1.345531078288047695e+02 1.372446936298621836e+02
1.345576448051620559e+02 1.372808369033297993e+02
1.345621817815193708e+02 1.373240398325484648e+02
1.345667187578766857e+02 1.373702271428749384e+02
1.345712557342340006e+02 1.374076772624148930e+02
1.345757927105913154e+02 1.374553387824134063e+02
1.345803296869486303e+02 1.374881033568653095e+02
1.345848666633059452e+02 1.375269897512680473e+02
1.345894036396632600e+02 1.375539245738924876e+02
1.345939406160205749e+02 1.375988796385836679e+02
1.345984775923778898e+02 1.376333165767693743e+02
1.346030145687352046e+02 1.376560762933913509e+02
1.346075515450925195e+02 1.376944438207609664e+02
1.346120885214498344e+02 1.377311305803783341e+02
1.346166254978071208e+02 1.377451888615491384e+02
1.346211624741644357e+02 1.377750349882076932e+02
1.346256994505217506e+02 1.377914524319207601e+02
1.346302364268790654e+02 1.378213988763717168e+02
1.346347734032363803e+02 1.378630375048741996e+02
1.346393103795936952e+02 1.378921047005709681e+02
1.346438473559510101e+02 1.379076339461360590e+02
1.346483843323083249e+02 1.379269930231164096e+02
1.346529213086656114e+02 1.379454304959748470e+02
1.346574582850229262e+02 1.379717101773657930e+02
1.346619952613802411e+02 1.379994181490712606e+02
1.346665322377375560e+02 1.380499719328874448e+02
1.346710692140948709e+02 1.380990165908748111e+02
1.346756061904521857e+02 1.381389107039876478e+02
1.346801431668095006e+02 1.381773530095736362e+02
1.346846801431668155e+02 1.381973549913702470e+02
1.346892171195241303e+02 1.382215677814315313e+02
1.346937540958814452e+02 1.382583822349773754e+02
1.346982910722387601e+02 1.382991844827841703e+02
1.347028280485960750e+02 1.383398770906179323e+02
1.347073650249533898e+02 1.383696860475199628e+02
1.347119020013106763e+02 1.384143252453957587e+02
1.347164389776679911e+02 1.384539752199184761e+02
1.347209759540253060e+02 1.385020298413521118e+02
1.347255129303826209e+02 1.385597935896234674e+02
1.347300499067399358e+02 1.386030052846903402e+02
1.347345868830972506e+02 1.386400987870404720e+02
1.347391238594545655e+02 1.386793158390014185e+02
1.347436608358118519e+02 1.387038025928201250e+02
1.347481978121691668e+02 1.387367513291778209e+02
1.347527347885264817e+02 1.387730795457997885e+02
1.347572717648837965e+02 1.388192672161191012e+02
1.347618087412411114e+02 1.388467615470674446e+02
1.347663457175984263e+02 1.388768008778985461e+02
1.347708826939557412e+02 1.389170323611161848e+02
1.347754196703130560e+02 1.389626284159035947e+02
1.347799566466703709e+02 1.390110302679668450e+02
1.347844936230276858e+02 1.390504333576317890e+02
1.347890305993850006e+02 1.390965236020992677e+02
1.347935675757423155e+02 1.391458747616991047e+02
1.347981045520996304e+02 1.391921875940440145e+02
1.348026415284569168e+02 1.392280254993487745e+02
1.348071785048142317e+02 1.392812814692482561e+02
1.348117154811715466e+02 1.393019867302120929e+02
1.348162524575288614e+02 1.393152269819300670e+02
1.348207894338861763e+02 1.393537357215135444e+02
1.348253264102434912e+02 1.393728455179854961e+02
1.348298633866008061e+02 1.394051160610096645e+02
1.348344003629581209e+02 1.394453816018085490e+02
1.348389373393154074e+02 1.394783493437695370e+02
1.348434743156727222e+02 1.395096619727088125e+02
1.348480112920300371e+02 1.395374147629765957e+02
1.348525482683873520e+02 1.395536507844958578e+02
1.348570852447446669e+02 1.395731282360990235e+02
1.348616222211019817e+02 1.396013390254894091e+02
1.348661591974592966e+02 1.396381050722563089e+02
1.348706961738166115e+02 1.396850528214156668e+02
1.348752331501739263e+02 1.397360218741410165e+02
1.348797701265312412e+02 1.397592498824279232e+02
1.348843071028885561e+02 1.398206976664630474e+02
1.348888440792458709e+02 1.398566906580785201e+02
1.348933810556031858e+02 1.399047544827373315e+02
1.348979180319604723e+02 1.399637446352980419e+02
1.349024550083177871e+02 1.400114153404029480e+02
1.349069919846751020e+02 1.400545661672751407e+02
1.349115289610324169e+02 1.401031708357827483e+02
1.349160659373897317e+02 1.401453135414847395e+02
1.349206029137470466e+02 1.401892968456157860e+02
1.349251398901043615e+02 1.402507126236668000e+02
1.349296768664616479e+02 1.402873207826784778e+02
1.349342138428189628e+02 1.403327306998506288e+02
1.349387508191762777e+02 1.403373302887940781e+02
1.349432877955335925e+02 1.403727743395195091e+02
1.349478247718909074e+02 1.403927027532701572e+02
1.349523617482482223e+02 1.404261206943456273e+02
1.349568987246055372e+02 1.404648654938902723e+02
1.349614357009628520e+02 1.405227723263463417e+02
1.349659726773201669e+02 1.405831056249853361e+02
1.349705096536774818e+02 1.406463799684402431e+02
1.349750466300347966e+02 1.407016094007624361e+02
1.349795836063921115e+02 1.407277777282964450e+02
1.349841205827494264e+02 1.407957786620519869e+02
1.349886575591067128e+02 1.408339784142418409e+02
1.349931945354640277e+02 1.408835519333084392e+02
1.349977315118213426e+02 1.409247199611334622e+02
1.350022684881786574e+02 1.409906737202965132e+02
1.350068054645359723e+02 1.410247382601208130e+02
1.350113424408932872e+02 1.410695904898837512e+02
1.350158794172506020e+02 1.410983995084950209e+02
1.350204163936079169e+02 1.411400864995903817e+02
1.350249533699652034e+02 1.411865572968364120e+02
1.350294903463225182e+02 1.412251932738884364e+02
1.350340273226798331e+02 1.412711641108867582e+02
1.350385642990371480e+02 1.413033185393282452e+02
1.350431012753944628e+02 1.413141841493835500e+02
1.350476382517517777e+02 1.413394434475152934e+02
1.350521752281090926e+02 1.413707592689060846e+02
1.350567122044664075e+02 1.414098910553147732e+02
1.350612491808237223e+02 1.414654057068325130e+02
1.350657861571810372e+02 1.415133241713422478e+02
1.350703231335383521e+02 1.415721406987444198e+02
1.350748601098956669e+02 1.416039067898154258e+02
1.350793970862529818e+02 1.416603193638853497e+02
1.350839340626102683e+02 1.416807166941224523e+02
1.350884710389675831e+02 1.416992674457151793e+02
1.350930080153248980e+02 1.417318989804819296e+02
1.350975449916822129e+02 1.417571699117711717e+02
1.351020819680395277e+02 1.417772487000627564e+02
1.351066189443968426e+02 1.418183865305076097e+02
1.351111559207541575e+02 1.418744078343929971e+02
1.351156928971114439e+02 1.419194500208452610e+02
1.351202298734687588e+02 1.419751310059747311e+02
1.351247668498260737e+02 1.420241208860806523e+02
1.351293038261833885e+02 1.420846022801099480e+02
1.351338408025407034e+02 1.421124272855217896e+02
1.351383777788980183e+02 1.421486719534117071e+02
1.351429147552553331e+02 1.422012078534810371e+02
1.351474517316126480e+02 1.422548828174568882e+02
1.351519887079699629e+02 1.422862987439162907e+02
1.351565256843272778e+02 1.423239535105249161e+02
1.351610626606845926e+02 1.423681252707503972e+02
1.351655996370419075e+02 1.424070442592779955e+02
1.351701366133992224e+02 1.424469159805487664e+02
1.351746735897565088e+02 1.425170313220203582e+02
1.351792105661138237e+02 1.425734683615535516e+02
1.351837475424711386e+02 1.426201298958472137e+02
1.351882845188284534e+02 1.426540834677292935e+02
1.351928214951857683e+02 1.426903745062761004e+02
1.351973584715430832e+02 1.427317768034643564e+02
1.352018954479003980e+02 1.427804034721330595e+02
1.352064324242577129e+02 1.428191010552900195e+02
1.352109694006149994e+02 1.428699888364275807e+02
1.352155063769723142e+02 1.429241853396043211e+02
1.352200433533296291e+02 1.429782124535153400e+02
1.352245803296869440e+02 1.430426492988050882e+02
1.352291173060442588e+02 1.431022745532665681e+02
1.352336542824015737e+02 1.431415650140629623e+02
1.352381912587588886e+02 1.431869507912791164e+02
1.352427282351162035e+02 1.432161620711191290e+02
1.352472652114735183e+02 1.432570092624792437e+02
1.352518021878308332e+02 1.433025057073022595e+02
1.352563391641881481e+02 1.433577476022841779e+02
1.352608761405454629e+02 1.433956635949639065e+02
1.352654131169027778e+02 1.434330982159015377e+02
1.352699500932600642e+02 1.434622995924947588e+02
1.352744870696173791e+02 1.435014896880738036e+02
1.352790240459746940e+02 1.435358230307308531e+02
1.352835610223320089e+02 1.435849893138548055e+02
1.352880979986893237e+02 1.436383773118971874e+02
1.352926349750466386e+02 1.436801925409708645e+02
1.352971719514039535e+02 1.437492539478483025e+02
1.353017089277612399e+02 1.437760532457215277e+02
1.353062459041185548e+02 1.438106568062686961e+02
1.353107828804758697e+02 1.438497605967948800e+02
1.353153198568331845e+02 1.438960423182974182e+02
1.353198568331904994e+02 1.439336565220956459e+02
1.353243938095478143e+02 1.439857681614035698e+02
1.353289307859051291e+02 1.440593853034956169e+02
1.353334677622624440e+02 1.440974654403719910e+02
1.353380047386197589e+02 1.441423353112855352e+02
1.353425417149770738e+02 1.441906013789948133e+02
1.353470786913343886e+02 1.442126848643974029e+02
1.353516156676917035e+02 1.442547188180963076e+02
1.353561526440490184e+02 1.443097124943936080e+02
1.353606896204063048e+02 1.443680763418898607e+02
1.353652265967636197e+02 1.444112624751823262e+02
1.353697635731209346e+02 1.444479878774079964e+02
1.353743005494782494e+02 1.444866595212048992e+02
1.353788375258355643e+02 1.445402818181015050e+02
1.353833745021928792e+02 1.445782123660368370e+02
1.353879114785501940e+02 1.446371575157304790e+02
1.353924484549075089e+02 1.446712684259323680e+02
1.353969854312647954e+02 1.446964363963527944e+02
1.354015224076221102e+02 1.447427454773267641e+02
1.354060593839794251e+02 1.447994004963437931e+02
1.354105963603367400e+02 1.448546517480661748e+02
1.354151333366940548e+02 1.448997905033250220e+02
1.354196703130513697e+02 1.449334614755084942e+02
1.354242072894086846e+02 1.449842757946645122e+02
1.354287442657659994e+02 1.450287234898199245e+02
1.354332812421233143e+02 1.450698958214528602e+02
1.354378182184806292e+02 1.451116174871807232e+02
1.354423551948379441e+02 1.451563899326348235e+02
1.354468921711952589e+02 1.452112510267022003e+02
1.354514291475525454e+02 1.452488608540349446e+02
1.354559661239098602e+02 1.452938273595420640e+02
1.354605031002671751e+02 1.453418179240763095e+02
1.354650400766244900e+02 1.453793698219348869e+02
1.354695770529818049e+02 1.454283467222851129e+02
1.354741140293391197e+02 1.454741154994106012e+02
1.354786510056964346e+02 1.455171284415856121e+02
1.354831879820537495e+02 1.455489823018384072e+02
1.354877249584110359e+02 1.455857953194295078e+02
1.354922619347683508e+02 1.456158563332271569e+02
1.354967989111256657e+02 1.456483478178974451e+02
1.355013358874829805e+02 1.456773203097689873e+02
1.355058728638402954e+02 1.457196792446942482e+02
1.355104098401976103e+02 1.457400364976436151e+02
1.355149468165549251e+02 1.457787094653356519e+02
1.355194837929122400e+02 1.458190648264366018e+02
1.355240207692695549e+02 1.458597738774402615e+02
1.355285577456268697e+02 1.458995908425883954e+02
1.355330947219841846e+02 1.459513616870183057e+02
1.355376316983414995e+02 1.459934172256760974e+02
1.355421686746988144e+02 1.460397063655349257e+02
1.355467056510561008e+02 1.460981672245411289e+02
1.355512426274134157e+02 1.461558711488947893e+02
1.355557796037707305e+02 1.462051946307896344e+02
1.355603165801280454e+02 1.462254009982476646e+02
1.355648535564853603e+02 1.462515805889666467e+02
1.355693905328426752e+02 1.462878090445209409e+02
1.355739275091999900e+02 1.463152189495719426e+02
1.355784644855573049e+02 1.463692798324838122e+02
1.355830014619145913e+02 1.463966248935510635e+02
1.355875384382719062e+02 1.464509496678798826e+02
1.355920754146292211e+02 1.464860163139925646e+02
1.355966123909865360e+02 1.465314083899816069e+02
1.356011493673438508e+02 1.465550204280595779e+02
1.356056863437011657e+02 1.466132368307424088e+02
1.356102233200584806e+02 1.466625667987277382e+02
1.356147602964157954e+02 1.466974525689255415e+02
1.356192972727731103e+02 1.467444687915123609e+02
1.356238342491304252e+02 1.467765587709971271e+02
1.356283712254877400e+02 1.468139982372203747e+02
1.356329082018450549e+02 1.468460217218265313e+02
1.356374451782023414e+02 1.468900692684442220e+02
1.356419821545596562e+02 1.469301366669670870e+02
1.356465191309169711e+02 1.469857569969844349e+02
1.356510561072742860e+02 1.470281867046908815e+02
1.356555930836316008e+02 1.470597459338401904e+02
1.356601300599889157e+02 1.470787610286761549e+02
1.356646670363462306e+02 1.471093088834899163e+02
1.356692040127035455e+02 1.471300553203416825e+02
1.356737409890608319e+02 1.471398812105989578e+02
1.356782779654181468e+02 1.471775358772986237e+02
1.356828149417754616e+02 1.471931952862529158e+02
1.356873519181327765e+02 1.472388611220133043e+02
1.356918888944900914e+02 1.472840700660987636e+02
1.356964258708474063e+02 1.473275291131718348e+02
1.357009628472047211e+02 1.473461337567368332e+02
1.357054998235620360e+02 1.473920179149695286e+02
1.357100367999193509e+02 1.474187923353860015e+02
1.357145737762766657e+02 1.474653443821205201e+02
1.357191107526339806e+02 1.474986707363789833e+02
1.357236477289912955e+02 1.475338711273608112e+02
1.357281847053486104e+02 1.475746680064837335e+02
1.357327216817058968e+02 1.475980495799771575e+02
1.357372586580632117e+02 1.476148941671161197e+02
1.357417956344205265e+02 1.476307249084266289e+02
1.357463326107778414e+02 1.476623426056428627e+02
1.357508695871351563e+02 1.476848714645958580e+02
1.357554065634924712e+02 1.477276129315353614e+02
1.357599435398497860e+02 1.477537481417468541e+02
1.357644805162071009e+02 1.478167441031489489e+02
1.357690174925643873e+02 1.478535942639257996e+02
1.357735544689217022e+02 1.478867224244346517e+02
1.357780914452790171e+02 1.479165299404414498e+02
1.357826284216363320e+02 1.479415829336739989e+02
1.357871653979936468e+02 1.479880317994274321e+02
1.357917023743509617e+02 1.480253994861103308e+02
1.357962393507082766e+02 1.480627700278734267e+02
1.358007763270655914e+02 1.480854441508166133e+02
1.358053133034229063e+02 1.481309508126819310e+02
1.358098502797802212e+02 1.481661197382471187e+02
1.358143872561375360e+02 1.482155739509299224e+02
1.358189242324948509e+02 1.482651961206466638e+02
1.358234612088521374e+02 1.483011719319147801e+02
1.358279981852094522e+02 1.483580432717865563e+02
1.358325351615667671e+02 1.483931378985653282e+02
1.358370721379240820e+02 1.484297378656621049e+02
1.358416091142813968e+02 1.484648108263095310e+02
1.358461460906387117e+02 1.485046182842554572e+02
1.358506830669960266e+02 1.485627944162027347e+02
1.358552200433533415e+02 1.485903668555780257e+02
1.358597570197106279e+02 1.486103110351359078e+02
1.358642939960679428e+02 1.486360870304811215e+02
1.358688309724252576e+02 1.486626972517973115e+02
1.358733679487825725e+02 1.486745373426608410e+02
1.358779049251398874e+02 1.486858603278167834e+02
1.358824419014972023e+02 1.487063629289983169e+02
1.358869788778545171e+02 1.487240375198979621e+02
1.358915158542118320e+02 1.487601958045154049e+02
1.358960528305691469e+02 1.487978483880938825e+02
1.359005898069264617e+02 1.488349643434689256e+02
1.359051267832837766e+02 1.488599051426643030e+02
1.359096637596410915e+02 1.489131010148545045e+02
1.359142007359984063e+02 1.489506935224094661e+02
1.359187377123556928e+02 1.489959059958919170e+02
1.359232746887130077e+02 1.490392413552900734e+02
1.359278116650703225e+02 1.490768395227564724e+02
1.359323486414276374e+02 1.491237904790261837e+02
1.359368856177849523e+02 1.491653041839566924e+02
1.359414225941422671e+02 1.491949422354151125e+02
1.359459595704995820e+02 1.492272412948339309e+02
1.359504965468568969e+02 1.492771653404643075e+02
1.359550335232141833e+02 1.493002439821900111e+02
1.359595704995714982e+02 1.493357367540998553e+02
1.359641074759288131e+02 1.493553638231855700e+02
1.359686444522861279e+02 1.494055495532360283e+02
1.359731814286434428e+02 1.494178131783150150e+02
1.359777184050007577e+02 1.494646410013338027e+02
1.359822553813580726e+02 1.495055627229126003e+02
1.359867923577153874e+02 1.495287694568891936e+02
1.359913293340727023e+02 1.495706025735047149e+02
1.359958663104300172e+02 1.495987021895730607e+02
1.360004032867873320e+02 1.496159138915962785e+02
1.360049402631446469e+02 1.496406169031938020e+02
1.360094772395019334e+02 1.496631704892900530e+02
1.360140142158592482e+02 1.496620019192461655e+02
1.360185511922165631e+02 1.496834344547254716e+02
1.360230881685738780e+02 1.496946260081591049e+02
1.360276251449311928e+02 1.496968141735368931e+02
1.360321621212885077e+02 1.497122681194346399e+02
1.360366990976458226e+02 1.497489942225742254e+02
1.360412360740031374e+02 1.497615752119550336e+02
1.360457730503604239e+02 1.498002705767491989e+02
1.360503100267177388e+02 1.498430728996293055e+02
1.360548470030750536e+02 1.498722287494992997e+02
1.360593839794323685e+02 1.499086352661817330e+02
1.360639209557896834e+02 1.499384833535853545e+02
1.360684579321469982e+02 1.499694397373307879e+02
1.360729949085043131e+02 1.499991714315062268e+02
1.360775318848616280e+02 1.500216470698210571e+02
1.360820688612189429e+02 1.500570178087534714e+02
1.360866058375762577e+02 1.500721038914297196e+02
1.360911428139335726e+02 1.500827891056260626e+02
1.360956797902908875e+02 1.501003200974004130e+02
1.361002167666482023e+02 1.501237766510903953e+02
1.361047537430054888e+02 1.501674481534536199e+02
1.361092907193628037e+02 1.501962552513363676e+02
1.361138276957201185e+02 1.502225400657780483e+02
1.361183646720774334e+02 1.502451865417109502e+02
1.361229016484347483e+02 1.502686871357129803e+02
1.361274386247920631e+02 1.502994731522388179e+02
1.361319756011493780e+02 1.503393448580421534e+02
1.361365125775066645e+02 1.503748654699600706e+02
1.361410495538639793e+02 1.504012059347051320e+02
1.361455865302212942e+02 1.504254218713534215e+02
1.361501235065786091e+02 1.504473358102005420e+02
1.361546604829359239e+02 1.504712380528165454e+02
1.361591974592932388e+02 1.504854052919804985e+02
1.361637344356505537e+02 1.504998035839951740e+02
1.361682714120078685e+02 1.505164020412774448e+02
1.361728083883651834e+02 1.505194896172362178e+02
1.361773453647224983e+02 1.505384409751333123e+02
1.361818823410798132e+02 1.505709718915084352e+02
1.361864193174371280e+02 1.505976078470977484e+02
1.361909562937944429e+02 1.506370255927218409e+02
1.361954932701517293e+02 1.506769442768961653e+02
1.362000302465090442e+02 1.507184165410089633e+02
1.362045672228663591e+02 1.507516487725115724e+02
1.362091041992236740e+02 1.507874833661910259e+02
1.362136411755809888e+02 1.508043239964469819e+02
1.362181781519383037e+02 1.508438192935663267e+02
1.362227151282956186e+02 1.508933116982036609e+02
1.362272521046529334e+02 1.509356345673400597e+02
1.362317890810102199e+02 1.509761949045414440e+02
1.362363260573675348e+02 1.510013731962280872e+02
1.362408630337248496e+02 1.510332339366946997e+02
1.362454000100821645e+02 1.510752517189609705e+02
1.362499369864394794e+02 1.511323513490661981e+02
1.362544739627967942e+02 1.511770665531358304e+02
1.362590109391541091e+02 1.512154887878012630e+02
1.362635479155114240e+02 1.512474006057515794e+02
1.362680848918687389e+02 1.512748122354362579e+02
1.362726218682260537e+02 1.513104598941001768e+02
1.362771588445833686e+02 1.513577535921783692e+02
1.362816958209406835e+02 1.513937017215037315e+02
1.362862327972979983e+02 1.514276212994626860e+02
1.362907697736552848e+02 1.514773806444732145e+02
1.362953067500125997e+02 1.515204640232871611e+02
1.362998437263699145e+02 1.515703392138302945e+02
1.363043807027272294e+02 1.516074933167411132e+02
1.363089176790845443e+02 1.516555968073436418e+02
1.363134546554418591e+02 1.516879965213765047e+02
1.363179916317991740e+02 1.517354137205867914e+02
1.363225286081564605e+02 1.517728647421430708e+02
1.363270655845137753e+02 1.518104518030186227e+02
1.363316025608710902e+02 1.518534506208926018e+02
1.363361395372284051e+02 1.518900366375015096e+02
1.363406765135857199e+02 1.519120724685790265e+02
1.363452134899430348e+02 1.519467053713345024e+02
1.363497504663003497e+02 1.519882231477055825e+02
1.363542874426576645e+02 1.520122264817305791e+02
1.363588244190149794e+02 1.520420403354958694e+02
1.363633613953722943e+02 1.520591818392985033e+02
1.363678983717296092e+02 1.521040207590575051e+02
1.363724353480869240e+02 1.521332022038918126e+02
1.363769723244442389e+02 1.521818575322014908e+02
1.363815093008015253e+02 1.522160141346869580e+02
1.363860462771588402e+02 1.522397127586647798e+02
1.363905832535161551e+02 1.522687410262991250e+02
1.363951202298734700e+02 1.522935017113929064e+02
1.363996572062307848e+02 1.523227887657293422e+02
1.364041941825880997e+02 1.523605331051797123e+02
1.364087311589454146e+02 1.523899318930247375e+02
1.364132681353027294e+02 1.524053909999315124e+02
1.364178051116600159e+02 1.524487603489241963e+02
1.364223420880173308e+02 1.524891275075573276e+02
1.364268790643746456e+02 1.525399002485548294e+02
1.364314160407319605e+02 1.525891801810666095e+02
1.364359530170892754e+02 1.526372254012281644e+02
1.364404899934465902e+02 1.526861916445830332e+02
1.364450269698039051e+02 1.527330975358296996e+02
1.364495639461612200e+02 1.528105226098148535e+02
1.364541009225185348e+02 1.528450820106648678e+02
1.364586378988758497e+02 1.528860011767417575e+02
1.364631748752331646e+02 1.529028244863940813e+02
1.364677118515904795e+02 1.529438855577415097e+02
1.364722488279477943e+02 1.529853420573565472e+02
1.364767858043050808e+02 1.530418285361161566e+02
1.364813227806623956e+02 1.530990821788480787e+02
1.364858597570197105e+02 1.531392738194687695e+02
1.364903967333770254e+02 1.531740506440667104e+02
1.364949337097343403e+02 1.532009175639227010e+02
1.364994706860916551e+02 1.532446126896737724e+02
1.365040076624489700e+02 1.532721546603633840e+02
1.365085446388062564e+02 1.533301549047669994e+02
1.365130816151635713e+02 1.533770545524992883e+02
1.365176185915208862e+02 1.534233593548979968e+02
1.365221555678782011e+02 1.534691844369294813e+02
1.365266925442355159e+02 1.535090864257752230e+02
1.365312295205928308e+02 1.535310209315085501e+02
1.365357664969501457e+02 1.535648971829144784e+02
1.365403034733074605e+02 1.535937170458973355e+02
1.365448404496647754e+02 1.536266618537186162e+02
1.365493774260220903e+02 1.536754856681770605e+02
1.365539144023794051e+02 1.537267746317884871e+02
1.365584513787367200e+02 1.537765738561280671e+02
1.365629883550940349e+02 1.538226682557623803e+02
1.365675253314513213e+02 1.538805668815720082e+02
1.365720623078086362e+02 1.539132744559319121e+02
1.365765992841659511e+02 1.539463612029929322e+02
1.365811362605232659e+02 1.539772399250558976e+02
1.365856732368805808e+02 1.540113252435743618e+02
1.365902102132378957e+02 1.540402682257802383e+02
1.365947471895952106e+02 1.540722213241750751e+02
1.365992841659525254e+02 1.541205906863076507e+02
1.366038211423098119e+02 1.541683960870390138e+02
1.366083581186671267e+02 1.542227374362213368e+02
1.366128950950244416e+02 1.542690618056606979e+02
1.366174320713817565e+02 1.543213729994557184e+02
1.366219690477390714e+02 1.543547459836848077e+02
1.366265060240963862e+02 1.544011267044187150e+02
1.366310430004537011e+02 1.544437791645277969e+02
1.366355799768110160e+02 1.544764334839801450e+02
1.366401169531683308e+02 1.545072345322592184e+02
1.366446539295256457e+02 1.545618028064816656e+02
1.366491909058829606e+02 1.546054730956955723e+02
1.366537278822402754e+02 1.546414048381764417e+02
1.366582648585975903e+02 1.546798769269309162e+02
1.366628018349548768e+02 1.547283377481122386e+02
1.366673388113121916e+02 1.547561810656507362e+02
1.366718757876695065e+02 1.547768992877710446e+02
1.366764127640268214e+02 1.548129709362151800e+02
1.366809497403841362e+02 1.548452410662260093e+02
1.366854867167414511e+02 1.548738161900411683e+02
1.366900236930987660e+02 1.549060235305231288e+02
1.366945606694560524e+02 1.549250435108038744e+02
1.366990976458133673e+02 1.549366310487494616e+02
1.367036346221706822e+02 1.549534993915065115e+02
1.367081715985279970e+02 1.549729439362260734e+02
1.367127085748853119e+02 1.550117630983440620e+02
1.367172455512426268e+02 1.550544843621523796e+02
1.367217825275999417e+02 1.550807503991342458e+02
1.367263195039572565e+02 1.551091000352396918e+02
1.367308564803145714e+02 1.551362065745439907e+02
1.367353934566718863e+02 1.551666440936196238e+02
1.367399304330292011e+02 1.552227726008849515e+02
1.367444674093865160e+02 1.552612627513055372e+02
1.367490043857438309e+02 1.553205686282668978e+02
1.367535413621011173e+02 1.553739876250473912e+02
1.367580783384584322e+02 1.554152292944755800e+02
1.367626153148157471e+02 1.554504795752687301e+02
1.367671522911730619e+02 1.554929377499191219e+02
1.367716892675303768e+02 1.555315297724848733e+02
1.367762262438876917e+02 1.555916043777066591e+02
1.367807632202450066e+02 1.556513468415743375e+02
1.367853001966023214e+02 1.556898275876289972e+02
1.367898371729596079e+02 1.557456690714166143e+02
1.367943741493169227e+02 1.558116832880452876e+02
1.367989111256742376e+02 1.558843249901489401e+02
1.368034481020315525e+02 1.559424276619107843e+02
1.368079850783888674e+02 1.559963841790087429e+02
1.368125220547461822e+02 1.560600617046592902e+02
1.368170590311034971e+02 1.561046698009605507e+02
1.368215960074608120e+02 1.561276276388624638e+02
1.368261329838181268e+02 1.561755357353264912e+02
1.368306699601754417e+02 1.562075948790044038e+02
1.368352069365327566e+02 1.562440937382177708e+02
1.368397439128900714e+02 1.562901750389650886e+02
1.368442808892473863e+02 1.563220143927755430e+02
1.368488178656046728e+02 1.563800054351409869e+02
1.368533548419619876e+02 1.564087513506479468e+02
1.368578918183193025e+02 1.564492289775587324e+02
1.368624287946766174e+02 1.564871204552528070e+02
1.368669657710339322e+02 1.565253961753303713e+02
1.368715027473912471e+02 1.565593823677171486e+02
1.368760397237485620e+02 1.565943481811383151e+02
1.368805767001058484e+02 1.566082945212906452e+02
1.368851136764631633e+02 1.566299466451445426e+02
1.368896506528204782e+02 1.566699089983870010e+02
1.368941876291777930e+02 1.567168476167869358e+02
1.368987246055351079e+02 1.567743625237501135e+02
1.369032615818924228e+02 1.568389438298998471e+02
1.369077985582497377e+02 1.568790452762794985e+02
1.369123355346070525e+02 1.569297198823867916e+02
1.369168725109643674e+02 1.569839619768829664e+02
1.369214094873216823e+02 1.570320742782891443e+02
1.369259464636789971e+02 1.570739215686465684e+02
1.369304834400363120e+02 1.570995859389372811e+02
1.369350204163936269e+02 1.571424986696736994e+02
1.369395573927509133e+02 1.571608230007962277e+02
1.369440943691082282e+02 1.571949353439480319e+02
1.369486313454655431e+02 1.572103476862798459e+02
1.369531683218228579e+02 1.572392648549938770e+02
1.369577052981801728e+02 1.572708243069552907e+02
1.369622422745374877e+02 1.572981451325172486e+02
1.369667792508948025e+02 1.573549863723517319e+02
1.369713162272521174e+02 1.573896299980062281e+02
1.369758532036094039e+02 1.574109962980699038e+02
1.369803901799667187e+02 1.574376167493853700e+02
1.369849271563240336e+02 1.574847905236555619e+02
1.369894641326813485e+02 1.575221025159583235e+02
1.369940011090386633e+02 1.575677214965326982e+02
1.369985380853959782e+02 1.576131479379593543e+02
1.370030750617532931e+02 1.576697066418351483e+02
1.370076120381106080e+02 1.577227311185846759e+02
1.370121490144679228e+02 1.577645496934371749e+02
1.370166859908252377e+02 1.578151818572660829e+02
1.370212229671825526e+02 1.578551519001273675e+02
1.370257599435398674e+02 1.579005066940066797e+02
1.370302969198971823e+02 1.579417745596709040e+02
1.370348338962544688e+02 1.579777629091883000e+02
1.370393708726117836e+02 1.580290608500550036e+02
1.370439078489690985e+02 1.580623003882505202e+02
1.370484448253264134e+02 1.580875455743510258e+02
1.370529818016837282e+02 1.581107852322290910e+02
1.370575187780410431e+02 1.581193179592645777e+02
1.370620557543983580e+02 1.581393730319179554e+02
1.370665927307556444e+02 1.581559575364019850e+02
1.370711297071129593e+02 1.581765649697934180e+02
1.370756666834702742e+02 1.582159819133417784e+02
1.370802036598275890e+02 1.582480066643709051e+02
1.370847406361849039e+02 1.582966303454890635e+02
1.370892776125422188e+02 1.583327015413375136e+02
1.370938145888995336e+02 1.583736645345266254e+02
1.370983515652568485e+02 1.584183489837210743e+02
1.371028885416141634e+02 1.584804295131182243e+02
1.371074255179714783e+02 1.585185994692932070e+02
1.371119624943287931e+02 1.585591936415129339e+02
1.371164994706861080e+02 1.586092547064143332e+02
1.371210364470434229e+02 1.586327094625104337e+02
1.371255734234007093e+02 1.586581488220671474e+02
1.371301103997580242e+02 1.586854181280207570e+02
1.371346473761153391e+02 1.587399812628680138e+02
1.371391843524726539e+02 1.587690900387258068e+02
1.371437213288299688e+02 1.588441924503951270e+02
1.371482583051872837e+02 1.588831134097322035e+02
1.371527952815445985e+02 1.589481023413692924e+02
1.371573322579019134e+02 1.590038689360861781e+02
1.371618692342591999e+02 1.590622399904693793e+02
1.371664062106165147e+02 1.591243526265552077e+02
1.371709431869738296e+02 1.591584452975410500e+02
1.371754801633311445e+02 1.592100261929858220e+02
1.371800171396884593e+02 1.592526705120625365e+02
1.371845541160457742e+02 1.593055853639266672e+02
1.371890910924030891e+02 1.593382537712959390e+02
1.371936280687604039e+02 1.593789563449037985e+02
1.371981650451177188e+02 1.594212571555480906e+02
1.372027020214750337e+02 1.594647949143943038e+02
1.372072389978323486e+02 1.595283436074883525e+02
1.372117759741896634e+02 1.595982045545057701e+02
1.372163129505469499e+02 1.596628673844809896e+02
1.372208499269042647e+02 1.597187413076664768e+02
1.372253869032615796e+02 1.597512329555844985e+02
1.372299238796188945e+02 1.598060418555961348e+02
1.372344608559762094e+02 1.598604001329870528e+02
1.372389978323335242e+02 1.599201595275811769e+02
1.372435348086908391e+02 1.599896959166903514e+02
1.372480717850481540e+02 1.600339188530875276e+02
1.372526087614054404e+02 1.600799521826255329e+02
1.372571457377627553e+02 1.601359749191030062e+02
1.372616827141200702e+02 1.601940430824693067e+02
1.372662196904773850e+02 1.602329788694641195e+02
1.372707566668346999e+02 1.602774438233504384e+02
1.372752936431920148e+02 1.603199491085551358e+02
1.372798306195493296e+02 1.603637350774244226e+02
1.372843675959066445e+02 1.604067659986117746e+02
1.372889045722639594e+02 1.604420126493331509e+02
1.372934415486212743e+02 1.604646296019651857e+02
1.372979785249785891e+02 1.605031830063685732e+02
1.373025155013359040e+02 1.605334332542453524e+02
1.373070524776932189e+02 1.605793591883198133e+02
1.373115894540505053e+02 1.605973393759959436e+02
1.373161264304078202e+02 1.606236054097109331e+02
1.373206634067651351e+02 1.606589725471822305e+02
1.373252003831224499e+02 1.607057281902929446e+02
1.373297373594797648e+02 1.607506079179551648e+02
1.373342743358370797e+02 1.607870813658162774e+02
1.373388113121943945e+02 1.608549463798946420e+02
1.373433482885517094e+02 1.608934997299396912e+02
1.373478852649089959e+02 1.609569400705294129e+02
1.373524222412663107e+02 1.609903927352368669e+02
1.373569592176236256e+02 1.610467678254621831e+02
1.373614961939809405e+02 1.610741495352992558e+02
1.373660331703382553e+02 1.611143759664296056e+02
1.373705701466955702e+02 1.611463067468278894e+02
1.373751071230528851e+02 1.611988992887354755e+02
1.373796440994101999e+02 1.612413210211302612e+02
1.373841810757675148e+02 1.612963367187269057e+02
1.373887180521248297e+02 1.613297377715022094e+02
1.373932550284821446e+02 1.613839750551367445e+02
1.373977920048394594e+02 1.614328962536175140e+02
1.374023289811967459e+02 1.614741490395778953e+02
1.374068659575540607e+02 1.615168599989067104e+02
1.374114029339113756e+02 1.615595938782759617e+02
1.374159399102686905e+02 1.616088961657466427e+02
1.374204768866260054e+02 1.616436490583178056e+02
1.374250138629833202e+02 1.617060332621035172e+02
1.374295508393406351e+02 1.617616084478019332e+02
1.374340878156979500e+02 1.618115863642434249e+02
1.374386247920552364e+02 1.618579097108901692e+02
1.374431617684125513e+02 1.619132326219061895e+02
1.374476987447698662e+02 1.619498433315332306e+02
1.374522357211271810e+02 1.619902657257431713e+02
1.374567726974844959e+02 1.620426065431608151e+02
1.374613096738418108e+02 1.620844942865839471e+02
1.374658466501991256e+02 1.621192377372052533e+02
1.374703836265564405e+02 1.621554640481743661e+02
1.374749206029137554e+02 1.622066672874015012e+02
1.374794575792710702e+02 1.622578923339893890e+02
1.374839945556283851e+02 1.623158302062608698e+02
1.374885315319857000e+02 1.623749845009459136e+02
1.374930685083430149e+02 1.624577956455220260e+02
1.374976054847003013e+02 1.625081935581140726e+02
1.375021424610576162e+02 1.625610901726936106e+02
1.375066794374149310e+02 1.626205990984458367e+02
1.375112164137722459e+02 1.626431012763648880e+02
1.375157533901295608e+02 1.626931958065834465e+02
1.375202903664868757e+02 1.627229930874687511e+02
1.375248273428441905e+02 1.627655081865736406e+02
1.375293643192015054e+02 1.628080380851860696e+02
1.375339012955587918e+02 1.628501145174558644e+02
1.375384382719161067e+02 1.628957795853464177e+02
1.375429752482734216e+02 1.629413197939403801e+02
1.375475122246307365e+02 1.629831257107349245e+02
1.375520492009880513e+02 1.630396070165758147e+02
1.375565861773453662e+02 1.630881388395349063e+02
1.375611231537026811e+02 1.631410800764189446e+02
1.375656601300599959e+02 1.631995858094680898e+02
1.375701971064173108e+02 1.632355324584832772e+02
1.375747340827746257e+02 1.632559238005370048e+02
1.375792710591319405e+02 1.632993351674674614e+02
1.375838080354892554e+02 1.633237176392605647e+02
1.375883450118465419e+02 1.633478563246673616e+02
1.375928819882038567e+02 1.633815064355248410e+02
1.375974189645611716e+02 1.634358529871833525e+02
1.376019559409184865e+02 1.634819729660982262e+02
1.376064929172758013e+02 1.634953590652442585e+02
1.376110298936331162e+02 1.635293017294139588e+02
1.376155668699904311e+02 1.635458279361862139e+02
1.376201038463477460e+02 1.635875360124241524e+02
1.376246408227050324e+02 1.636222146121621108e+02
1.376291777990623473e+02 1.636881752180088370e+02
1.376337147754196621e+02 1.637309459785364254e+02
1.376382517517769770e+02 1.637881486219926899e+02
1.376427887281342919e+02 1.638212043734789347e+02
1.376473257044916068e+02 1.638595754083029021e+02
1.376518626808489216e+02 1.638943287831389171e+02
1.376563996572062365e+02 1.639503989322699908e+02
1.376609366335635514e+02 1.639864417577335018e+02
1.376654736099208662e+02 1.640235369183490377e+02
1.376700105862781811e+02 1.640683056246579099e+02
1.376745475626354960e+02 1.640970949795478759e+02
1.376790845389928108e+02 1.641273811757385488e+02
1.376836215153500973e+02 1.641775701307893485e+02
1.376881584917074122e+02 1.642480855767233834e+02
1.376926954680647270e+02 1.643032928989916286e+02
1.376972324444220419e+02 1.643479297529644043e+02
1.377017694207793568e+02 1.643751184365495703e+02
1.377063063971366716e+02 1.644019373033192437e+02
1.377108433734939865e+02 1.644396811477840572e+02
1.377153803498513014e+02 1.644651573219228453e+02
1.377199173262085878e+02 1.645005940676048510e+02
1.377244543025659027e+02 1.645276519022083335e+02
1.377289912789232176e+02 1.645594666293644650e+02
1.377335282552805324e+02 1.645964076565119001e+02
1.377380652316378473e+02 1.646305511969241024e+02
1.377426022079951622e+02 1.646700937882316396e+02
1.377471391843524771e+02 1.647051560586939161e+02
1.377516761607097919e+02 1.647463820629390909e+02
1.377562131370671068e+02 1.648061182823897752e+02
1.377607501134244217e+02 1.648499077343749377e+02
1.377652870897817365e+02 1.649064634942301097e+02
1.377698240661390514e+02 1.649484823582496631e+02
1.377743610424963379e+02 1.649874119948939324e+02
1.377788980188536527e+02 1.650322263020750313e+02
1.377834349952109676e+02 1.650670354464079992e+02
1.377879719715682825e+02 1.651009623909945958e+02
1.377925089479255973e+02 1.651374624600737775e+02
1.377970459242829122e+02 1.651889021450402595e+02
1.378015829006402271e+02 1.652448355948747576e+02
1.378061198769975420e+02 1.653085906432957302e+02
1.378106568533548284e+02 1.653649690817920259e+02
1.378151938297121433e+02 1.654135495527513342e+02
1.378197308060694581e+02 1.654358449260287216e+02
1.378242677824267730e+02 1.654890107411669931e+02
1.378288047587840879e+02 1.655415032027202074e+02
1.378333417351414028e+02 1.655895533495352367e+02
1.378378787114987176e+02 1.656459957387999680e+02
1.378424156878560325e+02 1.657088510245670818e+02
1.378469526642133474e+02 1.657555903540869622e+02
1.378514896405706622e+02 1.657957843506962092e+02
1.378560266169279771e+02 1.658384756562829807e+02
1.378605635932852920e+02 1.658753107850079402e+02
1.378651005696426068e+02 1.659210360733250980e+02
1.378696375459998933e+02 1.659580710157902388e+02
1.378741745223572082e+02 1.660078931430077773e+02
1.378787114987145230e+02 1.660461999975245817e+02
1.378832484750718379e+02 1.660943941053436106e+02
1.378877854514291528e+02 1.661261948863377711e+02
1.378923224277864676e+02 1.661720903170068482e+02
1.378968594041437825e+02 1.662051947650340651e+02
1.379013963805010690e+02 1.662523529854668709e+02
1.379059333568583838e+02 1.663011526731301046e+02
1.379104703332156987e+02 1.663294737937613093e+02
1.379150073095730136e+02 1.663751617089776289e+02
1.379195442859303284e+02 1.664166159969406920e+02
1.379240812622876433e+02 1.664779729647412410e+02
1.379286182386449582e+02 1.665143993333568346e+02
1.379331552150022731e+02 1.665630670127918052e+02
1.379376921913595879e+02 1.665927834676443240e+02
1.379422291677169028e+02 1.666212461492431487e+02
1.379467661440742177e+02 1.666547457142428073e+02
1.379513031204315325e+02 1.666874391540048634e+02
1.379558400967888474e+02 1.667283812093775452e+02
1.379603770731461339e+02 1.667667465853298836e+02
1.379649140495034487e+02 1.668116118634258100e+02
1.379694510258607636e+02 1.668382935212121083e+02
1.379739880022180785e+02 1.668863305352410578e+02
1.379785249785753933e+02 1.669339330219352178e+02
1.379830619549327082e+02 1.669761982585403928e+02
1.379875989312900231e+02 1.670183552195012453e+02
1.379921359076473379e+02 1.670572943466496554e+02
1.379966728840046244e+02 1.670966954967174445e+02
1.380012098603619393e+02 1.671227730264614877e+02
1.380057468367192541e+02 1.671709182999752272e+02
1.380102838130765690e+02 1.672095281896578456e+02
1.380148207894338839e+02 1.672454115465303630e+02
1.380193577657911987e+02 1.672844003470792416e+02
1.380238947421485136e+02 1.673307204510087445e+02
1.380284317185058285e+02 1.673681415407352517e+02
1.380329686948631434e+02 1.674201290735678072e+02
1.380375056712204582e+02 1.674764780409707328e+02
1.380420426475777731e+02 1.675270998939567448e+02
1.380465796239350880e+02 1.675937094313132434e+02
1.380511166002924028e+02 1.676497248934978472e+02
1.380556535766496893e+02 1.677057803155855993e+02
1.380601905530070042e+02 1.677336865120494735e+02
1.380647275293643190e+02 1.677592235610200646e+02
1.380692645057216339e+02 1.677874642889925667e+02
1.380738014820789488e+02 1.678246496364441214e+02
1.380783384584362636e+02 1.678567538410080715e+02
1.380828754347935785e+02 1.679094697722308069e+02
1.380874124111508650e+02 1.679592952455859916e+02
1.380919493875081798e+02 1.680062709808852617e+02
1.380964863638654947e+02 1.680440128047604844e+02
1.381010233402228096e+02 1.680805289005086252e+02
1.381055603165801244e+02 1.681175726836410433e+02
1.381100972929374393e+02 1.681677329645422105e+02
1.381146342692947542e+02 1.682131596334377548e+02
1.381191712456520690e+02 1.682643483496229351e+02
1.381237082220093839e+02 1.683192486009793924e+02
1.381282451983666988e+02 1.683556546960080595e+02
1.381327821747240137e+02 1.684198770805612924e+02
1.381373191510813285e+02 1.684625992368109735e+02
1.381418561274386434e+02 1.685251120941786951e+02
1.381463931037959298e+02 1.685771882587790742e+02
1.381509300801532447e+02 1.686478561420359199e+02
1.381554670565105596e+02 1.687098193725236399e+02
1.381600040328678745e+02 1.687578915063947704e+02
1.381645410092251893e+02 1.687920580749285762e+02
1.381690779855825042e+02 1.688366521593231084e+02
1.381736149619398191e+02 1.688664088133838845e+02
1.381781519382971339e+02 1.689257382996998444e+02
1.381826889146544204e+02 1.689834997301009025e+02
1.381872258910117353e+02 1.690309260594736429e+02
1.381917628673690501e+02 1.690709279205523217e+02
1.381962998437263650e+02 1.691125068707128491e+02
1.382008368200836799e+02 1.691318067010504365e+02
1.382053737964409947e+02 1.691744768396728773e+02
1.382099107727983096e+02 1.691997673765372951e+02
1.382144477491556245e+02 1.692624374460156957e+02
1.382189847255129393e+02 1.692969436547312512e+02
1.382235217018702542e+02 1.693483538164514357e+02
1.382280586782275691e+02 1.694001677572735218e+02
1.382325956545848840e+02 1.694514514847231794e+02
1.382371326309421988e+02 1.695034176216264257e+02
1.382416696072994853e+02 1.695675222612785262e+02
1.382462065836568001e+02 1.696331893720139590e+02
1.382507435600141150e+02 1.696637923559646026e+02
1.382552805363714299e+02 1.696945186711179474e+02
1.382598175127287448e+02 1.697253060556832054e+02
1.382643544890860596e+02 1.697664001730063319e+02
1.382688914654433745e+02 1.697972769746623669e+02
1.382734284418006609e+02 1.698421014603380002e+02
1.382779654181579758e+02 1.698901073239273103e+02
1.382825023945152907e+02 1.699242127917900405e+02
1.382870393708726056e+02 1.699646037053574901e+02
1.382915763472299204e+02 1.700168356180809894e+02
1.382961133235872353e+02 1.700660862008477068e+02
1.383006502999445502e+02 1.701146158541195348e+02
1.383051872763018650e+02 1.701499167581695247e+02
1.383097242526591799e+02 1.701800748255405153e+02
1.383142612290164948e+02 1.702068312821614313e+02
1.383187982053738097e+02 1.702320319358059066e+02
1.383233351817311245e+02 1.702577492789327778e+02
1.383278721580884394e+02 1.702890856945853386e+02
1.383324091344457258e+02 1.703357176471887442e+02
1.383369461108030407e+02 1.703826298833266719e+02
1.383414830871603556e+02 1.704299936580110000e+02
1.383460200635176705e+02 1.704734264276368378e+02
1.383505570398749853e+02 1.705345737413083782e+02
1.383550940162323002e+02 1.705786365400207956e+02
1.383596309925896151e+02 1.706245232396786378e+02
1.383641679689469299e+02 1.706617875121982593e+02
1.383687049453042164e+02 1.706861866919825275e+02
1.383732419216615313e+02 1.707076007341294996e+02
1.383777788980188461e+02 1.707723432853109955e+02
1.383823158743761610e+02 1.708273277484913706e+02
1.383868528507334759e+02 1.708694156263833293e+02
1.383913898270907907e+02 1.709308195309077689e+02
1.383959268034481056e+02 1.709884407034431604e+02
1.384004637798054205e+02 1.710362157365879057e+02
1.384050007561627353e+02 1.710869191902144735e+02
1.384095377325200502e+02 1.711447204625979452e+02
1.384140747088773651e+02 1.711898560203886746e+02
1.384186116852346800e+02 1.712326662041163843e+02
1.384231486615919948e+02 1.712797770750752591e+02
1.384276856379492813e+02 1.713455370347776352e+02
1.384322226143065961e+02 1.713985165735087151e+02
1.384367595906639110e+02 1.714442063428086271e+02
1.384412965670212259e+02 1.714869092942414284e+02
1.384458335433785408e+02 1.715234052084736902e+02
1.384503705197358556e+02 1.715533404442151948e+02
1.384549074960931705e+02 1.716111188365416353e+02
1.384594444724504569e+02 1.716600483423036110e+02
1.384639814488077718e+02 1.717013799147385953e+02
1.384685184251650867e+02 1.717508443183639315e+02
1.384730554015224016e+02 1.717999193623110727e+02
1.384775923778797164e+02 1.718283140416549202e+02
1.384821293542370313e+02 1.718773974578566026e+02
1.384866663305943462e+02 1.719195817891231286e+02
1.384912033069516610e+02 1.719769871525329279e+02
1.384957402833089759e+02 1.720423174309897263e+02
1.385002772596662908e+02 1.720822865625216309e+02
1.385048142360236056e+02 1.721158774330067729e+02
1.385093512123809205e+02 1.721581450727281890e+02
1.385138881887382354e+02 1.722242963629091150e+02
1.385184251650955218e+02 1.722772841698543402e+02
1.385229621414528367e+02 1.723589862019777570e+02
1.385274991178101516e+02 1.724176964619696264e+02
1.385320360941674664e+02 1.724526645852571107e+02
1.385365730705247813e+02 1.724699215793364431e+02
1.385411100468820962e+02 1.725076590384383053e+02
1.385456470232394111e+02 1.725418391071544022e+02
1.385501839995967259e+02 1.725846997602587010e+02
1.385547209759540124e+02 1.726193634002129897e+02
1.385592579523113272e+02 1.726665998911828979e+02
1.385637949286686421e+02 1.726834245358234341e+02
1.385683319050259570e+02 1.727398509689480761e+02
1.385728688813832719e+02 1.727752415622951503e+02
1.385774058577405867e+02 1.728167450147752220e+02
1.385819428340979016e+02 1.728472264336666626e+02
1.385864798104552165e+02 1.728860859042439131e+02
1.385910167868125313e+02 1.729301282561552284e+02
1.385955537631698462e+02 1.729772604270485488e+02
1.386000907395271611e+02 1.730270435992698594e+02
1.386046277158844759e+02 1.730811821514612348e+02
1.386091646922417908e+02 1.731198593638433465e+02
1.386137016685990773e+02 1.731583515280572101e+02
1.386182386449563921e+02 1.732131882301213182e+02
1.386227756213137070e+02 1.732627332976129537e+02
1.386273125976710219e+02 1.733291221068458015e+02
1.386318495740283367e+02 1.733911260729051378e+02
1.386363865503856516e+02 1.734360330347999479e+02
1.386409235267429665e+02 1.734798431622248813e+02
1.386454605031002529e+02 1.735147263108279674e+02
1.386499974794575678e+02 1.735468140138846991e+02
1.386545344558148827e+02 1.735834249513981717e+02
1.386590714321721975e+02 1.736230669359449905e+02
1.386636084085295124e+02 1.736489519155066432e+02
1.386681453848868273e+02 1.736888575149981762e+02
1.386726823612441422e+02 1.737288810858308636e+02
1.386772193376014570e+02 1.737648099604998038e+02
1.386817563139587719e+02 1.738065926296961834e+02
1.386862932903160868e+02 1.738428109777832447e+02
1.386908302666734016e+02 1.738778988778906864e+02
1.386953672430307165e+02 1.739051003382178635e+02
1.386999042193880314e+02 1.739501530106460052e+02
1.387044411957453178e+02 1.739851723228168225e+02
1.387089781721026327e+02 1.740182501035652365e+02
1.387135151484599476e+02 1.740759522488635866e+02
1.387180521248172624e+02 1.741268355759039821e+02
1.387225891011745773e+02 1.741612895248992743e+02
1.387271260775318922e+02 1.742154945443052156e+02
1.387316630538892070e+02 1.742443159452118664e+02
1.387362000302465219e+02 1.742764341380208464e+02
1.387407370066038084e+02 1.743325911650696867e+02
1.387452739829611232e+02 1.743751714971817535e+02
1.387498109593184381e+02 1.744328963010225948e+02
1.387543479356757530e+02 1.745030429044662128e+02
1.387588849120330678e+02 1.745470660094402717e+02
1.387634218883903827e+02 1.745888353319550959e+02
1.387679588647476976e+02 1.746364324681244113e+02
1.387724958411050125e+02 1.746945515756168277e+02
1.387770328174623273e+02 1.747600664671706738e+02
1.387815697938196422e+02 1.748146874916947127e+02
1.387861067701769571e+02 1.748755913389192642e+02
1.387906437465342719e+02 1.749267535628707151e+02
1.387951807228915868e+02 1.749710578528672329e+02
1.387997176992488733e+02 1.750308551730720410e+02
1.388042546756061881e+02 1.750881090993502767e+02
1.388087916519635030e+02 1.751234682723476510e+02
1.388133286283208179e+02 1.751599083869999731e+02
1.388178656046781327e+02 1.751988078061871761e+02
1.388224025810354476e+02 1.752310901668203087e+02
1.388269395573927625e+02 1.752891285374964809e+02
1.388314765337500489e+02 1.753447983018789671e+02
1.388360135101073638e+02 1.754105453297798647e+02
1.388405504864646787e+02 1.754577206232675621e+02
1.388450874628219935e+02 1.754964401116483259e+02
1.388496244391793084e+02 1.755488664875889242e+02
1.388541614155366233e+02 1.755546086052034127e+02
1.388586983918939382e+02 1.755917008492653508e+02
1.388632353682512530e+02 1.756186080041884452e+02
1.388677723446085679e+02 1.756735897455797897e+02
1.388723093209658828e+02 1.757051491269413077e+02
1.388768462973231976e+02 1.757495785633073240e+02
1.388813832736805125e+02 1.758049337212256091e+02
1.388859202500378274e+02 1.758648850274219910e+02
1.388904572263951138e+02 1.759114732064153088e+02
1.388949942027524287e+02 1.759517006228311118e+02
1.388995311791097436e+02 1.759932977566423062e+02
1.389040681554670584e+02 1.760337523589735724e+02
1.389086051318243733e+02 1.760795571120634690e+02
1.389131421081816882e+02 1.761265502066781892e+02
1.389176790845390030e+02 1.761787431217911717e+02
1.389222160608963179e+02 1.762047407016317493e+02
1.389267530372536044e+02 1.762420273313397843e+02
1.389312900136109192e+02 1.762757595391951213e+02
1.389358269899682341e+02 1.763107502561520050e+02
1.389403639663255490e+02 1.763434554001807442e+02
1.389449009426828638e+02 1.764084310155301694e+02
1.389494379190401787e+02 1.764513775477265654e+02
1.389539748953974936e+02 1.765017140378546401e+02
1.389585118717548085e+02 1.765492975555988551e+02
1.389630488481121233e+02 1.765915568496786818e+02
1.389675858244694382e+02 1.766322347013973513e+02
1.389721228008267531e+02 1.766704629812859650e+02
1.389766597771840679e+02 1.767278672918058930e+02
1.389811967535413544e+02 1.767627184392599418e+02
1.389857337298986693e+02 1.768166826815180457e+02
1.389902707062559841e+02 1.768547223792360512e+02
1.389948076826132990e+02 1.768976471483794342e+02
1.389993446589706139e+02 1.769385239865573851e+02
1.390038816353279287e+02 1.769865103788831391e+02
1.390084186116852436e+02 1.770320329711225043e+02
1.390129555880425585e+02 1.770585205827765094e+02
1.390174925643998449e+02 1.771119590195960143e+02
1.390220295407571598e+02 1.771568381642631778e+02
1.390265665171144747e+02 1.772078412772036415e+02
1.390311034934717895e+02 1.772522539157027666e+02
1.390356404698291044e+02 1.773080043924545919e+02
1.390401774461864193e+02 1.773490946038204470e+02
1.390447144225437341e+02 1.774112568510017240e+02
1.390492513989010490e+02 1.774590961401043216e+02
1.390537883752583639e+02 1.775159691142733038e+02
1.390583253516156788e+02 1.775834273303760824e+02
1.390628623279729936e+02 1.776388199877084162e+02
1.390673993043303085e+02 1.776966233550666061e+02
1.390719362806876234e+02 1.777377681553195430e+02
1.390764732570449098e+02 1.777792302202427095e+02
1.390810102334022247e+02 1.778075359009934004e+02
1.390855472097595396e+02 1.778401855603722765e+02
1.390900841861168544e+02 1.778840414782407890e+02
1.390946211624741693e+02 1.779420930265350194e+02
1.390991581388314842e+02 1.779752311743601467e+02
1.391036951151887990e+02 1.780236121933280913e+02
1.391082320915461139e+02 1.780659831600748078e+02
1.391127690679034004e+02 1.781062483604172542e+02
1.391173060442607152e+02 1.781367086765831402e+02
1.391218430206180301e+02 1.781951178174126369e+02
1.391263799969753450e+02 1.782284412759304075e+02
1.391309169733326598e+02 1.782690869664819786e+02
1.391354539496899747e+02 1.783096885723224716e+02
1.391399909260472896e+02 1.783453620631908905e+02
1.391445279024046044e+02 1.783997533143888177e+02
1.391490648787619193e+02 1.784585479198368887e+02
1.391536018551192342e+02 1.785088951697184427e+02
1.391581388314765491e+02 1.785447797794103906e+02
1.391626758078338639e+02 1.785651950796918470e+02
1.391672127841911504e+02 1.786154881556310556e+02
1.391717497605484652e+02 1.786667820800890638e+02
1.391762867369057801e+02 1.787262384705502427e+02
1.391808237132630950e+02 1.787936015029030727e+02
1.391853606896204099e+02 1.788612448571592495e+02
1.391898976659777247e+02 1.788954279442948518e+02
1.391944346423350396e+02 1.789626950658207818e+02
1.391989716186923545e+02 1.789948418207556244e+02
1.392035085950496409e+02 1.790465790686083380e+02
1.392080455714069558e+02 1.790844844030078491e+02
1.392125825477642707e+02 1.791369210186554710e+02
1.392171195241215855e+02 1.791582672800833507e+02
1.392216565004789004e+02 1.792099491429095224e+02
1.392261934768362153e+02 1.792479032731913264e+02
1.392307304531935301e+02 1.793001477906200307e+02
1.392352674295508450e+02 1.793545001253376370e+02
1.392398044059081599e+02 1.794067548613263341e+02
1.392443413822654747e+02 1.794595962723340676e+02
1.392488783586227896e+02 1.794812764896769579e+02
1.392534153349801045e+02 1.795281539271559836e+02
1.392579523113374194e+02 1.795680293703145196e+02
1.392624892876947058e+02 1.796056942384310844e+02
1.392670262640520207e+02 1.796455649472830203e+02
1.392715632404093355e+02 1.796846470367272275e+02
1.392761002167666504e+02 1.797230639985886569e+02
1.392806371931239653e+02 1.797489130561581305e+02
1.392851741694812802e+02 1.797878162500512644e+02
1.392897111458385950e+02 1.798245049803488484e+02
1.392942481221959099e+02 1.798897662905326342e+02
1.392987850985531963e+02 1.799320472988889890e+02
1.393033220749105112e+02 1.799758196665895014e+02
1.393078590512678261e+02 1.800194491649681936e+02
1.393123960276251410e+02 1.800566944793919504e+02
1.393169330039824558e+02 1.800928556945384003e+02
1.393214699803397707e+02 1.801439083760942879e+02
1.393260069566970856e+02 1.801804014672374592e+02
1.393305439330544004e+02 1.802179008812362611e+02
1.393350809094117153e+02 1.802635085947196956e+02
1.393396178857690302e+02 1.803018394282973986e+02
1.393441548621263451e+02 1.803438270420436140e+02
1.393486918384836599e+02 1.803778578225008857e+02
1.393532288148409464e+02 1.804211236870753510e+02
1.393577657911982612e+02 1.804609952304662102e+02
1.393623027675555761e+02 1.804971448340124596e+02
1.393668397439128910e+02 1.805280294131178778e+02
1.393713767202702059e+02 1.805871098669962578e+02
1.393759136966275207e+02 1.806374948048523663e+02
1.393804506729848356e+02 1.806767752782670868e+02
1.393849876493421505e+02 1.807083772551434322e+02
1.393895246256994369e+02 1.807498193125630905e+02
1.393940616020567518e+02 1.807943176622333965e+02
1.393985985784140667e+02 1.808513183782008582e+02
1.394031355547713815e+02 1.809068148083941878e+02
1.394076725311286964e+02 1.809574475341508162e+02
1.394122095074860113e+02 1.809875276239598350e+02
1.394167464838433261e+02 1.810213488221635600e+02
1.394212834602006410e+02 1.810706489889762736e+02
1.394258204365579559e+02 1.811214060327544644e+02
1.394303574129152707e+02 1.811699754929893516e+02
1.394348943892725856e+02 1.812172883113164232e+02
1.394394313656299005e+02 1.812675738114707258e+02
1.394439683419872154e+02 1.813130352598535069e+02
1.394485053183445018e+02 1.813640120760826164e+02
1.394530422947018167e+02 1.814103775157428800e+02
1.394575792710591315e+02 1.814512896424894279e+02
1.394621162474164464e+02 1.814953434337438125e+02
1.394666532237737613e+02 1.815445672863194773e+02
1.394711902001310762e+02 1.815879989469792974e+02
1.394757271764883910e+02 1.816208907767083929e+02
1.394802641528457059e+02 1.816417925431521780e+02
1.394848011292029923e+02 1.816789907274817324e+02
1.394893381055603072e+02 1.817143771964763630e+02
1.394938750819176221e+02 1.817624807538227287e+02
1.394984120582749370e+02 1.818051828729689987e+02
1.395029490346322518e+02 1.818580704328847446e+02
1.395074860109895667e+02 1.819070529419589377e+02
1.395120229873468816e+02 1.819461137859587438e+02
1.395165599637041964e+02 1.820001582038781294e+02
1.395210969400615113e+02 1.820372525810441573e+02
1.395256339164188262e+02 1.820866906908192675e+02
1.395301708927761410e+02 1.821364338967556193e+02
1.395347078691334559e+02 1.821817104137915067e+02
1.395392448454907424e+02 1.822197647800200855e+02
1.395437818218480572e+02 1.822579505576870815e+02
1.395483187982053721e+02 1.823069806195733520e+02
1.395528557745626870e+02 1.823471350051811157e+02
1.395573927509200018e+02 1.824098370813056817e+02
1.395619297272773167e+02 1.824451736303048790e+02
1.395664667036346316e+02 1.824910825450963614e+02
1.395710036799919465e+02 1.825429266105424801e+02
1.395755406563492329e+02 1.826064271065575326e+02
1.395800776327065478e+02 1.826701984850278393e+02
1.395846146090638626e+02 1.827212423265010557e+02
1.395891515854211775e+02 1.827708977496419323e+02
1.395936885617784924e+02 1.828342395007410346e+02
1.395982255381358073e+02 1.828843871340069143e+02
1.396027625144931221e+02 1.829522338976957201e+02
1.396072994908504370e+02 1.829947026115000313e+02
1.396118364672077519e+02 1.830161422206578834e+02
1.396163734435650667e+02 1.830380155924375458e+02
1.396209104199223816e+02 1.830684580741194623e+02
1.396254473962796965e+02 1.831124821599428572e+02
1.396299843726370113e+02 1.831350057774009201e+02
1.396345213489942978e+02 1.831980740750073835e+02
1.396390583253516127e+02 1.832577691426425019e+02
1.396435953017089275e+02 1.832998160759276232e+02
1.396481322780662424e+02 1.833552541610557398e+02
1.396526692544235573e+02 1.833950622959852694e+02
1.396572062307808721e+02 1.834170774754152546e+02
1.396617432071381870e+02 1.834453699454106754e+02
1.396662801834954735e+02 1.834702655808636962e+02
1.396708171598527883e+02 1.835129201083119312e+02
1.396753541362101032e+02 1.835607681191229403e+02
1.396798911125674181e+02 1.836002970819240545e+02
1.396844280889247329e+02 1.836527149236029572e+02
1.396889650652820478e+02 1.836978223057860191e+02
1.396935020416393627e+02 1.837496159639203483e+02
1.396980390179966776e+02 1.837999945996251654e+02
1.397025759943539924e+02 1.838547731051554024e+02
1.397071129707113073e+02 1.839116623464729230e+02
1.397116499470686222e+02 1.839617228411948702e+02
1.397161869234259370e+02 1.840040959772462088e+02
1.397207238997832519e+02 1.840410525249396585e+02
1.397252608761405384e+02 1.840807121635910164e+02
1.397297978524978532e+02 1.841314032680731714e+02
1.397343348288551681e+02 1.841701370803778559e+02
1.397388718052124830e+02 1.842071573051657367e+02
1.397434087815697978e+02 1.842584498913676612e+02
1.397479457579271127e+02 1.843109715324870308e+02
1.397524827342844276e+02 1.843607780914624357e+02
1.397570197106417424e+02 1.843915516939382826e+02
1.397615566869990289e+02 1.844200631544420617e+02
1.397660936633563438e+02 1.844503221203004557e+02
1.397706306397136586e+02 1.844811124374668054e+02
1.397751676160709735e+02 1.845469900624946717e+02
1.397797045924282884e+02 1.845928571685037411e+02
1.397842415687856032e+02 1.846438258059804411e+02
1.397887785451429181e+02 1.847028141956205900e+02
1.397933155215002330e+02 1.847542094513953543e+02
1.397978524978575479e+02 1.848004023663716282e+02
1.398023894742148627e+02 1.848300992818527106e+02
1.398069264505721776e+02 1.848660548354512514e+02
1.398114634269294925e+02 1.848843981898454274e+02
1.398160004032868073e+02 1.849152020199767321e+02
1.398205373796440938e+02 1.849550845477700136e+02
1.398250743560014087e+02 1.849993937057542155e+02
1.398296113323587235e+02 1.850210438693486878e+02
1.398341483087160384e+02 1.850745186077656399e+02
1.398386852850733533e+02 1.851124451637269885e+02
1.398432222614306681e+02 1.851582700820435150e+02
1.398477592377879830e+02 1.851928619647123355e+02
1.398522962141452695e+02 1.852354010817444987e+02
1.398568331905025843e+02 1.852846064254311500e+02
1.398613701668598992e+02 1.853163349938882050e+02
1.398659071432172141e+02 1.853556535205983380e+02
1.398704441195745289e+02 1.853917395239460006e+02
1.398749810959318438e+02 1.854342275683831076e+02
1.398795180722891587e+02 1.854635778576520693e+02
1.398840550486464736e+02 1.855147966090017633e+02
1.398885920250037884e+02 1.855594575448564854e+02
1.398931290013611033e+02 1.856001010544975713e+02
1.398976659777184182e+02 1.856422563385087869e+02
1.399022029540757330e+02 1.856953580802636452e+02
1.399067399304330479e+02 1.857283828122303078e+02
1.399112769067903344e+02 1.857829160417598473e+02
1.399158138831476492e+02 1.858317710453080451e+02
1.399203508595049641e+02 1.858871019087477521e+02
1.399248878358622790e+02 1.859422193644856804e+02
1.399294248122195938e+02 1.859866868514633040e+02
1.399339617885769087e+02 1.860275918714006309e+02
1.399384987649342236e+02 1.860505172631887376e+02
1.399430357412915384e+02 1.860874288777404502e+02
1.399475727176488249e+02 1.861185435962046313e+02
1.399521096940061398e+02 1.861498247954213241e+02
1.399566466703634546e+02 1.861837772398997686e+02
1.399611836467207695e+02 1.862215765777142167e+02
1.399657206230780844e+02 1.862572021796887043e+02
1.399702575994353992e+02 1.862915843956862147e+02
1.399747945757927141e+02 1.863282169687661565e+02
1.399793315521500290e+02 1.863512783242653938e+02
1.399838685285073439e+02 1.863953353343977142e+02
1.399884055048646587e+02 1.864378450564816490e+02
1.399929424812219736e+02 1.864734495475978235e+02
1.399974794575792885e+02 1.865242715274108605e+02
1.400020164339366033e+02 1.865931044193607136e+02
1.400065534102938898e+02 1.866430000387202597e+02
1.400110903866512047e+02 1.866797322280327478e+02
1.400156273630085195e+02 1.867355364949804084e+02
1.400201643393658344e+02 1.867806500272568826e+02
1.400247013157231493e+02 1.868079906768647902e+02
1.400292382920804641e+02 1.868454770278922865e+02
1.400337752684377790e+02 1.868940641271357777e+02
1.400383122447950655e+02 1.869281708171364755e+02
1.400428492211523803e+02 1.869895003100380677e+02
1.400473861975096952e+02 1.870375838516067972e+02
1.400519231738670101e+02 1.870910953312619540e+02
1.400564601502243249e+02 1.871528546403525013e+02
1.400609971265816398e+02 1.872001902362561907e+02
1.400655341029389547e+02 1.872571475851403591e+02
1.400700710792962695e+02 1.872924420191394290e+02
1.400746080556535844e+02 1.873508239035278677e+02
1.400791450320108993e+02 1.873804430193827670e+02
1.400836820083682142e+02 1.874472765981132341e+02
1.400882189847255290e+02 1.874998751596321256e+02
1.400927559610828439e+02 1.875508118161711195e+02
1.400972929374401303e+02 1.875900364773379181e+02
1.401018299137974452e+02 1.876239780309887806e+02
1.401063668901547601e+02 1.876553407755967271e+02
1.401109038665120750e+02 1.876839358621356268e+02
1.401154408428693898e+02 1.877349875030609496e+02
1.401199778192267047e+02 1.877679885136343216e+02
1.401245147955840196e+02 1.878152081370326698e+02
1.401290517719413344e+02 1.878407688976838870e+02
1.401335887482986209e+02 1.878814500026351766e+02
1.401381257246559358e+02 1.879198784402258013e+02
1.401426627010132506e+02 1.879610164083092343e+02
1.401471996773705655e+02 1.879968821409667612e+02
1.401517366537278804e+02 1.880545436238054151e+02
1.401562736300851952e+02 1.880804701014684213e+02
1.401608106064425101e+02 1.881167932154021400e+02
1.401653475827998250e+02 1.881643049572834343e+02
1.401698845591571398e+02 1.882050061843609114e+02
1.401744215355144547e+02 1.882890558824073537e+02
1.401789585118717696e+02 1.883490212739311573e+02
1.401834954882290845e+02 1.883977205071854257e+02
1.401880324645863993e+02 1.884484863715223923e+02
1.401925694409436858e+02 1.884942312554840669e+02
1.401971064173010006e+02 1.885345127650698771e+02
1.402016433936583155e+02 1.885965222546857092e+02
1.402061803700156304e+02 1.886700137412979643e+02
1.402107173463729453e+02 1.887300089900116404e+02
1.402152543227302601e+02 1.887853502552258647e+02
1.402197912990875750e+02 1.888289039906736946e+02
1.402243282754448614e+02 1.889030792803876011e+02
1.402288652518021763e+02 1.889543157561132887e+02
1.402334022281594912e+02 1.889943180770999049e+02
1.402379392045168061e+02 1.890214706253601094e+02
1.402424761808741209e+02 1.890544991206924692e+02
1.402470131572314358e+02 1.890938441499223472e+02
1.402515501335887507e+02 1.891470156301071768e+02
1.402560871099460655e+02 1.891940623871475111e+02
1.402606240863033804e+02 1.892520848421985420e+02
1.402651610626606953e+02 1.892931548954385335e+02
1.402696980390180101e+02 1.893243730681701891e+02
1.402742350153753250e+02 1.893458951080226598e+02
1.402787719917326399e+02 1.893812735420851254e+02
1.402833089680899263e+02 1.894205752456540779e+02
1.402878459444472412e+02 1.894705686328842091e+02
1.402923829208045561e+02 1.895078202728826966e+02
1.402969198971618709e+02 1.895606862094769838e+02
1.403014568735191858e+02 1.895975112492824337e+02
1.403059938498765007e+02 1.896338786840077830e+02
1.403105308262338156e+02 1.896787644109494408e+02
1.403150678025911304e+02 1.897109162185730895e+02
1.403196047789484169e+02 1.897478669849705568e+02
1.403241417553057317e+02 1.897939259604030724e+02
1.403286787316630466e+02 1.898259583490025193e+02
1.403332157080203615e+02 1.898791053395066228e+02
1.403377526843776764e+02 1.899142325564037037e+02
1.403422896607349912e+02 1.899523129103189945e+02
1.403468266370923061e+02 1.899906420362801782e+02
1.403513636134496210e+02 1.900423296497756382e+02
1.403559005898069358e+02 1.900989547995531552e+02
1.403604375661642507e+02 1.901576075195341957e+02
1.403649745425215656e+02 1.901987532994949106e+02
1.403695115188788805e+02 1.902452363757636817e+02
1.403740484952361953e+02 1.902969303874465652e+02
1.403785854715934818e+02 1.903359074684844074e+02
1.403831224479507966e+02 1.903952716710355446e+02
1.403876594243081115e+02 1.904386646585608105e+02
1.403921964006654264e+02 1.904859689251263148e+02
1.403967333770227413e+02 1.905160854884231867e+02
1.404012703533800561e+02 1.905459859611853801e+02
1.404058073297373710e+02 1.906048096451926313e+02
1.404103443060946574e+02 1.906488328188957837e+02
1.404148812824519723e+02 1.906825105256103257e+02
1.404194182588092872e+02 1.907313625371081400e+02
1.404239552351666021e+02 1.907846929246797743e+02
1.404284922115239169e+02 1.908438595943401879e+02
1.404330291878812318e+02 1.909087451167676761e+02
1.404375661642385467e+02 1.909710630038487977e+02
1.404421031405958615e+02 1.910174575040647369e+02
1.404466401169531764e+02 1.910694136026006902e+02
1.404511770933104913e+02 1.911114302421846105e+02
1.404557140696678061e+02 1.911397605697555093e+02
1.404602510460251210e+02 1.911884687827116522e+02
1.404647880223824359e+02 1.912347194264550865e+02
1.404693249987397223e+02 1.912823153091307233e+02
1.404738619750970372e+02 1.913334945445845108e+02
1.404783989514543521e+02 1.913855851548384805e+02
1.404829359278116669e+02 1.914158327863292755e+02
1.404874729041689818e+02 1.914548573937359208e+02
1.404920098805262967e+02 1.914914109432314717e+02
1.404965468568836116e+02 1.915497642813866435e+02
1.405010838332409264e+02 1.916062619661304893e+02
1.405056208095982129e+02 1.916606258909856990e+02
1.405101577859555277e+02 1.917008293463872235e+02
1.405146947623128426e+02 1.917213465329890028e+02
1.405192317386701575e+02 1.917320585503222503e+02
1.405237687150274724e+02 1.917633777689650572e+02
1.405283056913847872e+02 1.917998124558335178e+02
1.405328426677421021e+02 1.918501890497342686e+02
1.405373796440994170e+02 1.918984920826573273e+02
1.405419166204567318e+02 1.919607600735609481e+02
1.405464535968140467e+02 1.920090595045006410e+02
1.405509905731713616e+02 1.920452967937664823e+02
1.405555275495286764e+02 1.920740650947479651e+02
1.405600645258859913e+02 1.920974709246161467e+02
1.405646015022432778e+02 1.921358714618405372e+02
1.405691384786005926e+02 1.921937631369620192e+02
1.405736754549579075e+02 1.922568366371182833e+02
1.405782124313152224e+02 1.922971261862965662e+02
1.405827494076725372e+02 1.923520583737012828e+02
1.405872863840298521e+02 1.923898866736324749e+02
1.405918233603871670e+02 1.924420814944157314e+02
1.405963603367444534e+02 1.924941951709729437e+02
1.406008973131017683e+02 1.925424321810531296e+02
1.406054342894590832e+02 1.925897036700556271e+02
1.406099712658163980e+02 1.926382117506116742e+02
1.406145082421737129e+02 1.926655641009036231e+02
1.406190452185310278e+02 1.927152046139550521e+02
1.406235821948883427e+02 1.927724495310352779e+02
1.406281191712456575e+02 1.928001856089792341e+02
1.406326561476029724e+02 1.928420765352236970e+02
1.406371931239602873e+02 1.928871615286062706e+02
1.406417301003176021e+02 1.929375173592571286e+02
1.406462670766749170e+02 1.929859659224374582e+02
1.406508040530322319e+02 1.930280851556559583e+02
1.406553410293895183e+02 1.930858399334386206e+02
1.406598780057468332e+02 1.931414614523224884e+02
1.406644149821041481e+02 1.931841976409741619e+02
1.406689519584614629e+02 1.932130997715762248e+02
1.406734889348187778e+02 1.932628413977840864e+02
1.406780259111760927e+02 1.933131523352890042e+02
1.406825628875334075e+02 1.933664494668778104e+02
1.406870998638907224e+02 1.934116419723582112e+02
1.406916368402480089e+02 1.934779607691747572e+02
1.406961738166053237e+02 1.935184462038381525e+02
1.407007107929626386e+02 1.935649311582037058e+02
1.407052477693199535e+02 1.936233322502050669e+02
1.407097847456772683e+02 1.936732061689842226e+02
1.407143217220345832e+02 1.937367643892642093e+02
1.407188586983918981e+02 1.937864862727856803e+02
1.407233956747492130e+02 1.938473952425114248e+02
1.407279326511065278e+02 1.938761591959689099e+02
1.407324696274638427e+02 1.939236887128453191e+02
1.407370066038211576e+02 1.939724788158211197e+02
1.407415435801784724e+02 1.940169869550763622e+02
1.407460805565357589e+02 1.940575624643323920e+02
1.407506175328930738e+02 1.940961206512292279e+02
1.407551545092503886e+02 1.941324994904321386e+02
1.407596914856077035e+02 1.941844859390664340e+02
1.407642284619650184e+02 1.942390415724380830e+02
1.407687654383223332e+02 1.942856113330437324e+02
1.407733024146796481e+02 1.943266971840560586e+02
1.407778393910369630e+02 1.943643215310097503e+02
1.407823763673942494e+02 1.944100274437237772e+02
1.407869133437515643e+02 1.944591332402503951e+02
1.407914503201088792e+02 1.944953058458148973e+02
1.407959872964661940e+02 1.945420246133386684e+02
1.408005242728235089e+02 1.945817768503643777e+02
1.408050612491808238e+02 1.946170714297655593e+02
1.408095982255381386e+02 1.946745957684243820e+02
1.408141352018954535e+02 1.947324178789129974e+02
1.408186721782527684e+02 1.947958766159075310e+02
1.408232091546100833e+02 1.948375223849065776e+02
1.408277461309673981e+02 1.948832568456484466e+02
1.408322831073247130e+02 1.949211676402720457e+02
1.408368200836820279e+02 1.949560178109526873e+02
1.408413570600393143e+02 1.949821222026013174e+02
1.408458940363966292e+02 1.950248431680772683e+02
1.408504310127539441e+02 1.950664671647601267e+02
1.408549679891112589e+02 1.950975449797720387e+02
1.408595049654685738e+02 1.951549117385979457e+02
1.408640419418258887e+02 1.951991636018390182e+02
1.408685789181832035e+02 1.952335608194372298e+02
1.408731158945405184e+02 1.952933095206674921e+02
1.408776528708978049e+02 1.953493712161322549e+02
1.408821898472551197e+02 1.953858719007315585e+02
1.408867268236124346e+02 1.954302356251531023e+02
1.408912637999697495e+02 1.954977926779237976e+02
1.408958007763270643e+02 1.955515119006867053e+02
1.409003377526843792e+02 1.955922686132856825e+02
1.409048747290416941e+02 1.956428637082731825e+02
1.409094117053990090e+02 1.956879440090530693e+02
1.409139486817563238e+02 1.957228259524936220e+02
1.409184856581136387e+02 1.957553348032363374e+02
1.409230226344709536e+02 1.958170028885954537e+02
1.409275596108282684e+02 1.958607309397573317e+02
1.409320965871855549e+02 1.959043017051387494e+02
1.409366335635428698e+02 1.959737519071034058e+02
1.409411705399001846e+02 1.960193074415416845e+02
1.409457075162574995e+02 1.960752188876047342e+02
1.409502444926148144e+02 1.961358042920356866e+02
1.409547814689721292e+02 1.961819228576486296e+02
1.409593184453294441e+02 1.962278316544905294e+02
1.409638554216867590e+02 1.962760713873549605e+02
1.409683923980440454e+02 1.963164777390621225e+02
1.409729293744013603e+02 1.963733060253117912e+02
1.409774663507586752e+02 1.964024947811501249e+02
1.409820033271159900e+02 1.964649729771451234e+02
1.409865403034733049e+02 1.965069755795202298e+02
1.409910772798306198e+02 1.965497538678316118e+02
1.409956142561879346e+02 1.965854375769343960e+02
1.410001512325452495e+02 1.966348648031074617e+02
1.410046882089025644e+02 1.966840592755098669e+02
1.410092251852598793e+02 1.967110376438840262e+02
1.410137621616171941e+02 1.967578930270688033e+02
1.410182991379745090e+02 1.968045885852700394e+02
1.410228361143318239e+02 1.968850042169255516e+02
1.410273730906891103e+02 1.969325352188026841e+02
1.410319100670464252e+02 1.969923557839280761e+02
1.410364470434037401e+02 1.970373748894622565e+02
1.410409840197610549e+02 1.970769982342741571e+02
1.410455209961183698e+02 1.971005129776058027e+02
1.410500579724756847e+02 1.971305116329057228e+02
1.410545949488329995e+02 1.971670700509911853e+02
1.410591319251903144e+02 1.972063532800061125e+02
1.410636689015476009e+02 1.972557397001041579e+02
1.410682058779049157e+02 1.973015577122003208e+02
1.410727428542622306e+02 1.973535548139664968e+02
1.410772798306195455e+02 1.973950745214069116e+02
1.410818168069768603e+02 1.974491758719994152e+02
1.410863537833341752e+02 1.974891457461968116e+02
1.410908907596914901e+02 1.975304707415177461e+02
1.410954277360488049e+02 1.975709645888439354e+02
1.410999647124061198e+02 1.976044581300278367e+02
1.411045016887634347e+02 1.976509246783879519e+02
1.411090386651207496e+02 1.977089185249683680e+02
1.411135756414780644e+02 1.977699288988008277e+02
1.411181126178353509e+02 1.978252154876808788e+02
1.411226495941926657e+02 1.978675576132371532e+02
1.411271865705499806e+02 1.979153084324248937e+02
1.411317235469072955e+02 1.979410914978955702e+02
1.411362605232646104e+02 1.979748887205347216e+02
1.411407974996219252e+02 1.980233031613898902e+02
1.411453344759792401e+02 1.980903047015903553e+02
1.411498714523365550e+02 1.981356389078537177e+02
1.411544084286938414e+02 1.981867275203709085e+02
1.411589454050511563e+02 1.982383668440101872e+02
1.411634823814084712e+02 1.982704908251172924e+02
1.411680193577657860e+02 1.983182515164801885e+02
1.411725563341231009e+02 1.983690514500359825e+02
1.411770933104804158e+02 1.984106446573624680e+02
1.411816302868377306e+02 1.984433220635528698e+02
1.411861672631950455e+02 1.984919062684654989e+02
1.411907042395523604e+02 1.985263340375550740e+02
1.411952412159096752e+02 1.985760320547894935e+02
1.411997781922669901e+02 1.986266941248112801e+02
1.412043151686243050e+02 1.986810121412343051e+02
1.412088521449816199e+02 1.987425022653843314e+02
1.412133891213389063e+02 1.988034025795798243e+02
1.412179260976962212e+02 1.988676391898112286e+02
1.412224630740535360e+02 1.989321477329407912e+02
1.412270000504108509e+02 1.989850225746548347e+02
1.412315370267681658e+02 1.990321389218472348e+02
1.412360740031254807e+02 1.990685065324537959e+02
1.412406109794827955e+02 1.990980375650620715e+02
1.412451479558401104e+02 1.991545576530236019e+02
1.412496849321973968e+02 1.992045609740243037e+02
1.412542219085547117e+02 1.992602752422566823e+02
1.412587588849120266e+02 1.993038985898394628e+02
1.412632958612693415e+02 1.993446798693271376e+02
1.412678328376266563e+02 1.993799810777099708e+02
1.412723698139839712e+02 1.994258089769842570e+02
1.412769067903412861e+02 1.994717422175355068e+02
1.412814437666986009e+02 1.995281822130335740e+02
1.412859807430559158e+02 1.995804412849245466e+02
1.412905177194132307e+02 1.996212204980431864e+02
1.412950546957705455e+02 1.996799102308962972e+02
1.412995916721278604e+02 1.997200066461348626e+02
1.413041286484851469e+02 1.997681469519482391e+02
1.413086656248424617e+02 1.998076864877285459e+02
1.413132026011997766e+02 1.998606992073210336e+02
1.413177395775570915e+02 1.999050122442838529e+02
1.413222765539144063e+02 1.999495575155783058e+02
1.413268135302717212e+02 2.000012409611330213e+02
1.413313505066290361e+02 2.000444596511138400e+02
1.413358874829863510e+02 2.000928572700687766e+02
1.413404244593436374e+02 2.001567136377507552e+02
1.413449614357009523e+02 2.002020417821562717e+02
1.413494984120582671e+02 2.002451774861236515e+02
1.413540353884155820e+02 2.003055491877397571e+02
1.413585723647728969e+02 2.003586893540935421e+02
1.413631093411302118e+02 2.004149537682861819e+02
1.413676463174875266e+02 2.004458477822166174e+02
1.413721832938448415e+02 2.004805239978388158e+02
1.413767202702021564e+02 2.005278533384524735e+02
1.413812572465594712e+02 2.005559443064522043e+02
1.413857942229167861e+02 2.005989582727548850e+02
1.413903311992741010e+02 2.006691931912684481e+02
1.413948681756314159e+02 2.007355394428408601e+02
1.413994051519887023e+02 2.007902655821894768e+02
1.414039421283460172e+02 2.008491105595016961e+02
1.414084791047033320e+02 2.009012729478172901e+02
1.414130160810606469e+02 2.009382902662700019e+02
1.414175530574179618e+02 2.009845953318551892e+02
1.414220900337752767e+02 2.010176716165203459e+02
1.414266270101325915e+02 2.010600382266744646e+02
1.414311639864898780e+02 2.010917744349560223e+02
1.414357009628471928e+02 2.011417572868574268e+02
1.414402379392045077e+02 2.011793461462428070e+02
1.414447749155618226e+02 2.012240154617537087e+02
1.414493118919191375e+02 2.012703432297714983e+02
1.414538488682764523e+02 2.013330012839382448e+02
1.414583858446337672e+02 2.013924399023410103e+02
1.414629228209910821e+02 2.014309145955329257e+02
1.414674597973483969e+02 2.014799991855743713e+02
1.414719967737057118e+02 2.015242188364645983e+02
1.414765337500630267e+02 2.015777373774797070e+02
1.414810707264203415e+02 2.016057160716742658e+02
1.414856077027776564e+02 2.016428477727518214e+02
1.414901446791349429e+02 2.016932028773647971e+02
1.414946816554922577e+02 2.017349274204570975e+02
1.414992186318495726e+02 2.017803453459460457e+02
1.415037556082068875e+02 2.018362085590269714e+02
1.415082925845642023e+02 2.018950015391947375e+02
1.415128295609215172e+02 2.019270132266227904e+02
1.415173665372788321e+02 2.019873149664614402e+02
1.415219035136361470e+02 2.020402994896163875e+02
1.415264404899934334e+02 2.020947611361860936e+02
1.415309774663507483e+02 2.021363075962362643e+02
1.415355144427080631e+02 2.021837572983237692e+02
1.415400514190653780e+02 2.022328271959761423e+02
1.415445883954226929e+02 2.022572880062126899e+02
1.415491253717800078e+02 2.023143715027834162e+02
1.415536623481373226e+02 2.023677407218357587e+02
1.415581993244946375e+02 2.024146876243097211e+02
1.415627363008519524e+02 2.024708963625219553e+02
1.415672732772092672e+02 2.025281757363831048e+02
1.415718102535665821e+02 2.025547199744375462e+02
1.415763472299238970e+02 2.026152364107155961e+02
1.415808842062812118e+02 2.026725014178452682e+02
1.415854211826384983e+02 2.027436226368788539e+02
1.415899581589958132e+02 2.027877788591832768e+02
1.415944951353531280e+02 2.028483833250540727e+02
1.415990321117104429e+02 2.028962439558563631e+02
1.416035690880677578e+02 2.029374837178478401e+02
1.416081060644250726e+02 2.029776258516666019e+02
1.416126430407823875e+02 2.030225843176398541e+02
1.416171800171396740e+02 2.030685667041435067e+02
1.416217169934969888e+02 2.031311429681328491e+02
1.416262539698543037e+02 2.031856673731764431e+02
1.416307909462116186e+02 2.032360757549183177e+02
1.416353279225689334e+02 2.032814663059803308e+02
1.416398648989262483e+02 2.033103797286577503e+02
1.416444018752835632e+02 2.033633114489239517e+02
1.416489388516408781e+02 2.034028624077849656e+02
1.416534758279981929e+02 2.034315612008165886e+02
1.416580128043555078e+02 2.034657800663841556e+02
1.416625497807128227e+02 2.034941344064928330e+02
1.416670867570701375e+02 2.035241236354298735e+02
1.416716237334274524e+02 2.035576370477566286e+02
1.416761607097847389e+02 2.036092707445186250e+02
1.416806976861420537e+02 2.036530289857457774e+02
1.416852346624993686e+02 2.036926004000145554e+02
1.416897716388566835e+02 2.037537599070143983e+02
1.416943086152139983e+02 2.038022491205750839e+02
1.416988455915713132e+02 2.038364346781337701e+02
1.417033825679286281e+02 2.038577844259785365e+02
1.417079195442859429e+02 2.039119861827044815e+02
1.417124565206432294e+02 2.039739106979217240e+02
1.417169934970005443e+02 2.040418028091779092e+02
1.417215304733578591e+02 2.041199134528492038e+02
1.417260674497151740e+02 2.041696858123704033e+02
1.417306044260724889e+02 2.042150040601493686e+02
1.417351414024298037e+02 2.042456747393366356e+02
1.417396783787871186e+02 2.043000993882308194e+02
1.417442153551444335e+02 2.043541901798214155e+02
1.417487523315017484e+02 2.044126350806520236e+02
1.417532893078590632e+02 2.044653613537607839e+02
1.417578262842163781e+02 2.045186930297224990e+02
1.417623632605736930e+02 2.045515430980427141e+02
1.417669002369310078e+02 2.045958418028274934e+02
1.417714372132882943e+02 2.046492833227060828e+02
1.417759741896456092e+02 2.046809678410036497e+02
1.417805111660029240e+02 2.047166864473591374e+02
1.417850481423602389e+02 2.047557378179441514e+02
1.417895851187175538e+02 2.047924201947185452e+02
1.417941220950748686e+02 2.048297934056094221e+02
1.417986590714321835e+02 2.048725849529325842e+02
1.418031960477894700e+02 2.049325776654860363e+02
1.418077330241467848e+02 2.049776253516885163e+02
1.418122700005040997e+02 2.050239804011416140e+02
1.418168069768614146e+02 2.050802137763170947e+02
1.418213439532187294e+02 2.051156192693699722e+02
1.418258809295760443e+02 2.051536491196873158e+02
1.418304179059333592e+02 2.052025784141972622e+02
1.418349548822906740e+02 2.052512814218492565e+02
1.418394918586479889e+02 2.053153939987236640e+02
1.418440288350053038e+02 2.053732292686035805e+02
1.418485658113626187e+02 2.054374844417986594e+02
1.418531027877199335e+02 2.054892250125610644e+02
1.418576397640772484e+02 2.055420466242040050e+02
1.418621767404345348e+02 2.055791219069100180e+02
1.418667137167918497e+02 2.056279767363281508e+02
1.418712506931491646e+02 2.056702106125187584e+02
1.418757876695064795e+02 2.057091459105489832e+02
1.418803246458637943e+02 2.057502216716934527e+02
1.418848616222211092e+02 2.057953596046730240e+02
1.418893985985784241e+02 2.058431347001736071e+02
1.418939355749357389e+02 2.058744569220833966e+02
1.418984725512930254e+02 2.059222383355692614e+02
1.419030095276503403e+02 2.059631782510667790e+02
1.419075465040076551e+02 2.060221673353396454e+02
1.419120834803649700e+02 2.060730031096891537e+02
1.419166204567222849e+02 2.061288147728850504e+02
1.419211574330795997e+02 2.061772747491170037e+02
1.419256944094369146e+02 2.062028563832841996e+02
1.419302313857942295e+02 2.062249668592927208e+02
1.419347683621515444e+02 2.062709488634436070e+02
1.419393053385088592e+02 2.063255554069908158e+02
1.419438423148661741e+02 2.063899931317519929e+02
1.419483792912234890e+02 2.064508326626501287e+02
1.419529162675808038e+02 2.064984506706758793e+02
1.419574532439380903e+02 2.065442904614382940e+02
1.419619902202954052e+02 2.066004080796097924e+02
1.419665271966527200e+02 2.066453772084556988e+02
1.419710641730100349e+02 2.067022773300993492e+02
1.419756011493673498e+02 2.067576331602898279e+02
1.419801381257246646e+02 2.068072006901661268e+02
1.419846751020819795e+02 2.068685982911113115e+02
1.419892120784392660e+02 2.069216381749154152e+02
1.419937490547965808e+02 2.069644315106935437e+02
1.419982860311538957e+02 2.070084546932934018e+02
1.420028230075112106e+02 2.070655785047831046e+02
1.420073599838685254e+02 2.071332690256338651e+02
1.420118969602258403e+02 2.071740584886632917e+02
1.420164339365831552e+02 2.072232067704711369e+02
1.420209709129404700e+02 2.072646844972805695e+02
1.420255078892977849e+02 2.073044647641156928e+02
1.420300448656550998e+02 2.073569508881348611e+02
1.420345818420124147e+02 2.074003837586061820e+02
1.420391188183697295e+02 2.074405828297435903e+02
1.420436557947270444e+02 2.074921428894210180e+02
1.420481927710843308e+02 2.075478471549460551e+02
1.420527297474416457e+02 2.075894820569845081e+02
1.420572667237989606e+02 2.076387001885806001e+02
1.420618037001562755e+02 2.076738738822849371e+02
1.420663406765135903e+02 2.077222647605437089e+02
1.420708776528709052e+02 2.077515015176456643e+02
1.420754146292282201e+02 2.077974273194683974e+02
1.420799516055855349e+02 2.078586156471076549e+02
1.420844885819428214e+02 2.079002212538051140e+02
1.420890255583001363e+02 2.079473885772443111e+02
1.420935625346574511e+02 2.079910279225615568e+02
1.420980995110147660e+02 2.080422760537435352e+02
1.421026364873720809e+02 2.080990279053771985e+02
1.421071734637293957e+02 2.081600523995561502e+02
1.421117104400867106e+02 2.082094561857178121e+02
1.421162474164440255e+02 2.082559198413261186e+02
1.421207843928013403e+02 2.082933134698806157e+02
1.421253213691586552e+02 2.083415539674578554e+02
1.421298583455159701e+02 2.083796247428844879e+02
1.421343953218732850e+02 2.084361679018411451e+02
1.421389322982305998e+02 2.084827425735443285e+02
1.421434692745878863e+02 2.085410576502271454e+02
1.421480062509452011e+02 2.085852250114870117e+02
1.421525432273025160e+02 2.086244794631139143e+02
1.421570802036598309e+02 2.086672599823511121e+02
1.421616171800171458e+02 2.087028631875872975e+02
1.421661541563744606e+02 2.087605754362259063e+02
1.421706911327317755e+02 2.088037987576797434e+02
1.421752281090890619e+02 2.088552035407223002e+02
1.421797650854463768e+02 2.088983088268340680e+02
1.421843020618036917e+02 2.089508360808107454e+02
1.421888390381610066e+02 2.090026475853126442e+02
1.421933760145183214e+02 2.090490143373580167e+02
1.421979129908756363e+02 2.091073511079229093e+02
1.422024499672329512e+02 2.091458666135026192e+02
1.422069869435902660e+02 2.091921572739372550e+02
1.422115239199475809e+02 2.092141446852728563e+02
1.422160608963048958e+02 2.092468138976047953e+02
1.422205978726622106e+02 2.092750820062341290e+02
1.422251348490195255e+02 2.093284997065360926e+02
1.422296718253768404e+02 2.093724050010124813e+02
1.422342088017341268e+02 2.094305548694617016e+02
1.422387457780914417e+02 2.094749654842174493e+02
1.422432827544487566e+02 2.095110605188552597e+02
1.422478197308060714e+02 2.095433856082693751e+02
1.422523567071633863e+02 2.095857757016263179e+02
1.422568936835207012e+02 2.096366959275557917e+02
1.422614306598780161e+02 2.096874903541052220e+02
1.422659676362353309e+02 2.097325877528629121e+02
1.422705046125926174e+02 2.097810262345027184e+02
1.422750415889499322e+02 2.098267421330357649e+02
1.422795785653072471e+02 2.098658208570575425e+02
1.422841155416645620e+02 2.099084472189700534e+02
1.422886525180218769e+02 2.099510972147655536e+02
1.422931894943791917e+02 2.099903596020696455e+02
1.422977264707365066e+02 2.100382538100832619e+02
1.423022634470938215e+02 2.100723947813760333e+02
1.423068004234511363e+02 2.101093948654328756e+02
1.423113373998084512e+02 2.101559557396302012e+02
1.423158743761657661e+02 2.102065752467443929e+02
1.423204113525230810e+02 2.102447545684406691e+02
1.423249483288803958e+02 2.102928480035754149e+02
1.423294853052376823e+02 2.103219257402664368e+02
1.423340222815949971e+02 2.103567518074736711e+02
1.423385592579523120e+02 2.104035269316809718e+02
1.423430962343096269e+02 2.104536754682216610e+02
1.423476332106669417e+02 2.105029341219493233e+02
1.423521701870242566e+02 2.105552017766593451e+02
1.423567071633815715e+02 2.106004085916982262e+02
1.423612441397388579e+02 2.106470360565376723e+02
1.423657811160961728e+02 2.106780137376730124e+02
1.423703180924534877e+02 2.107093208686346202e+02
1.423748550688108025e+02 2.107504991201714404e+02
1.423793920451681174e+02 2.108044380901026500e+02
1.423839290215254323e+02 2.108513610832076210e+02
1.423884659978827472e+02 2.108887158603463092e+02
1.423930029742400620e+02 2.109314866613370327e+02
1.423975399505973769e+02 2.109784036874738717e+02
1.424020769269546918e+02 2.110276144033448418e+02
1.424066139033120066e+02 2.110857715633460998e+02
1.424111508796693215e+02 2.111378028269923561e+02
1.424156878560266364e+02 2.111834600083082876e+02
1.424202248323839228e+02 2.112273911366705477e+02
1.424247618087412377e+02 2.112516077491263786e+02
1.424292987850985526e+02 2.112715841957134444e+02
1.424338357614558674e+02 2.113017405379088416e+02
1.424383727378131823e+02 2.113450709340567641e+02
1.424429097141704972e+02 2.113870081798025922e+02
1.424474466905278121e+02 2.114430060825597479e+02
1.424519836668851269e+02 2.114917545093054230e+02
1.424565206432424134e+02 2.115357270790343307e+02
1.424610576195997282e+02 2.115733465839722953e+02
1.424655945959570431e+02 2.116202970083720913e+02
1.424701315723143580e+02 2.116718673816789931e+02
1.424746685486716729e+02 2.117069486884940659e+02
1.424792055250289877e+02 2.117588869051789970e+02
1.424837425013863026e+02 2.117837448992265479e+02
1.424882794777436175e+02 2.118188423177464017e+02
1.424928164541009323e+02 2.118504169816336855e+02
1.424973534304582472e+02 2.118887966358943515e+02
1.425018904068155621e+02 2.119272810590971972e+02
1.425064273831728769e+02 2.119779343029532015e+02
1.425109643595301634e+02 2.120198984862776115e+02
1.425155013358874783e+02 2.120780797246191014e+02
1.425200383122447931e+02 2.121224956282040921e+02
1.425245752886021080e+02 2.121776671052233780e+02
1.425291122649594229e+02 2.122274902859304859e+02
1.425336492413167377e+02 2.122853100386935807e+02
1.425381862176740526e+02 2.123333456548472498e+02
1.425427231940313675e+02 2.123729060230221251e+02
1.425472601703886539e+02 2.124255163191993461e+02
1.425517971467459688e+02 2.124587959925769667e+02
1.425563341231032837e+02 2.125086965779484558e+02
1.425608710994605985e+02 2.125588484897713499e+02
1.425654080758179134e+02 2.126271040816895663e+02
1.425699450521752283e+02 2.126689254375816063e+02
1.425744820285325432e+02 2.127383902840291796e+02
1.425790190048898580e+02 2.127881290142793205e+02
1.425835559812471729e+02 2.128297953058119845e+02
1.425880929576044878e+02 2.128612737086792208e+02
1.425926299339618026e+02 2.129094682566386609e+02
1.425971669103191175e+02 2.129485056756809627e+02
1.426017038866764324e+02 2.129940694436650119e+02
1.426062408630337188e+02 2.130479786477983453e+02
1.426107778393910337e+02 2.130939184771654311e+02
1.426153148157483486e+02 2.131364970783396871e+02
1.426198517921056634e+02 2.131845490137258139e+02
1.426243887684629783e+02 2.132298865243788555e+02
1.426289257448202932e+02 2.132606772490510423e+02
1.426334627211776080e+02 2.133032611478215870e+02
1.426379996975349229e+02 2.133457666581948615e+02
1.426425366738922094e+02 2.133767349813300598e+02
1.426470736502495242e+02 2.134093359038059248e+02
1.426516106266068391e+02 2.134486987661293824e+02
1.426561476029641540e+02 2.134965288619802095e+02
1.426606845793214688e+02 2.135398865608302117e+02
1.426652215556787837e+02 2.135975476995460838e+02
1.426697585320360986e+02 2.136388245587463928e+02
1.426742955083934135e+02 2.136833093997868218e+02
1.426788324847507283e+02 2.137288209511104924e+02
1.426833694611080432e+02 2.137587584494694681e+02
1.426879064374653581e+02 2.137931191265133748e+02
1.426924434138226729e+02 2.138443058903218059e+02
1.426969803901799594e+02 2.138956836252124276e+02
1.427015173665372743e+02 2.139529028163317150e+02
1.427060543428945891e+02 2.140074252389552214e+02
1.427105913192519040e+02 2.140521712251740496e+02
1.427151282956092189e+02 2.140977019144732765e+02
1.427196652719665337e+02 2.141399773490987286e+02
1.427242022483238486e+02 2.141752336479513588e+02
1.427287392246811635e+02 2.142269268202801413e+02
1.427332762010384499e+02 2.142636923790498997e+02
1.427378131773957648e+02 2.143080076857950758e+02
1.427423501537530797e+02 2.143538147805558651e+02
1.427468871301103945e+02 2.143914178762992719e+02
1.427514241064677094e+02 2.144556949058264479e+02
1.427559610828250243e+02 2.145028773333309005e+02
1.427604980591823391e+02 2.145499061116087773e+02
1.427650350355396540e+02 2.145918970184928298e+02
1.427695720118969689e+02 2.146114930110009595e+02
1.427741089882542838e+02 2.146404620261707805e+02
1.427786459646115986e+02 2.146614617508897140e+02
1.427831829409689135e+02 2.146830154872901915e+02
1.427877199173262284e+02 2.147280903458689352e+02
1.427922568936835148e+02 2.147760241167212030e+02
1.427967938700408297e+02 2.148208600398488386e+02
1.428013308463981446e+02 2.148802118089551811e+02
1.428058678227554594e+02 2.149292193636727859e+02
1.428104047991127743e+02 2.149952456424508682e+02
1.428149417754700892e+02 2.150493952647799460e+02
1.428194787518274040e+02 2.151028708353183561e+02
1.428240157281847189e+02 2.151541289912919126e+02
1.428285527045420054e+02 2.152055453278660764e+02
1.428330896808993202e+02 2.152300462354943136e+02
1.428376266572566351e+02 2.152749858217790120e+02
1.428421636336139500e+02 2.153253672939749492e+02
1.428467006099712648e+02 2.153668575246469743e+02
1.428512375863285797e+02 2.154161952042857422e+02
1.428557745626858946e+02 2.154864786526906357e+02
1.428603115390432095e+02 2.155485177056030182e+02
1.428648485154005243e+02 2.156005428587628217e+02
1.428693854917578392e+02 2.156544450347360566e+02
1.428739224681151541e+02 2.157016419304646888e+02
1.428784594444724689e+02 2.157468380188169021e+02
1.428829964208297554e+02 2.157861303629599092e+02
1.428875333971870702e+02 2.158272135122789166e+02
1.428920703735443851e+02 2.158595396441895673e+02
1.428966073499017000e+02 2.159091027721488558e+02
1.429011443262590149e+02 2.159644219083315875e+02
1.429056813026163297e+02 2.160274850617683455e+02
1.429102182789736446e+02 2.160713995513136467e+02
1.429147552553309595e+02 2.161286193048635198e+02
1.429192922316882459e+02 2.161624784461149602e+02
1.429238292080455608e+02 2.162044993357464193e+02
1.429283661844028757e+02 2.162250277057002847e+02
1.429329031607601905e+02 2.162596064335122037e+02
1.429374401371175054e+02 2.163045695099997374e+02
1.429419771134748203e+02 2.163414136716032772e+02
1.429465140898321351e+02 2.163821450077541613e+02
1.429510510661894500e+02 2.164273814138284706e+02
1.429555880425467649e+02 2.164888168877068040e+02
1.429601250189040798e+02 2.165305696738909376e+02
1.429646619952613946e+02 2.165946979688212934e+02
1.429691989716187095e+02 2.166622635689383856e+02
1.429737359479760244e+02 2.167101487334954300e+02
1.429782729243333108e+02 2.167505787457746749e+02
1.429828099006906257e+02 2.167945460134409927e+02
1.429873468770479406e+02 2.168435578345970214e+02
1.429918838534052554e+02 2.168812788883165297e+02
1.429964208297625703e+02 2.169492834426318950e+02
1.430009578061198852e+02 2.169931900210382878e+02
1.430054947824772000e+02 2.170374060412664221e+02
1.430100317588345149e+02 2.170735070015226142e+02
1.430145687351918014e+02 2.171247184852323642e+02
1.430191057115491162e+02 2.171703981651045012e+02
1.430236426879064311e+02 2.172211248515950501e+02
1.430281796642637460e+02 2.172595476060066915e+02
1.430327166406210608e+02 2.172963961318322959e+02
1.430372536169783757e+02 2.173321066436523097e+02
1.430417905933356906e+02 2.173828227562116808e+02
1.430463275696930054e+02 2.174400695241095889e+02
1.430508645460503203e+02 2.174805239949348561e+02
1.430554015224076352e+02 2.175353666915373196e+02
1.430599384987649501e+02 2.175872757243226090e+02
1.430644754751222649e+02 2.176308943446107662e+02
1.430690124514795514e+02 2.176770138309844356e+02
1.430735494278368662e+02 2.177414240757212269e+02
1.430780864041941811e+02 2.178011135620520236e+02
1.430826233805514960e+02 2.178626257250157892e+02
1.430871603569088109e+02 2.179184114053094845e+02
1.430916973332661257e+02 2.179628922450175423e+02
1.430962343096234406e+02 2.180246317291465346e+02
1.431007712859807555e+02 2.180672286906881538e+02
1.431053082623380419e+02 2.181116596167105399e+02
1.431098452386953568e+02 2.181503354217970809e+02
1.431143822150526717e+02 2.181833427273339794e+02
1.431189191914099865e+02 2.182229942540660659e+02
1.431234561677673014e+02 2.182718359743362271e+02
1.431279931441246163e+02 2.183273815324639031e+02
1.431325301204819311e+02 2.183858486571720903e+02
1.431370670968392460e+02 2.184321295345135070e+02
1.431416040731965609e+02 2.184883107866086505e+02
1.431461410495538757e+02 2.185528206858824944e+02
1.431506780259111906e+02 2.186073301915558886e+02
1.431552150022685055e+02 2.186612282940362491e+02
1.431597519786258204e+02 2.187012266763817365e+02
1.431642889549831068e+02 2.187510107949020153e+02
1.431688259313404217e+02 2.187775076816941464e+02
1.431733629076977365e+02 2.188168220858563586e+02
1.431778998840550514e+02 2.188594273202151612e+02
1.431824368604123663e+02 2.188973120928784510e+02
1.431869738367696812e+02 2.189451890177123232e+02
1.431915108131269960e+02 2.190058699895286338e+02
1.431960477894842825e+02 2.190511120424078513e+02
1.432005847658415973e+02 2.190903857023203045e+02
1.432051217421989122e+02 2.191370828467386502e+02
1.432096587185562271e+02 2.191794172634725726e+02
1.432141956949135420e+02 2.192390751883185089e+02
1.432187326712708568e+02 2.192928470436839916e+02
1.432232696476281717e+02 2.193445498338411994e+02
1.432278066239854866e+02 2.194009316039649491e+02
1.432323436003428014e+02 2.194561498111075935e+02
1.432368805767001163e+02 2.195001478174285126e+02
1.432414175530574312e+02 2.195594316709603220e+02
1.432459545294147460e+02 2.196030532665252224e+02
1.432504915057720609e+02 2.196468062785502298e+02
1.432550284821293474e+02 2.196918652147542161e+02
1.432595654584866622e+02 2.197406229669147706e+02
1.432641024348439771e+02 2.197961406460906915e+02
1.432686394112012920e+02 2.198538757867846982e+02
1.432731763875586068e+02 2.199114741867884391e+02
1.432777133639159217e+02 2.199729624635558309e+02
1.432822503402732366e+02 2.200109199412108012e+02
1.432867873166305515e+02 2.200669143933367025e+02
1.432913242929878379e+02 2.201097694223414010e+02
1.432958612693451528e+02 2.201502418454850840e+02
1.433003982457024676e+02 2.202075234698171187e+02
1.433049352220597825e+02 2.202637186016698934e+02
1.433094721984170974e+02 2.202973833452330439e+02
1.433140091747744123e+02 2.203444180213792833e+02
1.433185461511317271e+02 2.203996619981967342e+02
1.433230831274890420e+02 2.204495211662944598e+02
1.433276201038463569e+02 2.204825045023277994e+02
1.433321570802036717e+02 2.205171309452397281e+02
1.433366940565609866e+02 2.205535881986991171e+02
1.433412310329183015e+02 2.205872403700188329e+02
1.433457680092756164e+02 2.206235870973989108e+02
1.433503049856329028e+02 2.206827051640272543e+02
1.433548419619902177e+02 2.207340826793409292e+02
1.433593789383475325e+02 2.207749756155174623e+02
1.433639159147048474e+02 2.208179605686727029e+02
1.433684528910621623e+02 2.208752434927040156e+02
1.433729898674194772e+02 2.209317464772615835e+02
1.433775268437767920e+02 2.209750435835496774e+02
1.433820638201340785e+02 2.210303753550214481e+02
1.433866007964913933e+02 2.210527631832509599e+02
1.433911377728487082e+02 2.211150147753313888e+02
1.433956747492060231e+02 2.211527239869815844e+02
1.434002117255633380e+02 2.211950763617992948e+02
1.434047487019206528e+02 2.212351079954464979e+02
1.434092856782779677e+02 2.212824735914647647e+02
1.434138226546352826e+02 2.213237973392815832e+02
1.434183596309925974e+02 2.213762439901337871e+02
1.434228966073499123e+02 2.214342595217579230e+02
1.434274335837072272e+02 2.214812462011640832e+02
1.434319705600645420e+02 2.215412575949555958e+02
1.434365075364218569e+02 2.215909144830081630e+02
1.434410445127791434e+02 2.216505168351502846e+02
1.434455814891364582e+02 2.217129199089766871e+02
1.434501184654937731e+02 2.217763086042466227e+02
1.434546554418510880e+02 2.218408809076273940e+02
1.434591924182084028e+02 2.218941747602528665e+02
1.434637293945657177e+02 2.219440240551572003e+02
1.434682663709230326e+02 2.219900433256795225e+02
1.434728033472803475e+02 2.220407976146180999e+02
1.434773403236376339e+02 2.220759083694362346e+02
1.434818772999949488e+02 2.221461608598005171e+02
1.434864142763522636e+02 2.221952309797326279e+02
1.434909512527095785e+02 2.222599469987880809e+02
1.434954882290668934e+02 2.223280695940817964e+02
1.435000252054242083e+02 2.223747854092287355e+02
1.435045621817815231e+02 2.224150059567344897e+02
1.435090991581388380e+02 2.224543102918487989e+02
1.435136361344961529e+02 2.224717587283774662e+02
1.435181731108534677e+02 2.225090460413994720e+02
1.435227100872107826e+02 2.225690383841677829e+02
1.435272470635680975e+02 2.226095899443717485e+02
1.435317840399254123e+02 2.226601630684123734e+02
1.435363210162826988e+02 2.227181892999493016e+02
1.435408579926400137e+02 2.227599255459375058e+02
1.435453949689973285e+02 2.228171166077256373e+02
1.435499319453546434e+02 2.228561796953019041e+02
1.435544689217119583e+02 2.228897546840039467e+02
1.435590058980692731e+02 2.229308801964251927e+02
1.435635428744265880e+02 2.229499688839432849e+02
1.435680798507838745e+02 2.229924275988006457e+02
1.435726168271411893e+02 2.230343505608902035e+02
1.435771538034985042e+02 2.230930097054156818e+02
1.435816907798558191e+02 2.231312719531793505e+02
1.435862277562131339e+02 2.231802734908274886e+02
1.435907647325704488e+02 2.232260644592719530e+02
1.435953017089277637e+02 2.232827929818020039e+02
1.435998386852850786e+02 2.233314214871798242e+02
1.436043756616423934e+02 2.233738098042412901e+02
1.436089126379997083e+02 2.234293523000016819e+02
1.436134496143570232e+02 2.234563716435363574e+02
1.436179865907143380e+02 2.234938765073254672e+02
1.436225235670716529e+02 2.235351258594812407e+02
1.436270605434289394e+02 2.235823698881001178e+02
1.436315975197862542e+02 2.236132484737917139e+02
1.436361344961435691e+02 2.236768495024967933e+02
1.436406714725008840e+02 2.237177870390696626e+02
1.436452084488581988e+02 2.237663857152087417e+02
1.436497454252155137e+02 2.238136547717153064e+02
1.436542824015728286e+02 2.238696311833952848e+02
1.436588193779301434e+02 2.239367861546505196e+02
1.436633563542874299e+02 2.239946602561803104e+02
1.436678933306447448e+02 2.240549823988952767e+02
1.436724303070020596e+02 2.240932205270154043e+02
1.436769672833593745e+02 2.241356992240441173e+02
1.436815042597166894e+02 2.241716701238480027e+02
1.436860412360740042e+02 2.242385221357667433e+02
1.436905782124313191e+02 2.243129217132141093e+02
1.436951151887886340e+02 2.243735268570561914e+02
1.436996521651459489e+02 2.244117010988055370e+02
1.437041891415032637e+02 2.244600082417028375e+02
1.437087261178605786e+02 2.245191581674504278e+02
1.437132630942178935e+02 2.245501919078296567e+02
1.437178000705752083e+02 2.246121617177882115e+02
1.437223370469324948e+02 2.246578335389506549e+02
1.437268740232898097e+02 2.246947376521904118e+02
1.437314109996471245e+02 2.247368411988234698e+02
1.437359479760044394e+02 2.247906870150756617e+02
1.437404849523617543e+02 2.248410135074842913e+02
1.437450219287190691e+02 2.249024109371578675e+02
1.437495589050763840e+02 2.249498233930352455e+02
1.437540958814336705e+02 2.250109360454750913e+02
1.437586328577909853e+02 2.250362709066990874e+02
1.437631698341483002e+02 2.250482547773606257e+02
1.437677068105056151e+02 2.250706606934550393e+02
1.437722437868629299e+02 2.251144090745933966e+02
1.437767807632202448e+02 2.251552608472464101e+02
1.437813177395775597e+02 2.252077635480685842e+02
1.437858547159348745e+02 2.252684358033622232e+02
1.437903916922921894e+02 2.253055395563337129e+02
1.437949286686495043e+02 2.253449753690591422e+02
1.437994656450068192e+02 2.253848015574229464e+02
1.438040026213641340e+02 2.254335987264417440e+02
1.438085395977214489e+02 2.254722393850348965e+02
1.438130765740787353e+02 2.255175658476917988e+02
1.438176135504360502e+02 2.255657503280849028e+02
1.438221505267933651e+02 2.256129084252544601e+02
1.438266875031506800e+02 2.256621428782468683e+02
1.438312244795079948e+02 2.257060370678555614e+02
1.438357614558653097e+02 2.257560341891493749e+02
1.438402984322226246e+02 2.257846412091430182e+02
1.438448354085799394e+02 2.258243673514278100e+02
1.438493723849372259e+02 2.258709218914919461e+02
1.438539093612945408e+02 2.259194346942202287e+02
1.438584463376518556e+02 2.259675560741153220e+02
1.438629833140091705e+02 2.260169365208076613e+02
1.438675202903664854e+02 2.260839694836336093e+02
1.438720572667238002e+02 2.261340227064461033e+02
1.438765942430811151e+02 2.261829075249044934e+02
1.438811312194384300e+02 2.262520906932901141e+02
1.438856681957957449e+02 2.263032882949332247e+02
1.438902051721530597e+02 2.263412006502812517e+02
1.438947421485103746e+02 2.263909414537591260e+02
1.438992791248676895e+02 2.264412792819610161e+02
1.439038161012250043e+02 2.265024532405453499e+02
1.439083530775822908e+02 2.265582377142111739e+02
1.439128900539396057e+02 2.266104323532434535e+02
1.439174270302969205e+02 2.266423487768381619e+02
1.439219640066542354e+02 2.266635613509527332e+02
1.439265009830115503e+02 2.267001933519766226e+02
1.439310379593688651e+02 2.267464973712568508e+02
1.439355749357261800e+02 2.267856655049762651e+02
1.439401119120834664e+02 2.268419077660011283e+02
1.439446488884407813e+02 2.268832498624294374e+02
1.439491858647980962e+02 2.269325782853153157e+02
1.439537228411554111e+02 2.269626359821324399e+02
1.439582598175127259e+02 2.270074917750434054e+02
1.439627967938700408e+02 2.270514619368266267e+02
1.439673337702273557e+02 2.270909485339684295e+02
1.439718707465846705e+02 2.271269662511060972e+02
1.439764077229419854e+02 2.271644717700202420e+02
1.439809446992993003e+02 2.272035829669702878e+02
1.439854816756566152e+02 2.272327759365732049e+02
1.439900186520139300e+02 2.272819785345581920e+02
1.439945556283712449e+02 2.273238078562554279e+02
1.439990926047285313e+02 2.273723072104197058e+02
1.440036295810858462e+02 2.274172791001225278e+02
1.440081665574431611e+02 2.274951117851559843e+02
1.440127035338004760e+02 2.275496400036813611e+02
1.440172405101577908e+02 2.276021937753489226e+02
1.440217774865151057e+02 2.276723991026910880e+02
1.440263144628724206e+02 2.277257036221338922e+02
1.440308514392297354e+02 2.277762945505007792e+02
1.440353884155870219e+02 2.278226542323994011e+02
1.440399253919443368e+02 2.278706981428437075e+02
1.440444623683016516e+02 2.279025121251710857e+02
1.440489993446589665e+02 2.279467181677039207e+02
1.440535363210162814e+02 2.280016852865774126e+02
1.440580732973735962e+02 2.280538390636288284e+02
1.440626102737309111e+02 2.281015773029809850e+02
1.440671472500882260e+02 2.281508910630714411e+02
1.440716842264455408e+02 2.282048695990662281e+02
1.440762212028028557e+02 2.282395339760469994e+02
1.440807581791601706e+02 2.282824280994535968e+02
1.440852951555174855e+02 2.283333706847287203e+02
1.440898321318748003e+02 2.283754447751013288e+02
1.440943691082320868e+02 2.284119678099178543e+02
1.440989060845894016e+02 2.284564349557256548e+02
1.441034430609467165e+02 2.285174822027894095e+02
1.441079800373040314e+02 2.285873450666661881e+02
1.441125170136613463e+02 2.286391787679463619e+02
1.441170539900186611e+02 2.286958339967118832e+02
1.441215909663759760e+02 2.287422371712373774e+02
1.441261279427332624e+02 2.287881139615726624e+02
1.441306649190905773e+02 2.288477736998786725e+02
1.441352018954478922e+02 2.289014699498544019e+02
1.441397388718052071e+02 2.289589242488089269e+02
1.441442758481625219e+02 2.290141486477598960e+02
1.441488128245198368e+02 2.290497209838365507e+02
1.441533498008771517e+02 2.290881820977760412e+02
1.441578867772344665e+02 2.291199866865378283e+02
1.441624237535917814e+02 2.291341083753849546e+02
1.441669607299490963e+02 2.291703609598612275e+02
1.441714977063064111e+02 2.292138934236213004e+02
1.441760346826637260e+02 2.292562696851385340e+02
1.441805716590210409e+02 2.293170638649825435e+02
1.441851086353783273e+02 2.293599435297588229e+02
1.441896456117356422e+02 2.294139307367545655e+02
1.441941825880929571e+02 2.294560520467778133e+02
1.441987195644502719e+02 2.295176784203361819e+02
1.442032565408075868e+02 2.295806649209063721e+02
1.442077935171649017e+02 2.296275037278101081e+02
1.442123304935222166e+02 2.296806626466427304e+02
1.442168674698795314e+02 2.297260895210578724e+02
1.442214044462368179e+02 2.297663694089306716e+02
1.442259414225941327e+02 2.298331315138463538e+02
1.442304783989514476e+02 2.298799829853942640e+02
1.442350153753087625e+02 2.299365254197231536e+02
1.442395523516660774e+02 2.300032751067564050e+02
1.442440893280233922e+02 2.300336254879796059e+02
1.442486263043807071e+02 2.301001395677826906e+02
1.442531632807380220e+02 2.301488505235840876e+02
1.442577002570953368e+02 2.301996041935247206e+02
1.442622372334526517e+02 2.302557501459581601e+02
1.442667742098099666e+02 2.302946131257084517e+02
1.442713111861672814e+02 2.303372496483920884e+02
1.442758481625245679e+02 2.303787845398517220e+02
1.442803851388818828e+02 2.304295753500196895e+02
1.442849221152391976e+02 2.304702588231337756e+02
1.442894590915965125e+02 2.305252876757670890e+02
1.442939960679538274e+02 2.305672845527719232e+02
1.442985330443111422e+02 2.306114575659561581e+02
1.443030700206684571e+02 2.306428514643161805e+02
1.443076069970257720e+02 2.306836509934288131e+02
1.443121439733830584e+02 2.307317672056120159e+02
1.443166809497403733e+02 2.307881614183608576e+02
1.443212179260976882e+02 2.308383548844572886e+02
1.443257549024550030e+02 2.308747510861653609e+02
1.443302918788123179e+02 2.309191018065918684e+02
1.443348288551696328e+02 2.309689967004968310e+02
1.443393658315269477e+02 2.310173841862433051e+02
1.443439028078842625e+02 2.310695670777218993e+02
1.443484397842415774e+02 2.311371859166393108e+02
1.443529767605988923e+02 2.311809766161061361e+02
1.443575137369562071e+02 2.312225654171238318e+02
1.443620507133135220e+02 2.312788922107022529e+02
1.443665876896708369e+02 2.313130354035255607e+02
1.443711246660281233e+02 2.313567969062887926e+02
1.443756616423854382e+02 2.314161771877252818e+02
1.443801986187427531e+02 2.314640920939704927e+02
1.443847355951000679e+02 2.315090803124156764e+02
1.443892725714573828e+02 2.315618861009016882e+02
1.443938095478146977e+02 2.316111552592456349e+02
1.443983465241720126e+02 2.316546311270714682e+02
1.444028835005293274e+02 2.316898909798847512e+02
1.444074204768866139e+02 2.317464900010757276e+02
1.444119574532439287e+02 2.317957333107342777e+02
1.444164944296012436e+02 2.318615766052458866e+02
1.444210314059585585e+02 2.319035173522065350e+02
1.444255683823158734e+02 2.319407218816892566e+02
1.444301053586731882e+02 2.319847472537078374e+02
1.444346423350305031e+02 2.320380247908497893e+02
1.444391793113878180e+02 2.320881040297811069e+02
1.444437162877451328e+02 2.321425733280704833e+02
1.444482532641024477e+02 2.321935645834274453e+02
1.444527902404597626e+02 2.322420678128395934e+02
1.444573272168170774e+02 2.322792218128390118e+02
1.444618641931743639e+02 2.323255109553616364e+02
1.444664011695316788e+02 2.323696398746703551e+02
1.444709381458889936e+02 2.324272374401194554e+02
1.444754751222463085e+02 2.324657539416998304e+02
1.444800120986036234e+02 2.325085567096512307e+02
1.444845490749609382e+02 2.325471291203247972e+02
1.444890860513182531e+02 2.325873217049258983e+02
1.444936230276755680e+02 2.326233475745167141e+02
1.444981600040328544e+02 2.326727441601194926e+02
1.445026969803901693e+02 2.327348469086623481e+02
1.445072339567474842e+02 2.327838529531746872e+02
1.445117709331047990e+02 2.328323047656348308e+02
1.445163079094621139e+02 2.328581564938431256e+02
1.445208448858194288e+02 2.329012341673096955e+02
1.445253818621767437e+02 2.329629493065063741e+02
1.445299188385340585e+02 2.330348004974047740e+02
1.445344558148913734e+02 2.330779827467088410e+02
1.445389927912486883e+02 2.331210507997349168e+02
1.445435297676060031e+02 2.331487673650114232e+02
1.445480667439633180e+02 2.331770837789767370e+02
1.445526037203206329e+02 2.332156952684199496e+02
1.445571406966779193e+02 2.332695441874743381e+02
1.445616776730352342e+02 2.333285062630276627e+02
1.445662146493925491e+02 2.333993860879054978e+02
1.445707516257498639e+02 2.334558803014161867e+02
1.445752886021071788e+02 2.335008834780917368e+02
1.445798255784644937e+02 2.335433839092716255e+02
1.445843625548218085e+02 2.335673385389357009e+02
1.445888995311791234e+02 2.336145223112695533e+02
1.445934365075364099e+02 2.336611133559599978e+02
1.445979734838937247e+02 2.337242970549125403e+02
1.446025104602510396e+02 2.337838502387057531e+02
1.446070474366083545e+02 2.338403500402247630e+02
1.446115844129656693e+02 2.339063924850196372e+02
1.446161213893229842e+02 2.339458856188552147e+02
1.446206583656802991e+02 2.339912390951176349e+02
1.446251953420376140e+02 2.340369086722139684e+02
1.446297323183949288e+02 2.340759119518625937e+02
1.446342692947522437e+02 2.341075630352267467e+02
1.446388062711095586e+02 2.341596904645839743e+02
1.446433432474668734e+02 2.342088190078859782e+02
1.446478802238241599e+02 2.342477274447653031e+02
1.446524172001814748e+02 2.343149180194614587e+02
1.446569541765387896e+02 2.343660859356268418e+02
1.446614911528961045e+02 2.344089371293275406e+02
1.446660281292534194e+02 2.344573983090224942e+02
1.446705651056107342e+02 2.345160891791949211e+02
1.446751020819680491e+02 2.345794316215442166e+02
1.446796390583253640e+02 2.346401246447609594e+02
1.446841760346826504e+02 2.346782735357594163e+02
1.446887130110399653e+02 2.347373235394389894e+02
1.446932499873972802e+02 2.347662052929165668e+02
1.446977869637545950e+02 2.348020797574107235e+02
1.447023239401119099e+02 2.348467919034288798e+02
1.447068609164692248e+02 2.348852132514651885e+02
1.447113978928265396e+02 2.349297920903357237e+02
1.447159348691838545e+02 2.349813038602419226e+02
1.447204718455411694e+02 2.350196223696272000e+02
1.447250088218984843e+02 2.350626705932097593e+02
1.447295457982557991e+02 2.351119503112111886e+02
1.447340827746131140e+02 2.351696470591401180e+02
1.447386197509704289e+02 2.352104366914569766e+02
1.447431567273277153e+02 2.352647123320743390e+02
1.447476937036850302e+02 2.353099407470186293e+02
1.447522306800423451e+02 2.353482389922900779e+02
1.447567676563996599e+02 2.353862461310701519e+02
1.447613046327569748e+02 2.354385468104557333e+02
1.447658416091142897e+02 2.354980944947566570e+02
1.447703785854716045e+02 2.355377988324286491e+02
1.447749155618289194e+02 2.355968433007655847e+02
1.447794525381862059e+02 2.356382187741212419e+02
1.447839895145435207e+02 2.356943238141804216e+02
1.447885264909008356e+02 2.357369298863675056e+02
1.447930634672581505e+02 2.357968408119693322e+02
1.447976004436154653e+02 2.358460279835387610e+02
1.448021374199727802e+02 2.358804860538186858e+02
1.448066743963300951e+02 2.359382878485922674e+02
1.448112113726874099e+02 2.359697110367515620e+02
1.448157483490447248e+02 2.360183119290893785e+02
1.448202853254020397e+02 2.360661153448006644e+02
1.448248223017593546e+02 2.361079929847642518e+02
1.448293592781166694e+02 2.361383282148516116e+02
1.448338962544739559e+02 2.361996672665964638e+02
1.448384332308312707e+02 2.362562606276015629e+02
1.448429702071885856e+02 2.363050029481482284e+02
1.448475071835459005e+02 2.363624862144453971e+02
1.448520441599032154e+02 2.363984799271716497e+02
1.448565811362605302e+02 2.364391612932224689e+02
1.448611181126178451e+02 2.364774492554855669e+02
1.448656550889751600e+02 2.365143613927914998e+02
1.448701920653324464e+02 2.365607329252594866e+02
1.448747290416897613e+02 2.366056484485910687e+02
1.448792660180470762e+02 2.366465548080958285e+02
1.448838029944043910e+02 2.366863750109197611e+02
1.448883399707617059e+02 2.367300577199699205e+02
1.448928769471190208e+02 2.367785222770781672e+02
1.448974139234763356e+02 2.368355413112038832e+02
1.449019508998336505e+02 2.368894818001467968e+02
1.449064878761909654e+02 2.369402231552563478e+02
1.449110248525482803e+02 2.369916091717248321e+02
1.449155618289055951e+02 2.370342766035228124e+02
1.449200988052629100e+02 2.370826612205551100e+02
1.449246357816202249e+02 2.371214006315197480e+02
1.449291727579775113e+02 2.371683732487394138e+02
1.449337097343348262e+02 2.372132104450156476e+02
1.449382467106921411e+02 2.372605803213577076e+02
1.449427836870494559e+02 2.373001224477376070e+02
1.449473206634067708e+02 2.373562967057887363e+02
1.449518576397640857e+02 2.373962441964840764e+02
1.449563946161214005e+02 2.374496389188064427e+02
1.449609315924786870e+02 2.374906842924829675e+02
1.449654685688360019e+02 2.375267512442465545e+02
1.449700055451933167e+02 2.375574016634295447e+02
1.449745425215506316e+02 2.376000211049470465e+02
1.449790794979079465e+02 2.376305249782107012e+02
1.449836164742652613e+02 2.376845658466505427e+02
1.449881534506225762e+02 2.377392377510496999e+02
1.449926904269798911e+02 2.377719693111689878e+02
1.449972274033372059e+02 2.378234743933006996e+02
1.450017643796945208e+02 2.378643433506115912e+02
1.450063013560518357e+02 2.379124054102623234e+02
1.450108383324091506e+02 2.379551923063102947e+02
1.450153753087664654e+02 2.380101799972591436e+02
1.450199122851237519e+02 2.380532393067010730e+02
1.450244492614810667e+02 2.380995798229398304e+02
1.450289862378383816e+02 2.381479101304761059e+02
1.450335232141956965e+02 2.382118969122613521e+02
1.450380601905530114e+02 2.382682276883732584e+02
1.450425971669103262e+02 2.383041814566953747e+02
1.450471341432676411e+02 2.383476282497704801e+02
1.450516711196249560e+02 2.383758422378748776e+02
1.450562080959822424e+02 2.384141373921760589e+02
1.450607450723395573e+02 2.384404506622543067e+02
1.450652820486968722e+02 2.384931903296869109e+02
1.450698190250541870e+02 2.385477446708396485e+02
1.450743560014115019e+02 2.386041423267305390e+02
1.450788929777688168e+02 2.386327466634287475e+02
1.450834299541261316e+02 2.386627998523658789e+02
1.450879669304834465e+02 2.387028089907825574e+02
1.450925039068407614e+02 2.387344232922355900e+02
1.450970408831980762e+02 2.387725230873893452e+02
1.451015778595553911e+02 2.388214680476586409e+02
1.451061148359127060e+02 2.388822672459141074e+02
1.451106518122700209e+02 2.389361011091338014e+02
1.451151887886273073e+02 2.389798109551404082e+02
1.451197257649846222e+02 2.390067163105220516e+02
1.451242627413419370e+02 2.390397108743640331e+02
1.451287997176992519e+02 2.390657701138295010e+02
1.451333366940565668e+02 2.390869001191044845e+02
1.451378736704138817e+02 2.391397275181456052e+02
1.451424106467711965e+02 2.391708669889267185e+02
1.451469476231284830e+02 2.392214339100238476e+02
1.451514845994857978e+02 2.392688701006935617e+02
1.451560215758431127e+02 2.393039695433537304e+02
1.451605585522004276e+02 2.393360620906184693e+02
1.451650955285577425e+02 2.393739304552952376e+02
1.451696325049150573e+02 2.394083487074689742e+02
1.451741694812723722e+02 2.394686445433789572e+02
1.451787064576296871e+02 2.395170705585721294e+02
1.451832434339870019e+02 2.395775231093323043e+02
1.451877804103443168e+02 2.396280774660752115e+02
1.451923173867016317e+02 2.396776283565311019e+02
1.451968543630589465e+02 2.397170761095591729e+02
1.452013913394162614e+02 2.397592375274601579e+02
1.452059283157735479e+02 2.398053254123997249e+02
1.452104652921308627e+02 2.398405217065742363e+02
1.452150022684881776e+02 2.398495739444718140e+02
1.452195392448454925e+02 2.398844696062325283e+02
1.452240762212028073e+02 2.399394400262540330e+02
1.452286131975601222e+02 2.399842909031116847e+02
1.452331501739174371e+02 2.400424033971443976e+02
1.452376871502747520e+02 2.400992951061247993e+02
1.452422241266320384e+02 2.401463303326000585e+02
1.452467611029893533e+02 2.401975977061169942e+02
1.452512980793466681e+02 2.402491232451131680e+02
1.452558350557039830e+02 2.402903451522776379e+02
1.452603720320612979e+02 2.403437321400154474e+02
1.452649090084186128e+02 2.403853633444148556e+02
1.452694459847759276e+02 2.404199215688191487e+02
1.452739829611332425e+02 2.404642646841037958e+02
1.452785199374905574e+02 2.405010345227012749e+02
1.452830569138478722e+02 2.405537078502408406e+02
1.452875938902051871e+02 2.405971356421420637e+02
1.452921308665625020e+02 2.406435120799896197e+02
1.452966678429198168e+02 2.406876675532701881e+02
1.453012048192771033e+02 2.407402318305486233e+02
1.453057417956344182e+02 2.407733232328187967e+02
1.453102787719917330e+02 2.408233643955725256e+02
1.453148157483490479e+02 2.408745736935883031e+02
1.453193527247063628e+02 2.409134408368580580e+02
1.453238897010636776e+02 2.409607355015837982e+02
1.453284266774209925e+02 2.410026660779724068e+02
1.453329636537782790e+02 2.410548897010519909e+02
1.453375006301355938e+02 2.410934931506054397e+02
1.453420376064929087e+02 2.411496158434325991e+02
1.453465745828502236e+02 2.411912799589332508e+02
1.453511115592075384e+02 2.412279242716049623e+02
1.453556485355648533e+02 2.412481929488794492e+02
1.453601855119221682e+02 2.412715448096604973e+02
1.453647224882794831e+02 2.413260433379626591e+02
1.453692594646367979e+02 2.413716038020969847e+02
1.453737964409941128e+02 2.414288417289916993e+02
1.453783334173514277e+02 2.414868176634280701e+02
1.453828703937087425e+02 2.415424449547928987e+02
1.453874073700660574e+02 2.415730447923913573e+02
1.453919443464233439e+02 2.416090737155873285e+02
1.453964813227806587e+02 2.416316231142275228e+02
1.454010182991379736e+02 2.416622573385422186e+02
1.454055552754952885e+02 2.416916911678991937e+02
1.454100922518526033e+02 2.417225539221948623e+02
1.454146292282099182e+02 2.417638044069684042e+02
1.454191662045672331e+02 2.418104075660867238e+02
1.454237031809245480e+02 2.418635833441682053e+02
1.454282401572818344e+02 2.419115266990572195e+02
1.454327771336391493e+02 2.419728198667463630e+02
1.454373141099964641e+02 2.420439411808088153e+02
1.454418510863537790e+02 2.420836454404125107e+02
1.454463880627110939e+02 2.421174386049570160e+02
1.454509250390684088e+02 2.421578710139721409e+02
1.454554620154257236e+02 2.422094495070883511e+02
1.454599989917830385e+02 2.422647050760733407e+02
1.454645359681403534e+02 2.423263268864724864e+02
1.454690729444976682e+02 2.423820198583777028e+02
1.454736099208549831e+02 2.424318411895874590e+02
1.454781468972122980e+02 2.424727337733025365e+02
1.454826838735696128e+02 2.425101942152212473e+02
1.454872208499268993e+02 2.425499280832592319e+02
1.454917578262842142e+02 2.425881981552224147e+02
1.454962948026415290e+02 2.426124378950517837e+02
1.455008317789988439e+02 2.426501978266023229e+02
1.455053687553561588e+02 2.426814180669553593e+02
1.455099057317134736e+02 2.427152886635799689e+02
1.455144427080707885e+02 2.427726443687153619e+02
1.455189796844280750e+02 2.428190384254387482e+02
1.455235166607853898e+02 2.428756956793075119e+02
1.455280536371427047e+02 2.429374172824074947e+02
1.455325906135000196e+02 2.429961293459633680e+02
1.455371275898573344e+02 2.430462177853037247e+02
1.455416645662146493e+02 2.430993672019371843e+02
1.455462015425719642e+02 2.431250407935377211e+02
1.455507385189292791e+02 2.431769269255422330e+02
1.455552754952865939e+02 2.432268979737235668e+02
1.455598124716439088e+02 2.432632827857263749e+02
1.455643494480012237e+02 2.432827964033195940e+02
1.455688864243585385e+02 2.433087917131176141e+02
1.455734234007158534e+02 2.433385577465352867e+02
1.455779603770731399e+02 2.433799685422598316e+02
1.455824973534304547e+02 2.434243770994729061e+02
1.455870343297877696e+02 2.434654344366895771e+02
1.455915713061450845e+02 2.435056067431376619e+02
1.455961082825023993e+02 2.435509624528611425e+02
1.456006452588597142e+02 2.435964247903043542e+02
1.456051822352170291e+02 2.436333769008359411e+02
1.456097192115743439e+02 2.436742753343195034e+02
1.456142561879316304e+02 2.437163264289487472e+02
1.456187931642889453e+02 2.437584653733325126e+02
1.456233301406462601e+02 2.438056757330550113e+02
1.456278671170035750e+02 2.438589717544807343e+02
1.456324040933608899e+02 2.438989441281953248e+02
1.456369410697182047e+02 2.439381376356740532e+02
1.456414780460755196e+02 2.439852006202191603e+02
1.456460150224328345e+02 2.440295134325067750e+02
1.456505519987901494e+02 2.440827595103997680e+02
1.456550889751474642e+02 2.441164798125263076e+02
1.456596259515047791e+02 2.441685903353370293e+02
1.456641629278620940e+02 2.442084211393463420e+02
1.456686999042194088e+02 2.442723950712945395e+02
1.456732368805766953e+02 2.443016101243729565e+02
1.456777738569340102e+02 2.443525432120523817e+02
1.456823108332913250e+02 2.443978494348477284e+02
1.456868478096486399e+02 2.444549062325553734e+02
1.456913847860059548e+02 2.444984051911571328e+02
1.456959217623632696e+02 2.445611712180034942e+02
1.457004587387205845e+02 2.445930709569586270e+02
1.457049957150778710e+02 2.446372169297553114e+02
1.457095326914351858e+02 2.446626110492045143e+02
1.457140696677925007e+02 2.446963791893975895e+02
1.457186066441498156e+02 2.447326759411221531e+02
1.457231436205071304e+02 2.447813164007077091e+02
1.457276805968644453e+02 2.448335595880600124e+02
1.457322175732217602e+02 2.448839435595576788e+02
1.457367545495790750e+02 2.449298942519662887e+02
1.457412915259363899e+02 2.449803566964637582e+02
1.457458285022937048e+02 2.450301607687531771e+02
1.457503654786510197e+02 2.450782579730818895e+02
1.457549024550083345e+02 2.451228985496294968e+02
1.457594394313656494e+02 2.451614341581011161e+02
1.457639764077229358e+02 2.452106465557087915e+02
1.457685133840802507e+02 2.452468619289868741e+02
1.457730503604375656e+02 2.452913045879647314e+02
1.457775873367948805e+02 2.453313758064965953e+02
1.457821243131521953e+02 2.453630759610033181e+02
1.457866612895095102e+02 2.454024367903335531e+02
1.457911982658668251e+02 2.454398039506855866e+02
1.457957352422241399e+02 2.454830404621000071e+02
1.458002722185814264e+02 2.455373680585878731e+02
1.458048091949387413e+02 2.455924104690568868e+02
1.458093461712960561e+02 2.456366842416150007e+02
1.458138831476533710e+02 2.456848585375503831e+02
1.458184201240106859e+02 2.457289307942381527e+02
1.458229571003680007e+02 2.457781673836056200e+02
1.458274940767253156e+02 2.458141706108358164e+02
1.458320310530826305e+02 2.458695254869634539e+02
1.458365680294399453e+02 2.459284121450933753e+02
1.458411050057972602e+02 2.459980733089187197e+02
1.458456419821545751e+02 2.460687875115908980e+02
1.458501789585118900e+02 2.461244209870042425e+02
1.458547159348692048e+02 2.461807782408215530e+02
1.458592529112264913e+02 2.462175674202792663e+02
1.458637898875838061e+02 2.462639240454836056e+02
1.458683268639411210e+02 2.463066955195758680e+02
1.458728638402984359e+02 2.463680550255109551e+02
1.458774008166557508e+02 2.464103774817900216e+02
1.458819377930130656e+02 2.464482717730412560e+02
1.458864747693703805e+02 2.464815581183914333e+02
1.458910117457276669e+02 2.465173362474627368e+02
1.458955487220849818e+02 2.465557724002817110e+02
1.459000856984422967e+02 2.466072382255755429e+02
1.459046226747996116e+02 2.466670844065089057e+02
1.459091596511569264e+02 2.467129557383683505e+02
1.459136966275142413e+02 2.467666883120347165e+02
1.459182336038715562e+02 2.468048251340798060e+02
1.459227705802288710e+02 2.468400585234490734e+02
1.459273075565861859e+02 2.468730483815615457e+02
1.459318445329435008e+02 2.469251061261529117e+02
1.459363815093008157e+02 2.469672647790937390e+02
1.459409184856581305e+02 2.470093215265763433e+02
1.459454554620154454e+02 2.470627632298539993e+02
1.459499924383727318e+02 2.470894989470376402e+02
1.459545294147300467e+02 2.471161686636595221e+02
1.459590663910873616e+02 2.471660862211818142e+02
1.459636033674446765e+02 2.472033198432918653e+02
1.459681403438019913e+02 2.472135662910815483e+02
1.459726773201593062e+02 2.472734132186288036e+02
1.459772142965166211e+02 2.473120701960914971e+02
1.459817512728739359e+02 2.473620829162036046e+02
1.459862882492312224e+02 2.473993459200601706e+02
1.459908252255885373e+02 2.474425233773142736e+02
1.459953622019458521e+02 2.474854175157844054e+02
1.459998991783031670e+02 2.475206411338686507e+02
1.460044361546604819e+02 2.475545239321322697e+02
1.460089731310177967e+02 2.475916382335574326e+02
1.460135101073751116e+02 2.476263115595514250e+02
1.460180470837324265e+02 2.476662950779268897e+02
1.460225840600897413e+02 2.477030676409699481e+02
1.460271210364470562e+02 2.477451594645396540e+02
1.460316580128043711e+02 2.477876460913374217e+02
1.460361949891616860e+02 2.478279724418820820e+02
1.460407319655189724e+02 2.478771620765853072e+02
1.460452689418762873e+02 2.479206396904735357e+02
1.460498059182336021e+02 2.479701314607379175e+02
1.460543428945909170e+02 2.480166988395178578e+02
1.460588798709482319e+02 2.480624068010594954e+02
1.460634168473055468e+02 2.481097212339966802e+02
1.460679538236628616e+02 2.481566468333086561e+02
1.460724908000201765e+02 2.481952029827976389e+02
1.460770277763774629e+02 2.482317773528001794e+02
1.460815647527347778e+02 2.482682327550398327e+02
1.460861017290920927e+02 2.483117381833493482e+02
1.460906387054494076e+02 2.483535678222651484e+02
1.460951756818067224e+02 2.484014477389019930e+02
1.460997126581640373e+02 2.484427480426322745e+02
1.461042496345213522e+02 2.484831838862099005e+02
1.461087866108786670e+02 2.485221803503812055e+02
1.461133235872359819e+02 2.485521810720898941e+02
1.461178605635932968e+02 2.485896633376189868e+02
1.461223975399506116e+02 2.486363351599620160e+02
1.461269345163079265e+02 2.486619695784220028e+02
1.461314714926652414e+02 2.486920121591077759e+02
1.461360084690225278e+02 2.487215829399592621e+02
1.461405454453798427e+02 2.487552520409193448e+02
1.461450824217371576e+02 2.487962348063821878e+02
1.461496193980944724e+02 2.488389828275862214e+02
1.461541563744517873e+02 2.488985833490599759e+02
1.461586933508091022e+02 2.489327156157783918e+02
1.461632303271664171e+02 2.489667443932943627e+02
1.461677673035237319e+02 2.490100899553313241e+02
1.461723042798810184e+02 2.490422948358889244e+02
1.461768412562383332e+02 2.490746726010405894e+02
1.461813782325956481e+02 2.491230071341912264e+02
1.461859152089529630e+02 2.491616427236675690e+02
1.461904521853102779e+02 2.492144665070817098e+02
1.461949891616675927e+02 2.492580061107181848e+02
1.461995261380249076e+02 2.492927165409085433e+02
1.462040631143822225e+02 2.493464315298370479e+02
1.462086000907395373e+02 2.493751904731355467e+02
1.462131370670968522e+02 2.494290808956723424e+02
1.462176740434541671e+02 2.494657197443853249e+02
1.462222110198114819e+02 2.495073632245274382e+02
1.462267479961687684e+02 2.495324629068811930e+02
1.462312849725260833e+02 2.495718713987069179e+02
1.462358219488833981e+02 2.496112282153775936e+02
1.462403589252407130e+02 2.496557489867676622e+02
1.462448959015980279e+02 2.497034312479055416e+02
1.462494328779553427e+02 2.497510141528934753e+02
1.462539698543126576e+02 2.497980485946943361e+02
1.462585068306699725e+02 2.498390653740360676e+02
1.462630438070272589e+02 2.498819380399666557e+02
1.462675807833845738e+02 2.499307032823239183e+02
1.462721177597418887e+02 2.499728248625379763e+02
1.462766547360992035e+02 2.500169291490030901e+02
1.462811917124565184e+02 2.500506384706433494e+02
1.462857286888138333e+02 2.500928334322496767e+02
1.462902656651711482e+02 2.501402424235153603e+02
1.462948026415284630e+02 2.501890709753194528e+02
1.462993396178857779e+02 2.502323024241435974e+02
1.463038765942430928e+02 2.503041295109464386e+02
1.463084135706004076e+02 2.503485846617929838e+02
1.463129505469577225e+02 2.504003624016681897e+02
1.463174875233150374e+02 2.504522581583455292e+02
1.463220244996723238e+02 2.505233931128414326e+02
1.463265614760296387e+02 2.505739336377180848e+02
1.463310984523869536e+02 2.506361923049356335e+02
1.463356354287442684e+02 2.506945702766476529e+02
1.463401724051015833e+02 2.507448702377017753e+02
1.463447093814588982e+02 2.507829242196239647e+02
1.463492463578162130e+02 2.508366077227599078e+02
1.463537833341735279e+02 2.509095773194086405e+02
1.463583203105308144e+02 2.509624015807554542e+02
1.463628572868881292e+02 2.510254917313783665e+02
1.463673942632454441e+02 2.510799251352470662e+02
1.463719312396027590e+02 2.511167230725287141e+02
1.463764682159600738e+02 2.511782313543615146e+02
1.463810051923173887e+02 2.512212367649740088e+02
1.463855421686747036e+02 2.512567429827971068e+02
1.463900791450320185e+02 2.512943732892354944e+02
1.463946161213893333e+02 2.513394924991816026e+02
1.463991530977466482e+02 2.513735994262329143e+02
1.464036900741039631e+02 2.514117792807749936e+02
1.464082270504612779e+02 2.514469453081444215e+02
1.464127640268185644e+02 2.514964534467133603e+02
1.464173010031758793e+02 2.515445367165528125e+02
1.464218379795331941e+02 2.515865023672047016e+02
1.464263749558905090e+02 2.516313437376652473e+02
1.464309119322478239e+02 2.516713656413461990e+02
1.464354489086051387e+02 2.517115582674078951e+02
1.464399858849624536e+02 2.517641293333475119e+02
1.464445228613197685e+02 2.518055262579636917e+02
1.464490598376770549e+02 2.518413043140056118e+02
1.464535968140343698e+02 2.518791234059985698e+02
1.464581337903916847e+02 2.519221178567601953e+02
1.464626707667489995e+02 2.519464248215768123e+02
1.464672077431063144e+02 2.519956732782461870e+02
1.464717447194636293e+02 2.520377053169994213e+02
1.464762816958209442e+02 2.520828675695869379e+02
1.464808186721782590e+02 2.521258852443501439e+02
1.464853556485355739e+02 2.521729890929650821e+02
1.464898926248928888e+02 2.522071934978608567e+02
1.464944296012502036e+02 2.522481040212532832e+02
1.464989665776075185e+02 2.523000209098406970e+02
1.465035035539648334e+02 2.523580698829854896e+02
1.465080405303221198e+02 2.524154271830543621e+02
1.465125775066794347e+02 2.524697178528505503e+02
1.465171144830367496e+02 2.525225244763641683e+02
1.465216514593940644e+02 2.525858971886933091e+02
1.465261884357513793e+02 2.526366901094131947e+02
1.465307254121086942e+02 2.526842713013301136e+02
1.465352623884660090e+02 2.527390370282516017e+02
1.465397993648233239e+02 2.527944641629599687e+02
1.465443363411806104e+02 2.528331863434879665e+02
1.465488733175379252e+02 2.528725332965648818e+02
1.465534102938952401e+02 2.529137939847801135e+02
1.465579472702525550e+02 2.529430646820340769e+02
1.465624842466098698e+02 2.529983919872061051e+02
1.465670212229671847e+02 2.530588784966719516e+02
1.465715581993244996e+02 2.531246794760645855e+02
1.465760951756818145e+02 2.531662089445333663e+02
1.465806321520391293e+02 2.531963924029878399e+02
1.465851691283964442e+02 2.532333357074591902e+02
1.465897061047537591e+02 2.532713950665140885e+02
1.465942430811110739e+02 2.533148009862424033e+02
1.465987800574683604e+02 2.533367353813004570e+02
1.466033170338256753e+02 2.533769239831988784e+02
1.466078540101829901e+02 2.534180987364352404e+02
1.466123909865403050e+02 2.534613948250253657e+02
1.466169279628976199e+02 2.534854330743643516e+02
1.466214649392549347e+02 2.535370324217155940e+02
1.466260019156122496e+02 2.535855412985451096e+02
1.466305388919695645e+02 2.536235496770315478e+02
1.466350758683268509e+02 2.536601352656457493e+02
1.466396128446841658e+02 2.537022652606187876e+02
1.466441498210414807e+02 2.537443447769050522e+02
1.466486867973987955e+02 2.537687522548364711e+02
1.466532237737561104e+02 2.538099390703470419e+02
1.466577607501134253e+02 2.538494320120034899e+02
1.466622977264707401e+02 2.538876706174344520e+02
1.466668347028280550e+02 2.539298596068418590e+02
1.466713716791853699e+02 2.539912827343884487e+02
1.466759086555426848e+02 2.540435281443324413e+02
1.466804456318999996e+02 2.541043313920595779e+02
1.466849826082573145e+02 2.541614827517034882e+02
1.466895195846146294e+02 2.542197630601962999e+02
1.466940565609719158e+02 2.542608836768914955e+02
1.466985935373292307e+02 2.543133358240024506e+02
1.467031305136865456e+02 2.543501752367362769e+02
1.467076674900438604e+02 2.543835702089724862e+02
1.467122044664011753e+02 2.544441190138218190e+02
1.467167414427584902e+02 2.544881229609307809e+02
1.467212784191158050e+02 2.545300975506129078e+02
1.467258153954730915e+02 2.545671437757027036e+02
1.467303523718304064e+02 2.546145454308575893e+02
1.467348893481877212e+02 2.546461540913829538e+02
1.467394263245450361e+02 2.546902204514760797e+02
1.467439633009023510e+02 2.547356942515926903e+02
1.467485002772596658e+02 2.547718650581439022e+02
1.467530372536169807e+02 2.548187582978619048e+02
1.467575742299742956e+02 2.548555495787190637e+02
1.467621112063316104e+02 2.549013019360803582e+02
1.467666481826889253e+02 2.549271370016746516e+02
1.467711851590462402e+02 2.549820870334907568e+02
1.467757221354035551e+02 2.550303136265976036e+02
1.467802591117608699e+02 2.550790310214748899e+02
1.467847960881181564e+02 2.551235641778482091e+02
1.467893330644754712e+02 2.551816484756183456e+02
1.467938700408327861e+02 2.552340879365711146e+02
1.467984070171901010e+02 2.552735802587431522e+02
1.468029439935474159e+02 2.553229859978687273e+02
1.468074809699047307e+02 2.553827431875611182e+02
1.468120179462620456e+02 2.554204250601677018e+02
1.468165549226193605e+02 2.554549405603399634e+02
1.468210918989766469e+02 2.554895357429589069e+02
1.468256288753339618e+02 2.555228123336321460e+02
1.468301658516912767e+02 2.555685048707904912e+02
1.468347028280485915e+02 2.556289007373322875e+02
1.468392398044059064e+02 2.556848228131236169e+02
1.468437767807632213e+02 2.557368719191398441e+02
1.468483137571205361e+02 2.557966173232636322e+02
1.468528507334778510e+02 2.558457600384359694e+02
1.468573877098351659e+02 2.558833911121290896e+02
1.468619246861924807e+02 2.559254941709836544e+02
1.468664616625497956e+02 2.559732269027765312e+02
1.468709986389071105e+02 2.560271516215929068e+02
1.468755356152644254e+02 2.560826782562015183e+02
1.468800725916217118e+02 2.561393719997915923e+02
1.468846095679790267e+02 2.561952811938279524e+02
1.468891465443363415e+02 2.562455391932157340e+02
1.468936835206936564e+02 2.562916669991208209e+02
1.468982204970509713e+02 2.563551796892937205e+02
1.469027574734082862e+02 2.563804646377087693e+02
1.469072944497656010e+02 2.564055175933531245e+02
1.469118314261228875e+02 2.564525581734606021e+02
1.469163684024802023e+02 2.564901839457866686e+02
1.469209053788375172e+02 2.565294412504723027e+02
1.469254423551948321e+02 2.565617097502189381e+02
1.469299793315521470e+02 2.566078166234211722e+02
1.469345163079094618e+02 2.566350209063854209e+02
1.469390532842667767e+02 2.566645916550407946e+02
1.469435902606240916e+02 2.567106871336848144e+02
1.469481272369814064e+02 2.567541055164677459e+02
1.469526642133387213e+02 2.567896188129607822e+02
1.469572011896960362e+02 2.568135195617463182e+02
1.469617381660533511e+02 2.568434406866941799e+02
1.469662751424106659e+02 2.568785474707520393e+02
1.469708121187679524e+02 2.569066863733123682e+02
1.469753490951252672e+02 2.569493612629279937e+02
1.469798860714825821e+02 2.570228387194449624e+02
1.469844230478398970e+02 2.570774946278037874e+02
1.469889600241972119e+02 2.571360300261723069e+02
1.469934970005545267e+02 2.571986624125473782e+02
1.469980339769118416e+02 2.572492334673656273e+02
1.470025709532691565e+02 2.572931173365886366e+02
1.470071079296264429e+02 2.573142236355958516e+02
1.470116449059837578e+02 2.573594580348192835e+02
1.470161818823410727e+02 2.574042381021266124e+02
1.470207188586983875e+02 2.574533765273861832e+02
1.470252558350557024e+02 2.574933970391630282e+02
1.470297928114130173e+02 2.575516180301312943e+02
1.470343297877703321e+02 2.575933760442249536e+02
1.470388667641276470e+02 2.576351646913604441e+02
1.470434037404849619e+02 2.576824800023705961e+02
1.470479407168422767e+02 2.577281254438134397e+02
1.470524776931995916e+02 2.577763440772223476e+02
1.470570146695569065e+02 2.578111724024766431e+02
1.470615516459142214e+02 2.578561234405153755e+02
1.470660886222715078e+02 2.578832560396511440e+02
1.470706255986288227e+02 2.579304649990762073e+02
1.470751625749861375e+02 2.579573249428999020e+02
1.470796995513434524e+02 2.580062591136504579e+02
1.470842365277007673e+02 2.580429179427349027e+02
1.470887735040580822e+02 2.580834693677302880e+02
1.470933104804153970e+02 2.581268885491986111e+02
1.470978474567726835e+02 2.581692848731064487e+02
1.471023844331299983e+02 2.582211481444611536e+02
1.471069214094873132e+02 2.582612584831706499e+02
1.471114583858446281e+02 2.583287980680443638e+02
1.471159953622019430e+02 2.583704134833015473e+02
1.471205323385592578e+02 2.584149973175934178e+02
1.471250693149165727e+02 2.584469379721381301e+02
1.471296062912738876e+02 2.584851194843130884e+02
1.471341432676312024e+02 2.585266748199143194e+02
1.471386802439885173e+02 2.585658183127784469e+02
1.471432172203458322e+02 2.586227944629873150e+02
1.471477541967031470e+02 2.586787431352009321e+02
1.471522911730604619e+02 2.587103459110264225e+02
1.471568281494177484e+02 2.587451682466286229e+02
1.471613651257750632e+02 2.587956919550827593e+02
1.471659021021323781e+02 2.588478321173861900e+02
1.471704390784896930e+02 2.589056885706286266e+02
1.471749760548470078e+02 2.589414037909440935e+02
1.471795130312043227e+02 2.589854735379417434e+02
1.471840500075616376e+02 2.590312708200658562e+02
1.471885869839189525e+02 2.590813122172500584e+02
1.471931239602762389e+02 2.591382635319362180e+02
1.471976609366335538e+02 2.591826013852211190e+02
1.472021979129908686e+02 2.592312029852141677e+02
1.472067348893481835e+02 2.592720634849365524e+02
1.472112718657054984e+02 2.593140734984174856e+02
1.472158088420628133e+02 2.593529815548910733e+02
1.472203458184201281e+02 2.594050705058549511e+02
1.472248827947774430e+02 2.594630480350799075e+02
1.472294197711347579e+02 2.595226795011760714e+02
1.472339567474920727e+02 2.595530721146918154e+02
1.472384937238493876e+02 2.595950166766447182e+02
1.472430307002067025e+02 2.596385828810796284e+02
1.472475676765640173e+02 2.596851740570169795e+02
1.472521046529213038e+02 2.597357817715279111e+02
1.472566416292786187e+02 2.597961829937114544e+02
1.472611786056359335e+02 2.598386783670308660e+02
1.472657155819932484e+02 2.598810291442769653e+02
1.472702525583505633e+02 2.599178703062868863e+02
1.472747895347078781e+02 2.599518875570387308e+02
1.472793265110651930e+02 2.599958860739714623e+02
1.472838634874224795e+02 2.600357614037661165e+02
1.472884004637797943e+02 2.600832148516641382e+02
1.472929374401371092e+02 2.601293755111641417e+02
1.472974744164944241e+02 2.601743055249703502e+02
1.473020113928517389e+02 2.602288768280333784e+02
1.473065483692090538e+02 2.602713582806729278e+02
1.473110853455663687e+02 2.603264930350366058e+02
1.473156223219236836e+02 2.603684056995363107e+02
1.473201592982809984e+02 2.604177558958905934e+02
1.473246962746383133e+02 2.604498714800729431e+02
1.473292332509956282e+02 2.605017198617784970e+02
1.473337702273529430e+02 2.605523225209317388e+02
1.473383072037102579e+02 2.606085640541537600e+02
1.473428441800675444e+02 2.606543997828424040e+02
1.473473811564248592e+02 2.607009345093499633e+02
1.473519181327821741e+02 2.607303121476001024e+02
1.473564551091394890e+02 2.607525676192100832e+02
1.473609920854968038e+02 2.607738638053505156e+02
1.473655290618541187e+02 2.608105060313439481e+02
1.473700660382114336e+02 2.608514039545252672e+02
1.473746030145687484e+02 2.608846446468709814e+02
1.473791399909260349e+02 2.609305168675835489e+02
1.473836769672833498e+02 2.609649547906166163e+02
1.473882139436406646e+02 2.610435211362013206e+02
1.473927509199979795e+02 2.611071965571189821e+02
1.473972878963552944e+02 2.611726299205821533e+02
1.474018248727126092e+02 2.612172983882103949e+02
1.474063618490699241e+02 2.612593699276110328e+02
1.474108988254272390e+02 2.612897543063446051e+02
1.474154358017845539e+02 2.613316680547521855e+02
1.474199727781418687e+02 2.613820801138144816e+02
1.474245097544991836e+02 2.614274332098882496e+02
1.474290467308564985e+02 2.614772100355294810e+02
1.474335837072138133e+02 2.615110017078902160e+02
1.474381206835710998e+02 2.615370076825316801e+02
1.474426576599284147e+02 2.615815888739849129e+02
1.474471946362857295e+02 2.616263326594274190e+02
1.474517316126430444e+02 2.616705580219023091e+02
1.474562685890003593e+02 2.617076737794886867e+02
1.474608055653576741e+02 2.617535280966546338e+02
1.474653425417149890e+02 2.617871807302777825e+02
1.474698795180722755e+02 2.618303974336437250e+02
1.474744164944295903e+02 2.618657112594373189e+02
1.474789534707869052e+02 2.619171708479252629e+02
1.474834904471442201e+02 2.619709133858156065e+02
1.474880274235015349e+02 2.620107140832919299e+02
1.474925643998588498e+02 2.620371493710291020e+02
1.474971013762161647e+02 2.620806993398255713e+02
1.475016383525734796e+02 2.621245104075023278e+02
1.475061753289307944e+02 2.621707677904714728e+02
1.475107123052881093e+02 2.622195678894615298e+02
1.475152492816454242e+02 2.622549619526938613e+02
1.475197862580027390e+02 2.622744929813275121e+02
1.475243232343600539e+02 2.622943636892189829e+02
1.475288602107173404e+02 2.623084694471218086e+02
1.475333971870746552e+02 2.623331583423936308e+02
1.475379341634319701e+02 2.623610963234370956e+02
1.475424711397892850e+02 2.624122728205214798e+02
1.475470081161465998e+02 2.624541501359643121e+02
1.475515450925039147e+02 2.624956941577901262e+02
1.475560820688612296e+02 2.625553623772484002e+02
1.475606190452185444e+02 2.625909243139685145e+02
1.475651560215758309e+02 2.626297400350424027e+02
1.475696929979331458e+02 2.626766460809709542e+02
1.475742299742904606e+02 2.627155052175679089e+02
1.475787669506477755e+02 2.627447165586410165e+02
1.475833039270050904e+02 2.627844392321135842e+02
1.475878409033624052e+02 2.628040849867433053e+02
1.475923778797197201e+02 2.628460189355468515e+02
1.475969148560770350e+02 2.628959679740904676e+02
1.476014518324343499e+02 2.629483617357857952e+02
1.476059888087916647e+02 2.629984585061122857e+02
1.476105257851489796e+02 2.630404906620040038e+02
1.476150627615062945e+02 2.630938169496202477e+02
1.476195997378636093e+02 2.631526605987359630e+02
1.476241367142208958e+02 2.632066851665205149e+02
1.476286736905782107e+02 2.632596433177412223e+02
1.476332106669355255e+02 2.633051527929543454e+02
1.476377476432928404e+02 2.633596308933595083e+02
1.476422846196501553e+02 2.634088231344061342e+02
1.476468215960074701e+02 2.634593655010913835e+02
1.476513585723647850e+02 2.634883833108233375e+02
1.476558955487220715e+02 2.635190028404908276e+02
1.476604325250793863e+02 2.635488363280704220e+02
1.476649695014367012e+02 2.635836280858792975e+02
1.476695064777940161e+02 2.636329319074305886e+02
1.476740434541513309e+02 2.636777969086782605e+02
1.476785804305086458e+02 2.637373568865884863e+02
1.476831174068659607e+02 2.637841225446904900e+02
1.476876543832232755e+02 2.638231105012778244e+02
1.476921913595805904e+02 2.638583271369068370e+02
1.476967283359379053e+02 2.639004977886506254e+02
1.477012653122952202e+02 2.639418411511782665e+02
1.477058022886525350e+02 2.639979369338582273e+02
1.477103392650098499e+02 2.640374009508720405e+02
1.477148762413671363e+02 2.640773641500778126e+02
1.477194132177244512e+02 2.641018112161132763e+02
1.477239501940817661e+02 2.641178114584898822e+02
1.477284871704390810e+02 2.641540081222887011e+02
1.477330241467963958e+02 2.641653385307475901e+02
1.477375611231537107e+02 2.642208175569038531e+02
1.477420980995110256e+02 2.642620771221668292e+02
1.477466350758683404e+02 2.643141335258528102e+02
1.477511720522256269e+02 2.643650959772543843e+02
1.477557090285829418e+02 2.644128042511336503e+02
1.477602460049402566e+02 2.644480630041413178e+02
1.477647829812975715e+02 2.644838130664579126e+02
1.477693199576548864e+02 2.645264585372421493e+02
1.477738569340122012e+02 2.645698274769319482e+02
1.477783939103695161e+02 2.646130408182086171e+02
1.477829308867268310e+02 2.646549622671856241e+02
1.477874678630841458e+02 2.647069381194015705e+02
1.477920048394414607e+02 2.647267103008287563e+02
1.477965418157987756e+02 2.647664297825675135e+02
1.478010787921560905e+02 2.647973360317643028e+02
1.478056157685133769e+02 2.648443090756715037e+02
1.478101527448706918e+02 2.648948276173428553e+02
1.478146897212280066e+02 2.649466105591261567e+02
1.478192266975853215e+02 2.649888160511370074e+02
1.478237636739426364e+02 2.650093807570345348e+02
1.478283006502999513e+02 2.650619857923725249e+02
1.478328376266572661e+02 2.651074983114950783e+02
1.478373746030145810e+02 2.651496192581002447e+02
1.478419115793718674e+02 2.651963924953348055e+02
1.478464485557291823e+02 2.652332871321991661e+02
1.478509855320864972e+02 2.652768774122985747e+02
1.478555225084438121e+02 2.653051009627926646e+02
1.478600594848011269e+02 2.653534530257867345e+02
1.478645964611584418e+02 2.653912714883806530e+02
1.478691334375157567e+02 2.654389172734675526e+02
1.478736704138730715e+02 2.654527812965046110e+02
1.478782073902303864e+02 2.654925502669751722e+02
1.478827443665877013e+02 2.655378838784270670e+02
1.478872813429450161e+02 2.655913877344589764e+02
1.478918183193023310e+02 2.656423336940333684e+02
1.478963552956596459e+02 2.656960033224894460e+02
1.479008922720169323e+02 2.657494906266663293e+02
1.479054292483742472e+02 2.658057888801972695e+02
1.479099662247315621e+02 2.658600979186390987e+02
1.479145032010888769e+02 2.659138636047067052e+02
1.479190401774461918e+02 2.659775569555133075e+02
1.479235771538035067e+02 2.660270023385066338e+02
1.479281141301608216e+02 2.660851436495554481e+02
1.479326511065181364e+02 2.661236132874964255e+02
1.479371880828754229e+02 2.661608475473314002e+02
1.479417250592327377e+02 2.661958720115811161e+02
1.479462620355900526e+02 2.662331557400145812e+02
1.479507990119473675e+02 2.662777358429863739e+02
1.479553359883046824e+02 2.663216115461830213e+02
1.479598729646619972e+02 2.663831171797517641e+02
1.479644099410193121e+02 2.664330484069256499e+02
1.479689469173766270e+02 2.664677766095161928e+02
1.479734838937339418e+02 2.665033803518300033e+02
1.479780208700912567e+02 2.665524600204856824e+02
1.479825578464485716e+02 2.665909589865813132e+02
1.479870948228058865e+02 2.666448224923094585e+02
1.479916317991631729e+02 2.666815144889185945e+02
1.479961687755204878e+02 2.667306784624981901e+02
1.480007057518778026e+02 2.667816870173950861e+02
1.480052427282351175e+02 2.668271294710021948e+02
1.480097797045924324e+02 2.668622878069210174e+02
1.480143166809497473e+02 2.669062233690023618e+02
1.480188536573070621e+02 2.669480349663784864e+02
1.480233906336643770e+02 2.669955569584341788e+02
1.480279276100216634e+02 2.670413365385830389e+02
1.480324645863789783e+02 2.670684213273279397e+02
1.480370015627362932e+02 2.671144271246408834e+02
1.480415385390936081e+02 2.671550769159118204e+02
1.480460755154509229e+02 2.671955087897213161e+02
1.480506124918082378e+02 2.672445842993074621e+02
1.480551494681655527e+02 2.672835275106923518e+02
1.480596864445228675e+02 2.673311742039203978e+02
1.480642234208801824e+02 2.673766233424054803e+02
1.480687603972374973e+02 2.674274470084399695e+02
1.480732973735948121e+02 2.674791411737412545e+02
1.480778343499521270e+02 2.675336631935575724e+02
1.480823713263094419e+02 2.675932437711800844e+02
1.480869083026667283e+02 2.676431897041020420e+02
1.480914452790240432e+02 2.676881765894739829e+02
1.480959822553813581e+02 2.677295803697435872e+02
1.481005192317386729e+02 2.677672239627407862e+02
1.481050562080959878e+02 2.678099163594635570e+02
1.481095931844533027e+02 2.678600941694094217e+02
1.481141301608106176e+02 2.679214261872458565e+02
1.481186671371679324e+02 2.679764313514248784e+02
1.481232041135252189e+02 2.680345278083244693e+02
1.481277410898825337e+02 2.680840461481968191e+02
1.481322780662398486e+02 2.681181216088615997e+02
1.481368150425971635e+02 2.681560767258783358e+02
1.481413520189544784e+02 2.681881999160119108e+02
1.481458889953117932e+02 2.682370673040513225e+02
1.481504259716691081e+02 2.682952293757044799e+02
1.481549629480264230e+02 2.683482939389782587e+02
1.481594999243837378e+02 2.684061170223553745e+02
1.481640369007410527e+02 2.684626895334170626e+02
1.481685738770983676e+02 2.684951647205306244e+02
1.481731108534556824e+02 2.685389930349078895e+02
1.481776478298129689e+02 2.685811577437317510e+02
1.481821848061702838e+02 2.686222612724355940e+02
1.481867217825275986e+02 2.686515431891213552e+02
1.481912587588849135e+02 2.686857119475623676e+02
1.481957957352422284e+02 2.687250919636725826e+02
1.482003327115995432e+02 2.687814696257826199e+02
1.482048696879568581e+02 2.688415543927981730e+02
1.482094066643141730e+02 2.688983506587880470e+02
1.482139436406714594e+02 2.689413670447647746e+02
1.482184806170287743e+02 2.689873898517314501e+02
1.482230175933860892e+02 2.690251925285010088e+02
1.482275545697434040e+02 2.690593132829445153e+02
1.482320915461007189e+02 2.691103618767795638e+02
1.482366285224580338e+02 2.691497898658624308e+02
1.482411654988153487e+02 2.691899128044393592e+02
1.482457024751726635e+02 2.692217676736187855e+02
1.482502394515299784e+02 2.692745330108770645e+02
1.482547764278872933e+02 2.693243743793377689e+02
1.482593134042446081e+02 2.693847010004648723e+02
1.482638503806019230e+02 2.694433093780056652e+02
1.482683873569592379e+02 2.695000850746509400e+02
1.482729243333165243e+02 2.695342181861563517e+02
1.482774613096738392e+02 2.695907119789588933e+02
1.482819982860311541e+02 2.696388666311299858e+02
1.482865352623884689e+02 2.696731644739971330e+02
1.482910722387457838e+02 2.697395021514163318e+02
1.482956092151030987e+02 2.697906371276284290e+02
1.483001461914604135e+02 2.698453901463009856e+02
1.483046831678177284e+02 2.698805876808237372e+02
1.483092201441750149e+02 2.699354983804935273e+02
1.483137571205323297e+02 2.699699446848047728e+02
1.483182940968896446e+02 2.700032010274586582e+02
1.483228310732469595e+02 2.700414648208354720e+02
1.483273680496042743e+02 2.700906823925914182e+02
1.483319050259615892e+02 2.701396102399160100e+02
1.483364420023189041e+02 2.701820116642392691e+02
1.483409789786762190e+02 2.702322859100808614e+02
1.483455159550335338e+02 2.702749174448886720e+02
1.483500529313908487e+02 2.703366094979189711e+02
1.483545899077481636e+02 2.703786557992407893e+02
1.483591268841054784e+02 2.704361969207282073e+02
1.483636638604627649e+02 2.704877515618210282e+02
1.483682008368200798e+02 2.705376222762706675e+02
1.483727378131773946e+02 2.705878594098842882e+02
1.483772747895347095e+02 2.706472750366114042e+02
1.483818117658920244e+02 2.706916307039338108e+02
1.483863487422493392e+02 2.707276853254919615e+02
1.483908857186066541e+02 2.707769505500999685e+02
1.483954226949639690e+02 2.708078669716144873e+02
1.483999596713212554e+02 2.708637708002490285e+02
1.484044966476785703e+02 2.709212895709570716e+02
1.484090336240358852e+02 2.709868157106984086e+02
1.484135706003932000e+02 2.710312124822738724e+02
1.484181075767505149e+02 2.710904415501289577e+02
1.484226445531078298e+02 2.711499474918202282e+02
1.484271815294651446e+02 2.711946066264824822e+02
1.484317185058224595e+02 2.712354420848208747e+02
1.484362554821797744e+02 2.712773801632399113e+02
1.484407924585370893e+02 2.713093489045614888e+02
1.484453294348944041e+02 2.713446318897675269e+02
1.484498664112517190e+02 2.714027578850166265e+02
1.484544033876090339e+02 2.714403020979237908e+02
1.484589403639663203e+02 2.714808649703147694e+02
1.484634773403236352e+02 2.715283976012113953e+02
1.484680143166809501e+02 2.715729331206370034e+02
1.484725512930382649e+02 2.716022247919598271e+02
1.484770882693955798e+02 2.716460865220626033e+02
1.484816252457528947e+02 2.716891620369926272e+02
1.484861622221102095e+02 2.717422374257370166e+02
1.484906991984674960e+02 2.717784297363375003e+02
1.484952361748248109e+02 2.718256126306724241e+02
1.484997731511821257e+02 2.718893306193806438e+02
1.485043101275394406e+02 2.719555315385492804e+02
1.485088471038967555e+02 2.719973560635158378e+02
1.485133840802540703e+02 2.720629959784320135e+02
1.485179210566113852e+02 2.720935151967269121e+02
1.485224580329687001e+02 2.721454560295919123e+02
1.485269950093260150e+02 2.721874797242309683e+02
1.485315319856833298e+02 2.722363651881547071e+02
1.485360689620406447e+02 2.722874743220412483e+02
1.485406059383979596e+02 2.723305800722179697e+02
1.485451429147552744e+02 2.723850571016625395e+02
1.485496798911125609e+02 2.724481406497625926e+02
1.485542168674698758e+02 2.725019889369836505e+02
1.485587538438271906e+02 2.725526718166819364e+02
1.485632908201845055e+02 2.726154184315379325e+02
1.485678277965418204e+02 2.726581549633095278e+02
1.485723647728991352e+02 2.727068558550955117e+02
1.485769017492564501e+02 2.727494433158025799e+02
1.485814387256137650e+02 2.727997064078408584e+02
1.485859757019710514e+02 2.728515772792608800e+02
1.485905126783283663e+02 2.728800764619040820e+02
1.485950496546856812e+02 2.729389714210959141e+02
1.485995866310429960e+02 2.729864013148463755e+02
1.486041236074003109e+02 2.730393424338432737e+02
1.486086605837576258e+02 2.731003271181605783e+02
1.486131975601149406e+02 2.731445471961512226e+02
1.486177345364722555e+02 2.732048429381325718e+02
1.486222715128295704e+02 2.732490023160783039e+02
1.486268084891868853e+02 2.732930417316069907e+02
1.486313454655442001e+02 2.733421552230007023e+02
1.486358824419015150e+02 2.733878544927245571e+02
1.486404194182588299e+02 2.734183592639554945e+02
1.486449563946161163e+02 2.734648057171836513e+02
1.486494933709734312e+02 2.735055966532110574e+02
1.486540303473307461e+02 2.735508412383337031e+02
1.486585673236880609e+02 2.735999358582701007e+02
1.486631043000453758e+02 2.736492331667265603e+02
1.486676412764026907e+02 2.737075137753159311e+02
1.486721782527600055e+02 2.737636314362505345e+02
1.486767152291172920e+02 2.738098587127969381e+02
1.486812522054746069e+02 2.738593582172607626e+02
1.486857891818319217e+02 2.739202442516422593e+02
1.486903261581892366e+02 2.739804028138318586e+02
1.486948631345465515e+02 2.740318079096842325e+02
1.486994001109038663e+02 2.740854830342167361e+02
1.487039370872611812e+02 2.741369936293711476e+02
1.487084740636184961e+02 2.741916868866412074e+02
1.487130110399758109e+02 2.742334466604064005e+02
1.487175480163331258e+02 2.742834934722122284e+02
1.487220849926904407e+02 2.743248499819006270e+02
1.487266219690477556e+02 2.743712569600651250e+02
1.487311589454050704e+02 2.744104011252925375e+02
1.487356959217623569e+02 2.744552381967442898e+02
1.487402328981196717e+02 2.744848558806483538e+02
1.487447698744769866e+02 2.745291182382071042e+02
1.487493068508343015e+02 2.745706455333128702e+02
1.487538438271916164e+02 2.746224714869356376e+02
1.487583808035489312e+02 2.746791594827383847e+02
1.487629177799062461e+02 2.747369134085172391e+02
1.487674547562635610e+02 2.747941126217545502e+02
1.487719917326208474e+02 2.748333831457317729e+02
1.487765287089781623e+02 2.748771480550722117e+02
1.487810656853354772e+02 2.749161037675702914e+02
1.487856026616927920e+02 2.749625661468991780e+02
1.487901396380501069e+02 2.749938611716169135e+02
1.487946766144074218e+02 2.750475951309248899e+02
1.487992135907647366e+02 2.750757529810874189e+02
1.488037505671220515e+02 2.751092198160808948e+02
1.488082875434793664e+02 2.751619401367090632e+02
1.488128245198366812e+02 2.752035721486101352e+02
1.488173614961939961e+02 2.752438704890919894e+02
1.488218984725513110e+02 2.752967354843769954e+02
1.488264354489086259e+02 2.753319868218769670e+02
1.488309724252659123e+02 2.753721328648815074e+02
1.488355094016232272e+02 2.754136313065027934e+02
1.488400463779805420e+02 2.754620756856427874e+02
1.488445833543378569e+02 2.755121811927457998e+02
1.488491203306951718e+02 2.755548742664205975e+02
1.488536573070524867e+02 2.756014902685382708e+02
1.488581942834098015e+02 2.756481837864363911e+02
1.488627312597670880e+02 2.756911469367144036e+02
1.488672682361244028e+02 2.757277234391301022e+02
1.488718052124817177e+02 2.757681778841783284e+02
1.488763421888390326e+02 2.758002222155425329e+02
1.488808791651963475e+02 2.758330715502223711e+02
1.488854161415536623e+02 2.758817815634396311e+02
1.488899531179109772e+02 2.759244811018272685e+02
1.488944900942682921e+02 2.759727123303288749e+02
1.488990270706256069e+02 2.760315436482750897e+02
1.489035640469829218e+02 2.760875179938993256e+02
1.489081010233402367e+02 2.761308490140059462e+02
1.489126379996975515e+02 2.761742020893811400e+02
1.489171749760548664e+02 2.762206095127801859e+02
1.489217119524121529e+02 2.762794189086959022e+02
1.489262489287694677e+02 2.763201034596701220e+02
1.489307859051267826e+02 2.763588666875147055e+02
1.489353228814840975e+02 2.763902923327649432e+02
1.489398598578414123e+02 2.764359615593800754e+02
1.489443968341987272e+02 2.764783738843578931e+02
1.489489338105560421e+02 2.765163386314615650e+02
1.489534707869133570e+02 2.765580813769370252e+02
1.489580077632706434e+02 2.765956977319556245e+02
1.489625447396279583e+02 2.766428206930632996e+02
1.489670817159852731e+02 2.766948721510297560e+02
1.489716186923425880e+02 2.767435563527989189e+02
1.489761556686999029e+02 2.768039502951039594e+02
1.489806926450572178e+02 2.768566550007715250e+02
1.489852296214145326e+02 2.769098806099618741e+02
1.489897665977718475e+02 2.769472026575730865e+02
1.489943035741291624e+02 2.769749557423730835e+02
1.489988405504864772e+02 2.770142877832957993e+02
1.490033775268437921e+02 2.770464444574179765e+02
1.490079145032011070e+02 2.770962125603466575e+02
1.490124514795584219e+02 2.771365283184757686e+02
1.490169884559157083e+02 2.771729482512976119e+02
1.490215254322730232e+02 2.772132633650448952e+02
1.490260624086303380e+02 2.772582807418785364e+02
1.490305993849876529e+02 2.772910310426934757e+02
1.490351363613449678e+02 2.773416726282310947e+02
1.490396733377022827e+02 2.773975499838460905e+02
1.490442103140595975e+02 2.774479703951025726e+02
1.490487472904168840e+02 2.775000927046953620e+02
1.490532842667741988e+02 2.775540049861739362e+02
1.490578212431315137e+02 2.775884952744211773e+02
1.490623582194888286e+02 2.776222343697130555e+02
1.490668951958461435e+02 2.776582712820255665e+02
1.490714321722034583e+02 2.776945154223981831e+02
1.490759691485607732e+02 2.777333719525333890e+02
1.490805061249180881e+02 2.777792703400216396e+02
1.490850431012754029e+02 2.778255151541025612e+02
1.490895800776327178e+02 2.778676865139552206e+02
1.490941170539900327e+02 2.779239312379712032e+02
1.490986540303473475e+02 2.779727041667586036e+02
1.491031910067046624e+02 2.780247563842715408e+02
1.491077279830619489e+02 2.780578388441207949e+02
1.491122649594192637e+02 2.781055235081368551e+02
1.491168019357765786e+02 2.781505798773797551e+02
1.491213389121338935e+02 2.781944924602831861e+02
1.491258758884912083e+02 2.782326996433829436e+02
1.491304128648485232e+02 2.782791066616482567e+02
1.491349498412058381e+02 2.783063642059457834e+02
1.491394868175631530e+02 2.783356381301152851e+02
1.491440237939204394e+02 2.783844968152716888e+02
1.491485607702777543e+02 2.784351232882170279e+02
1.491530977466350691e+02 2.784768963775410384e+02
1.491576347229923840e+02 2.785370622502881019e+02
1.491621716993496989e+02 2.785935702464728934e+02
1.491667086757070138e+02 2.786270382072448797e+02
1.491712456520643286e+02 2.786678804136485610e+02
1.491757826284216435e+02 2.787033458715617371e+02
1.491803196047789584e+02 2.787302777198956392e+02
1.491848565811362732e+02 2.787689974036150602e+02
1.491893935574935881e+02 2.788166542272232959e+02
1.491939305338509030e+02 2.788606791084549741e+02
1.491984675102082178e+02 2.789012584831164645e+02
1.492030044865655043e+02 2.789532609840846362e+02
1.492075414629228192e+02 2.789963766088309285e+02
1.492120784392801340e+02 2.790313358162113104e+02
1.492166154156374489e+02 2.790801351572187627e+02
1.492211523919947638e+02 2.791245241690174907e+02
1.492256893683520786e+02 2.791593151693685968e+02
1.492302263447093935e+02 2.792129266105241641e+02
1.492347633210666800e+02 2.792583815779331076e+02
1.492393002974239948e+02 2.793192493643479111e+02
1.492438372737813097e+02 2.793664035499434135e+02
1.492483742501386246e+02 2.794082599739555235e+02
1.492529112264959394e+02 2.794503618849842610e+02
1.492574482028532543e+02 2.794827931167941983e+02
1.492619851792105692e+02 2.795202289152375101e+02
1.492665221555678841e+02 2.795734314057710321e+02
1.492710591319251989e+02 2.796132660544027999e+02
1.492755961082825138e+02 2.796504385480071164e+02
1.492801330846398287e+02 2.796887343111484370e+02
1.492846700609971435e+02 2.797352350678368680e+02
1.492892070373544584e+02 2.797743441415065035e+02
1.492937440137117449e+02 2.798382968232992312e+02
1.492982809900690597e+02 2.798923969674643786e+02
1.493028179664263746e+02 2.799618373633940109e+02
1.493073549427836895e+02 2.800169866545502373e+02
1.493118919191410043e+02 2.800628408015923583e+02
1.493164288954983192e+02 2.801002038145619508e+02
1.493209658718556341e+02 2.801425394590987139e+02
1.493255028482129489e+02 2.801841501195576143e+02
1.493300398245702354e+02 2.802347921331889324e+02
1.493345768009275503e+02 2.803015951193610249e+02
1.493391137772848651e+02 2.803464446070374265e+02
1.493436507536421800e+02 2.803918246520864841e+02
1.493481877299994949e+02 2.804395707986937509e+02
1.493527247063568097e+02 2.804785378753655891e+02
1.493572616827141246e+02 2.805167407632581558e+02
1.493617986590714395e+02 2.805620395068041830e+02
1.493663356354287544e+02 2.805939233967051223e+02
1.493708726117860692e+02 2.806374196724714238e+02
1.493754095881433841e+02 2.806744879674081972e+02
1.493799465645006990e+02 2.807118607245978978e+02
1.493844835408580138e+02 2.807474555681145034e+02
1.493890205172153003e+02 2.807882344698624593e+02
1.493935574935726152e+02 2.808397182889261217e+02
1.493980944699299300e+02 2.808833199739846691e+02
1.494026314462872449e+02 2.809362307274157047e+02
1.494071684226445598e+02 2.809657785895308280e+02
1.494117053990018746e+02 2.810129897956454670e+02
1.494162423753591895e+02 2.810431129876222371e+02
1.494207793517164760e+02 2.810866996554776733e+02
1.494253163280737908e+02 2.811387092031444581e+02
1.494298533044311057e+02 2.811851746968483781e+02
1.494343902807884206e+02 2.812308648144669974e+02
1.494389272571457354e+02 2.812629546897689465e+02
1.494434642335030503e+02 2.813116509002150565e+02
1.494480012098603652e+02 2.813448115760280643e+02
1.494525381862176800e+02 2.814057747508576881e+02
1.494570751625749949e+02 2.814476729977440641e+02
1.494616121389323098e+02 2.815030780666475607e+02
1.494661491152896247e+02 2.815400332448225527e+02
1.494706860916469395e+02 2.815847839507264894e+02
1.494752230680042544e+02 2.816179457289190395e+02
1.494797600443615408e+02 2.816441809174773994e+02
1.494842970207188557e+02 2.816639557959271087e+02
1.494888339970761706e+02 2.816939951908121884e+02
1.494933709734334855e+02 2.817141890695225470e+02
1.494979079497908003e+02 2.817449178896595186e+02
1.495024449261481152e+02 2.817829514404945144e+02
1.495069819025054301e+02 2.818322264774388941e+02
1.495115188788627449e+02 2.818858394950902380e+02
1.495160558552200314e+02 2.819356333346995598e+02
1.495205928315773463e+02 2.819969106123257347e+02
1.495251298079346611e+02 2.820481959520101896e+02
1.495296667842919760e+02 2.820994817069274063e+02
1.495342037606492909e+02 2.821529787007625600e+02
1.495387407370066057e+02 2.821981290704629828e+02
1.495432777133639206e+02 2.822352611485626994e+02
1.495478146897212355e+02 2.822854733298712517e+02
1.495523516660785504e+02 2.823223407593018237e+02
1.495568886424358652e+02 2.823590786885220041e+02
1.495614256187931801e+02 2.823891406893010867e+02
1.495659625951504950e+02 2.824274393347048999e+02
1.495704995715077814e+02 2.824742868871943529e+02
1.495750365478650963e+02 2.825209232834234285e+02
1.495795735242224112e+02 2.825585559775529987e+02
1.495841105005797260e+02 2.825937979598226661e+02
1.495886474769370409e+02 2.826571137020222295e+02
1.495931844532943558e+02 2.826945460817599951e+02
1.495977214296516706e+02 2.827349429822330080e+02
1.496022584060089855e+02 2.827833691169439589e+02
1.496067953823662720e+02 2.828265668109687567e+02
1.496113323587235868e+02 2.828698996164015398e+02
1.496158693350809017e+02 2.829172320948362085e+02
1.496204063114382166e+02 2.829705582330379912e+02
1.496249432877955314e+02 2.830143537551225563e+02
1.496294802641528463e+02 2.830693629371854172e+02
1.496340172405101612e+02 2.831251086664757395e+02
1.496385542168674760e+02 2.831817718076885626e+02
1.496430911932247909e+02 2.832250525844972344e+02
1.496476281695821058e+02 2.832629007650350559e+02
1.496521651459394207e+02 2.833063279553603024e+02
1.496567021222967355e+02 2.833445004392473265e+02
1.496612390986540504e+02 2.833943373746866428e+02
1.496657760750113368e+02 2.834305317822403367e+02
1.496703130513686517e+02 2.834621617381350802e+02
1.496748500277259666e+02 2.834929606848688195e+02
1.496793870040832815e+02 2.835418905299544576e+02
1.496839239804405963e+02 2.835801013418160892e+02
1.496884609567979112e+02 2.836332749486617217e+02
1.496929979331552261e+02 2.836878634290052901e+02
1.496975349095125409e+02 2.837372696022678156e+02
1.497020718858698274e+02 2.837885219976211602e+02
1.497066088622271423e+02 2.838456143106869263e+02
1.497111458385844571e+02 2.839025872181833847e+02
1.497156828149417720e+02 2.839513170247479366e+02
1.497202197912990869e+02 2.840131004433015391e+02
1.497247567676564017e+02 2.840556031091630871e+02
1.497292937440137166e+02 2.841107561582186349e+02
1.497338307203710315e+02 2.841456716361998360e+02
1.497383676967283463e+02 2.842077249219532860e+02
1.497429046730856612e+02 2.842477246155069679e+02
1.497474416494429761e+02 2.842908622113868660e+02
1.497519786258002910e+02 2.843308089392188549e+02
1.497565156021575774e+02 2.843760613820627441e+02
1.497610525785148923e+02 2.844117740322853933e+02
1.497655895548722071e+02 2.844509388711811653e+02
1.497701265312295220e+02 2.844953342198644464e+02
1.497746635075868369e+02 2.845519848156663443e+02
1.497792004839441518e+02 2.846090496797113474e+02
1.497837374603014666e+02 2.846629368217238039e+02
1.497882744366587815e+02 2.847033899323938613e+02
1.497928114130160679e+02 2.847448323294798342e+02
1.497973483893733828e+02 2.847792637229877641e+02
1.498018853657306977e+02 2.848081172324629620e+02
1.498064223420880126e+02 2.848449031037257555e+02
1.498109593184453274e+02 2.849021598419719226e+02
1.498154962948026423e+02 2.849382695409488520e+02
1.498200332711599572e+02 2.849852190151241302e+02
1.498245702475172720e+02 2.850511733590253129e+02
1.498291072238745869e+02 2.851026414823410278e+02
1.498336442002319018e+02 2.851495825275687821e+02
1.498381811765892166e+02 2.851992892444125687e+02
1.498427181529465315e+02 2.852485142840310459e+02
1.498472551293038464e+02 2.852857434252479720e+02
1.498517921056611328e+02 2.853352888881510694e+02
1.498563290820184477e+02 2.853857937552238582e+02
1.498608660583757626e+02 2.854298952694411469e+02
1.498654030347330774e+02 2.854545227623637516e+02
1.498699400110903923e+02 2.854833111189929582e+02
1.498744769874477072e+02 2.855143312097146691e+02
1.498790139638050221e+02 2.855678796543835460e+02
1.498835509401623369e+02 2.856329802493650050e+02
1.498880879165196234e+02 2.856898156503264090e+02
1.498926248928769382e+02 2.857280028125991862e+02
1.498971618692342531e+02 2.857669613300080869e+02
1.499016988455915680e+02 2.858059886295215506e+02
1.499062358219488829e+02 2.858438058953234417e+02
1.499107727983061977e+02 2.858853236488075709e+02
1.499153097746635126e+02 2.859332783372079803e+02
1.499198467510208275e+02 2.859839842546024329e+02
1.499243837273781423e+02 2.860355890774889644e+02
1.499289207037354572e+02 2.860780631420823283e+02
1.499334576800927721e+02 2.861161315716108788e+02
1.499379946564500869e+02 2.861646147569645109e+02
1.499425316328073734e+02 2.862172210451956289e+02
1.499470686091646883e+02 2.862767123021945395e+02
1.499516055855220031e+02 2.863255846609202422e+02
1.499561425618793180e+02 2.863647467438095759e+02
1.499606795382366329e+02 2.864058765435925125e+02
1.499652165145939477e+02 2.864444523963308598e+02
1.499697534909512626e+02 2.864807922194402181e+02
1.499742904673085775e+02 2.865357968899405137e+02
1.499788274436658639e+02 2.865711046631990939e+02
1.499833644200231788e+02 2.866076473322521565e+02
1.499879013963804937e+02 2.866496760564076567e+02
1.499924383727378085e+02 2.866917358449019275e+02
1.499969753490951234e+02 2.867399412068570541e+02
1.500015123254524383e+02 2.867787414515023556e+02
1.500060493018097532e+02 2.868359534974137546e+02
1.500105862781670680e+02 2.868796116618020733e+02
1.500151232545243829e+02 2.869259189612199066e+02
1.500196602308816978e+02 2.869791854836194602e+02
1.500241972072390126e+02 2.870341850420176684e+02
1.500287341835963275e+02 2.870716621262134254e+02
1.500332711599536424e+02 2.871269177149084726e+02
1.500378081363109288e+02 2.871625882216013679e+02
1.500423451126682437e+02 2.872098725483425596e+02
1.500468820890255586e+02 2.872414865760324574e+02
1.500514190653828734e+02 2.872821792962772065e+02
1.500559560417401883e+02 2.873173541215761588e+02
1.500604930180975032e+02 2.873639517013365889e+02
1.500650299944548181e+02 2.874065500616981126e+02
1.500695669708121329e+02 2.874599320027236331e+02
1.500741039471694194e+02 2.875014054246974524e+02
1.500786409235267342e+02 2.875591686212470677e+02
1.500831778998840491e+02 2.875989951297460152e+02
1.500877148762413640e+02 2.876411458881613612e+02
1.500922518525986789e+02 2.876740369595591460e+02
1.500967888289559937e+02 2.877243123005666803e+02
1.501013258053133086e+02 2.877891138227370220e+02
1.501058627816706235e+02 2.878402171799924076e+02
1.501103997580279383e+02 2.878877657694225149e+02
1.501149367343852532e+02 2.879286642633401812e+02
1.501194737107425681e+02 2.879772541839322457e+02
1.501240106870998829e+02 2.880245447037258941e+02
1.501285476634571694e+02 2.880710151766459148e+02
1.501330846398144843e+02 2.881079030842270186e+02
1.501376216161717991e+02 2.881764284531952853e+02
1.501421585925291140e+02 2.882266650214625656e+02
1.501466955688864289e+02 2.882744497251199505e+02
1.501512325452437437e+02 2.883196022214221443e+02
1.501557695216010586e+02 2.883751927961821480e+02
1.501603064979583735e+02 2.884141693030307465e+02
1.501648434743156599e+02 2.884550562873267836e+02
1.501693804506729748e+02 2.884966028866602983e+02
1.501739174270302897e+02 2.885326833288124249e+02
1.501784544033876045e+02 2.885729266504733346e+02
1.501829913797449194e+02 2.886056237131419948e+02
1.501875283561022343e+02 2.886594100336354813e+02
1.501920653324595492e+02 2.887052041368499431e+02
1.501966023088168640e+02 2.887697298813861835e+02
1.502011392851741789e+02 2.888030465379745237e+02
1.502056762615314938e+02 2.888499863006130681e+02
1.502102132378888086e+02 2.888856958875223313e+02
1.502147502142461235e+02 2.889351522552639722e+02
1.502192871906034384e+02 2.889764014615892052e+02
1.502238241669607248e+02 2.890329601192153177e+02
1.502283611433180397e+02 2.890754262334286295e+02
1.502328981196753546e+02 2.891171432038589160e+02
1.502374350960326694e+02 2.891394894234453545e+02
1.502419720723899843e+02 2.891722203426398323e+02
1.502465090487472992e+02 2.892076770754323434e+02
1.502510460251046140e+02 2.892636315589001583e+02
1.502555830014619005e+02 2.893085871090871706e+02
1.502601199778192154e+02 2.893515081542645362e+02
1.502646569541765302e+02 2.894066805464701133e+02
1.502691939305338451e+02 2.894440979915888761e+02
1.502737309068911600e+02 2.894959141907420985e+02
1.502782678832484748e+02 2.895470236421463142e+02
1.502828048596057897e+02 2.895970356186586514e+02
1.502873418359631046e+02 2.896536540713194654e+02
1.502918788123204195e+02 2.896968892668336366e+02
1.502964157886777343e+02 2.897300524327075664e+02
1.503009527650350492e+02 2.897761826124568643e+02
1.503054897413923641e+02 2.898177622814721417e+02
1.503100267177496789e+02 2.898556522578766703e+02
1.503145636941069654e+02 2.899097765866780492e+02
1.503191006704642803e+02 2.899602233123857786e+02
1.503236376468215951e+02 2.900155172037558486e+02
1.503281746231789100e+02 2.900668749973733611e+02
1.503327115995362249e+02 2.901206646249143546e+02
1.503372485758935397e+02 2.901745006986813564e+02
1.503417855522508546e+02 2.902268533610024974e+02
1.503463225286081695e+02 2.902816650059929202e+02
1.503508595049654559e+02 2.903406548643530414e+02
1.503553964813227708e+02 2.903811236479617151e+02
1.503599334576800857e+02 2.904328682170995535e+02
1.503644704340374005e+02 2.904754469372726362e+02
1.503690074103947154e+02 2.905176293487715498e+02
1.503735443867520303e+02 2.905737944733692757e+02
1.503780813631093451e+02 2.906378696283396152e+02
1.503826183394666600e+02 2.907013196725985722e+02
1.503871553158239749e+02 2.907459486512054241e+02
1.503916922921812898e+02 2.907946010762666447e+02
1.503962292685386046e+02 2.908292843434957149e+02
1.504007662448959195e+02 2.908621000096605371e+02
1.504053032212532344e+02 2.908944083717734657e+02
1.504098401976105208e+02 2.909388502524488445e+02
1.504143771739678357e+02 2.909904091456663764e+02
1.504189141503251506e+02 2.910370894068452117e+02
1.504234511266824654e+02 2.910804854485663213e+02
1.504279881030397803e+02 2.911244821698435317e+02
1.504325250793970952e+02 2.911864564442461756e+02
1.504370620557544100e+02 2.912365968711387723e+02
1.504415990321116965e+02 2.913008231761491515e+02
1.504461360084690114e+02 2.913378876761218521e+02
1.504506729848263262e+02 2.913757329222824524e+02
1.504552099611836411e+02 2.914161962649400266e+02
1.504597469375409560e+02 2.914591530932403884e+02
1.504642839138982708e+02 2.915033604265417466e+02
1.504688208902555857e+02 2.915564434531205507e+02
1.504733578666129006e+02 2.915953301086338456e+02
1.504778948429702154e+02 2.916431292067874210e+02
1.504824318193275303e+02 2.916815453682881980e+02
1.504869687956848452e+02 2.917344732226344490e+02
1.504915057720421601e+02 2.917756174532689215e+02
1.504960427483994749e+02 2.918253598379239975e+02
1.505005797247567614e+02 2.918857662045827510e+02
1.505051167011140762e+02 2.919348903523239187e+02
1.505096536774713911e+02 2.919857896978047052e+02
1.505141906538287060e+02 2.920283737524808316e+02
1.505187276301860209e+02 2.920730524671733974e+02
1.505232646065433357e+02 2.921140807457476285e+02
1.505278015829006506e+02 2.921635484580368143e+02
1.505323385592579655e+02 2.922200674423640976e+02
1.505368755356152519e+02 2.922709898517490501e+02
1.505414125119725668e+02 2.923095128083338636e+02
1.505459494883298817e+02 2.923564172334206432e+02
1.505504864646871965e+02 2.924079461582143722e+02
1.505550234410445114e+02 2.924485387071740092e+02
1.505595604174018263e+02 2.924954480992201979e+02
1.505640973937591411e+02 2.925371303035280448e+02
1.505686343701164560e+02 2.925787306256287366e+02
1.505731713464737709e+02 2.926236165582163835e+02
1.505777083228310858e+02 2.926666731318653660e+02
1.505822452991884006e+02 2.927325232237548107e+02
1.505867822755457155e+02 2.927855539578278012e+02
1.505913192519030304e+02 2.928305243783799483e+02
1.505958562282603168e+02 2.928770024866556128e+02
1.506003932046176317e+02 2.929217758712786690e+02
1.506049301809749466e+02 2.929547749898573556e+02
1.506094671573322614e+02 2.929927297883912729e+02
1.506140041336895763e+02 2.930398804892612930e+02
1.506185411100468912e+02 2.930768203816340360e+02
1.506230780864042060e+02 2.931224477779780386e+02
1.506276150627614925e+02 2.931789387143849694e+02
1.506321520391188074e+02 2.932197164899797031e+02
1.506366890154761222e+02 2.932638771908127637e+02
1.506412259918334371e+02 2.933220649641824025e+02
1.506457629681907520e+02 2.933685129253375408e+02
1.506502999445480668e+02 2.934127205778412986e+02
1.506548369209053817e+02 2.934600576187465890e+02
1.506593738972626966e+02 2.935070166962115650e+02
1.506639108736200114e+02 2.935536566602802395e+02
1.506684478499773263e+02 2.935876656441485579e+02
1.506729848263346412e+02 2.936346182775291140e+02
1.506775218026919561e+02 2.936771246520036698e+02
1.506820587790492709e+02 2.937168255871584961e+02
1.506865957554065574e+02 2.937761746979624036e+02
1.506911327317638722e+02 2.938224542261393140e+02
1.506956697081211871e+02 2.938671587283521944e+02
1.507002066844785020e+02 2.939031538529023351e+02
1.507047436608358169e+02 2.939545634733991051e+02
1.507092806371931317e+02 2.939965617553758079e+02
1.507138176135504466e+02 2.940539905054407654e+02
1.507183545899077615e+02 2.941134277551196874e+02
1.507228915662650479e+02 2.941649667463640867e+02
1.507274285426223628e+02 2.942012415702200201e+02
1.507319655189796777e+02 2.942454273651958374e+02
1.507365024953369925e+02 2.942808341435465991e+02
1.507410394716943074e+02 2.943195263072091734e+02
1.507455764480516223e+02 2.943636306417222386e+02
1.507501134244089371e+02 2.944129494289919080e+02
1.507546504007662520e+02 2.944536903161216514e+02
1.507591873771235669e+02 2.944882875515441469e+02
1.507637243534808817e+02 2.945314109729467873e+02
1.507682613298381966e+02 2.945716692904634897e+02
1.507727983061955115e+02 2.946233621349149985e+02
1.507773352825528264e+02 2.946684446940608382e+02
1.507818722589101128e+02 2.947133263368244229e+02
1.507864092352674277e+02 2.947735538443876067e+02
1.507909462116247425e+02 2.948166785318315988e+02
1.507954831879820574e+02 2.948613570970418323e+02
1.508000201643393723e+02 2.949018784557140407e+02
1.508045571406966872e+02 2.949426522980908203e+02
1.508090941170540020e+02 2.949885110924063838e+02
1.508136310934112885e+02 2.950369439353726762e+02
1.508181680697686033e+02 2.950725369227668011e+02
1.508227050461259182e+02 2.951140104650602893e+02
1.508272420224832331e+02 2.951538930096547233e+02
1.508317789988405480e+02 2.951961115881448450e+02
1.508363159751978628e+02 2.952413858607002908e+02
1.508408529515551777e+02 2.952759337607345742e+02
1.508453899279124926e+02 2.953244023984820501e+02
1.508499269042698074e+02 2.953705143422731680e+02
1.508544638806271223e+02 2.954088511405525423e+02
1.508590008569844372e+02 2.954571363245587463e+02
1.508635378333417520e+02 2.954986194207487529e+02
1.508680748096990669e+02 2.955344451115769289e+02
1.508726117860563534e+02 2.955695815629025560e+02
1.508771487624136682e+02 2.956105505875754034e+02
1.508816857387709831e+02 2.956367524712883323e+02
1.508862227151282980e+02 2.956871081094764122e+02
1.508907596914856128e+02 2.957392956002441338e+02
1.508952966678429277e+02 2.957738456322745151e+02
1.508998336442002426e+02 2.958205519300555579e+02
1.509043706205575575e+02 2.958622969802117382e+02
1.509089075969148439e+02 2.958953402205423799e+02
1.509134445732721588e+02 2.959460633416446171e+02
1.509179815496294736e+02 2.960021367993298895e+02
1.509225185259867885e+02 2.960552847381221682e+02
1.509270555023441034e+02 2.960933110136419941e+02
1.509315924787014183e+02 2.961416416231687094e+02
1.509361294550587331e+02 2.961787988082772927e+02
1.509406664314160480e+02 2.962391943136563555e+02
1.509452034077733629e+02 2.962934547879414140e+02
1.509497403841306777e+02 2.963519820055495302e+02
1.509542773604879926e+02 2.963924930467027252e+02
1.509588143368453075e+02 2.964291172855020022e+02
1.509633513132026224e+02 2.964644631758113178e+02
1.509678882895599088e+02 2.965068358793927246e+02
1.509724252659172237e+02 2.965419150572554372e+02
1.509769622422745385e+02 2.965848849252369632e+02
1.509814992186318534e+02 2.966366388803694463e+02
1.509860361949891683e+02 2.966748063627193233e+02
1.509905731713464832e+02 2.967207962885075290e+02
1.509951101477037980e+02 2.967727765636705044e+02
1.509996471240610845e+02 2.968251592346173311e+02
1.510041841004183993e+02 2.968729513161535465e+02
1.510087210767757142e+02 2.969218349780879862e+02
1.510132580531330291e+02 2.969696826004254717e+02
1.510177950294903439e+02 2.970190071981695610e+02
1.510223320058476588e+02 2.970609561457453083e+02
1.510268689822049737e+02 2.970997886752203954e+02
1.510314059585622886e+02 2.971374074211714174e+02
1.510359429349196034e+02 2.971673385165602781e+02
1.510404799112769183e+02 2.972174551121395893e+02
1.510450168876342332e+02 2.972633055110123905e+02
1.510495538639915480e+02 2.973026945316256615e+02
1.510540908403488629e+02 2.973680468708744229e+02
1.510586278167061494e+02 2.974213094984299346e+02
1.510631647930634642e+02 2.974805374900028596e+02
1.510677017694207791e+02 2.975323399676899498e+02
1.510722387457780940e+02 2.975764153420269622e+02
1.510767757221354088e+02 2.976072179402979714e+02
1.510813126984927237e+02 2.976487936842115687e+02
1.510858496748500386e+02 2.976946595857464786e+02
1.510903866512073535e+02 2.977466337291321565e+02
1.510949236275646399e+02 2.977935612227713591e+02
1.510994606039219548e+02 2.978420658571433250e+02
1.511039975802792696e+02 2.978950076896413179e+02
1.511085345566365845e+02 2.979392964771495826e+02
1.511130715329938994e+02 2.979956000438576211e+02
1.511176085093512143e+02 2.980367205298743443e+02
1.511221454857085291e+02 2.980906512525296534e+02
1.511266824620658440e+02 2.981356327156370298e+02
1.511312194384231589e+02 2.981928991572946757e+02
1.511357564147804737e+02 2.982342561430742762e+02
1.511402933911377886e+02 2.982927784145328474e+02
1.511448303674951035e+02 2.983290639389257990e+02
1.511493673438524183e+02 2.983764047243386131e+02
1.511539043202097048e+02 2.984194715127633799e+02
1.511584412965670197e+02 2.984502937463103649e+02
1.511629782729243345e+02 2.984915229315872125e+02
1.511675152492816494e+02 2.985292380752335362e+02
1.511720522256389643e+02 2.985786662875428874e+02
1.511765892019962791e+02 2.986306573288311483e+02
1.511811261783535940e+02 2.986763090579062805e+02
1.511856631547108805e+02 2.987054771841818024e+02
1.511902001310681953e+02 2.987628908190043830e+02
1.511947371074255102e+02 2.987957318323402660e+02
1.511992740837828251e+02 2.988412765002481137e+02
1.512038110601401399e+02 2.988854732289509002e+02
1.512083480364974548e+02 2.989269404823700143e+02
1.512128850128547697e+02 2.989737362615662732e+02
1.512174219892120846e+02 2.990133395511087429e+02
1.512219589655693994e+02 2.990509886184577226e+02
1.512264959419267143e+02 2.990896967808542968e+02
1.512310329182840292e+02 2.991335729873676428e+02
1.512355698946413440e+02 2.991699828197416764e+02
1.512401068709986589e+02 2.992082148583157277e+02
1.512446438473559454e+02 2.992476804935973291e+02
1.512491808237132602e+02 2.992895110885789336e+02
1.512537178000705751e+02 2.993295565954344966e+02
1.512582547764278900e+02 2.993851836742580304e+02
1.512627917527852048e+02 2.994357130198464461e+02
1.512673287291425197e+02 2.994814740134029876e+02
1.512718657054998346e+02 2.995433597427155519e+02
1.512764026818571494e+02 2.995815160835369966e+02
1.512809396582144359e+02 2.996349494278412067e+02
1.512854766345717508e+02 2.997070078754342148e+02
1.512900136109290656e+02 2.997596205697524852e+02
1.512945505872863805e+02 2.998027806242692463e+02
1.512990875636436954e+02 2.998511393978924957e+02
1.513036245400010102e+02 2.998844958736400486e+02
1.513081615163583251e+02 2.999146068304745540e+02
1.513126984927156400e+02 2.999401737246747643e+02
1.513172354690729549e+02 2.999784867561751867e+02
1.513217724454302697e+02 3.000205819658559676e+02
1.513263094217875846e+02 3.000530926123069548e+02
1.513308463981448995e+02 3.000986863313617619e+02
1.513353833745021859e+02 3.001290463186864486e+02
1.513399203508595008e+02 3.001613729420851087e+02
1.513444573272168157e+02 3.002017071901774443e+02
1.513489943035741305e+02 3.002417238025358301e+02
1.513535312799314454e+02 3.002823802894441201e+02
1.513580682562887603e+02 3.003219686677658729e+02
1.513626052326460751e+02 3.003568216294102626e+02
1.513671422090033900e+02 3.004021286297880806e+02
1.513716791853606765e+02 3.004545059024746934e+02
1.513762161617179913e+02 3.004986983568261394e+02
1.513807531380753062e+02 3.005511857851163882e+02
1.513852901144326211e+02 3.005786730768512029e+02
1.513898270907899359e+02 3.006304512670209874e+02
1.513943640671472508e+02 3.006760754337373100e+02
1.513989010435045657e+02 3.007349533350316619e+02
1.514034380198618805e+02 3.007838672508297577e+02
1.514079749962191954e+02 3.008274781252757748e+02
1.514125119725765103e+02 3.008607168308218434e+02
1.514170489489338252e+02 3.008960182872008318e+02
1.514215859252911400e+02 3.009433767631105070e+02
1.514261229016484549e+02 3.009915381556696161e+02
1.514306598780057413e+02 3.010438028249785134e+02
1.514351968543630562e+02 3.010968742173245687e+02
1.514397338307203711e+02 3.011517601589926585e+02
1.514442708070776860e+02 3.011933496906946743e+02
1.514488077834350008e+02 3.012288924945502231e+02
1.514533447597923157e+02 3.012699829920451293e+02
1.514578817361496306e+02 3.013102399890200900e+02
1.514624187125069454e+02 3.013478855673560020e+02
1.514669556888642319e+02 3.013865062299767601e+02
1.514714926652215468e+02 3.014260325433768912e+02
1.514760296415788616e+02 3.014593050583285390e+02
1.514805666179361765e+02 3.015123733586281105e+02
1.514851035942934914e+02 3.015484821055547400e+02
1.514896405706508062e+02 3.015921441761007600e+02
1.514941775470081211e+02 3.016300821414446318e+02
1.514987145233654360e+02 3.016651079270529294e+02
1.515032514997227509e+02 3.017049511848727548e+02
1.515077884760800657e+02 3.017409837724176782e+02
1.515123254524373806e+02 3.017743672415276137e+02
1.515168624287946955e+02 3.018296346542028914e+02
1.515213994051519819e+02 3.018862083099730285e+02
1.515259363815092968e+02 3.019214947322059857e+02
1.515304733578666117e+02 3.019844504983103093e+02
1.515350103342239265e+02 3.020347204904294927e+02
1.515395473105812414e+02 3.020844309311308393e+02
1.515440842869385563e+02 3.021384721944590979e+02
1.515486212632958711e+02 3.022047719737437319e+02
1.515531582396531860e+02 3.022467700596195073e+02
1.515576952160104724e+02 3.022931953444386295e+02
1.515622321923677873e+02 3.023298933891494471e+02
1.515667691687251022e+02 3.023653229513759584e+02
1.515713061450824171e+02 3.023993050981608803e+02
1.515758431214397319e+02 3.024391216497779169e+02
1.515803800977970468e+02 3.024830241004176514e+02
1.515849170741543617e+02 3.025387957552948706e+02
1.515894540505116765e+02 3.025934376665745731e+02
1.515939910268689914e+02 3.026505906242911692e+02
1.515985280032263063e+02 3.026956825785943010e+02
1.516030649795836212e+02 3.027299744384357041e+02
1.516076019559409360e+02 3.027663271067469850e+02
1.516121389322982509e+02 3.028032468932091774e+02
1.516166759086555373e+02 3.028512688365673853e+02
1.516212128850128522e+02 3.028910131709320694e+02
1.516257498613701671e+02 3.029269234302331597e+02
1.516302868377274820e+02 3.029673582455499741e+02
1.516348238140847968e+02 3.030094337108155855e+02
1.516393607904421117e+02 3.030512208162271577e+02
1.516438977667994266e+02 3.030920575194693924e+02
1.516484347431567414e+02 3.031325172876582315e+02
1.516529717195140279e+02 3.031713966119532415e+02
1.516575086958713428e+02 3.032135571937441227e+02
1.516620456722286576e+02 3.032513779459873149e+02
1.516665826485859725e+02 3.032787384448983516e+02
1.516711196249432874e+02 3.033179778895659524e+02
1.516756566013006022e+02 3.033562109051110838e+02
1.516801935776579171e+02 3.033980561248415597e+02
1.516847305540152320e+02 3.034290721178427930e+02
1.516892675303725468e+02 3.034591510479508543e+02
1.516938045067298617e+02 3.035014548562687082e+02
1.516983414830871766e+02 3.035387233079001135e+02
1.517028784594444915e+02 3.035799670148892346e+02
1.517074154358017779e+02 3.036399652234929363e+02
1.517119524121590928e+02 3.036866002630205230e+02
1.517164893885164076e+02 3.037193215802774944e+02
1.517210263648737225e+02 3.037628357038155400e+02
1.517255633412310374e+02 3.037971995071022207e+02
1.517301003175883523e+02 3.038313277900672915e+02
1.517346372939456671e+02 3.038748566254940329e+02
1.517391742703029820e+02 3.039159585069567129e+02
1.517437112466602684e+02 3.039511045614365798e+02
1.517482482230175833e+02 3.039959348841730957e+02
1.517527851993748982e+02 3.040437029406816123e+02
1.517573221757322131e+02 3.040942892024178263e+02
1.517618591520895279e+02 3.041303514443063705e+02
1.517663961284468428e+02 3.041923188259000312e+02
1.517709331048041577e+02 3.042457624847440343e+02
1.517754700811614725e+02 3.042931760355195934e+02
1.517800070575187874e+02 3.043466246310102861e+02
1.517845440338761023e+02 3.043951869278965319e+02
1.517890810102334171e+02 3.044276604214044823e+02
1.517936179865907320e+02 3.044789858518556116e+02
1.517981549629480469e+02 3.045277852834997816e+02
1.518026919393053333e+02 3.045785863529580411e+02
1.518072289156626482e+02 3.046266579789479465e+02
1.518117658920199631e+02 3.046600922386369348e+02
1.518163028683772779e+02 3.047028406263876832e+02
1.518208398447345928e+02 3.047364534364483575e+02
1.518253768210919077e+02 3.047685963396058355e+02
1.518299137974492226e+02 3.048008317317568867e+02
1.518344507738065374e+02 3.048268666259881456e+02
1.518389877501638239e+02 3.048517825466985869e+02
1.518435247265211387e+02 3.048800361343784857e+02
1.518480617028784536e+02 3.049216161110139183e+02
1.518525986792357685e+02 3.049718131056104085e+02
1.518571356555930834e+02 3.050203144313420012e+02
1.518616726319503982e+02 3.050722638635635349e+02
1.518662096083077131e+02 3.051158433876729532e+02
1.518707465846650280e+02 3.051660620325753257e+02
1.518752835610223428e+02 3.052193184319122565e+02
1.518798205373796577e+02 3.052563269115892695e+02
1.518843575137369726e+02 3.052911191390840031e+02
1.518888944900942874e+02 3.053288133768592161e+02
1.518934314664515739e+02 3.053636159180585992e+02
1.518979684428088888e+02 3.053866620644520822e+02
1.519025054191662036e+02 3.054192708380926433e+02
1.519070423955235185e+02 3.054428161475602224e+02
1.519115793718808334e+02 3.054850169433379392e+02
1.519161163482381482e+02 3.055259558160884126e+02
1.519206533245954631e+02 3.055786424456803729e+02
1.519251903009527780e+02 3.056253225153802759e+02
1.519297272773100644e+02 3.056585065234017975e+02
1.519342642536673793e+02 3.056789360926403560e+02
1.519388012300246942e+02 3.057057609999313854e+02
1.519433382063820090e+02 3.057311577198762507e+02
1.519478751827393239e+02 3.057765150861232542e+02
1.519524121590966388e+02 3.058247205232175929e+02
1.519569491354539537e+02 3.058616488448196833e+02
1.519614861118112685e+02 3.059070725228790479e+02
1.519660230881685834e+02 3.059565788245157592e+02
1.519705600645258983e+02 3.059942867798117163e+02
1.519750970408832131e+02 3.060314189624288019e+02
1.519796340172405280e+02 3.060739060931023801e+02
1.519841709935978429e+02 3.061038355783888392e+02
1.519887079699551293e+02 3.061570878704574739e+02
1.519932449463124442e+02 3.062000819359271873e+02
1.519977819226697591e+02 3.062444957013130988e+02
1.520023188990270739e+02 3.062861622502129535e+02
1.520068558753843888e+02 3.063433378289801681e+02
1.520113928517417037e+02 3.063946106373383031e+02
1.520159298280990186e+02 3.064456757338574562e+02
1.520204668044563050e+02 3.064950192049757334e+02
1.520250037808136199e+02 3.065340083478309339e+02
1.520295407571709347e+02 3.065656837911820958e+02
1.520340777335282496e+02 3.066058852907646042e+02
1.520386147098855645e+02 3.066517238976916246e+02
1.520431516862428794e+02 3.066870679182500226e+02
1.520476886626001942e+02 3.067416961689646087e+02
1.520522256389575091e+02 3.067939686307399825e+02
1.520567626153148240e+02 3.068445723778268075e+02
1.520612995916721388e+02 3.068882965329168542e+02
1.520658365680294537e+02 3.069109273094190939e+02
1.520703735443867686e+02 3.069388633079404372e+02
1.520749105207440834e+02 3.069634307882509461e+02
1.520794474971013699e+02 3.070035035929650462e+02
1.520839844734586848e+02 3.070466644775743816e+02
1.520885214498159996e+02 3.070744205210984887e+02
1.520930584261733145e+02 3.071254391011455027e+02
1.520975954025306294e+02 3.071590774446116257e+02
1.521021323788879442e+02 3.071973231281528456e+02
1.521066693552452591e+02 3.072417123865903363e+02
1.521112063316025740e+02 3.072778830518185487e+02
1.521157433079598604e+02 3.073117330324718637e+02
1.521202802843171753e+02 3.073496347676369282e+02
1.521248172606744902e+02 3.073945987872716046e+02
1.521293542370318050e+02 3.074283165787275607e+02
1.521338912133891199e+02 3.074581796654598520e+02
1.521384281897464348e+02 3.074948207875964954e+02
1.521429651661037497e+02 3.075224349673700317e+02
1.521475021424610645e+02 3.075435609732841726e+02
1.521520391188183794e+02 3.075720356343370554e+02
1.521565760951756943e+02 3.076008113710862517e+02
1.521611130715330091e+02 3.076246215868517311e+02
1.521656500478903240e+02 3.076686157586217973e+02
1.521701870242476389e+02 3.077155845526975781e+02
1.521747240006049253e+02 3.077523447884427128e+02
1.521792609769622402e+02 3.077850134323520024e+02
1.521837979533195551e+02 3.078161525255628703e+02
1.521883349296768699e+02 3.078390735337802653e+02
1.521928719060341848e+02 3.078616099954417678e+02
1.521974088823914997e+02 3.078920298258202024e+02
1.522019458587488145e+02 3.079322956382181928e+02
1.522064828351061010e+02 3.079692318573663101e+02
1.522110198114634159e+02 3.080246682234452464e+02
1.522155567878207307e+02 3.080691795859701188e+02
1.522200937641780456e+02 3.081117799833193089e+02
1.522246307405353605e+02 3.081463188873195804e+02
1.522291677168926753e+02 3.081875106909340616e+02
1.522337046932499902e+02 3.082251256554176280e+02
1.522382416696073051e+02 3.082670327650060926e+02
1.522427786459646200e+02 3.082945517107547175e+02
1.522473156223219348e+02 3.083389353837141016e+02
1.522518525986792497e+02 3.083621379079885401e+02
1.522563895750365646e+02 3.083932272139056181e+02
1.522609265513938794e+02 3.084286040932149149e+02
1.522654635277511659e+02 3.084737362452920024e+02
1.522700005041084808e+02 3.085236725234959749e+02
1.522745374804657956e+02 3.085732848586034720e+02
1.522790744568231105e+02 3.086171491773661160e+02
1.522836114331804254e+02 3.086452748412191909e+02
1.522881484095377402e+02 3.086800552211683453e+02
1.522926853858950551e+02 3.087123093073587938e+02
1.522972223622523700e+02 3.087360953874882625e+02
1.523017593386096564e+02 3.087579320211654590e+02
1.523062963149669713e+02 3.088007982397793967e+02
1.523108332913242862e+02 3.088195885276086301e+02
1.523153702676816010e+02 3.088634390231772500e+02
1.523199072440389159e+02 3.088932565577258629e+02
1.523244442203962308e+02 3.089434745988111217e+02
1.523289811967535456e+02 3.089701292656516785e+02
1.523335181731108605e+02 3.090067818102108959e+02
1.523380551494681754e+02 3.090467868438777259e+02
1.523425921258254903e+02 3.090737185810592678e+02
1.523471291021828051e+02 3.091193414126629477e+02
1.523516660785401200e+02 3.091417763284135845e+02
1.523562030548974349e+02 3.091806440608915523e+02
1.523607400312547213e+02 3.092103419112833080e+02
1.523652770076120362e+02 3.092369200631197259e+02
1.523698139839693511e+02 3.092650745218211341e+02
1.523743509603266659e+02 3.092932417934743512e+02
1.523788879366839808e+02 3.093268778748877708e+02
1.523834249130412957e+02 3.093593167209367039e+02
1.523879618893986105e+02 3.094009540811339889e+02
1.523924988657558970e+02 3.094491900982321795e+02
1.523970358421132119e+02 3.094884710640050116e+02
1.524015728184705267e+02 3.095365474921063083e+02
1.524061097948278416e+02 3.095762325378821060e+02
1.524106467711851565e+02 3.096048631953808581e+02
1.524151837475424713e+02 3.096271599626194302e+02
1.524197207238997862e+02 3.096546075964978399e+02
1.524242577002571011e+02 3.096946447016080697e+02
1.524287946766144159e+02 3.097186221474000263e+02
1.524333316529717308e+02 3.097435980027461824e+02
1.524378686293290457e+02 3.097716139668902997e+02
1.524424056056863606e+02 3.097830723563973834e+02
1.524469425820436754e+02 3.098055143675505292e+02
1.524514795584009619e+02 3.098444949679749243e+02
1.524560165347582767e+02 3.098751370294615981e+02
1.524605535111155916e+02 3.099056025986765803e+02
1.524650904874729065e+02 3.099546778463130181e+02
1.524696274638302214e+02 3.099824674293570297e+02
1.524741644401875362e+02 3.100037036402453623e+02
1.524787014165448511e+02 3.100299272057350777e+02
1.524832383929021660e+02 3.100590472255681789e+02
1.524877753692594524e+02 3.100937359741549244e+02
1.524923123456167673e+02 3.101302718292283203e+02
1.524968493219740822e+02 3.101690135725044115e+02
1.525013862983313970e+02 3.101859449835350233e+02
1.525059232746887119e+02 3.102141213507703128e+02
1.525104602510460268e+02 3.102497760690513360e+02
1.525149972274033416e+02 3.102792561436881442e+02
1.525195342037606565e+02 3.103232994017460555e+02
1.525240711801179714e+02 3.103609813016855128e+02
1.525286081564752863e+02 3.104115000188851923e+02
1.525331451328326011e+02 3.104371766277358233e+02
1.525376821091899160e+02 3.104612994184319064e+02
1.525422190855472309e+02 3.104798028530755687e+02
1.525467560619045173e+02 3.104996915594301754e+02
1.525512930382618322e+02 3.105230276923539918e+02
1.525558300146191471e+02 3.105627152901887484e+02
1.525603669909764619e+02 3.105951933692348348e+02
1.525649039673337768e+02 3.106293087424365353e+02
1.525694409436910917e+02 3.106634363310303115e+02
1.525739779200484065e+02 3.107126112624442271e+02
1.525785148964056930e+02 3.107390126738465597e+02
1.525830518727630079e+02 3.107862885098013521e+02
1.525875888491203227e+02 3.108353270849902970e+02
1.525921258254776376e+02 3.108803896055823088e+02
1.525966628018349525e+02 3.109165761828564314e+02
1.526011997781922673e+02 3.109668913927379208e+02
1.526057367545495822e+02 3.109996276010523957e+02
1.526102737309068971e+02 3.110339280519627323e+02
1.526148107072642119e+02 3.110857493850873539e+02
1.526193476836215268e+02 3.111254131040931270e+02
1.526238846599788417e+02 3.111737067991777508e+02
1.526284216363361566e+02 3.112036641161661805e+02
1.526329586126934714e+02 3.112395807303447555e+02
1.526374955890507579e+02 3.112730322061260608e+02
1.526420325654080727e+02 3.113034428908973723e+02
1.526465695417653876e+02 3.113294132704493222e+02
1.526511065181227025e+02 3.113571543035449167e+02
1.526556434944800174e+02 3.113877500807197407e+02
1.526601804708373322e+02 3.114127593387027559e+02
1.526647174471946471e+02 3.114442045508761225e+02
1.526692544235519620e+02 3.114720364138772197e+02
1.526737913999092484e+02 3.115122912933058501e+02
1.526783283762665633e+02 3.115343445493895729e+02
1.526828653526238782e+02 3.115759798819732396e+02
1.526874023289811930e+02 3.116170412988879548e+02
1.526919393053385079e+02 3.116432099894357748e+02
1.526964762816958228e+02 3.116682178119640980e+02
1.527010132580531376e+02 3.117045314032328065e+02
1.527055502344104525e+02 3.117275861059755471e+02
1.527100872107677674e+02 3.117536963120561495e+02
1.527146241871250822e+02 3.117682284508319981e+02
1.527191611634823971e+02 3.117817615906659512e+02
1.527236981398397120e+02 3.117979479818697541e+02
1.527282351161970269e+02 3.118128766037503397e+02
1.527327720925543133e+02 3.118442080534965726e+02
1.527373090689116282e+02 3.118704567087286819e+02
1.527418460452689430e+02 3.118951153461330819e+02
1.527463830216262579e+02 3.119275004507501876e+02
1.527509199979835728e+02 3.119647092801359918e+02
1.527554569743408877e+02 3.120001305731952357e+02
1.527599939506982025e+02 3.120403278632674642e+02
1.527645309270554890e+02 3.120767692697375537e+02
1.527690679034128038e+02 3.121058768852695948e+02
1.527736048797701187e+02 3.121396345205646412e+02
1.527781418561274336e+02 3.121699646732901670e+02
1.527826788324847485e+02 3.121981793472348841e+02
1.527872158088420633e+02 3.122256966480784399e+02
1.527917527851993782e+02 3.122579154861564348e+02
1.527962897615566931e+02 3.122870915270357841e+02
1.528008267379140079e+02 3.123288666893116670e+02
1.528053637142713228e+02 3.123557037689301978e+02
1.528099006906286377e+02 3.123786093136976660e+02
1.528144376669859525e+02 3.123986821497138067e+02
1.528189746433432674e+02 3.124292614155730803e+02
1.528235116197005539e+02 3.124679007372691331e+02
1.528280485960578687e+02 3.125058065869757229e+02
1.528325855724151836e+02 3.125442906446147617e+02
1.528371225487724985e+02 3.125792490722968751e+02
1.528416595251298133e+02 3.126169152742235724e+02
1.528461965014871282e+02 3.126418942859707499e+02
1.528507334778444431e+02 3.126816570634729260e+02
1.528552704542017580e+02 3.127115434913852141e+02
1.528598074305590444e+02 3.127403837828880455e+02
1.528643444069163593e+02 3.127676247890651666e+02
1.528688813832736741e+02 3.127958941632300025e+02
1.528734183596309890e+02 3.128259508699346725e+02
1.528779553359883039e+02 3.128548570362557371e+02
1.528824923123456188e+02 3.128847772248394108e+02
1.528870292887029336e+02 3.129108514176028280e+02
1.528915662650602485e+02 3.129292178999716612e+02
1.528961032414175634e+02 3.129527742295614985e+02
1.529006402177748782e+02 3.129820868615877316e+02
1.529051771941321931e+02 3.130033553937249735e+02
1.529097141704895080e+02 3.130333316530649768e+02
1.529142511468468228e+02 3.130654751052508686e+02
1.529187881232041093e+02 3.130895208065926454e+02
1.529233250995614242e+02 3.131090846939308676e+02
1.529278620759187390e+02 3.131467334533287499e+02
1.529323990522760539e+02 3.131755717185831713e+02
1.529369360286333688e+02 3.132046773782354308e+02
1.529414730049906836e+02 3.132417355732567330e+02
1.529460099813479985e+02 3.132784239166663269e+02
1.529505469577052850e+02 3.132941080158904583e+02
1.529550839340625998e+02 3.133219640683108764e+02
1.529596209104199147e+02 3.133693223036291897e+02
1.529641578867772296e+02 3.134126904024737996e+02
1.529686948631345444e+02 3.134429280858205402e+02
1.529732318394918593e+02 3.134591514396621506e+02
1.529777688158491742e+02 3.134822060968367623e+02
1.529823057922064891e+02 3.134998096255436053e+02
1.529868427685638039e+02 3.135502714205801453e+02
1.529913797449211188e+02 3.135853235268532444e+02
1.529959167212784337e+02 3.136289040812395115e+02
1.530004536976357485e+02 3.136640860149524315e+02
1.530049906739930634e+02 3.136944659158710351e+02
1.530095276503503499e+02 3.137328229870184373e+02
1.530140646267076647e+02 3.137719168692669882e+02
1.530186016030649796e+02 3.138064568437450248e+02
1.530231385794222945e+02 3.138484134976385462e+02
1.530276755557796093e+02 3.138873792435913401e+02
1.530322125321369242e+02 3.139203726729996333e+02
1.530367495084942391e+02 3.139623726848803358e+02
1.530412864848515540e+02 3.139901346575669550e+02
1.530458234612088404e+02 3.140207873288593987e+02
1.530503604375661553e+02 3.140395426636176808e+02
1.530548974139234701e+02 3.140727615701056266e+02
1.530594343902807850e+02 3.141032119239192753e+02
1.530639713666380999e+02 3.141323464911936867e+02
1.530685083429954148e+02 3.141539577135257559e+02
1.530730453193527296e+02 3.141769984542910947e+02
1.530775822957100445e+02 3.142023908608707075e+02
1.530821192720673594e+02 3.142209079598608241e+02
1.530866562484246742e+02 3.142539679007235804e+02
1.530911932247819891e+02 3.142764744212541927e+02
1.530957302011393040e+02 3.143062490053467855e+02
1.531002671774965904e+02 3.143255696390021399e+02
1.531048041538539053e+02 3.143516449898645533e+02
1.531093411302112202e+02 3.143799253876508146e+02
1.531138781065685350e+02 3.144163502269312289e+02
1.531184150829258499e+02 3.144383070882643665e+02
1.531229520592831648e+02 3.144580988162636004e+02
1.531274890356404796e+02 3.144852123650719022e+02
1.531320260119977945e+02 3.145163537608297588e+02
1.531365629883550810e+02 3.145528059088863984e+02
1.531410999647123958e+02 3.145792458815213308e+02
1.531456369410697107e+02 3.146153054582595701e+02
1.531501739174270256e+02 3.146363256784754867e+02
1.531547108937843404e+02 3.146705886815843769e+02
1.531592478701416553e+02 3.146861197503465633e+02
1.531637848464989702e+02 3.147119000401252720e+02
1.531683218228562851e+02 3.147438776513449170e+02
1.531728587992135999e+02 3.147634766991279207e+02
1.531773957755709148e+02 3.147757239446549988e+02
1.531819327519282297e+02 3.148109027066932413e+02
1.531864697282855445e+02 3.148439036782617109e+02
1.531910067046428594e+02 3.148569863893723664e+02
1.531955436810001459e+02 3.148894024291607820e+02
1.532000806573574607e+02 3.148994342559685720e+02
1.532046176337147756e+02 3.149166723682396878e+02
1.532091546100720905e+02 3.149639025721943995e+02
1.532136915864294053e+02 3.150081456925551606e+02
1.532182285627867202e+02 3.150523729056607749e+02
1.532227655391440351e+02 3.150884435000001531e+02
1.532273025155013499e+02 3.151181760430633858e+02
1.532318394918586364e+02 3.151358844380485493e+02
1.532363764682159513e+02 3.151624076071880722e+02
1.532409134445732661e+02 3.151878515867438182e+02
1.532454504209305810e+02 3.152203960595982721e+02
1.532499873972878959e+02 3.152444250331684543e+02
1.532545243736452107e+02 3.152677422450305471e+02
1.532590613500025256e+02 3.152923681160790466e+02
1.532635983263598405e+02 3.153337414307720223e+02
1.532681353027171554e+02 3.153650339230216559e+02
1.532726722790744702e+02 3.154058276596268797e+02
1.532772092554317851e+02 3.154493384314284867e+02
1.532817462317891000e+02 3.154856461368809732e+02
1.532862832081463864e+02 3.155257299701289639e+02
1.532908201845037013e+02 3.155520461717422336e+02
1.532953571608610162e+02 3.155728067203756950e+02
1.532998941372183310e+02 3.156045223808359879e+02
1.533044311135756459e+02 3.156344905045406222e+02
1.533089680899329608e+02 3.156701281274479243e+02
1.533135050662902756e+02 3.156960609640364055e+02
1.533180420426475905e+02 3.157002358866292298e+02
1.533225790190048770e+02 3.156981850172429063e+02
1.533271159953621918e+02 3.156997346908304962e+02
1.533316529717195067e+02 3.157064406266400738e+02
1.533361899480768216e+02 3.157338248382842494e+02
1.533407269244341364e+02 3.157493371495767747e+02
1.533452639007914513e+02 3.157791393632393238e+02
1.533498008771487662e+02 3.158200866732513532e+02
1.533543378535060810e+02 3.158545870879059976e+02
1.533588748298633959e+02 3.158822854644675431e+02
1.533634118062207108e+02 3.159107351958725189e+02
1.533679487825780257e+02 3.159378552228351964e+02
1.533724857589353405e+02 3.159665889789364996e+02
1.533770227352926554e+02 3.159834424709008545e+02
1.533815597116499418e+02 3.160155775887074583e+02
1.533860966880072567e+02 3.160293341342393774e+02
1.533906336643645716e+02 3.160448764646110362e+02
1.533951706407218865e+02 3.160724638796209547e+02
1.533997076170792013e+02 3.160982239395132183e+02
1.534042445934365162e+02 3.161288880661769554e+02
1.534087815697938311e+02 3.161522278320330770e+02
1.534133185461511459e+02 3.161811569925234267e+02
1.534178555225084324e+02 3.162129355623296760e+02
1.534223924988657473e+02 3.162480392288197777e+02
1.534269294752230621e+02 3.162846069471677879e+02
1.534314664515803770e+02 3.163223220345300319e+02
1.534360034279376919e+02 3.163395742851409977e+02
1.534405404042950067e+02 3.163731661253723928e+02
1.534450773806523216e+02 3.164004615527996975e+02
1.534496143570096365e+02 3.164284945503600284e+02
1.534541513333669513e+02 3.164607996652460997e+02
1.534586883097242662e+02 3.164940162852354888e+02
1.534632252860815811e+02 3.165251072641627843e+02
1.534677622624388960e+02 3.165503508160435331e+02
1.534722992387961824e+02 3.165861995431303058e+02
1.534768362151534973e+02 3.166180933502897688e+02
1.534813731915108121e+02 3.166545367120147603e+02
1.534859101678681270e+02 3.166935187662235194e+02
1.534904471442254419e+02 3.167208839734437333e+02
1.534949841205827568e+02 3.167382365369898025e+02
1.534995210969400716e+02 3.167674179182537273e+02
1.535040580732973865e+02 3.167947800801840685e+02
1.535085950496546729e+02 3.168178603726063329e+02
1.535131320260119878e+02 3.168548304147348063e+02
1.535176690023693027e+02 3.168876082720919385e+02
1.535222059787266176e+02 3.169152944378213306e+02
1.535267429550839324e+02 3.169378896418330100e+02
1.535312799314412473e+02 3.169679444501394414e+02
1.535358169077985622e+02 3.169862208210190033e+02
1.535403538841558770e+02 3.170198713393899084e+02
1.535448908605131919e+02 3.170619141634304583e+02
1.535494278368705068e+02 3.170882772488527621e+02
1.535539648132278217e+02 3.171032975326025394e+02
1.535585017895851365e+02 3.170977276863907832e+02
1.535630387659424514e+02 3.171062992896452783e+02
1.535675757422997378e+02 3.171132781057447687e+02
1.535721127186570527e+02 3.171340971560143203e+02
1.535766496950143676e+02 3.171709297962250389e+02
1.535811866713716825e+02 3.172081147402053034e+02
1.535857236477289973e+02 3.172504158376611940e+02
1.535902606240863122e+02 3.172783035112101402e+02
1.535947976004436271e+02 3.173074762534335491e+02
1.535993345768009419e+02 3.173447927897124146e+02
1.536038715531582284e+02 3.173604722373586355e+02
1.536084085295155433e+02 3.173848465276290653e+02
1.536129455058728581e+02 3.173995843036940414e+02
1.536174824822301730e+02 3.174090049172671684e+02
1.536220194585874879e+02 3.174187870136661331e+02
1.536265564349448027e+02 3.174264874871466304e+02
1.536310934113021176e+02 3.174551474550916623e+02
1.536356303876594325e+02 3.174881077265189901e+02
1.536401673640167473e+02 3.175162588416125118e+02
1.536447043403740622e+02 3.175562767645710096e+02
1.536492413167313771e+02 3.176015234897578239e+02
1.536537782930886920e+02 3.176235293364201198e+02
1.536583152694459784e+02 3.176509343634228344e+02
1.536628522458032933e+02 3.176885302059487231e+02
1.536673892221606081e+02 3.177222412793084345e+02
1.536719261985179230e+02 3.177599841911678027e+02
1.536764631748752379e+02 3.177900291342070318e+02
1.536810001512325528e+02 3.178105823389873308e+02
1.536855371275898676e+02 3.178347438149055506e+02
1.536900741039471825e+02 3.178554565130710330e+02
1.536946110803044689e+02 3.178646484626023607e+02
1.536991480566617838e+02 3.178809941332099811e+02
1.537036850330190987e+02 3.178936673667959099e+02
1.537082220093764136e+02 3.179067036501576808e+02
1.537127589857337284e+02 3.179323215223153056e+02
1.537172959620910433e+02 3.179638959632783894e+02
1.537218329384483582e+02 3.180062457469845185e+02
1.537263699148056730e+02 3.180445962611383948e+02
1.537309068911629879e+02 3.180859869097706678e+02
1.537354438675203028e+02 3.181148997487293855e+02
1.537399808438776176e+02 3.181348625683223759e+02
1.537445178202349325e+02 3.181664215962698563e+02
1.537490547965922474e+02 3.181819505237140220e+02
1.537535917729495338e+02 3.181994079295365054e+02
1.537581287493068487e+02 3.182347351604735763e+02
1.537626657256641636e+02 3.182478722235137525e+02
1.537672027020214784e+02 3.182574199259670991e+02
1.537717396783787933e+02 3.182829188708350330e+02
1.537762766547361082e+02 3.183228894873158765e+02
1.537808136310934231e+02 3.183665373236205482e+02
1.537853506074507095e+02 3.184169446915311710e+02
1.537898875838080244e+02 3.184604971859733951e+02
1.537944245601653392e+02 3.184943746389220109e+02
1.537989615365226541e+02 3.185194654423051475e+02
1.538034985128799690e+02 3.185423351879912275e+02
1.538080354892372839e+02 3.185606111743298925e+02
1.538125724655945987e+02 3.185842481892934188e+02
1.538171094419519136e+02 3.186146851140366607e+02
1.538216464183092285e+02 3.186310662102405331e+02
1.538261833946665433e+02 3.186576665958290278e+02
1.538307203710238582e+02 3.186732069966369068e+02
1.538352573473811731e+02 3.186931056408789686e+02
1.538397943237384879e+02 3.187127972755532710e+02
1.538443313000957744e+02 3.187282471947617637e+02
1.538488682764530893e+02 3.187517682370320813e+02
1.538534052528104041e+02 3.187751096486539950e+02
1.538579422291677190e+02 3.187962603155681336e+02
1.538624792055250339e+02 3.188267545142513768e+02
1.538670161818823487e+02 3.188661865537868039e+02
1.538715531582396636e+02 3.188897186453739891e+02
1.538760901345969785e+02 3.189150915210954622e+02
1.538806271109542649e+02 3.189433445692426403e+02
1.538851640873115798e+02 3.189737026899232433e+02
1.538897010636688947e+02 3.190005896828349705e+02
1.538942380400262095e+02 3.190376199618872874e+02
1.538987750163835244e+02 3.190704458556684244e+02
1.539033119927408393e+02 3.190985986112176533e+02
1.539078489690981542e+02 3.191402832670906378e+02
1.539123859454554690e+02 3.191703785142125867e+02
1.539169229218127839e+02 3.191973803174151953e+02
1.539214598981700988e+02 3.192264802872773544e+02
1.539259968745274136e+02 3.192638966345904805e+02
1.539305338508847285e+02 3.192916840514509431e+02
1.539350708272420434e+02 3.193231549494649926e+02
1.539396078035993298e+02 3.193453784734831515e+02
1.539441447799566447e+02 3.193734017520807811e+02
1.539486817563139596e+02 3.194061869708311860e+02
1.539532187326712744e+02 3.194364254161827716e+02
1.539577557090285893e+02 3.194710243796466216e+02
1.539622926853859042e+02 3.195082398381838971e+02
1.539668296617432190e+02 3.195299355797096155e+02
1.539713666381005055e+02 3.195558828298504750e+02
1.539759036144578204e+02 3.195903805606803303e+02
1.539804405908151352e+02 3.196024090912165434e+02
1.539849775671724501e+02 3.196338856919090290e+02
1.539895145435297650e+02 3.196604401260490249e+02
1.539940515198870798e+02 3.196923781559427766e+02
1.539985884962443947e+02 3.197217215279516154e+02
1.540031254726017096e+02 3.197459605381930601e+02
1.540076624489590245e+02 3.197631726369842227e+02
1.540121994253163393e+02 3.197829476979815126e+02
1.540167364016736542e+02 3.197998447474908517e+02
1.540212733780309691e+02 3.198224694306264837e+02
1.540258103543882839e+02 3.198440214456463195e+02
1.540303473307455988e+02 3.198664067455780469e+02
1.540348843071028853e+02 3.199052916325006208e+02
1.540394212834602001e+02 3.199266377517780597e+02
1.540439582598175150e+02 3.199581585685922391e+02
1.540484952361748299e+02 3.199769569851649749e+02
1.540530322125321447e+02 3.199934242679821637e+02
1.540575691888894596e+02 3.200184690296188137e+02
1.540621061652467461e+02 3.200297012782293109e+02
1.540666431416040609e+02 3.200471292520142015e+02
1.540711801179613758e+02 3.200886924869841437e+02
1.540757170943186907e+02 3.201103576761953491e+02
1.540802540706760055e+02 3.201354707845860048e+02
1.540847910470333204e+02 3.201670874361903429e+02
1.540893280233906353e+02 3.201914133893710073e+02
1.540938649997479502e+02 3.202152580281331211e+02
1.540984019761052650e+02 3.202491855938202434e+02
1.541029389524625799e+02 3.202724607336502913e+02
1.541074759288198948e+02 3.203090485176420543e+02
1.541120129051772096e+02 3.203559943949944682e+02
1.541165498815345245e+02 3.203954865179926514e+02
1.541210868578918394e+02 3.204197905751451572e+02
1.541256238342491542e+02 3.204468763667350117e+02
1.541301608106064407e+02 3.204730279456804283e+02
1.541346977869637556e+02 3.204921283195531601e+02
1.541392347633210704e+02 3.205133044080545233e+02
1.541437717396783853e+02 3.205392654665987493e+02
1.541483087160357002e+02 3.205672418409501461e+02
1.541528456923929866e+02 3.206106267124258693e+02
1.541573826687503015e+02 3.206459590473800176e+02
1.541619196451076164e+02 3.206830600108917224e+02
1.541664566214649312e+02 3.207341193153603172e+02
1.541709935978222461e+02 3.207661196971231448e+02
1.541755305741795610e+02 3.207967630735713556e+02
1.541800675505368758e+02 3.208251592557066942e+02
1.541846045268941907e+02 3.208591601986076398e+02
1.541891415032515056e+02 3.208916543461656943e+02
1.541936784796088205e+02 3.209165264928776082e+02
1.541982154559661353e+02 3.209454744950276677e+02
1.542027524323234502e+02 3.209719221318605378e+02
1.542072894086807651e+02 3.209862631885047222e+02
1.542118263850380799e+02 3.209914087965168505e+02
1.542163633613953948e+02 3.210113916324317529e+02
1.542209003377526813e+02 3.210414592739127215e+02
1.542254373141099961e+02 3.210754308866228826e+02
1.542299742904673110e+02 3.211037742079261079e+02
1.542345112668246259e+02 3.211351013393397125e+02
1.542390482431819407e+02 3.211596862378810329e+02
1.542435852195392556e+02 3.211810627948004822e+02
1.542481221958965421e+02 3.212087418298141301e+02
1.542526591722538569e+02 3.212385679050167937e+02
1.542571961486111718e+02 3.212602154871319158e+02
1.542617331249684867e+02 3.212871497434254024e+02
1.542662701013258015e+02 3.213134040669194746e+02
1.542708070776831164e+02 3.213441148984191500e+02
1.542753440540404313e+02 3.213834795562655700e+02
1.542798810303977461e+02 3.214106252040312484e+02
1.542844180067550610e+02 3.214395087773417572e+02
1.542889549831123759e+02 3.214601165368778766e+02
1.542934919594696908e+02 3.214929984480569942e+02
1.542980289358270056e+02 3.215140128777919699e+02
1.543025659121843205e+02 3.215437557332705296e+02
1.543071028885416354e+02 3.215726291485221395e+02
1.543116398648989502e+02 3.216018655280774965e+02
1.543161768412562367e+02 3.216463838232504600e+02
1.543207138176135516e+02 3.216760717419133471e+02
1.543252507939708664e+02 3.217060020220658885e+02
1.543297877703281813e+02 3.217336404094551199e+02
1.543343247466854962e+02 3.217622620586161588e+02
1.543388617230427826e+02 3.217924136878692707e+02
1.543433986994000975e+02 3.218238449027781485e+02
1.543479356757574124e+02 3.218424336816598839e+02
1.543524726521147272e+02 3.218624394130672499e+02
1.543570096284720421e+02 3.218812081794058599e+02
1.543615466048293570e+02 3.219001348137472860e+02
1.543660835811866718e+02 3.219364831832284608e+02
1.543706205575439867e+02 3.219733317232854688e+02
1.543751575339013016e+02 3.220135726135304708e+02
1.543796945102586164e+02 3.220497317382776146e+02
1.543842314866159313e+02 3.220769710936399974e+02
1.543887684629732462e+02 3.221017954927916662e+02
1.543933054393305611e+02 3.221206694517228470e+02
1.543978424156878759e+02 3.221345227235391917e+02
1.544023793920451908e+02 3.221497837308853036e+02
1.544069163684024772e+02 3.221687328850402992e+02
1.544114533447597921e+02 3.221981708414351715e+02
1.544159903211171070e+02 3.222186603678613324e+02
1.544205272974744219e+02 3.222547004430343236e+02
1.544250642738317367e+02 3.222834573281718917e+02
1.544296012501890516e+02 3.223087413072892105e+02
1.544341382265463380e+02 3.223378652781027540e+02
1.544386752029036529e+02 3.223698561344577342e+02
1.544432121792609678e+02 3.223936315235512211e+02
1.544477491556182827e+02 3.224236977351748692e+02
1.544522861319755975e+02 3.224533671652544626e+02
1.544568231083329124e+02 3.224730437865839576e+02
1.544613600846902273e+02 3.224962899200868947e+02
1.544658970610475421e+02 3.225200906591212515e+02
1.544704340374048570e+02 3.225533153394362103e+02
1.544749710137621719e+02 3.225757832541282824e+02
1.544795079901194867e+02 3.226043192624253493e+02
1.544840449664768016e+02 3.226339401376014280e+02
1.544885819428341165e+02 3.226665875727750290e+02
1.544931189191914314e+02 3.226841252979556316e+02
1.544976558955487462e+02 3.227155453840319410e+02
1.545021928719060327e+02 3.227434106954821686e+02
1.545067298482633475e+02 3.227604460489567941e+02
1.545112668246206624e+02 3.227839803756950232e+02
1.545158038009779773e+02 3.228181578047735911e+02
1.545203407773352922e+02 3.228481246249891115e+02
1.545248777536925786e+02 3.228771461522944719e+02
1.545294147300498935e+02 3.229087956809443654e+02
1.545339517064072083e+02 3.229408228798179152e+02
1.545384886827645232e+02 3.229736579734544648e+02
1.545430256591218381e+02 3.230199086372031729e+02
1.545475626354791530e+02 3.230648434474568944e+02
1.545520996118364678e+02 3.231112328639580937e+02
1.545566365881937827e+02 3.231447754300327233e+02
1.545611735645510976e+02 3.231740652587678255e+02
1.545657105409084124e+02 3.231890222709485556e+02
1.545702475172657273e+02 3.232080125853689196e+02
1.545747844936230422e+02 3.232257559827080513e+02
1.545793214699803571e+02 3.232380447089167319e+02
1.545838584463376719e+02 3.232567921603546779e+02
1.545883954226949868e+02 3.232881821922949825e+02
1.545929323990522732e+02 3.233140672609304147e+02
1.545974693754095881e+02 3.233407152955555830e+02
1.546020063517669030e+02 3.233677152555961243e+02
1.546065433281242179e+02 3.233979923868402011e+02
1.546110803044815327e+02 3.234346321701974603e+02
1.546156172808388192e+02 3.234665033372660332e+02
1.546201542571961340e+02 3.235016784330309179e+02
1.546246912335534489e+02 3.235348252980319330e+02
1.546292282099107638e+02 3.235595297779279917e+02
1.546337651862680787e+02 3.235799297748793037e+02
1.546383021626253935e+02 3.236077239811452273e+02
1.546428391389827084e+02 3.236238059267319045e+02
1.546473761153400233e+02 3.236339952219207134e+02
1.546519130916973381e+02 3.236596018026560273e+02
1.546564500680546530e+02 3.236847360007437260e+02
1.546609870444119679e+02 3.237105829379100328e+02
1.546655240207692827e+02 3.237446910338312591e+02
1.546700609971265976e+02 3.237801431736663176e+02
1.546745979734839125e+02 3.238042315532450743e+02
1.546791349498412274e+02 3.238299890647458028e+02
1.546836719261985422e+02 3.238539374755106337e+02
1.546882089025558287e+02 3.238775419538315532e+02
1.546927458789131435e+02 3.239030202538036178e+02
1.546972828552704584e+02 3.239332042028214005e+02
1.547018198316277733e+02 3.239489176634816090e+02
1.547063568079850882e+02 3.239735951448316769e+02
1.547108937843423746e+02 3.239977898508747103e+02
1.547154307606996895e+02 3.240164190916447637e+02
1.547199677370570043e+02 3.240331562345484144e+02
1.547245047134143192e+02 3.240567108224138906e+02
1.547290416897716341e+02 3.240723405615930801e+02
1.547335786661289490e+02 3.241124767478908666e+02
1.547381156424862638e+02 3.241384391547144901e+02
1.547426526188435787e+02 3.241772201962228905e+02
1.547471895952008936e+02 3.242196304445760120e+02
1.547517265715582084e+02 3.242407713990174329e+02
1.547562635479155233e+02 3.242708174652208868e+02
1.547608005242728382e+02 3.242868746157375313e+02
1.547653375006301530e+02 3.242947234133344523e+02
1.547698744769874679e+02 3.243178597228220497e+02
1.547744114533447828e+02 3.243471769616190272e+02
1.547789484297020692e+02 3.243603815151356571e+02
1.547834854060593841e+02 3.243872906706481558e+02
1.547880223824166990e+02 3.244047677447434239e+02
1.547925593587740138e+02 3.244231251999608503e+02
1.547970963351313287e+02 3.244473803320939851e+02
1.548016333114886152e+02 3.244710622030900140e+02
1.548061702878459300e+02 3.244988471527333331e+02
1.548107072642032449e+02 3.245281154349872281e+02
1.548152442405605598e+02 3.245561527169073202e+02
1.548197812169178746e+02 3.245785586976284094e+02
1.548243181932751895e+02 3.245984858168329197e+02
1.548288551696325044e+02 3.246174987948894568e+02
1.548333921459898193e+02 3.246508986703514665e+02
1.548379291223471341e+02 3.246818656827828136e+02
1.548424660987044490e+02 3.247205112923471120e+02
1.548470030750617639e+02 3.247505420453370562e+02
1.548515400514190787e+02 3.247831931237352592e+02
1.548560770277763936e+02 3.248147656311565470e+02
1.548606140041337085e+02 3.248362890164593182e+02
1.548651509804910233e+02 3.248642077851853855e+02
1.548696879568483382e+02 3.248902242243562455e+02
1.548742249332056247e+02 3.249143412983058852e+02
1.548787619095629395e+02 3.249455515406392010e+02
1.548832988859202544e+02 3.249708937931736727e+02
1.548878358622775693e+02 3.250004482146219402e+02
1.548923728386348841e+02 3.250296885717627333e+02
1.548969098149921706e+02 3.250558781261362924e+02
1.549014467913494855e+02 3.250780323376038723e+02
1.549059837677068003e+02 3.250990640654251251e+02
1.549105207440641152e+02 3.251116918840071435e+02
1.549150577204214301e+02 3.251448330465177037e+02
1.549195946967787449e+02 3.251669218707943401e+02
1.549241316731360598e+02 3.252066780215529889e+02
1.549286686494933747e+02 3.252484383280039424e+02
1.549332056258506896e+02 3.252820138528386451e+02
1.549377426022080044e+02 3.253165769923552375e+02
1.549422795785653193e+02 3.253492398920278674e+02
1.549468165549226342e+02 3.253735996061790843e+02
1.549513535312799490e+02 3.254000296768884368e+02
1.549558905076372639e+02 3.254259573765622804e+02
1.549604274839945788e+02 3.254436301197494004e+02
1.549649644603518652e+02 3.254655297628003723e+02
1.549695014367091801e+02 3.254829868911481867e+02
1.549740384130664950e+02 3.255125724812150452e+02
1.549785753894238098e+02 3.255390678504660400e+02
1.549831123657811247e+02 3.255592137872220064e+02
1.549876493421384112e+02 3.255907754234003733e+02
1.549921863184957260e+02 3.256162260645675133e+02
1.549967232948530409e+02 3.256481744414032278e+02
1.550012602712103558e+02 3.256851452816250116e+02
1.550057972475676706e+02 3.257024644682398957e+02
1.550103342239249855e+02 3.257395303662890456e+02
1.550148712002823004e+02 3.257649907162929139e+02
1.550194081766396152e+02 3.257887605694983222e+02
1.550239451529969301e+02 3.258260132420813875e+02
1.550284821293542450e+02 3.258536830797038988e+02
1.550330191057115599e+02 3.258790431697188978e+02
1.550375560820688747e+02 3.259050809351595035e+02
1.550420930584261896e+02 3.259233762786008697e+02
1.550466300347835045e+02 3.259366937022376760e+02
1.550511670111408193e+02 3.259583693640146862e+02
1.550557039874981342e+02 3.259863320079510913e+02
1.550602409638554207e+02 3.260244338129528501e+02
1.550647779402127355e+02 3.260510419704861533e+02
1.550693149165700504e+02 3.260848279375265975e+02
1.550738518929273653e+02 3.261117421892755601e+02
1.550783888692846801e+02 3.261305429584101603e+02
1.550829258456419666e+02 3.261564710246169625e+02
1.550874628219992815e+02 3.261769843092325800e+02
1.550919997983565963e+02 3.261927307831866756e+02
1.550965367747139112e+02 3.262236475786594383e+02
1.551010737510712261e+02 3.262434794748286322e+02
1.551056107274285409e+02 3.262590119543823448e+02
1.551101477037858558e+02 3.262714660090135226e+02
1.551146846801431707e+02 3.262859245287405656e+02
1.551192216565004856e+02 3.263034178978442128e+02
1.551237586328578004e+02 3.263224168009278401e+02
1.551282956092151153e+02 3.263308131211159093e+02
1.551328325855724302e+02 3.263598628946634790e+02
1.551373695619297450e+02 3.263865003957502609e+02
1.551419065382870599e+02 3.263947668604254204e+02
1.551464435146443748e+02 3.264334435829813970e+02
1.551509804910016612e+02 3.264592564123097986e+02
1.551555174673589761e+02 3.264814074162508177e+02
1.551600544437162910e+02 3.265063089257480442e+02
1.551645914200736058e+02 3.265286782506180998e+02
1.551691283964309207e+02 3.265517616504255898e+02
1.551736653727882072e+02 3.265751534049685461e+02
1.551782023491455220e+02 3.266176012449554378e+02
1.551827393255028369e+02 3.266532509334489305e+02
1.551872763018601518e+02 3.266779519142908157e+02
1.551918132782174666e+02 3.267015875542560366e+02
1.551963502545747815e+02 3.267257528445539378e+02
1.552008872309320964e+02 3.267542437937601107e+02
1.552054242072894112e+02 3.267801582564074465e+02
1.552099611836467261e+02 3.268188955112204326e+02
1.552144981600040410e+02 3.268523555705856438e+02
1.552190351363613559e+02 3.268938133200497305e+02
1.552235721127186707e+02 3.269127289086962946e+02
1.552281090890759856e+02 3.269172680837693861e+02
1.552326460654333005e+02 3.269209323878812938e+02
1.552371830417906153e+02 3.269393703015399524e+02
1.552417200181479302e+02 3.269457900557266612e+02
1.552462569945052167e+02 3.269772414583236468e+02
1.552507939708625315e+02 3.270044026916041844e+02
1.552553309472198464e+02 3.270432126339182446e+02
1.552598679235771613e+02 3.270635907400958331e+02
1.552644048999344761e+02 3.270946455957430885e+02
1.552689418762917626e+02 3.271307173215939770e+02
1.552734788526490775e+02 3.271540763135942598e+02
1.552780158290063923e+02 3.271826769093398752e+02
1.552825528053637072e+02 3.272130057771612428e+02
1.552870897817210221e+02 3.272258673955366248e+02
1.552916267580783369e+02 3.272424799243932512e+02
1.552961637344356518e+02 3.272565975075111737e+02
1.553007007107929667e+02 3.272771599107989573e+02
1.553052376871502815e+02 3.272970061182182349e+02
1.553097746635075964e+02 3.273358004549299380e+02
1.553143116398649113e+02 3.273665798585232665e+02
1.553188486162222262e+02 3.273939835527723972e+02
1.553233855925795410e+02 3.274210499668165539e+02
1.553279225689368559e+02 3.274471983250952007e+02
1.553324595452941708e+02 3.274746877311799835e+02
1.553369965216514572e+02 3.274998118532137710e+02
1.553415334980087721e+02 3.275343578684738759e+02
1.553460704743660870e+02 3.275645985256068116e+02
1.553506074507234018e+02 3.276024070393115153e+02
1.553551444270807167e+02 3.276275870653974494e+02
1.553596814034380031e+02 3.276525275168047528e+02
1.553642183797953180e+02 3.276700930709639010e+02
1.553687553561526329e+02 3.276850268976226062e+02
1.553732923325099478e+02 3.277109296891686654e+02
1.553778293088672626e+02 3.277406902213068065e+02
1.553823662852245775e+02 3.277631314268511460e+02
1.553869032615818924e+02 3.277948338727630357e+02
1.553914402379392072e+02 3.278112186668346908e+02
1.553959772142965221e+02 3.278468218993218102e+02
1.554005141906538370e+02 3.278787763198340599e+02
1.554050511670111518e+02 3.279106916673660521e+02
1.554095881433684667e+02 3.279498169962777752e+02
1.554141251197257816e+02 3.279767252886852020e+02
1.554186620960830965e+02 3.279952162758567624e+02
1.554231990724404113e+02 3.280219536407748819e+02
1.554277360487977262e+02 3.280442627477616497e+02
1.554322730251550126e+02 3.280551201810383191e+02
1.554368100015123275e+02 3.280819483099951412e+02
1.554413469778696424e+02 3.281020172531701746e+02
1.554458839542269573e+02 3.281199294381306686e+02
1.554504209305842721e+02 3.281432610756181134e+02
1.554549579069415586e+02 3.281574178084630375e+02
1.554594948832988734e+02 3.281895582556742852e+02
1.554640318596561883e+02 3.282244513538192905e+02
1.554685688360135032e+02 3.282463201819714413e+02
1.554731058123708181e+02 3.282636423116883293e+02
1.554776427887281329e+02 3.282855733482930418e+02
1.554821797650854478e+02 3.282881282526315090e+02
1.554867167414427627e+02 3.282907631795825409e+02
1.554912537178000775e+02 3.283060632584377458e+02
1.554957906941573924e+02 3.283268257338109493e+02
1.555003276705147073e+02 3.283587897365340496e+02
1.555048646468720221e+02 3.283951771459188649e+02
1.555094016232293370e+02 3.284154631902515007e+02
1.555139385995866519e+02 3.284501350334892322e+02
1.555184755759439668e+02 3.284821108379677526e+02
1.555230125523012532e+02 3.285136178791833004e+02
1.555275495286585681e+02 3.285367278038783070e+02
1.555320865050158829e+02 3.285607163094895782e+02
1.555366234813731978e+02 3.285780082934254551e+02
1.555411604577305127e+02 3.286060239736690960e+02
1.555456974340877991e+02 3.286267718927649071e+02
1.555502344104451140e+02 3.286332073105147060e+02
1.555547713868024289e+02 3.286570859973852521e+02
1.555593083631597437e+02 3.286845551769183089e+02
1.555638453395170586e+02 3.287133705717257612e+02
1.555683823158743735e+02 3.287413662460393198e+02
1.555729192922316884e+02 3.287767425741854481e+02
1.555774562685890032e+02 3.287877214151959606e+02
1.555819932449463181e+02 3.288051852504989938e+02
1.555865302213036330e+02 3.288166103477036586e+02
1.555910671976609478e+02 3.288353519065226465e+02
1.555956041740182627e+02 3.288591693049767741e+02
1.556001411503755776e+02 3.288967742119103832e+02
1.556046781267328925e+02 3.289273032529579837e+02
1.556092151030902073e+02 3.289610607156268429e+02
1.556137520794475222e+02 3.289911978263235710e+02
1.556182890558048086e+02 3.290094605111592614e+02
1.556228260321621235e+02 3.290389724702779404e+02
1.556273630085194384e+02 3.290777729713122426e+02
1.556318999848767533e+02 3.290958905976573305e+02
1.556364369612340681e+02 3.291234421754813866e+02
1.556409739375913546e+02 3.291385244868285440e+02
1.556455109139486694e+02 3.291538112424243536e+02
1.556500478903059843e+02 3.291741822565735447e+02
1.556545848666632992e+02 3.292026990531626325e+02
1.556591218430206141e+02 3.292257181576853782e+02
1.556636588193779289e+02 3.292546001783865677e+02
1.556681957957352438e+02 3.292869745539618975e+02
1.556727327720925587e+02 3.293173680738518101e+02
1.556772697484498735e+02 3.293329544760551926e+02
1.556818067248071884e+02 3.293676157952255039e+02
1.556863437011645033e+02 3.293921249792364279e+02
1.556908806775218181e+02 3.294184451431141269e+02
1.556954176538791330e+02 3.294402330266991044e+02
1.556999546302364479e+02 3.294593824952928003e+02
1.557044916065937628e+02 3.294735866232093144e+02
1.557090285829510492e+02 3.294958489353133473e+02
1.557135655593083641e+02 3.295208873144745212e+02
1.557181025356656789e+02 3.295338836224836427e+02
1.557226395120229938e+02 3.295577590653724087e+02
1.557271764883803087e+02 3.295922097187341251e+02
1.557317134647375951e+02 3.296184114613668612e+02
1.557362504410949100e+02 3.296377563029391240e+02
1.557407874174522249e+02 3.296639173606852182e+02
1.557453243938095397e+02 3.296853347680366255e+02
1.557498613701668546e+02 3.297032230990801622e+02
1.557543983465241695e+02 3.297242564306563395e+02
1.557589353228814844e+02 3.297397573869914709e+02
1.557634722992387992e+02 3.297579226291362033e+02
1.557680092755961141e+02 3.297786279405149230e+02
1.557725462519534290e+02 3.298036698238093436e+02
1.557770832283107438e+02 3.298247473319814844e+02
1.557816202046680587e+02 3.298674776246425040e+02
1.557861571810253736e+02 3.298913245716268534e+02
1.557906941573826884e+02 3.299187444866153669e+02
1.557952311337400033e+02 3.299332138055692099e+02
1.557997681100972898e+02 3.299526443212658933e+02
1.558043050864546046e+02 3.299797181789576825e+02
1.558088420628119195e+02 3.300064180367015183e+02
1.558133790391692344e+02 3.300367304199781984e+02
1.558179160155265492e+02 3.300713743148252775e+02
1.558224529918838641e+02 3.300991789717910478e+02
1.558269899682411506e+02 3.301226165048681764e+02
1.558315269445984654e+02 3.301432090837792543e+02
1.558360639209557803e+02 3.301712719390882853e+02
1.558406008973130952e+02 3.301924976651427528e+02
1.558451378736704100e+02 3.302184731459558975e+02
1.558496748500277249e+02 3.302259083920383773e+02
1.558542118263850398e+02 3.302392832436086110e+02
1.558587488027423547e+02 3.302625807264125797e+02
1.558632857790996695e+02 3.302816624190539301e+02
1.558678227554569844e+02 3.303106732919168849e+02
1.558723597318142993e+02 3.303465288019378363e+02
1.558768967081716141e+02 3.303808545356267246e+02
1.558814336845289290e+02 3.303985506885052246e+02
1.558859706608862439e+02 3.304174119241923222e+02
1.558905076372435587e+02 3.304345878383617787e+02
1.558950446136008452e+02 3.304493476554698645e+02
1.558995815899581601e+02 3.304675283443168610e+02
1.559041185663154749e+02 3.304780252309542448e+02
1.559086555426727898e+02 3.305087517532239190e+02
1.559131925190301047e+02 3.305402391604020522e+02
1.559177294953873911e+02 3.305717238323692868e+02
1.559222664717447060e+02 3.306013153943753764e+02
1.559268034481020209e+02 3.306345139530542951e+02
1.559313404244593357e+02 3.306533028171076580e+02
1.559358774008166506e+02 3.306767897799691127e+02
1.559404143771739655e+02 3.306967496208453667e+02
1.559449513535312803e+02 3.307171910857683201e+02
1.559494883298885952e+02 3.307325209753782929e+02
1.559540253062459101e+02 3.307514464070861777e+02
1.559585622826032250e+02 3.307728643174593230e+02
1.559630992589605398e+02 3.307893321612481259e+02
1.559676362353178547e+02 3.308050303374946566e+02
1.559721732116751696e+02 3.308230239886837012e+02
1.559767101880324844e+02 3.308390127181239677e+02
1.559812471643897993e+02 3.308540932455575785e+02
1.559857841407470858e+02 3.308707292262663486e+02
1.559903211171044006e+02 3.308845115149169374e+02
1.559948580934617155e+02 3.308995457073438615e+02
1.559993950698190304e+02 3.309111840184713174e+02
1.560039320461763452e+02 3.309384890695284298e+02
1.560084690225336601e+02 3.309671173535209618e+02
1.560130059988909466e+02 3.309875122994012600e+02
1.560175429752482614e+02 3.310151055113663006e+02
1.560220799516055763e+02 3.310356104685053538e+02
1.560266169279628912e+02 3.310541491570133985e+02
1.560311539043202060e+02 3.310797676894156893e+02
1.560356908806775209e+02 3.311073200350155048e+02
1.560402278570348358e+02 3.311255732477944207e+02
1.560447648333921506e+02 3.311469023342502851e+02
1.560493018097494655e+02 3.311707571489582733e+02
1.560538387861067804e+02 3.311849555112999610e+02
1.560583757624640953e+02 3.311997699714713121e+02
1.560629127388214101e+02 3.312185427144175947e+02
1.560674497151787250e+02 3.312417395041167083e+02
1.560719866915360399e+02 3.312486393238152118e+02
1.560765236678933547e+02 3.312642734313016604e+02
1.560810606442506412e+02 3.312802263341888533e+02
1.560855976206079561e+02 3.312996331343056795e+02
1.560901345969652709e+02 3.313213293156312034e+02
1.560946715733225858e+02 3.313480081525604533e+02
1.560992085496799007e+02 3.313736394579686362e+02
1.561037455260371871e+02 3.313994350759322742e+02
1.561082825023945020e+02 3.314117234409084176e+02
1.561128194787518169e+02 3.314287228679822874e+02
1.561173564551091317e+02 3.314408342504688676e+02
1.561218934314664466e+02 3.314535173918092710e+02
1.561264304078237615e+02 3.314660706208260876e+02
1.561309673841810763e+02 3.314746328468262959e+02
1.561355043605383912e+02 3.314866874765722855e+02
1.561400413368957061e+02 3.314942670933945124e+02
1.561445783132530210e+02 3.315181450538466947e+02
1.561491152896103358e+02 3.315425667586891336e+02
1.561536522659676507e+02 3.315731122075893609e+02
1.561581892423249656e+02 3.315978815310858181e+02
1.561627262186822804e+02 3.316170124214818316e+02
1.561672631950395953e+02 3.316330396556174946e+02
1.561718001713968818e+02 3.316506319125946334e+02
1.561763371477541966e+02 3.316637534618039354e+02
1.561808741241115115e+02 3.316823371877983959e+02
1.561854111004688264e+02 3.316981853835185348e+02
1.561899480768261412e+02 3.317061000052681266e+02
1.561944850531834561e+02 3.317151147141556748e+02
1.561990220295407426e+02 3.317333130093031173e+02
1.562035590058980574e+02 3.317442811088542385e+02
1.562080959822553723e+02 3.317591174995498591e+02
1.562126329586126872e+02 3.317820272541435429e+02
1.562171699349700020e+02 3.317940947790742712e+02
1.562217069113273169e+02 3.318136645259585862e+02
1.562262438876846318e+02 3.318377641462565180e+02
1.562307808640419466e+02 3.318447868450654710e+02
1.562353178403992615e+02 3.318652876958047955e+02
1.562398548167565764e+02 3.318906129691227989e+02
1.562443917931138913e+02 3.319107625163371722e+02
1.562489287694712061e+02 3.319302925222325484e+02
1.562534657458285210e+02 3.319659792125537479e+02
1.562580027221858359e+02 3.319980557763094566e+02
1.562625396985431507e+02 3.320146856847459844e+02
1.562670766749004372e+02 3.320340835072790355e+02
1.562716136512577521e+02 3.320543282230312343e+02
1.562761506276150669e+02 3.320731596951829943e+02
1.562806876039723818e+02 3.320842093817463478e+02
1.562852245803296967e+02 3.321031956486106083e+02
1.562897615566869831e+02 3.321160333903543460e+02
1.562942985330442980e+02 3.321391428798439165e+02
1.562988355094016129e+02 3.321525328709382734e+02
1.563033724857589277e+02 3.321687140565165350e+02
1.563079094621162426e+02 3.321913398306271006e+02
1.563124464384735575e+02 3.322078960765318811e+02
1.563169834148308723e+02 3.322346787184922050e+02
1.563215203911881872e+02 3.322602344749236067e+02
1.563260573675455021e+02 3.322778569893936265e+02
1.563305943439028169e+02 3.322956429439515205e+02
1.563351313202601318e+02 3.323176970293828845e+02
1.563396682966174467e+02 3.323282410601853485e+02
1.563442052729747616e+02 3.323378170682547079e+02
1.563487422493320764e+02 3.323551134957419890e+02
1.563532792256893913e+02 3.323653662199388918e+02
1.563578162020466777e+02 3.323918006663270148e+02
1.563623531784039926e+02 3.324200191330801317e+02
1.563668901547613075e+02 3.324563471640674948e+02
1.563714271311186224e+02 3.324869121067332571e+02
1.563759641074759372e+02 3.325122475890513556e+02
1.563805010838332237e+02 3.325410881148728777e+02
1.563850380601905385e+02 3.325601476010108968e+02
1.563895750365478534e+02 3.325716818451521135e+02
1.563941120129051683e+02 3.325821734972474246e+02
1.563986489892624832e+02 3.326000658613849055e+02
1.564031859656197980e+02 3.326194056414959732e+02
1.564077229419771129e+02 3.326374680453489532e+02
1.564122599183344278e+02 3.326541210203702690e+02
1.564167968946917426e+02 3.326835597196792946e+02
1.564213338710490575e+02 3.327002972274037234e+02
1.564258708474063724e+02 3.327206683896799859e+02
1.564304078237636872e+02 3.327473786423938691e+02
1.564349448001210021e+02 3.327625607958035516e+02
1.564394817764783170e+02 3.327871204786854378e+02
1.564440187528356319e+02 3.328029117454980224e+02
1.564485557291929467e+02 3.328217167544758013e+02
1.564530927055502332e+02 3.328449203988240583e+02
1.564576296819075480e+02 3.328728932981042590e+02
1.564621666582648629e+02 3.328869301971213304e+02
1.564667036346221778e+02 3.328995059069194440e+02
1.564712406109794927e+02 3.329218320617387121e+02
1.564757775873367791e+02 3.329373791266619378e+02
1.564803145636940940e+02 3.329425496253887218e+02
1.564848515400514088e+02 3.329565430152567274e+02
1.564893885164087237e+02 3.329776003445714423e+02
1.564939254927660386e+02 3.329996273877901558e+02
1.564984624691233535e+02 3.330255665171426358e+02
1.565029994454806683e+02 3.330419723065400035e+02
1.565075364218379832e+02 3.330689140749582293e+02
1.565120733981952981e+02 3.330882893121516872e+02
1.565166103745526129e+02 3.331027329446570775e+02
1.565211473509099278e+02 3.331194849304334866e+02
1.565256843272672427e+02 3.331239682797278192e+02
1.565302213036245575e+02 3.331339705051786950e+02
1.565347582799818724e+02 3.331463987245410863e+02
1.565392952563391873e+02 3.331610812289208070e+02
1.565438322326964737e+02 3.331755255421398374e+02
1.565483692090537886e+02 3.332011832135319196e+02
1.565529061854111035e+02 3.332267348406492147e+02
1.565574431617684183e+02 3.332442338405795113e+02
1.565619801381257332e+02 3.332665781058580592e+02
1.565665171144830197e+02 3.332836582516690100e+02
1.565710540908403345e+02 3.332979199405422150e+02
1.565755910671976494e+02 3.333105455388555924e+02
1.565801280435549643e+02 3.333293963406711100e+02
1.565846650199122791e+02 3.333491163212752326e+02
1.565892019962695940e+02 3.333647817362503929e+02
1.565937389726269089e+02 3.333797402353571329e+02
1.565982759489842238e+02 3.333987705525005367e+02
1.566028129253415386e+02 3.334194012820374837e+02
1.566073499016988535e+02 3.334331149341405194e+02
1.566118868780561684e+02 3.334514496367435186e+02
1.566164238544134832e+02 3.334705524747414529e+02
1.566209608307707981e+02 3.334917072764413888e+02
1.566254978071281130e+02 3.335043313114287002e+02
1.566300347834854279e+02 3.335196667525281100e+02
1.566345717598427427e+02 3.335445096690052083e+02
1.566391087362000292e+02 3.335605448956778787e+02
1.566436457125573440e+02 3.335748924750346873e+02
1.566481826889146589e+02 3.335903536769693005e+02
1.566527196652719738e+02 3.336134678870433277e+02
1.566572566416292887e+02 3.336305168494190525e+02
1.566617936179865751e+02 3.336464735150008210e+02
1.566663305943438900e+02 3.336653955234228874e+02
1.566708675707012048e+02 3.336769181590490803e+02
1.566754045470585197e+02 3.336785077798585348e+02
1.566799415234158346e+02 3.336878278992200535e+02
1.566844784997731495e+02 3.337086870131507226e+02
1.566890154761304643e+02 3.337331106453375469e+02
1.566935524524877792e+02 3.337560581444909076e+02
1.566980894288450941e+02 3.337843181325686714e+02
1.567026264052024089e+02 3.338073278384057971e+02
1.567071633815597238e+02 3.338262837017485367e+02
1.567117003579170387e+02 3.338240665473834952e+02
1.567162373342743535e+02 3.338293983030054051e+02
1.567207743106316684e+02 3.338432421063869242e+02
1.567253112869889833e+02 3.338631374144264896e+02
1.567298482633462697e+02 3.338808222840881967e+02
1.567343852397035846e+02 3.339017602919512910e+02
1.567389222160608995e+02 3.339123789184396287e+02
1.567434591924182143e+02 3.339279658611211516e+02
1.567479961687755292e+02 3.339270503711614424e+02
1.567525331451328157e+02 3.339397141085811427e+02
1.567570701214901305e+02 3.339412188089837059e+02
1.567616070978474454e+02 3.339519712327860361e+02
1.567661440742047603e+02 3.339623297222464089e+02
1.567706810505620751e+02 3.339689489082639398e+02
1.567752180269193900e+02 3.339901802480037531e+02
1.567797550032767049e+02 3.339997134424517071e+02
1.567842919796340198e+02 3.340197756882560043e+02
1.567888289559913346e+02 3.340368091245291566e+02
1.567933659323486495e+02 3.340549770907691709e+02
1.567979029087059644e+02 3.340632780638284203e+02
1.568024398850632792e+02 3.340808814016293127e+02
1.568069768614205941e+02 3.340991651754130203e+02
1.568115138377779090e+02 3.341175112775798652e+02
1.568160508141352238e+02 3.341336603609980216e+02
1.568205877904925387e+02 3.341509884046895422e+02
1.568251247668498252e+02 3.341718690389727158e+02
1.568296617432071400e+02 3.341880732766760502e+02
1.568341987195644549e+02 3.342102154751024159e+02
1.568387356959217698e+02 3.342279777746231275e+02
1.568432726722790846e+02 3.342440639011570056e+02
1.568478096486363711e+02 3.342673755362400243e+02
1.568523466249936860e+02 3.342827426336142480e+02
1.568568836013510008e+02 3.343088949330348782e+02
1.568614205777083157e+02 3.343263156598308115e+02
1.568659575540656306e+02 3.343423938726647862e+02
1.568704945304229454e+02 3.343551763022971386e+02
1.568750315067802603e+02 3.343647137036350045e+02
1.568795684831375752e+02 3.343697621418893391e+02
1.568841054594948901e+02 3.343851285526969264e+02
1.568886424358522049e+02 3.344003551349613872e+02
1.568931794122095198e+02 3.344193846066652895e+02
1.568977163885668347e+02 3.344332524312492296e+02
1.569022533649241495e+02 3.344474696754776346e+02
1.569067903412814644e+02 3.344700558242496413e+02
1.569113273176387793e+02 3.344821866177463221e+02
1.569158642939960657e+02 3.344906108829817981e+02
1.569204012703533806e+02 3.345086049430586854e+02
1.569249382467106955e+02 3.345195494075264264e+02
1.569294752230680103e+02 3.345363839454793720e+02
1.569340121994253252e+02 3.345498558750552434e+02
1.569385491757826117e+02 3.345623646106812430e+02
1.569430861521399265e+02 3.345729170102237617e+02
1.569476231284972414e+02 3.345915987316312794e+02
1.569521601048545563e+02 3.346068216503325630e+02
1.569566970812118711e+02 3.346195103357799212e+02
1.569612340575691860e+02 3.346340001816583936e+02
1.569657710339265009e+02 3.346506457026717385e+02
1.569703080102838157e+02 3.346682569236000404e+02
1.569748449866411306e+02 3.346744627324450789e+02
1.569793819629984455e+02 3.346983087009353426e+02
1.569839189393557604e+02 3.347125103001814637e+02
1.569884559157130752e+02 3.347229525085572277e+02
1.569929928920703901e+02 3.347277265418268826e+02
1.569975298684277050e+02 3.347425885836714770e+02
1.570020668447850198e+02 3.347695724626331639e+02
1.570066038211423347e+02 3.347764610897098692e+02
1.570111407974996212e+02 3.347812072918499666e+02
1.570156777738569360e+02 3.347881161754530126e+02
1.570202147502142509e+02 3.347938188348326207e+02
1.570247517265715658e+02 3.348047826747620093e+02
1.570292887029288806e+02 3.348130113147470865e+02
1.570338256792861671e+02 3.348266772986465867e+02
1.570383626556434820e+02 3.348348053503603410e+02
1.570428996320007968e+02 3.348380921943024759e+02
1.570474366083581117e+02 3.348472365475019501e+02
1.570519735847154266e+02 3.348689035310061968e+02
1.570565105610727414e+02 3.348861586231697061e+02
1.570610475374300563e+02 3.349123029356177312e+02
1.570655845137873712e+02 3.349283320981946304e+02
1.570701214901446860e+02 3.349457601055788700e+02
1.570746584665020009e+02 3.349652020948776112e+02
1.570791954428593158e+02 3.349825942989809846e+02
1.570837324192166307e+02 3.349987739842915744e+02
1.570882693955739455e+02 3.350058532100915158e+02
1.570928063719312604e+02 3.350167716272529219e+02
1.570973433482885753e+02 3.350336015877606428e+02
1.571018803246458617e+02 3.350479025376139930e+02
1.571064173010031766e+02 3.350629226373235952e+02
1.571109542773604915e+02 3.350896227044024727e+02
1.571154912537178063e+02 3.351065661169428154e+02
1.571200282300751212e+02 3.351207788487012635e+02
1.571245652064324076e+02 3.351344502769431415e+02
1.571291021827897225e+02 3.351508896481602164e+02
1.571336391591470374e+02 3.351659451052104259e+02
1.571381761355043523e+02 3.351754135663602483e+02
1.571427131118616671e+02 3.351978287629303281e+02
1.571472500882189820e+02 3.352113897242012399e+02
1.571517870645762969e+02 3.352272284186058755e+02
1.571563240409336117e+02 3.352377561595831708e+02
1.571608610172909266e+02 3.352492870704691654e+02
1.571653979936482415e+02 3.352615061500573006e+02
1.571699349700055564e+02 3.352753936439818858e+02
1.571744719463628712e+02 3.352854567370570180e+02
1.571790089227201861e+02 3.352949784295174709e+02
1.571835458990775010e+02 3.353004032604634403e+02
1.571880828754348158e+02 3.353118213567487942e+02
1.571926198517921307e+02 3.353248159920716489e+02
1.571971568281494172e+02 3.353462680081878489e+02
1.572016938045067320e+02 3.353659789543722809e+02
1.572062307808640469e+02 3.353702454591480091e+02
1.572107677572213618e+02 3.353733082048159417e+02
1.572153047335786766e+02 3.353823188316632695e+02
1.572198417099359631e+02 3.353929897939822808e+02
1.572243786862932780e+02 3.354110420809990387e+02
1.572289156626505928e+02 3.354322770910241047e+02
1.572334526390079077e+02 3.354516838280340494e+02
1.572379896153652226e+02 3.354672632100216561e+02
1.572425265917225374e+02 3.354881751832871828e+02
1.572470635680798523e+02 3.355039893323748288e+02
1.572516005444371672e+02 3.355295936776174131e+02
1.572561375207944820e+02 3.355399837478018412e+02
1.572606744971517969e+02 3.355649716624457710e+02
1.572652114735091118e+02 3.355934574369541110e+02
1.572697484498664267e+02 3.356165319232815136e+02
1.572742854262237415e+02 3.356407831649340778e+02
1.572788224025810564e+02 3.356561177935460023e+02
1.572833593789383713e+02 3.356677322458446042e+02
1.572878963552956577e+02 3.356820525753107631e+02
1.572924333316529726e+02 3.356872404503835128e+02
1.572969703080102875e+02 3.356973338598283476e+02
1.573015072843676023e+02 3.357207554559967662e+02
1.573060442607249172e+02 3.357393336074526928e+02
1.573105812370822036e+02 3.357395406744283264e+02
1.573151182134395185e+02 3.357548790607437468e+02
1.573196551897968334e+02 3.357685660228721645e+02
1.573241921661541483e+02 3.357850904925006716e+02
1.573287291425114631e+02 3.358088841752984308e+02
1.573332661188687780e+02 3.358255586070978325e+02
1.573378030952260929e+02 3.358337749000033909e+02
1.573423400715834077e+02 3.358453140795419927e+02
1.573468770479407226e+02 3.358566312173954884e+02
1.573514140242980375e+02 3.358606494123641824e+02
1.573559510006553523e+02 3.358828883905923135e+02
1.573604879770126672e+02 3.359116787790387662e+02
1.573650249533699821e+02 3.359225832837485086e+02
1.573695619297272970e+02 3.359459090624916371e+02
1.573740989060846118e+02 3.359583430250270908e+02
1.573786358824419267e+02 3.359747168436081211e+02
1.573831728587992131e+02 3.359846755980508988e+02
1.573877098351565280e+02 3.359907014766339444e+02
1.573922468115138429e+02 3.360047465380258700e+02
1.573967837878711578e+02 3.360219281362625452e+02
1.574013207642284726e+02 3.360379944873020577e+02
1.574058577405857591e+02 3.360499466442712446e+02
1.574103947169430739e+02 3.360673633547481245e+02
1.574149316933003888e+02 3.360744911430362549e+02
1.574194686696577037e+02 3.360840248858559107e+02
1.574240056460150186e+02 3.360990260396760050e+02
1.574285426223723334e+02 3.361132975367672771e+02
1.574330795987296483e+02 3.361249904847315406e+02
1.574376165750869632e+02 3.361419612941699029e+02
1.574421535514442780e+02 3.361557239453752572e+02
1.574466905278015929e+02 3.361755662290050850e+02
1.574512275041589078e+02 3.361836770792940001e+02
1.574557644805162226e+02 3.361899994632315725e+02
1.574603014568735375e+02 3.362074229389600077e+02
1.574648384332308524e+02 3.362217626658322729e+02
1.574693754095881673e+02 3.362382522378438807e+02
1.574739123859454537e+02 3.362545820589476762e+02
1.574784493623027686e+02 3.362726963022731752e+02
1.574829863386600834e+02 3.362888653447747060e+02
1.574875233150173983e+02 3.362984823017728786e+02
1.574920602913747132e+02 3.363154317949054075e+02
1.574965972677319996e+02 3.363338807367018148e+02
1.575011342440893145e+02 3.363512487197672272e+02
1.575056712204466294e+02 3.363711596386293081e+02
1.575102081968039442e+02 3.363910869235487553e+02
1.575147451731612591e+02 3.364116767580746341e+02
1.575192821495185740e+02 3.364242842873237578e+02
1.575238191258758889e+02 3.364300040694107565e+02
1.575283561022332037e+02 3.364467435239318434e+02
1.575328930785905186e+02 3.364609770900358967e+02
1.575374300549478335e+02 3.364760828192369218e+02
1.575419670313051483e+02 3.364883066194321373e+02
1.575465040076624632e+02 3.364981471178530796e+02
1.575510409840197781e+02 3.365170791311278435e+02
1.575555779603770929e+02 3.365426541432419185e+02
1.575601149367344078e+02 3.365567667682363435e+02
1.575646519130916943e+02 3.365765998878375171e+02
1.575691888894490091e+02 3.365893852982634371e+02
1.575737258658063240e+02 3.366077604395071035e+02
1.575782628421636389e+02 3.366137958214315518e+02
1.575827998185209537e+02 3.366270103568451759e+02
1.575873367948782686e+02 3.366445070923735443e+02
1.575918737712355551e+02 3.366649495285328726e+02
1.575964107475928699e+02 3.366868090864732039e+02
1.576009477239501848e+02 3.367075644542204031e+02
1.576054847003074997e+02 3.367156849319573553e+02
1.576100216766648145e+02 3.367334590922138773e+02
1.576145586530221294e+02 3.367511232350975092e+02
1.576190956293794443e+02 3.367696613662560026e+02
1.576236326057367592e+02 3.367938968303506044e+02
1.576281695820940740e+02 3.368027771150558465e+02
1.576327065584513889e+02 3.368231921660764101e+02
1.576372435348087038e+02 3.368355984546841455e+02
1.576417805111660186e+02 3.368436254243197254e+02
1.576463174875233335e+02 3.368614996541134587e+02
1.576508544638806484e+02 3.368781504282832202e+02
1.576553914402379633e+02 3.368928732505087282e+02
1.576599284165952497e+02 3.369120392654603506e+02
1.576644653929525646e+02 3.369245720887184916e+02
1.576690023693098794e+02 3.369402830110235527e+02
1.576735393456671943e+02 3.369496849871381414e+02
1.576780763220245092e+02 3.369591582435055557e+02
1.576826132983817956e+02 3.369820073560586593e+02
1.576871502747391105e+02 3.370031502967089523e+02
1.576916872510964254e+02 3.370177504811574636e+02
1.576962242274537402e+02 3.370290649693138789e+02
1.577007612038110551e+02 3.370472650977722537e+02
1.577052981801683700e+02 3.370579548900115583e+02
1.577098351565256849e+02 3.370667209078997075e+02
1.577143721328829997e+02 3.370749433135179061e+02
1.577189091092403146e+02 3.370918279515276481e+02
1.577234460855976295e+02 3.371023064527774977e+02
1.577279830619549443e+02 3.371141696947618129e+02
1.577325200383122592e+02 3.371285233118475730e+02
1.577370570146695741e+02 3.371509381957432652e+02
1.577415939910268889e+02 3.371605902133054542e+02
1.577461309673842038e+02 3.371703803421958696e+02
1.577506679437414903e+02 3.371773143836279587e+02
1.577552049200988051e+02 3.371921700843270742e+02
1.577597418964561200e+02 3.371995651425248752e+02
1.577642788728134349e+02 3.372164599776695013e+02
1.577688158491707497e+02 3.372346018664697453e+02
1.577733528255280646e+02 3.372463644965735625e+02
1.577778898018853511e+02 3.372689990828220630e+02
1.577824267782426659e+02 3.372864092480465956e+02
1.577869637545999808e+02 3.372976097113979108e+02
1.577915007309572957e+02 3.373144769178231286e+02
1.577960377073146105e+02 3.373377401823839818e+02
1.578005746836719254e+02 3.373591971029156298e+02
1.578051116600292403e+02 3.373738473462618117e+02
1.578096486363865552e+02 3.373863814183768000e+02
1.578141856127438700e+02 3.374003314571559144e+02
1.578187225891011849e+02 3.374222730633879337e+02
1.578232595654584998e+02 3.374428157900929364e+02
1.578277965418158146e+02 3.374622799437381673e+02
1.578323335181731295e+02 3.374825158241224585e+02
1.578368704945304444e+02 3.374956132571226135e+02
1.578414074708877592e+02 3.375069077901127912e+02
1.578459444472450457e+02 3.375283433312065995e+02
1.578504814236023606e+02 3.375537961104463420e+02
1.578550183999596754e+02 3.375738823551296832e+02
1.578595553763169903e+02 3.376049782873590175e+02
1.578640923526743052e+02 3.376199289735730531e+02
1.578686293290315916e+02 3.376274104152274163e+02
1.578731663053889065e+02 3.376453496996187482e+02
1.578777032817462214e+02 3.376592474365662611e+02
1.578822402581035362e+02 3.376819794616866375e+02
1.578867772344608511e+02 3.377094964674770381e+02
1.578913142108181660e+02 3.377294656798530923e+02
1.578958511871754808e+02 3.377378216198268888e+02
1.579003881635327957e+02 3.377543131668452929e+02
1.579049251398901106e+02 3.377670678769069923e+02
1.579094621162474255e+02 3.377778799693605833e+02
1.579139990926047403e+02 3.377905905866674630e+02
1.579185360689620552e+02 3.378152921971446290e+02
1.579230730453193701e+02 3.378282206068018354e+02
1.579276100216766849e+02 3.378478675744066777e+02
1.579321469980339998e+02 3.378758474231452738e+02
1.579366839743912863e+02 3.378871510670772977e+02
1.579412209507486011e+02 3.379047997713151403e+02
1.579457579271059160e+02 3.379204732711507972e+02
1.579502949034632309e+02 3.379375905057988803e+02
1.579548318798205457e+02 3.379674287630044773e+02
1.579593688561778322e+02 3.379874891262178949e+02
1.579639058325351471e+02 3.380028392102000225e+02
1.579684428088924619e+02 3.380180118069996524e+02
1.579729797852497768e+02 3.380292342638953187e+02
1.579775167616070917e+02 3.380431522328387359e+02
1.579820537379644065e+02 3.380653861305355008e+02
1.579865907143217214e+02 3.380808134351404419e+02
1.579911276906790363e+02 3.380995751044699205e+02
1.579956646670363511e+02 3.381138727689146322e+02
1.580002016433936660e+02 3.381289221843400696e+02
1.580047386197509809e+02 3.381420566902359610e+02
1.580092755961082958e+02 3.381570280316806816e+02
1.580138125724656106e+02 3.381847658664518121e+02
1.580183495488229255e+02 3.382055139950807074e+02
1.580228865251802404e+02 3.382184960405427319e+02
1.580274235015375552e+02 3.382361413751177110e+02
1.580319604778948417e+02 3.382496632741764415e+02
1.580364974542521566e+02 3.382636196349032502e+02
1.580410344306094714e+02 3.382790109342484470e+02
1.580455714069667863e+02 3.382910496007810934e+02
1.580501083833241012e+02 3.383060692619158658e+02
1.580546453596813876e+02 3.383232733315331302e+02
1.580591823360387025e+02 3.383472141502724071e+02
1.580637193123960174e+02 3.383646463001579718e+02
1.580682562887533322e+02 3.383829003875686112e+02
1.580727932651106471e+02 3.384014273460314826e+02
1.580773302414679620e+02 3.384076355732519801e+02
1.580818672178252768e+02 3.384363624660177265e+02
1.580864041941825917e+02 3.384578678369521185e+02
1.580909411705399066e+02 3.384797957782340632e+02
1.580954781468972214e+02 3.384989458175337518e+02
1.581000151232545363e+02 3.385090157156237751e+02
1.581045520996118512e+02 3.385235166302749690e+02
1.581090890759691661e+02 3.385495033208454174e+02
1.581136260523264809e+02 3.385583269539982894e+02
1.581181630286837958e+02 3.385801989491723702e+02
1.581227000050410822e+02 3.385969633754879169e+02
1.581272369813983971e+02 3.386248539362011343e+02
1.581317739577557120e+02 3.386362478176114905e+02
1.581363109341130269e+02 3.386541710096776114e+02
1.581408479104703417e+02 3.386679986130739053e+02
1.581453848868276282e+02 3.386805894778483434e+02
1.581499218631849430e+02 3.386934236914152052e+02
1.581544588395422579e+02 3.387122703172503861e+02
1.581589958158995728e+02 3.387240720506918592e+02
1.581635327922568877e+02 3.387350957628751758e+02
1.581680697686142025e+02 3.387445942369313343e+02
1.581726067449715174e+02 3.387523850093936630e+02
1.581771437213288323e+02 3.387644911326753459e+02
1.581816806976861471e+02 3.387801244321373701e+02
1.581862176740434620e+02 3.388014347711666687e+02
1.581907546504007769e+02 3.388117614182370971e+02
1.581952916267580918e+02 3.388174739351848075e+02
1.581998286031154066e+02 3.388218723832912929e+02
1.582043655794727215e+02 3.388338817134001033e+02
1.582089025558300364e+02 3.388535726048740457e+02
1.582134395321873512e+02 3.388762588468580361e+02
1.582179765085446377e+02 3.388994340932354703e+02
1.582225134849019526e+02 3.389120225029603262e+02
1.582270504612592674e+02 3.389348253691169930e+02
1.582315874376165823e+02 3.389545262807512245e+02
1.582361244139738972e+02 3.389695416774283103e+02
1.582406613903311836e+02 3.389973195475967600e+02
1.582451983666884985e+02 3.390204845712701172e+02
1.582497353430458134e+02 3.390430151989099272e+02
1.582542723194031282e+02 3.390636283687562695e+02
1.582588092957604431e+02 3.390730242261329295e+02
1.582633462721177580e+02 3.390945001974999400e+02
1.582678832484750728e+02 3.391080657970405809e+02
1.582724202248323877e+02 3.391210390349276622e+02
1.582769572011897026e+02 3.391412233022525129e+02
1.582814941775470174e+02 3.391580811773866344e+02
1.582860311539043323e+02 3.391847035330966946e+02
1.582905681302616472e+02 3.391968007069210671e+02
1.582951051066189621e+02 3.392087735737320600e+02
1.582996420829762769e+02 3.392241105977703342e+02
1.583041790593335918e+02 3.392308029571084376e+02
1.583087160356908782e+02 3.392506709815949648e+02
1.583132530120481931e+02 3.392685629478557416e+02
1.583177899884055080e+02 3.392877743664294030e+02
1.583223269647628229e+02 3.393032708886246382e+02
1.583268639411201377e+02 3.393180410473426036e+02
1.583314009174774242e+02 3.393424735594608705e+02
1.583359378938347390e+02 3.393701338294392826e+02
1.583404748701920539e+02 3.393842517369409961e+02
1.583450118465493688e+02 3.394059017048836608e+02
1.583495488229066837e+02 3.394207724977332532e+02
1.583540857992639985e+02 3.394298281435117701e+02
1.583586227756213134e+02 3.394552318178718338e+02
1.583631597519786283e+02 3.394650163564572267e+02
1.583676967283359431e+02 3.394823697724555700e+02
1.583722337046932580e+02 3.395046915881147243e+02
1.583767706810505729e+02 3.395087595900010342e+02
1.583813076574078877e+02 3.395254243608271736e+02
1.583858446337652026e+02 3.395464675113591966e+02
1.583903816101225175e+02 3.395621059332984260e+02
1.583949185864798324e+02 3.395851935659416085e+02
1.583994555628371472e+02 3.396077908437608812e+02
1.584039925391944337e+02 3.396227061845929143e+02
1.584085295155517485e+02 3.396431453596997017e+02
1.584130664919090634e+02 3.396735050173176091e+02
1.584176034682663783e+02 3.397094959409891999e+02
1.584221404446236932e+02 3.397389543653375767e+02
1.584266774209809796e+02 3.397587041466734377e+02
1.584312143973382945e+02 3.397786368993461679e+02
1.584357513736956093e+02 3.397936872091432292e+02
1.584402883500529242e+02 3.398132784946621427e+02
1.584448253264102391e+02 3.398270068286078072e+02
1.584493623027675540e+02 3.398494025150231437e+02
1.584538992791248688e+02 3.398710237303805570e+02
1.584584362554821837e+02 3.398746358116907800e+02
1.584629732318394986e+02 3.398862969958802864e+02
1.584675102081968134e+02 3.399018137077018196e+02
1.584720471845541283e+02 3.399235088639711648e+02
1.584765841609114432e+02 3.399396175558285336e+02
1.584811211372687580e+02 3.399490522092113451e+02
1.584856581136260729e+02 3.399552756060265892e+02
1.584901950899833878e+02 3.399748570788602819e+02
1.584947320663406742e+02 3.399886315575835170e+02
1.584992690426979891e+02 3.399942428372823429e+02
1.585038060190553040e+02 3.400212182021220997e+02
1.585083429954126188e+02 3.400438269159876654e+02
1.585128799717699337e+02 3.400640723096271927e+02
1.585174169481272202e+02 3.400757781850251149e+02
1.585219539244845350e+02 3.400861443234107355e+02
1.585264909008418499e+02 3.401002410495246409e+02
1.585310278771991648e+02 3.401150208409495121e+02
1.585355648535564796e+02 3.401239734524194773e+02
1.585401018299137945e+02 3.401376095378767559e+02
1.585446388062711094e+02 3.401589308972745584e+02
1.585491757826284243e+02 3.401663288875314493e+02
1.585537127589857391e+02 3.401695261391699887e+02
1.585582497353430540e+02 3.401867945143939664e+02
1.585627867117003689e+02 3.402086767579922366e+02
1.585673236880576837e+02 3.402232330110287535e+02
1.585718606644149986e+02 3.402496756746426740e+02
1.585763976407723135e+02 3.402787139202548019e+02
1.585809346171296284e+02 3.403049789371224847e+02
1.585854715934869432e+02 3.403255028489016922e+02
1.585900085698442297e+02 3.403446283215395169e+02
1.585945455462015445e+02 3.403718276566264649e+02
1.585990825225588594e+02 3.403990835862398967e+02
1.586036194989161743e+02 3.404198807924620382e+02
1.586081564752734891e+02 3.404420987221857331e+02
1.586126934516307756e+02 3.404575572476413186e+02
1.586172304279880905e+02 3.404740006954166347e+02
1.586217674043454053e+02 3.404922701176277542e+02
1.586263043807027202e+02 3.405023856245579168e+02
1.586308413570600351e+02 3.405204559596878084e+02
1.586353783334173499e+02 3.405407222148144228e+02
1.586399153097746648e+02 3.405644782170185181e+02
1.586444522861319797e+02 3.405856062914102154e+02
1.586489892624892946e+02 3.406028479052088755e+02
1.586535262388466094e+02 3.406248876221746400e+02
1.586580632152039243e+02 3.406466143311145629e+02
1.586626001915612392e+02 3.406602501373640735e+02
1.586671371679185540e+02 3.406852998158200307e+02
1.586716741442758689e+02 3.407046450990617359e+02
1.586762111206331838e+02 3.407245836847777127e+02
1.586807480969904702e+02 3.407440303763485758e+02
1.586852850733477851e+02 3.407519226214195101e+02
1.586898220497051000e+02 3.407623197431383346e+02
1.586943590260624148e+02 3.407744028214270884e+02
1.586988960024197297e+02 3.407943793808289570e+02
1.587034329787770162e+02 3.408084168007638937e+02
1.587079699551343310e+02 3.408202945812388407e+02
1.587125069314916459e+02 3.408327366900447259e+02
1.587170439078489608e+02 3.408446755417927534e+02
1.587215808842062756e+02 3.408615302840817662e+02
1.587261178605635905e+02 3.408722276008696213e+02
1.587306548369209054e+02 3.408966775260126383e+02
1.587351918132782203e+02 3.409178596619796053e+02
1.587397287896355351e+02 3.409319824763070983e+02
1.587442657659928500e+02 3.409596513706197811e+02
1.587488027423501649e+02 3.409820845467319259e+02
1.587533397187074797e+02 3.409994762425041586e+02
1.587578766950647946e+02 3.410179817496721171e+02
1.587624136714221095e+02 3.410443173352508097e+02
1.587669506477794243e+02 3.410552007905509981e+02
1.587714876241367392e+02 3.410762670144787307e+02
1.587760246004940257e+02 3.411054452868237377e+02
1.587805615768513405e+02 3.411241824329143810e+02
1.587850985532086554e+02 3.411457789585552973e+02
1.587896355295659703e+02 3.411621120572948485e+02
1.587941725059232851e+02 3.411837049906083621e+02
1.587987094822805716e+02 3.412103362736936560e+02
1.588032464586378865e+02 3.412296141435901973e+02
1.588077834349952013e+02 3.412428275130109228e+02
1.588123204113525162e+02 3.412636937827282964e+02
1.588168573877098311e+02 3.412783122176439861e+02
1.588213943640671459e+02 3.412926347127171880e+02
1.588259313404244608e+02 3.413101722570696666e+02
1.588304683167817757e+02 3.413247171736730365e+02
1.588350052931390906e+02 3.413418838534787483e+02
1.588395422694964054e+02 3.413564467446050799e+02
1.588440792458537203e+02 3.413714690877505404e+02
1.588486162222110352e+02 3.413914642963555366e+02
1.588531531985683500e+02 3.414118757793580698e+02
1.588576901749256649e+02 3.414291381024361272e+02
1.588622271512829798e+02 3.414481146832860645e+02
1.588667641276402662e+02 3.414652161720010781e+02
1.588713011039975811e+02 3.414885858904785323e+02
1.588758380803548960e+02 3.415110003149621321e+02
1.588803750567122108e+02 3.415346483635661343e+02
1.588849120330695257e+02 3.415482864394511466e+02
1.588894490094268122e+02 3.415705173822860274e+02
1.588939859857841270e+02 3.415978691684634327e+02
1.588985229621414419e+02 3.416188829861726504e+02
1.589030599384987568e+02 3.416375244340979407e+02
1.589075969148560716e+02 3.416614504622677373e+02
1.589121338912133865e+02 3.416806121664109241e+02
1.589166708675707014e+02 3.417013261320464039e+02
1.589212078439280162e+02 3.417279023659169752e+02
1.589257448202853311e+02 3.417504709127034062e+02
1.589302817966426460e+02 3.417731611010428310e+02
1.589348187729999609e+02 3.417859397882396024e+02
1.589393557493572757e+02 3.418057939446098317e+02
1.589438927257145906e+02 3.418229810452170909e+02
1.589484297020719055e+02 3.418468737622742424e+02
1.589529666784292203e+02 3.418689345415924095e+02
1.589575036547865352e+02 3.418834431682974468e+02
1.589620406311438217e+02 3.419032369014341839e+02
1.589665776075011365e+02 3.419354817475480672e+02
1.589711145838584514e+02 3.419481849265046094e+02
1.589756515602157663e+02 3.419654432037448260e+02
1.589801885365730811e+02 3.419930938102777418e+02
1.589847255129303676e+02 3.420092999618486260e+02
1.589892624892876825e+02 3.420361892301890521e+02
1.589937994656449973e+02 3.420661523615373767e+02
1.589983364420023122e+02 3.420970946777508743e+02
1.590028734183596271e+02 3.421188960366322931e+02
1.590074103947169419e+02 3.421413197695688950e+02
1.590119473710742568e+02 3.421598182134995341e+02
1.590164843474315717e+02 3.421756020103126730e+02
1.590210213237888865e+02 3.421874917034566579e+02
1.590255583001462014e+02 3.422059808290245542e+02
1.590300952765035163e+02 3.422264507547560015e+02
1.590346322528608312e+02 3.422464473688440307e+02
1.590391692292181460e+02 3.422617276420156145e+02
1.590437062055754609e+02 3.422795043678981983e+02
1.590482431819327758e+02 3.423012940094700411e+02
1.590527801582900622e+02 3.423176600754681544e+02
1.590573171346473771e+02 3.423310497666985839e+02
1.590618541110046920e+02 3.423483166016632140e+02
1.590663910873620068e+02 3.423649855682414227e+02
1.590709280637193217e+02 3.423901115114058484e+02
1.590754650400766081e+02 3.424086561708548970e+02
1.590800020164339230e+02 3.424242195437173564e+02
1.590845389927912379e+02 3.424432538440545386e+02
1.590890759691485528e+02 3.424588323091114148e+02
1.590936129455058676e+02 3.424808644990761763e+02
1.590981499218631825e+02 3.425079581057971154e+02
1.591026868982204974e+02 3.425399646172779740e+02
1.591072238745778122e+02 3.425616617773649182e+02
1.591117608509351271e+02 3.425765546654776017e+02
1.591162978272924420e+02 3.425976039818048662e+02
1.591208348036497569e+02 3.426191668830778099e+02
1.591253717800070717e+02 3.426422721095626684e+02
1.591299087563643866e+02 3.426632994570548476e+02
1.591344457327217015e+02 3.426860762868611801e+02
1.591389827090790163e+02 3.426994775948218717e+02
1.591435196854363312e+02 3.427205074281859538e+02
1.591480566617936176e+02 3.427417679020661581e+02
1.591525936381509325e+02 3.427650088318329153e+02
1.591571306145082474e+02 3.427907312609835913e+02
1.591616675908655623e+02 3.428076415462473392e+02
1.591662045672228771e+02 3.428260016066696494e+02
1.591707415435801636e+02 3.428510884265609775e+02
1.591752785199374784e+02 3.428687505229966632e+02
1.591798154962947933e+02 3.428905406441879222e+02
1.591843524726521082e+02 3.429171372742463291e+02
1.591888894490094231e+02 3.429315111595279291e+02
1.591934264253667379e+02 3.429469204187349192e+02
1.591979634017240528e+02 3.429695134893032105e+02
1.592025003780813677e+02 3.429840746220266396e+02
1.592070373544386825e+02 3.430102650526621915e+02
1.592115743307959974e+02 3.430336919525595363e+02
1.592161113071533123e+02 3.430463512129583705e+02
1.592206482835106272e+02 3.430629818086118235e+02
1.592251852598679420e+02 3.430701506478545753e+02
1.592297222362252569e+02 3.430796122172264404e+02
1.592342592125825718e+02 3.430981643871388655e+02
1.592387961889398582e+02 3.431155647521746346e+02
1.592433331652971731e+02 3.431334957338065692e+02
1.592478701416544880e+02 3.431578076470461269e+02
1.592524071180118028e+02 3.431749053566209113e+02
1.592569440943691177e+02 3.431943187041923125e+02
1.592614810707264041e+02 3.432154445047549416e+02
1.592660180470837190e+02 3.432344937508098042e+02
1.592705550234410339e+02 3.432495823483225195e+02
1.592750919997983488e+02 3.432662905237751261e+02
1.592796289761556636e+02 3.432841121406599996e+02
1.592841659525129785e+02 3.433091349006118094e+02
1.592887029288702934e+02 3.433368634047704973e+02
1.592932399052276082e+02 3.433598181129873410e+02
1.592977768815849231e+02 3.433776190022343258e+02
1.593023138579422380e+02 3.434001606990960909e+02
1.593068508342995528e+02 3.434192234802000598e+02
1.593113878106568677e+02 3.434447212052382383e+02
1.593159247870141826e+02 3.434540295787180071e+02
1.593204617633714975e+02 3.434750866882017704e+02
1.593249987397288123e+02 3.435043454804978182e+02
1.593295357160860988e+02 3.435213780439841571e+02
1.593340726924434136e+02 3.435488530359867241e+02
1.593386096688007285e+02 3.435780746248448736e+02
1.593431466451580434e+02 3.435992239061211535e+02
1.593476836215153583e+02 3.436317188866254924e+02
1.593522205978726731e+02 3.436526857713998879e+02
1.593567575742299596e+02 3.436843572530221991e+02
1.593612945505872744e+02 3.437166293775300119e+02
1.593658315269445893e+02 3.437464502483626916e+02
1.593703685033019042e+02 3.437733525067442883e+02
1.593749054796592191e+02 3.437965627393245427e+02
1.593794424560165339e+02 3.438296698086757033e+02
1.593839794323738488e+02 3.438563891915110844e+02
1.593885164087311637e+02 3.438786925754974959e+02
1.593930533850884785e+02 3.439105951740243654e+02
1.593975903614457934e+02 3.439251716608725928e+02
1.594021273378031083e+02 3.439433805109609352e+02
1.594066643141604231e+02 3.439598698128141905e+02
1.594112012905177380e+02 3.439768900976451391e+02
1.594157382668750529e+02 3.440087960109487426e+02
1.594202752432323678e+02 3.440361835915005599e+02
1.594248122195896542e+02 3.440605955368564537e+02
1.594293491959469691e+02 3.440897153448257200e+02
1.594338861723042839e+02 3.441053577934238774e+02
1.594384231486615988e+02 3.441311165718539655e+02
1.594429601250189137e+02 3.441580100330539267e+02
1.594474971013762001e+02 3.441761174578087434e+02
1.594520340777335150e+02 3.442053354199071009e+02
1.594565710540908299e+02 3.442251872432687492e+02
1.594611080304481447e+02 3.442415150043676135e+02
1.594656450068054596e+02 3.442698221285298246e+02
1.594701819831627745e+02 3.442888969571944244e+02
1.594747189595200894e+02 3.443243721390323344e+02
1.594792559358774042e+02 3.443444051274423146e+02
1.594837929122347191e+02 3.443668360303716440e+02
1.594883298885920340e+02 3.443913624051560873e+02
1.594928668649493488e+02 3.444146288137864076e+02
1.594974038413066637e+02 3.444379633122188693e+02
1.595019408176639786e+02 3.444542089107944776e+02
1.595064777940212934e+02 3.444654002147520373e+02
1.595110147703786083e+02 3.444881410109783246e+02
1.595155517467358948e+02 3.445109757106517350e+02
1.595200887230932096e+02 3.445426871562099791e+02
1.595246256994505245e+02 3.445693610734098797e+02
1.595291626758078394e+02 3.445820697315333518e+02
1.595336996521651542e+02 3.446046015042273893e+02
1.595382366285224691e+02 3.446299652852875397e+02
1.595427736048797556e+02 3.446511499152797455e+02
1.595473105812370704e+02 3.446765220546329260e+02
1.595518475575943853e+02 3.446947184381298257e+02
1.595563845339517002e+02 3.447215162830596569e+02
1.595609215103090150e+02 3.447364624239442037e+02
1.595654584866663299e+02 3.447503698291504861e+02
1.595699954630236448e+02 3.447726381013503101e+02
1.595745324393809597e+02 3.447951424701536212e+02
1.595790694157382745e+02 3.448115343840585183e+02
1.595836063920955894e+02 3.448274576874624131e+02
1.595881433684529043e+02 3.448384044765765566e+02
1.595926803448102191e+02 3.448526066468223235e+02
1.595972173211675340e+02 3.448757068230029859e+02
1.596017542975248489e+02 3.449000664322771286e+02
1.596062912738821638e+02 3.449151721657803478e+02
1.596108282502394502e+02 3.449260072215564605e+02
1.596153652265967651e+02 3.449447870684525128e+02
1.596199022029540799e+02 3.449631831168132408e+02
1.596244391793113948e+02 3.449852274081035830e+02
1.596289761556687097e+02 3.449995374167466480e+02
1.596335131320259961e+02 3.450131732113007956e+02
1.596380501083833110e+02 3.450178679049888046e+02
1.596425870847406259e+02 3.450333022257397602e+02
1.596471240610979407e+02 3.450470288113535844e+02
1.596516610374552556e+02 3.450645296095822232e+02
1.596561980138125705e+02 3.450869414225284686e+02
1.596607349901698854e+02 3.451096593815509550e+02
1.596652719665272002e+02 3.451259186451957248e+02
1.596698089428845151e+02 3.451428364310502843e+02
1.596743459192418300e+02 3.451578623524865748e+02
1.596788828955991448e+02 3.451766635682590163e+02
1.596834198719564597e+02 3.451966644698179607e+02
1.596879568483137746e+02 3.452175994311452314e+02
1.596924938246710894e+02 3.452301200260764062e+02
1.596970308010284043e+02 3.452401237622223107e+02
1.597015677773856908e+02 3.452556934992484798e+02
1.597061047537430056e+02 3.452660616510545992e+02
1.597106417301003205e+02 3.452830931420105003e+02
1.597151787064576354e+02 3.453017392082441006e+02
1.597197156828149502e+02 3.453134220271411436e+02
1.597242526591722367e+02 3.453276029481968408e+02
1.597287896355295516e+02 3.453387539376785185e+02
1.597333266118868664e+02 3.453473921279448291e+02
1.597378635882441813e+02 3.453623088183800292e+02
1.597424005646014962e+02 3.453770359848072644e+02
1.597469375409588110e+02 3.453984087372116960e+02
1.597514745173161259e+02 3.454211083020738897e+02
1.597560114936734408e+02 3.454294805269869926e+02
1.597605484700307557e+02 3.454409402403132390e+02
1.597650854463880705e+02 3.454634517274678842e+02
1.597696224227453854e+02 3.454752843819986197e+02
1.597741593991027003e+02 3.454952547473452569e+02
1.597786963754600151e+02 3.455168519711069166e+02
1.597832333518173300e+02 3.455409632222092000e+02
1.597877703281746449e+02 3.455759376893399804e+02
1.597923073045319597e+02 3.455968921458666614e+02
1.597968442808892462e+02 3.456173977583044348e+02
1.598013812572465611e+02 3.456323166454266129e+02
1.598059182336038759e+02 3.456490463079774713e+02
1.598104552099611908e+02 3.456750520363372630e+02
1.598149921863185057e+02 3.457000591917094994e+02
1.598195291626757921e+02 3.457235586060351125e+02
1.598240661390331070e+02 3.457419675368510639e+02
1.598286031153904219e+02 3.457533887812572289e+02
1.598331400917477367e+02 3.457725712586784539e+02
1.598376770681050516e+02 3.457899329971476163e+02
1.598422140444623665e+02 3.458114309175953167e+02
1.598467510208196813e+02 3.458306642398802069e+02
1.598512879971769962e+02 3.458504916996647012e+02
1.598558249735343111e+02 3.458656474639226417e+02
1.598603619498916260e+02 3.458857113328689934e+02
1.598648989262489408e+02 3.459091811774666212e+02
1.598694359026062557e+02 3.459262630409971280e+02
1.598739728789635706e+02 3.459397005472691262e+02
1.598785098553208854e+02 3.459531410891125915e+02
1.598830468316782003e+02 3.459749466974992060e+02
1.598875838080354868e+02 3.459925315683036047e+02
1.598921207843928016e+02 3.460123477079726513e+02
1.598966577607501165e+02 3.460298192893099554e+02
1.599011947371074314e+02 3.460504565887128479e+02
1.599057317134647462e+02 3.460612728394951318e+02
1.599102686898220327e+02 3.460767638111720430e+02
1.599148056661793476e+02 3.460836985200054983e+02
1.599193426425366624e+02 3.461033572349683709e+02
1.599238796188939773e+02 3.461274993177170813e+02
1.599284165952512922e+02 3.461423605303121462e+02
1.599329535716086070e+02 3.461574207329394426e+02
1.599374905479659219e+02 3.461659932075922370e+02
1.599420275243232368e+02 3.461767492953280794e+02
1.599465645006805516e+02 3.461924915500536599e+02
1.599511014770378665e+02 3.462151207097048768e+02
1.599556384533951814e+02 3.462366303817690891e+02
1.599601754297524963e+02 3.462618562019587785e+02
1.599647124061098111e+02 3.462828951154385777e+02
1.599692493824671260e+02 3.463000746066904867e+02
1.599737863588244409e+02 3.463177143138069596e+02
1.599783233351817557e+02 3.463438908913494174e+02
1.599828603115390422e+02 3.463650794525312335e+02
1.599873972878963571e+02 3.463828229351642563e+02
1.599919342642536719e+02 3.464050209584913205e+02
1.599964712406109868e+02 3.464182292952954185e+02
1.600010082169683017e+02 3.464414180274357591e+02
1.600055451933255881e+02 3.464575782362933296e+02
1.600100821696829030e+02 3.464721450438908050e+02
1.600146191460402179e+02 3.464933642810862011e+02
1.600191561223975327e+02 3.465060136902936847e+02
1.600236930987548476e+02 3.465248481347299503e+02
1.600282300751121625e+02 3.465460698249048050e+02
1.600327670514694773e+02 3.465676893831738425e+02
1.600373040278267922e+02 3.465831541840739760e+02
1.600418410041841071e+02 3.465969288210942523e+02
1.600463779805414219e+02 3.465992486758702285e+02
1.600509149568987368e+02 3.466181352285216803e+02
1.600554519332560517e+02 3.466339580482591032e+02
1.600599889096133666e+02 3.466418229029247868e+02
1.600645258859706814e+02 3.466679680512935988e+02
1.600690628623279963e+02 3.466766335960053880e+02
1.600735998386852827e+02 3.466976438812547485e+02
1.600781368150425976e+02 3.467098310026545960e+02
1.600826737913999125e+02 3.467274897218897536e+02
1.600872107677572274e+02 3.467520791973059886e+02
1.600917477441145422e+02 3.467712534367463491e+02
1.600962847204718287e+02 3.467923303763568583e+02
1.601008216968291435e+02 3.468116381410645204e+02
1.601053586731864584e+02 3.468310427583103888e+02
1.601098956495437733e+02 3.468491500761627435e+02
1.601144326259010882e+02 3.468723380344333691e+02
1.601189696022584030e+02 3.468959521966621651e+02
1.601235065786157179e+02 3.469172570754425351e+02
1.601280435549730328e+02 3.469343765972740812e+02
1.601325805313303476e+02 3.469493066946754993e+02
1.601371175076876625e+02 3.469642029564893733e+02
1.601416544840449774e+02 3.469794332814506106e+02
1.601461914604022923e+02 3.469987559161986610e+02
1.601507284367596071e+02 3.470130870879254417e+02
1.601552654131169220e+02 3.470345792060693952e+02
1.601598023894742369e+02 3.470435071975092569e+02
1.601643393658315517e+02 3.470572416622387095e+02
1.601688763421888382e+02 3.470685709847110729e+02
1.601734133185461531e+02 3.470722998128640597e+02
1.601779502949034679e+02 3.470863859601154218e+02
1.601824872712607828e+02 3.470965668033131237e+02
1.601870242476180977e+02 3.471138498764349265e+02
1.601915612239753841e+02 3.471329748474832968e+02
1.601960982003326990e+02 3.471453452241779019e+02
1.602006351766900139e+02 3.471638357013893597e+02
1.602051721530473287e+02 3.471813984396954424e+02
1.602097091294046436e+02 3.472014034445226116e+02
1.602142461057619585e+02 3.472185119796363892e+02
1.602187830821192733e+02 3.472325779346256240e+02
1.602233200584765882e+02 3.472531808186463991e+02
1.602278570348339031e+02 3.472770071136823731e+02
1.602323940111912179e+02 3.472990041207140166e+02
1.602369309875485328e+02 3.473230297040878440e+02
1.602414679639058477e+02 3.473400544189545371e+02
1.602460049402631626e+02 3.473555105688270146e+02
1.602505419166204774e+02 3.473760944646485314e+02
1.602550788929777923e+02 3.473896985391544945e+02
1.602596158693350787e+02 3.474023196640297897e+02
1.602641528456923936e+02 3.474186301360099378e+02
1.602686898220497085e+02 3.474347673218826458e+02
1.602732267984070234e+02 3.474477558471614316e+02
1.602777637747643382e+02 3.474567939918857178e+02
1.602823007511216247e+02 3.474702636961105782e+02
1.602868377274789395e+02 3.474884269883272623e+02
1.602913747038362544e+02 3.475074998680377121e+02
1.602959116801935693e+02 3.475232554492416170e+02
1.603004486565508842e+02 3.475404213846596235e+02
1.603049856329081990e+02 3.475584170408519071e+02
1.603095226092655139e+02 3.475783375690141952e+02
1.603140595856228288e+02 3.476011634238793704e+02
1.603185965619801436e+02 3.476203472350846368e+02
1.603231335383374585e+02 3.476437394481728234e+02
1.603276705146947734e+02 3.476608291735652188e+02
1.603322074910520882e+02 3.476825850540413398e+02
1.603367444674094031e+02 3.476960034202049883e+02
1.603412814437667180e+02 3.477125531054344378e+02
1.603458184201240329e+02 3.477325553389684956e+02
1.603503553964813477e+02 3.477488905469129463e+02
1.603548923728386342e+02 3.477609527196005388e+02
1.603594293491959490e+02 3.477761363217667849e+02
1.603639663255532639e+02 3.477886863809959550e+02
1.603685033019105788e+02 3.477994677794013683e+02
1.603730402782678937e+02 3.478180673403325045e+02
1.603775772546251801e+02 3.478423053094958277e+02
1.603821142309824950e+02 3.478680640206387693e+02
1.603866512073398098e+02 3.478917021851656273e+02
1.603911881836971247e+02 3.479149009722263486e+02
1.603957251600544396e+02 3.479328757479821661e+02
1.604002621364117545e+02 3.479513891089190452e+02
1.604047991127690693e+02 3.479755243606493309e+02
1.604093360891263842e+02 3.479980564172093978e+02
1.604138730654836991e+02 3.480197131740187046e+02
1.604184100418410139e+02 3.480327009679426169e+02
1.604229470181983288e+02 3.480494491095157628e+02
1.604274839945556437e+02 3.480699798571873771e+02
1.604320209709129585e+02 3.480738919099673012e+02
1.604365579472702734e+02 3.480813953670891010e+02
1.604410949236275883e+02 3.480923348235718322e+02
1.604456318999848747e+02 3.481102404884244947e+02
1.604501688763421896e+02 3.481354208708337978e+02
1.604547058526995045e+02 3.481491931383422980e+02
1.604592428290568193e+02 3.481562377184202433e+02
1.604637798054141342e+02 3.481797977124057297e+02
1.604683167817714207e+02 3.481980798045763663e+02
1.604728537581287355e+02 3.482069411676008031e+02
1.604773907344860504e+02 3.482303605221852649e+02
1.604819277108433653e+02 3.482452191614878529e+02
1.604864646872006801e+02 3.482634329111335205e+02
1.604910016635579950e+02 3.482717858364075596e+02
1.604955386399153099e+02 3.482757373815204573e+02
1.605000756162726248e+02 3.482941478500442827e+02
1.605046125926299396e+02 3.483080445102123690e+02
1.605091495689872545e+02 3.483193796645695102e+02
1.605136865453445694e+02 3.483369124218191359e+02
1.605182235217018842e+02 3.483453853800470483e+02
1.605227604980591991e+02 3.483572731844880650e+02
1.605272974744165140e+02 3.483788789012314737e+02
1.605318344507738288e+02 3.483979929762704728e+02
1.605363714271311437e+02 3.484167929213390948e+02
1.605409084034884302e+02 3.484297215531180427e+02
1.605454453798457450e+02 3.484427570692279232e+02
1.605499823562030599e+02 3.484641439272157868e+02
1.605545193325603748e+02 3.484751305161852315e+02
1.605590563089176896e+02 3.484979537768597311e+02
1.605635932852749761e+02 3.485250536296429118e+02
1.605681302616322910e+02 3.485457986070379093e+02
1.605726672379896058e+02 3.485723089173346239e+02
1.605772042143469207e+02 3.485876589838036352e+02
1.605817411907042356e+02 3.486120396279323472e+02
1.605862781670615504e+02 3.486185789710065137e+02
1.605908151434188653e+02 3.486384961345646616e+02
1.605953521197761802e+02 3.486599241259976338e+02
1.605998890961334951e+02 3.486744951765874703e+02
1.606044260724908099e+02 3.486831470157998183e+02
1.606089630488481248e+02 3.487041190069319327e+02
1.606135000252054397e+02 3.487151445872640352e+02
1.606180370015627545e+02 3.487326250509074725e+02
1.606225739779200694e+02 3.487503739568390415e+02
1.606271109542773843e+02 3.487653748331435963e+02
1.606316479306346707e+02 3.487812045547980802e+02
1.606361849069919856e+02 3.487959407511234531e+02
1.606407218833493005e+02 3.488117082385844583e+02
1.606452588597066153e+02 3.488330772986116131e+02
1.606497958360639302e+02 3.488507468355259675e+02
1.606543328124212167e+02 3.488649711465087648e+02
1.606588697887785315e+02 3.488834350265236139e+02
1.606634067651358464e+02 3.488983390730635392e+02
1.606679437414931613e+02 3.489082516918308556e+02
1.606724807178504761e+02 3.489158970807387732e+02
1.606770176942077910e+02 3.489302599710921982e+02
1.606815546705651059e+02 3.489379385956423221e+02
1.606860916469224208e+02 3.489469855502329665e+02
1.606906286232797356e+02 3.489618625062217347e+02
1.606951655996370505e+02 3.489814279859884323e+02
1.606997025759943654e+02 3.489968907948514811e+02
1.607042395523516802e+02 3.490187654138044877e+02
1.607087765287089951e+02 3.490337197186611888e+02
1.607133135050663100e+02 3.490581892913330648e+02
1.607178504814236248e+02 3.490820567672406014e+02
1.607223874577809397e+02 3.491045640323458201e+02
1.607269244341382262e+02 3.491214557267267082e+02
1.607314614104955410e+02 3.491441286419805579e+02
1.607359983868528559e+02 3.491555985278535559e+02
1.607405353632101708e+02 3.491707621853708474e+02
1.607450723395674856e+02 3.491903756448808167e+02
1.607496093159247721e+02 3.492054357955533419e+02
1.607541462922820870e+02 3.492247307329912474e+02
1.607586832686394018e+02 3.492378852977634551e+02
1.607632202449967167e+02 3.492519113487575169e+02
1.607677572213540316e+02 3.492719652292336150e+02
1.607722941977113464e+02 3.492920297959075242e+02
1.607768311740686613e+02 3.493043007755855456e+02
1.607813681504259762e+02 3.493248724516357129e+02
1.607859051267832911e+02 3.493499514271169346e+02
1.607904421031406059e+02 3.493588199172223199e+02
1.607949790794979208e+02 3.493760620710949638e+02
1.607995160558552357e+02 3.493948395415147274e+02
1.608040530322125505e+02 3.494186645487057490e+02
1.608085900085698654e+02 3.494370195287643810e+02
1.608131269849271803e+02 3.494549447033394927e+02
1.608176639612844667e+02 3.494732759647834541e+02
1.608222009376417816e+02 3.494918106233128015e+02
1.608267379139990965e+02 3.495106484237880977e+02
1.608312748903564113e+02 3.495316565019109021e+02
1.608358118667137262e+02 3.495520482907832616e+02
1.608403488430710127e+02 3.495624882367250734e+02
1.608448858194283275e+02 3.495740600470818435e+02
1.608494227957856424e+02 3.495835718810450885e+02
1.608539597721429573e+02 3.496018712277074201e+02
1.608584967485002721e+02 3.496113933413424206e+02
1.608630337248575870e+02 3.496310808513080133e+02
1.608675707012149019e+02 3.496521577779126346e+02
1.608721076775722167e+02 3.496703501094646640e+02
1.608766446539295316e+02 3.496914721799615791e+02
1.608811816302868465e+02 3.497094309978634783e+02
1.608857186066441614e+02 3.497277469060822455e+02
1.608902555830014762e+02 3.497417229778278056e+02
1.608947925593587911e+02 3.497559738971088450e+02
1.608993295357161060e+02 3.497801881535499433e+02
1.609038665120734208e+02 3.498049895209949227e+02
1.609084034884307357e+02 3.498231891410690650e+02
1.609129404647880222e+02 3.498459939437331627e+02
1.609174774411453370e+02 3.498610500167891928e+02
1.609220144175026519e+02 3.498791917736646155e+02
1.609265513938599668e+02 3.498941613362575822e+02
1.609310883702172816e+02 3.499161814534877522e+02
1.609356253465745681e+02 3.499460854138762897e+02
1.609401623229318830e+02 3.499688995202238857e+02
1.609446992992891978e+02 3.499845195842469252e+02
1.609492362756465127e+02 3.500078088036605095e+02
1.609537732520038276e+02 3.500258571869061939e+02
1.609583102283611424e+02 3.500479442680796183e+02
1.609628472047184573e+02 3.500737645537246863e+02
1.609673841810757722e+02 3.500914054400411146e+02
1.609719211574330870e+02 3.501126083480942270e+02
1.609764581337904019e+02 3.501202945775009994e+02
1.609809951101477168e+02 3.501246847455673219e+02
1.609855320865050317e+02 3.501309697176553186e+02
1.609900690628623465e+02 3.501377947795003820e+02
1.609946060392196614e+02 3.501450611379855786e+02
1.609991430155769763e+02 3.501570323407830188e+02
1.610036799919342627e+02 3.501756982089765415e+02
1.610082169682915776e+02 3.501888819534415234e+02
1.610127539446488925e+02 3.502054346731763985e+02
1.610172909210062073e+02 3.502241587079547003e+02
1.610218278973635222e+02 3.502384378151312490e+02
1.610263648737208086e+02 3.502560983590074670e+02
1.610309018500781235e+02 3.502756952460948696e+02
1.610354388264354384e+02 3.502915580633126638e+02
1.610399758027927533e+02 3.503115852946856421e+02
1.610445127791500681e+02 3.503247082288353909e+02
1.610490497555073830e+02 3.503421094588547362e+02
1.610535867318646979e+02 3.503636120928016453e+02
1.610581237082220127e+02 3.503836772236397792e+02
1.610626606845793276e+02 3.504003020295181159e+02
1.610671976609366425e+02 3.504219308723582458e+02
1.610717346372939573e+02 3.504390099096493714e+02
1.610762716136512722e+02 3.504565234053151244e+02
1.610808085900085871e+02 3.504708197732770145e+02
1.610853455663659020e+02 3.504894367250465166e+02
1.610898825427232168e+02 3.505059240251858910e+02
1.610944195190805033e+02 3.505191754117544178e+02
1.610989564954378181e+02 3.505358277015392900e+02
1.611034934717951330e+02 3.505553417044191633e+02
1.611080304481524479e+02 3.505731611526123288e+02
1.611125674245097628e+02 3.505917503566624305e+02
1.611171044008670776e+02 3.506050569175481542e+02
1.611216413772243641e+02 3.506205766276793270e+02
1.611261783535816789e+02 3.506349782627083869e+02
1.611307153299389938e+02 3.506491119809832639e+02
1.611352523062963087e+02 3.506683020800842883e+02
1.611397892826536236e+02 3.506784823498708192e+02
1.611443262590109384e+02 3.506861289434596642e+02
1.611488632353682533e+02 3.506911222083397206e+02
1.611534002117255682e+02 3.507018107679128320e+02
1.611579371880828830e+02 3.507229484573613263e+02
1.611624741644401979e+02 3.507412368269925764e+02
1.611670111407975128e+02 3.507567206902018029e+02
1.611715481171548277e+02 3.507770074033798551e+02
1.611760850935121425e+02 3.507875280698413007e+02
1.611806220698694574e+02 3.508064194621162528e+02
1.611851590462267723e+02 3.508162741596127603e+02
1.611896960225840587e+02 3.508285234498734440e+02
1.611942329989413736e+02 3.508446792830702634e+02
1.611987699752986885e+02 3.508606362633682352e+02
1.612033069516560033e+02 3.508675595482089307e+02
1.612078439280133182e+02 3.508836688506041241e+02
1.612123809043706046e+02 3.508953853760274342e+02
1.612169178807279195e+02 3.509013270286012016e+02
1.612214548570852344e+02 3.509127108080640483e+02
1.612259918334425493e+02 3.509216812570498405e+02
1.612305288097998641e+02 3.509314558171050180e+02
1.612350657861571790e+02 3.509469995105478120e+02
1.612396027625144939e+02 3.509591675649048739e+02
1.612441397388718087e+02 3.509691277105879976e+02
1.612486767152291236e+02 3.509861958469650176e+02
1.612532136915864385e+02 3.510074399741351954e+02
1.612577506679437533e+02 3.510256423739523939e+02
1.612622876443010682e+02 3.510423803518679620e+02
1.612668246206583831e+02 3.510562929948316082e+02
1.612713615970156980e+02 3.510769562464487308e+02
1.612758985733730128e+02 3.510940824271161773e+02
1.612804355497302993e+02 3.511183499990236214e+02
1.612849725260876141e+02 3.511454892482240666e+02
1.612895095024449290e+02 3.511647521540078287e+02
1.612940464788022439e+02 3.511809060556087161e+02
1.612985834551595588e+02 3.511933794765577090e+02
1.613031204315168736e+02 3.512038993781956151e+02
1.613076574078741601e+02 3.512282528311625356e+02
1.613121943842314749e+02 3.512433206646266513e+02
1.613167313605887898e+02 3.512591332052801931e+02
1.613212683369461047e+02 3.512727009717505666e+02
1.613258053133034196e+02 3.512766212350087471e+02
1.613303422896607344e+02 3.512902358245144114e+02
1.613348792660180493e+02 3.513045095536095346e+02
1.613394162423753642e+02 3.513218383967455338e+02
1.613439532187326790e+02 3.513406515910015742e+02
1.613484901950899939e+02 3.513558216619088626e+02
1.613530271714473088e+02 3.513768591962427195e+02
1.613575641478046236e+02 3.513924521370383900e+02
1.613621011241619385e+02 3.514046198932776406e+02
1.613666381005192534e+02 3.514149060611506457e+02
1.613711750768765683e+02 3.514269916898745123e+02
1.613757120532338547e+02 3.514389622532448243e+02
1.613802490295911696e+02 3.514584292622824933e+02
1.613847860059484844e+02 3.514729660620599816e+02
1.613893229823057993e+02 3.514917992745901643e+02
1.613938599586631142e+02 3.515066622207479554e+02
1.613983969350204006e+02 3.515216328290778165e+02
1.614029339113777155e+02 3.515426319196192253e+02
1.614074708877350304e+02 3.515617838751769568e+02
1.614120078640923452e+02 3.515817920154626108e+02
1.614165448404496601e+02 3.516005017756946813e+02
1.614210818168069750e+02 3.516148281743668917e+02
1.614256187931642899e+02 3.516309157432577877e+02
1.614301557695216047e+02 3.516424699515863495e+02
1.614346927458789196e+02 3.516591043661285880e+02
1.614392297222362345e+02 3.516742130918991052e+02
1.614437666985935493e+02 3.516782335046705157e+02
1.614483036749508642e+02 3.516879107956211215e+02
1.614528406513081791e+02 3.516986064756164296e+02
1.614573776276654939e+02 3.517058185442060676e+02
1.614619146040228088e+02 3.517164037775401653e+02
1.614664515803800953e+02 3.517314390772447723e+02
1.614709885567374101e+02 3.517471032461545519e+02
1.614755255330947250e+02 3.517714646310525950e+02
1.614800625094520399e+02 3.517876193802309785e+02
1.614845994858093547e+02 3.518010105922814432e+02
1.614891364621666412e+02 3.518157679271650977e+02
1.614936734385239561e+02 3.518292761910906279e+02
1.614982104148812709e+02 3.518396826566066693e+02
1.615027473912385858e+02 3.518521221989284982e+02
1.615072843675959007e+02 3.518617419789455880e+02
1.615118213439532155e+02 3.518734458065900412e+02
1.615163583203105304e+02 3.518808941083782429e+02
1.615208952966678453e+02 3.518954262121102374e+02
1.615254322730251602e+02 3.519144487718853043e+02
1.615299692493824750e+02 3.519296427690868541e+02
1.615345062257397899e+02 3.519502734594272511e+02
1.615390432020971048e+02 3.519646823715505093e+02
1.615435801784544196e+02 3.519742137892610003e+02
1.615481171548117345e+02 3.519887529625082720e+02
1.615526541311690494e+02 3.520010062174293921e+02
1.615571911075263642e+02 3.520143284362097802e+02
1.615617280838836507e+02 3.520320395066336232e+02
1.615662650602409656e+02 3.520501837323487280e+02
1.615708020365982804e+02 3.520697840576697786e+02
1.615753390129555953e+02 3.520911755164286205e+02
1.615798759893129102e+02 3.521044924193457177e+02
1.615844129656701966e+02 3.521244366582156431e+02
1.615889499420275115e+02 3.521353782073637717e+02
1.615934869183848264e+02 3.521476422776871118e+02
1.615980238947421412e+02 3.521714313185716492e+02
1.616025608710994561e+02 3.521937129065302088e+02
1.616070978474567710e+02 3.522094660243618023e+02
1.616116348238140858e+02 3.522251256463679852e+02
1.616161718001714007e+02 3.522395782490979741e+02
1.616207087765287156e+02 3.522526714832918628e+02
1.616252457528860305e+02 3.522738903144078222e+02
1.616297827292433453e+02 3.522927018948047930e+02
1.616343197056006602e+02 3.523060638032673069e+02
1.616388566819579751e+02 3.523259371660255965e+02
1.616433936583152899e+02 3.523370835592625667e+02
1.616479306346726048e+02 3.523541566926011228e+02
1.616524676110298913e+02 3.523708133854952393e+02
1.616570045873872061e+02 3.523846160137116499e+02
1.616615415637445210e+02 3.524050497161986186e+02
1.616660785401018359e+02 3.524222292443479887e+02
1.616706155164591507e+02 3.524469417194545713e+02
1.616751524928164372e+02 3.524650406497818267e+02
1.616796894691737521e+02 3.524843194357908374e+02
1.616842264455310669e+02 3.525049799872168705e+02
1.616887634218883818e+02 3.525275498287476807e+02
1.616933003982456967e+02 3.525436265651711665e+02
1.616978373746030115e+02 3.525576432870532813e+02
1.617023743509603264e+02 3.525703021415042144e+02
1.617069113273176413e+02 3.525903081653160029e+02
1.617114483036749562e+02 3.526138086913981056e+02
1.617159852800322710e+02 3.526307604299041714e+02
1.617205222563895859e+02 3.526466005970764286e+02
1.617250592327469008e+02 3.526672712683035229e+02
1.617295962091042156e+02 3.526809927063590635e+02
1.617341331854615305e+02 3.526994013666488854e+02
1.617386701618188454e+02 3.527079598256325994e+02
1.617432071381761602e+02 3.527227812651925660e+02
1.617477441145334467e+02 3.527457662952596138e+02
1.617522810908907616e+02 3.527604337392020852e+02
1.617568180672480764e+02 3.527841232641540046e+02
1.617613550436053913e+02 3.528051843675596615e+02
1.617658920199627062e+02 3.528216397862227609e+02
1.617704289963199926e+02 3.528389505463809996e+02
1.617749659726773075e+02 3.528528407322558564e+02
1.617795029490346224e+02 3.528689708179065860e+02
1.617840399253919372e+02 3.528868857652308861e+02
1.617885769017492521e+02 3.529081200395733049e+02
1.617931138781065670e+02 3.529273317159704675e+02
1.617976508544638818e+02 3.529445688570467610e+02
1.618021878308211967e+02 3.529561276813705604e+02
1.618067248071785116e+02 3.529767106675266746e+02
1.618112617835358265e+02 3.529943313824610414e+02
1.618157987598931413e+02 3.530096985870408730e+02
1.618203357362504562e+02 3.530272276052842244e+02
1.618248727126077711e+02 3.530384229677540588e+02
1.618294096889650859e+02 3.530570834557293551e+02
1.618339466653224008e+02 3.530747186131149533e+02
1.618384836416796873e+02 3.530907928205957660e+02
1.618430206180370021e+02 3.530991439921995720e+02
1.618475575943943170e+02 3.531143720159087138e+02
1.618520945707516319e+02 3.531277048713425302e+02
1.618566315471089467e+02 3.531539719184563637e+02
1.618611685234662332e+02 3.531682256291491626e+02
1.618657054998235481e+02 3.531849957027817482e+02
1.618702424761808629e+02 3.532007475088016690e+02
1.618747794525381778e+02 3.532236773247805672e+02
1.618793164288954927e+02 3.532359987480010091e+02
1.618838534052528075e+02 3.532526033113021526e+02
1.618883903816101224e+02 3.532668180822666955e+02
1.618929273579674373e+02 3.532902556293904581e+02
1.618974643343247521e+02 3.533104937562864620e+02
1.619020013106820670e+02 3.533348570240965500e+02
1.619065382870393819e+02 3.533550227661528993e+02
1.619110752633966968e+02 3.533737529720214070e+02
1.619156122397540116e+02 3.533968824411043101e+02
1.619201492161113265e+02 3.534222271246284777e+02
1.619246861924686414e+02 3.534429230229352470e+02
1.619292231688259562e+02 3.534696613684672002e+02
1.619337601451832427e+02 3.534861586113412955e+02
1.619382971215405576e+02 3.535084504980879387e+02
1.619428340978978724e+02 3.535190947445064467e+02
1.619473710742551873e+02 3.535337035852228382e+02
1.619519080506125022e+02 3.535479952400601746e+02
1.619564450269697886e+02 3.535668241227170938e+02
1.619609820033271035e+02 3.535899313928366041e+02
1.619655189796844184e+02 3.536095907474543196e+02
1.619700559560417332e+02 3.536343919570422827e+02
1.619745929323990481e+02 3.536494856796199997e+02
1.619791299087563630e+02 3.536592533124795636e+02
1.619836668851136778e+02 3.536735060657653662e+02
1.619882038614709927e+02 3.536988180565078892e+02
1.619927408378283076e+02 3.537172231886743248e+02
1.619972778141856224e+02 3.537442200020008727e+02
1.620018147905429373e+02 3.537646511150296078e+02
1.620063517669002522e+02 3.537896130760036044e+02
1.620108887432575671e+02 3.538133011282669145e+02
1.620154257196148819e+02 3.538281964349642976e+02
1.620199626959721968e+02 3.538492566652748792e+02
1.620244996723294832e+02 3.538725373839012036e+02
1.620290366486867981e+02 3.538925038843927382e+02
1.620335736250441130e+02 3.539148410650311689e+02
1.620381106014014279e+02 3.539372426025771574e+02
1.620426475777587427e+02 3.539544700386225600e+02
1.620471845541160292e+02 3.539752411815459823e+02
1.620517215304733440e+02 3.539922723826594506e+02
1.620562585068306589e+02 3.540109294223698839e+02
1.620607954831879738e+02 3.540257677788234218e+02
1.620653324595452887e+02 3.540436737118743054e+02
1.620698694359026035e+02 3.540667277386635305e+02
1.620744064122599184e+02 3.540861576099711101e+02
1.620789433886172333e+02 3.541101957745700020e+02
1.620834803649745481e+02 3.541305759550286325e+02
1.620880173413318630e+02 3.541532833175734822e+02
1.620925543176891779e+02 3.541759190287147021e+02
1.620970912940464927e+02 3.541893261196601088e+02
1.621016282704038076e+02 3.542172679336825354e+02
1.621061652467611225e+02 3.542372182029000101e+02
1.621107022231184374e+02 3.542557894642043266e+02
1.621152391994757522e+02 3.542780970442668718e+02
1.621197761758330387e+02 3.542958621060452060e+02
1.621243131521903535e+02 3.543168149564555733e+02
1.621288501285476684e+02 3.543393672007731539e+02
1.621333871049049833e+02 3.543642670787993438e+02
1.621379240812622982e+02 3.543860919071743183e+02
1.621424610576195846e+02 3.544040876682697103e+02
1.621469980339768995e+02 3.544199839750119736e+02
1.621515350103342143e+02 3.544499600312618099e+02
1.621560719866915292e+02 3.544652173483137858e+02
1.621606089630488441e+02 3.544721114330595242e+02
1.621651459394061590e+02 3.544900582580521018e+02
1.621696829157634738e+02 3.545035021222806222e+02
1.621742198921207887e+02 3.545202432823004415e+02
1.621787568684781036e+02 3.545327131266294600e+02
1.621832938448354184e+02 3.545505856521372152e+02
1.621878308211927333e+02 3.545625850678393931e+02
1.621923677975500482e+02 3.545844788230933204e+02
1.621969047739073631e+02 3.546101932968442725e+02
1.622014417502646779e+02 3.546269107842651351e+02
1.622059787266219928e+02 3.546515861220621559e+02
1.622105157029792792e+02 3.546688428923573611e+02
1.622150526793365941e+02 3.546926419542981535e+02
1.622195896556939090e+02 3.547209739631391585e+02
1.622241266320512239e+02 3.547324753358690828e+02
1.622286636084085387e+02 3.547530600275565007e+02
1.622332005847658252e+02 3.547710656836052863e+02
1.622377375611231400e+02 3.547911960893779906e+02
1.622422745374804549e+02 3.548089664429841719e+02
1.622468115138377698e+02 3.548179124571011585e+02
1.622513484901950847e+02 3.548379314722365052e+02
1.622558854665523995e+02 3.548638332545751268e+02
1.622604224429097144e+02 3.548842160447155720e+02
1.622649594192670293e+02 3.549078404429855595e+02
1.622694963956243441e+02 3.549215877572501654e+02
1.622740333719816590e+02 3.549485609315581769e+02
1.622785703483389739e+02 3.549710007506500915e+02
1.622831073246962887e+02 3.550011399531888969e+02
1.622876443010536036e+02 3.550364612315058253e+02
1.622921812774109185e+02 3.550646016839270942e+02
1.622967182537682334e+02 3.550881064602275501e+02
1.623012552301255482e+02 3.551103779571186010e+02
1.623057922064828347e+02 3.551302076347981824e+02
1.623103291828401495e+02 3.551626311156709335e+02
1.623148661591974644e+02 3.551887510906885836e+02
1.623194031355547793e+02 3.552126871327244544e+02
1.623239401119120942e+02 3.552358206415195809e+02
1.623284770882693806e+02 3.552495902618007904e+02
1.623330140646266955e+02 3.552669269391075773e+02
1.623375510409840103e+02 3.552888394759627317e+02
1.623420880173413252e+02 3.553162949463882114e+02
1.623466249936986401e+02 3.553427735708269779e+02
1.623511619700559550e+02 3.553594768096319854e+02
1.623556989464132698e+02 3.553740877670227292e+02
1.623602359227705847e+02 3.554019450056399592e+02
1.623647728991278996e+02 3.554289084047110236e+02
1.623693098754852144e+02 3.554549285263095157e+02
1.623738468518425293e+02 3.554755058898928155e+02
1.623783838281998442e+02 3.554927178250295583e+02
1.623829208045571590e+02 3.555089350979681058e+02
1.623874577809144739e+02 3.555358572353986233e+02
1.623919947572717888e+02 3.555590065482554110e+02
1.623965317336290752e+02 3.555857933754002147e+02
1.624010687099863901e+02 3.556125736676797260e+02
1.624056056863437050e+02 3.556290740623885540e+02
1.624101426627010198e+02 3.556422963717157586e+02
1.624146796390583347e+02 3.556579512536548009e+02
1.624192166154156212e+02 3.556665567853077050e+02
1.624237535917729360e+02 3.556842998847991453e+02
1.624282905681302509e+02 3.557050229810428164e+02
1.624328275444875658e+02 3.557148304766308797e+02
1.624373645208448806e+02 3.557379577551783996e+02
1.624419014972021955e+02 3.557625483555681285e+02
1.624464384735595104e+02 3.557829870763839608e+02
1.624509754499168253e+02 3.558074680070123463e+02
1.624555124262741401e+02 3.558211182947434850e+02
1.624600494026314550e+02 3.558455719709570531e+02
1.624645863789887699e+02 3.558672422314847381e+02
1.624691233553460847e+02 3.558810880299981250e+02
1.624736603317033996e+02 3.559025103982081646e+02
1.624781973080607145e+02 3.559303504866635421e+02
1.624827342844180293e+02 3.559560018164767143e+02
1.624872712607753442e+02 3.559847370217140679e+02
1.624918082371326307e+02 3.560074353252112473e+02
1.624963452134899455e+02 3.560348031949287702e+02
1.625008821898472604e+02 3.560577562489850720e+02
1.625054191662045753e+02 3.560789124754996919e+02
1.625099561425618901e+02 3.561056254262102243e+02
1.625144931189191766e+02 3.561237605592812656e+02
1.625190300952764915e+02 3.561367837196022492e+02
1.625235670716338063e+02 3.561552081201432429e+02
1.625281040479911212e+02 3.561790146404683242e+02
1.625326410243484361e+02 3.561980807521092629e+02
1.625371780007057509e+02 3.562213719909472616e+02
1.625417149770630658e+02 3.562437447535382375e+02
1.625462519534203807e+02 3.562609421564309855e+02
1.625507889297776956e+02 3.562753289748029601e+02
1.625553259061350104e+02 3.562946468803781386e+02
1.625598628824923253e+02 3.563213177413398967e+02
1.625643998588496402e+02 3.563367364588858095e+02
1.625689368352069550e+02 3.563454592432763661e+02
1.625734738115642699e+02 3.563578855047173306e+02
1.625780107879215848e+02 3.563743846252747289e+02
1.625825477642788712e+02 3.563943076049388310e+02
1.625870847406361861e+02 3.564195599979850044e+02
1.625916217169935010e+02 3.564376046693251965e+02
1.625961586933508158e+02 3.564512362988947984e+02
1.626006956697081307e+02 3.564608837335410385e+02
1.626052326460654172e+02 3.564791835058566676e+02
1.626097696224227320e+02 3.565025645702140764e+02
1.626143065987800469e+02 3.565276226079693060e+02
1.626188435751373618e+02 3.565475622776434648e+02
1.626233805514946766e+02 3.565694721039706110e+02
1.626279175278519915e+02 3.565898011412431288e+02
1.626324545042093064e+02 3.566052161881332268e+02
1.626369914805666212e+02 3.566203493836804341e+02
1.626415284569239361e+02 3.566402310258776538e+02
1.626460654332812510e+02 3.566524996187449688e+02
1.626506024096385659e+02 3.566650306890698516e+02
1.626551393859958807e+02 3.566785078568628364e+02
1.626596763623531956e+02 3.566909458702512552e+02
1.626642133387105105e+02 3.567094430139566725e+02
1.626687503150678253e+02 3.567253470645902667e+02
1.626732872914251402e+02 3.567446622377221956e+02
1.626778242677824267e+02 3.567656398047212747e+02
1.626823612441397415e+02 3.567935462675978329e+02
1.626868982204970564e+02 3.568207239839015870e+02
1.626914351968543713e+02 3.568523303789117449e+02
1.626959721732116861e+02 3.568716501914923924e+02
1.627005091495689726e+02 3.568860654850215610e+02
1.627050461259262875e+02 3.568983203258038088e+02
1.627095831022836023e+02 3.569249165306389955e+02
1.627141200786409172e+02 3.569468476140193047e+02
1.627186570549982321e+02 3.569674392240412999e+02
1.627231940313555469e+02 3.569881297652016201e+02
1.627277310077128618e+02 3.570065818870048133e+02
1.627322679840701767e+02 3.570224266233983030e+02
1.627368049604274916e+02 3.570352041916127632e+02
1.627413419367848064e+02 3.570587960761877753e+02
1.627458789131421213e+02 3.570771154732276500e+02
1.627504158894994362e+02 3.570896833026577610e+02
1.627549528658567510e+02 3.571049144688274737e+02
1.627594898422140659e+02 3.571186305824255101e+02
1.627640268185713808e+02 3.571328454532762748e+02
1.627685637949286672e+02 3.571472528370463237e+02
1.627731007712859821e+02 3.571663502034913336e+02
1.627776377476432970e+02 3.571820278849685906e+02
1.627821747240006118e+02 3.572025387432390175e+02
1.627867117003579267e+02 3.572165210531909452e+02
1.627912486767152132e+02 3.572372885930412849e+02
1.627957856530725280e+02 3.572555078966688598e+02
1.628003226294298429e+02 3.572710468245345510e+02
1.628048596057871578e+02 3.572873023459098363e+02
1.628093965821444726e+02 3.573020698544885363e+02
1.628139335585017875e+02 3.573234054984192767e+02
1.628184705348591024e+02 3.573402618546234066e+02
1.628230075112164172e+02 3.573607846060230600e+02
1.628275444875737321e+02 3.573841026844335715e+02
1.628320814639310470e+02 3.574057947861181219e+02
1.628366184402883619e+02 3.574252928086547172e+02
1.628411554166456767e+02 3.574448639210453962e+02
1.628456923930029916e+02 3.574640144293496746e+02
1.628502293693603065e+02 3.574811627364792344e+02
1.628547663457176213e+02 3.574989945291944764e+02
1.628593033220749078e+02 3.575150262222502988e+02
1.628638402984322227e+02 3.575380550526647880e+02
1.628683772747895375e+02 3.575536411847950262e+02
1.628729142511468524e+02 3.575658457443946645e+02
1.628774512275041673e+02 3.575798597133597241e+02
1.628819882038614821e+02 3.575905986919976272e+02
1.628865251802187686e+02 3.576091852356722711e+02
1.628910621565760835e+02 3.576252620303435492e+02
1.628955991329333983e+02 3.576400898435443878e+02
1.629001361092907132e+02 3.576596904950843054e+02
1.629046730856480281e+02 3.576813897101647512e+02
1.629092100620053429e+02 3.577067332556756583e+02
1.629137470383626578e+02 3.577306505613661329e+02
1.629182840147199727e+02 3.577512049324409986e+02
1.629228209910772875e+02 3.577702638720306823e+02
1.629273579674346024e+02 3.577819151861319824e+02
1.629318949437919173e+02 3.577957710706280068e+02
1.629364319201492322e+02 3.578100073285173153e+02
1.629409688965065470e+02 3.578315227486221488e+02
1.629455058728638619e+02 3.578541593927239433e+02
1.629500428492211768e+02 3.578760424128332716e+02
1.629545798255784632e+02 3.578969111371986287e+02
1.629591168019357781e+02 3.579135547390722536e+02
1.629636537782930930e+02 3.579344489796010862e+02
1.629681907546504078e+02 3.579573261515175773e+02
1.629727277310077227e+02 3.579796270270309151e+02
1.629772647073650091e+02 3.580005475996759969e+02
1.629818016837223240e+02 3.580201257124896870e+02
1.629863386600796389e+02 3.580376292143051273e+02
1.629908756364369538e+02 3.580548544239169360e+02
1.629954126127942686e+02 3.580726392908827052e+02
1.629999495891515835e+02 3.580893609995101201e+02
1.630044865655088984e+02 3.581082299834498599e+02
1.630090235418662132e+02 3.581212882241443367e+02
1.630135605182235281e+02 3.581352232778589837e+02
1.630180974945808430e+02 3.581504387653212689e+02
1.630226344709381578e+02 3.581718128219084747e+02
1.630271714472954727e+02 3.581894804859011288e+02
1.630317084236527876e+02 3.582079794931906918e+02
1.630362454000101025e+02 3.582289004091632023e+02
1.630407823763674173e+02 3.582507252568090621e+02
1.630453193527247038e+02 3.582774699121281401e+02
1.630498563290820186e+02 3.582972876668483764e+02
1.630543933054393335e+02 3.583171468219407529e+02
1.630589302817966484e+02 3.583392222792759867e+02
1.630634672581539633e+02 3.583514778069016415e+02
1.630680042345112781e+02 3.583810995001288688e+02
1.630725412108685646e+02 3.583963380402233838e+02
1.630770781872258794e+02 3.584165650225830291e+02
1.630816151635831943e+02 3.584401492809457750e+02
1.630861521399405092e+02 3.584578792259783881e+02
1.630906891162978241e+02 3.584771005857811588e+02
1.630952260926551389e+02 3.584974070590367319e+02
1.630997630690124538e+02 3.585188309100445849e+02
1.631043000453697687e+02 3.585484704882555889e+02
1.631088370217270835e+02 3.585681299344304307e+02
1.631133739980843984e+02 3.585901837763986464e+02
1.631179109744417133e+02 3.586134729980325915e+02
1.631224479507990281e+02 3.586253097775442029e+02
1.631269849271563430e+02 3.586376725871103304e+02
1.631315219035136579e+02 3.586564990666716994e+02
1.631360588798709728e+02 3.586708380054850522e+02
1.631405958562282592e+02 3.586893333019929742e+02
1.631451328325855741e+02 3.587064414710202982e+02
1.631496698089428889e+02 3.587206580640905145e+02
1.631542067853002038e+02 3.587320925702222780e+02
1.631587437616575187e+02 3.587509939109449419e+02
1.631632807380148051e+02 3.587738499816490503e+02
1.631678177143721200e+02 3.587917590131906422e+02
1.631723546907294349e+02 3.588149060241847792e+02
1.631768916670867497e+02 3.588339053744909393e+02
1.631814286434440646e+02 3.588522899435068894e+02
1.631859656198013795e+02 3.588747981893529868e+02
1.631905025961586944e+02 3.588953254630023935e+02
1.631950395725160092e+02 3.589161990563541167e+02
1.631995765488733241e+02 3.589350745870550554e+02
1.632041135252306390e+02 3.589559037361287892e+02
1.632086505015879538e+02 3.589765992122246985e+02
1.632131874779452687e+02 3.589938927660721788e+02
1.632177244543025836e+02 3.590096874694523876e+02
1.632222614306598985e+02 3.590266351590793192e+02
1.632267984070172133e+02 3.590414565621463794e+02
1.632313353833744998e+02 3.590536033397055462e+02
1.632358723597318146e+02 3.590738060070838173e+02
1.632404093360891295e+02 3.590903522589787826e+02
1.632449463124464444e+02 3.591040963468859673e+02
1.632494832888037593e+02 3.591196360317188692e+02
1.632540202651610457e+02 3.591385069101302747e+02
1.632585572415183606e+02 3.591570758702061426e+02
1.632630942178756754e+02 3.591759104525514203e+02
1.632676311942329903e+02 3.591893196437828237e+02
1.632721681705903052e+02 3.592132035405830379e+02
1.632767051469476201e+02 3.592265760610936809e+02
1.632812421233049349e+02 3.592377204336438581e+02
1.632857790996622498e+02 3.592480160332631272e+02
1.632903160760195647e+02 3.592611893657528981e+02
1.632948530523768795e+02 3.592841854244889532e+02
1.632993900287341944e+02 3.593050286155354343e+02
1.633039270050915093e+02 3.593199806371620753e+02
1.633084639814488241e+02 3.593296648468578383e+02
1.633130009578061390e+02 3.593375207852637914e+02
1.633175379341634539e+02 3.593522228732310282e+02
1.633220749105207688e+02 3.593726483166361731e+02
1.633266118868780552e+02 3.593926332575504148e+02
1.633311488632353701e+02 3.594181301937229591e+02
1.633356858395926849e+02 3.594311587714905158e+02
1.633402228159499998e+02 3.594483183324543347e+02
1.633447597923073147e+02 3.594654662227451354e+02
1.633492967686646011e+02 3.594799945615308729e+02
1.633538337450219160e+02 3.594984113878145422e+02
1.633583707213792309e+02 3.595166969510688091e+02
1.633629076977365457e+02 3.595349310893818142e+02
1.633674446740938606e+02 3.595597251106041199e+02
1.633719816504511755e+02 3.595773598752309681e+02
1.633765186268084904e+02 3.596005659529961918e+02
1.633810556031658052e+02 3.596213459621808965e+02
1.633855925795231201e+02 3.596413848324561400e+02
1.633901295558804350e+02 3.596636541167836754e+02
1.633946665322377498e+02 3.596882641006099561e+02
1.633992035085950647e+02 3.597133626463466953e+02
1.634037404849523796e+02 3.597370948279468053e+02
1.634082774613096944e+02 3.597562038191615557e+02
1.634128144376670093e+02 3.597788116948158290e+02
1.634173514140242958e+02 3.598026450881878304e+02
1.634218883903816106e+02 3.598254068921842759e+02
1.634264253667389255e+02 3.598481927286970858e+02
1.634309623430962404e+02 3.598682446730586548e+02
1.634354993194535552e+02 3.598892484476700702e+02
1.634400362958108417e+02 3.599070881677870943e+02
1.634445732721681566e+02 3.599230808485647231e+02
1.634491102485254714e+02 3.599405754473530124e+02
1.634536472248827863e+02 3.599579659157192850e+02
1.634581842012401012e+02 3.599724835036040531e+02
1.634627211775974160e+02 3.599885111169719494e+02
1.634672581539547309e+02 3.600067694409397632e+02
1.634717951303120458e+02 3.600288357641346693e+02
1.634763321066693607e+02 3.600524436939887778e+02
1.634808690830266755e+02 3.600633706671969207e+02
1.634854060593839904e+02 3.600840614641372781e+02
1.634899430357413053e+02 3.601016369737954506e+02
1.634944800120986201e+02 3.601145776953053996e+02
1.634990169884559350e+02 3.601332771667488828e+02
1.635035539648132499e+02 3.601481805851992135e+02
1.635080909411705647e+02 3.601662911156136033e+02
1.635126279175278512e+02 3.601835538233341936e+02
1.635171648938851661e+02 3.602049984337278943e+02
1.635217018702424809e+02 3.602239846604774698e+02
1.635262388465997958e+02 3.602403796408308949e+02
1.635307758229571107e+02 3.602581907591239769e+02
1.635353127993143971e+02 3.602758514395839029e+02
1.635398497756717120e+02 3.602972873719270410e+02
1.635443867520290269e+02 3.603186093187924257e+02
1.635489237283863417e+02 3.603386318036324383e+02
1.635534607047436566e+02 3.603561843899136647e+02
1.635579976811009715e+02 3.603805036801933852e+02
1.635625346574582863e+02 3.604023674575338987e+02
1.635670716338156012e+02 3.604218671158225220e+02
1.635716086101729161e+02 3.604444176472348431e+02
1.635761455865302310e+02 3.604589998618959044e+02
1.635806825628875458e+02 3.604796695135645450e+02
1.635852195392448607e+02 3.605039047979967677e+02
1.635897565156021756e+02 3.605246116936545491e+02
1.635942934919594904e+02 3.605465171576180410e+02
1.635988304683168053e+02 3.605656279715233268e+02
1.636033674446740918e+02 3.605828833986522568e+02
1.636079044210314066e+02 3.606062803029764723e+02
1.636124413973887215e+02 3.606324131999051588e+02
1.636169783737460364e+02 3.606535363164273349e+02
1.636215153501033512e+02 3.606674750164351053e+02
1.636260523264606377e+02 3.606847094685949742e+02
1.636305893028179526e+02 3.607002536919279692e+02
1.636351262791752674e+02 3.607256596046366894e+02
1.636396632555325823e+02 3.607486301048649011e+02
1.636442002318898972e+02 3.607705818589824958e+02
1.636487372082472120e+02 3.607884773221495038e+02
1.636532741846045269e+02 3.608097905916376931e+02
1.636578111609618418e+02 3.608285542917288353e+02
1.636623481373191566e+02 3.608485916964070270e+02
1.636668851136764715e+02 3.608709284097047316e+02
1.636714220900337864e+02 3.608973242715740071e+02
1.636759590663911013e+02 3.609226251685854550e+02
1.636804960427484161e+02 3.609421242052516732e+02
1.636850330191057310e+02 3.609601659363812587e+02
1.636895699954630459e+02 3.609716673504851769e+02
1.636941069718203607e+02 3.609929169544702177e+02
1.636986439481776472e+02 3.610154072080445076e+02
1.637031809245349621e+02 3.610383494488314682e+02
1.637077179008922769e+02 3.610585159844657142e+02
1.637122548772495918e+02 3.610786230546146953e+02
1.637167918536069067e+02 3.610902230999688527e+02
1.637213288299641931e+02 3.611068922282896665e+02
1.637258658063215080e+02 3.611286966347660154e+02
1.637304027826788229e+02 3.611532939011336794e+02
1.637349397590361377e+02 3.611824146328701772e+02
1.637394767353934526e+02 3.612033007796619017e+02
1.637440137117507675e+02 3.612180228087041201e+02
1.637485506881080823e+02 3.612373512501930577e+02
1.637530876644653972e+02 3.612522100500185616e+02
1.637576246408227121e+02 3.612774193796440727e+02
1.637621616171800270e+02 3.612950511804730240e+02
1.637666985935373418e+02 3.613208896590575137e+02
1.637712355698946567e+02 3.613357980775890042e+02
1.637757725462519716e+02 3.613491473783105903e+02
1.637803095226092864e+02 3.613723550181326800e+02
1.637848464989666013e+02 3.613935801400301671e+02
1.637893834753238878e+02 3.614163185924742834e+02
1.637939204516812026e+02 3.614352419609687104e+02
1.637984574280385175e+02 3.614528005634206238e+02
1.638029944043958324e+02 3.614731307326215415e+02
1.638075313807531472e+02 3.614975493103981421e+02
1.638120683571104337e+02 3.615156490791151782e+02
1.638166053334677486e+02 3.615431888222912562e+02
1.638211423098250634e+02 3.615646287483435799e+02
1.638256792861823783e+02 3.615789159599224831e+02
1.638302162625396932e+02 3.616041087458814332e+02
1.638347532388970080e+02 3.616290537688579434e+02
1.638392902152543229e+02 3.616515905920734895e+02
1.638438271916116378e+02 3.616734014950125697e+02
1.638483641679689526e+02 3.616929465670382342e+02
1.638529011443262675e+02 3.617148893092171420e+02
1.638574381206835824e+02 3.617342864708233492e+02
1.638619750970408973e+02 3.617529245014654862e+02
1.638665120733982121e+02 3.617745998303580564e+02
1.638710490497555270e+02 3.617914943016091911e+02
1.638755860261128419e+02 3.618138005648255557e+02
1.638801230024701567e+02 3.618392407696161399e+02
1.638846599788274432e+02 3.618591328090296884e+02
1.638891969551847581e+02 3.618829434490675681e+02
1.638937339315420729e+02 3.619016825570683977e+02
1.638982709078993878e+02 3.619203874106558487e+02
1.639028078842567027e+02 3.619401087935477790e+02
1.639073448606139891e+02 3.619590189421958257e+02
1.639118818369713040e+02 3.619719009704671180e+02
1.639164188133286189e+02 3.619906044585374616e+02
1.639209557896859337e+02 3.620064254302185986e+02
1.639254927660432486e+02 3.620257066089417890e+02
1.639300297424005635e+02 3.620495397505731603e+02
1.639345667187578783e+02 3.620777535472673208e+02
1.639391036951151932e+02 3.621007825256760384e+02
1.639436406714725081e+02 3.621135953460822066e+02
1.639481776478298229e+02 3.621364787617141587e+02
1.639527146241871378e+02 3.621536002223218134e+02
1.639572516005444527e+02 3.621743364157492238e+02
1.639617885769017676e+02 3.621938116306052393e+02
1.639663255532590824e+02 3.622119486409861793e+02
1.639708625296163973e+02 3.622326737479118037e+02
1.639753995059736837e+02 3.622441163112318918e+02
1.639799364823309986e+02 3.622598409530880872e+02
1.639844734586883135e+02 3.622790662814861093e+02
1.639890104350456284e+02 3.622938177903873793e+02
1.639935474114029432e+02 3.623090054812868175e+02
1.639980843877602297e+02 3.623335384422909442e+02
1.640026213641175445e+02 3.623534799723150286e+02
1.640071583404748594e+02 3.623815981335886818e+02
1.640116953168321743e+02 3.624066926508315305e+02
1.640162322931894892e+02 3.624333612562435860e+02
1.640207692695468040e+02 3.624678604993072213e+02
1.640253062459041189e+02 3.624957160397490838e+02
1.640298432222614338e+02 3.625234008387532185e+02
1.640343801986187486e+02 3.625456328995468311e+02
1.640389171749760635e+02 3.625665976519144351e+02
1.640434541513333784e+02 3.625953557330697095e+02
1.640479911276906932e+02 3.626159956083308202e+02
1.640525281040480081e+02 3.626403514435307329e+02
1.640570650804053230e+02 3.626668748355778575e+02
1.640616020567626379e+02 3.626851665980284452e+02
1.640661390331199527e+02 3.627073779822399615e+02
1.640706760094772392e+02 3.627301401900894575e+02
1.640752129858345540e+02 3.627518303387099650e+02
1.640797499621918689e+02 3.627702365120420041e+02
1.640842869385491838e+02 3.627920330472944102e+02
1.640888239149064987e+02 3.628142911009509248e+02
1.640933608912637851e+02 3.628367915556635239e+02
1.640978978676211000e+02 3.628582892453131308e+02
1.641024348439784148e+02 3.628812589597575879e+02
1.641069718203357297e+02 3.629040124689294089e+02
1.641115087966930446e+02 3.629273163330371403e+02
1.641160457730503595e+02 3.629538973253182235e+02
1.641205827494076743e+02 3.629742624649189793e+02
1.641251197257649892e+02 3.629991696706676407e+02
1.641296567021223041e+02 3.630168402992350707e+02
1.641341936784796189e+02 3.630424448761234544e+02
1.641387306548369338e+02 3.630658435088355418e+02
1.641432676311942487e+02 3.630850769895208714e+02
1.641478046075515635e+02 3.631038687171001129e+02
1.641523415839088784e+02 3.631181343606097585e+02
1.641568785602661933e+02 3.631422340016623025e+02
1.641614155366234797e+02 3.631678650266923682e+02
1.641659525129807946e+02 3.631891639284347093e+02
1.641704894893381095e+02 3.632159274414093488e+02
1.641750264656954243e+02 3.632440120351233759e+02
1.641795634420527392e+02 3.632716102457695797e+02
1.641841004184100257e+02 3.632998257327470810e+02
1.641886373947673405e+02 3.633267309696827283e+02
1.641931743711246554e+02 3.633505263571072987e+02
1.641977113474819703e+02 3.633756985578185095e+02
1.642022483238392851e+02 3.633993535811682136e+02
1.642067853001966000e+02 3.634236233909722387e+02
1.642113222765539149e+02 3.634497414412571175e+02
1.642158592529112298e+02 3.634719960351544046e+02
1.642203962292685446e+02 3.634950691748051668e+02
1.642249332056258595e+02 3.635178021609278289e+02
1.642294701819831744e+02 3.635485111079715921e+02
1.642340071583404892e+02 3.635678449700461670e+02
1.642385441346978041e+02 3.635961048627256105e+02
1.642430811110551190e+02 3.636164237677528490e+02
1.642476180874124339e+02 3.636414001639361686e+02
1.642521550637697487e+02 3.636562681237986112e+02
1.642566920401270352e+02 3.636783696777770842e+02
1.642612290164843500e+02 3.637056620945068630e+02
1.642657659928416649e+02 3.637358432919622260e+02
1.642703029691989798e+02 3.637625637152754052e+02
1.642748399455562947e+02 3.637785273031739735e+02
1.642793769219135811e+02 3.637957576184962818e+02
1.642839138982708960e+02 3.638126030415999708e+02
1.642884508746282108e+02 3.638276810546196316e+02
1.642929878509855257e+02 3.638520381893875424e+02
1.642975248273428406e+02 3.638718183116056366e+02
1.643020618037001555e+02 3.638885411178754907e+02
1.643065987800574703e+02 3.639069116965044941e+02
1.643111357564147852e+02 3.639328740408592466e+02
1.643156727327721001e+02 3.639518683077133119e+02
1.643202097091294149e+02 3.639730457585258137e+02
1.643247466854867298e+02 3.639930526998774099e+02
1.643292836618440447e+02 3.640176820636951334e+02
1.643338206382013595e+02 3.640323226381296990e+02
1.643383576145586744e+02 3.640520441515883476e+02
1.643428945909159893e+02 3.640779847971410277e+02
1.643474315672732757e+02 3.640975948954315982e+02
1.643519685436305906e+02 3.641160501737299455e+02
1.643565055199879055e+02 3.641308435481030301e+02
1.643610424963452203e+02 3.641489753490169505e+02
1.643655794727025352e+02 3.641620871511761948e+02
1.643701164490598217e+02 3.641880666620187412e+02
1.643746534254171365e+02 3.642076374758545398e+02
1.643791904017744514e+02 3.642342547191565245e+02
1.643837273781317663e+02 3.642511955218698176e+02
1.643882643544890811e+02 3.642742161252224946e+02
1.643928013308463960e+02 3.642923046590199760e+02
1.643973383072037109e+02 3.643094538724974996e+02
1.644018752835610258e+02 3.643324142345601331e+02
1.644064122599183406e+02 3.643512077271707312e+02
1.644109492362756555e+02 3.643685958573337302e+02
1.644154862126329704e+02 3.643845933210731118e+02
1.644200231889902852e+02 3.644093850827718484e+02
1.644245601653476001e+02 3.644337586086764418e+02
1.644290971417049150e+02 3.644594019836660550e+02
1.644336341180622298e+02 3.644791883469917479e+02
1.644381710944195447e+02 3.644944812961481944e+02
1.644427080707768312e+02 3.645134843277287473e+02
1.644472450471341460e+02 3.645237206798982470e+02
1.644517820234914609e+02 3.645389527057575378e+02
1.644563189998487758e+02 3.645479100101250651e+02
1.644608559762060906e+02 3.645685463245884534e+02
1.644653929525633771e+02 3.645812520624822923e+02
1.644699299289206920e+02 3.645990798355191487e+02
1.644744669052780068e+02 3.646262562793468760e+02
1.644790038816353217e+02 3.646417069973443859e+02
1.644835408579926366e+02 3.646681727762189666e+02
1.644880778343499514e+02 3.646881045348769703e+02
1.644926148107072663e+02 3.647084336644026052e+02
1.644971517870645812e+02 3.647187204399140796e+02
1.645016887634218961e+02 3.647389046205494765e+02
1.645062257397792109e+02 3.647508928371668162e+02
1.645107627161365258e+02 3.647707376984289454e+02
1.645152996924938407e+02 3.647917620202669013e+02
1.645198366688511555e+02 3.648091183920124649e+02
1.645243736452084704e+02 3.648344381127419069e+02
1.645289106215657853e+02 3.648504157002360557e+02
1.645334475979230717e+02 3.648671897092345375e+02
1.645379845742803866e+02 3.648930050107104535e+02
1.645425215506377015e+02 3.649158651210096878e+02
1.645470585269950163e+02 3.649375695972698850e+02
1.645515955033523312e+02 3.649624360870595297e+02
1.645561324797096177e+02 3.649856079174833781e+02
1.645606694560669325e+02 3.650085156181449406e+02
1.645652064324242474e+02 3.650294175528002256e+02
1.645697434087815623e+02 3.650490139498467101e+02
1.645742803851388771e+02 3.650757882075369025e+02
1.645788173614961920e+02 3.650946778549450187e+02
1.645833543378535069e+02 3.651128978557117080e+02
1.645878913142108217e+02 3.651264634659292483e+02
1.645924282905681366e+02 3.651402898176252165e+02
1.645969652669254515e+02 3.651598949004163615e+02
1.646015022432827664e+02 3.651856511135043775e+02
1.646060392196400812e+02 3.652100526453209568e+02
1.646105761959973961e+02 3.652299224534061182e+02
1.646151131723547110e+02 3.652515025057211346e+02
1.646196501487120258e+02 3.652677259388515836e+02
1.646241871250693123e+02 3.652899484262550232e+02
1.646287241014266272e+02 3.653127045754346796e+02
1.646332610777839420e+02 3.653423082649300113e+02
1.646377980541412569e+02 3.653626103699010628e+02
1.646423350304985718e+02 3.653912087316181783e+02
1.646468720068558866e+02 3.654079306709147090e+02
1.646514089832131731e+02 3.654343946540410570e+02
1.646559459595704880e+02 3.654537209591665601e+02
1.646604829359278028e+02 3.654738042763477210e+02
1.646650199122851177e+02 3.654887099488453259e+02
1.646695568886424326e+02 3.655068895839664833e+02
1.646740938649997474e+02 3.655223267311394579e+02
1.646786308413570623e+02 3.655436585193202745e+02
1.646831678177143772e+02 3.655689581028817656e+02
1.646877047940716920e+02 3.655965712287145379e+02
1.646922417704290069e+02 3.656197197572720370e+02
1.646967787467863218e+02 3.656395271555523436e+02
1.647013157231436367e+02 3.656613748753283630e+02
1.647058526995009515e+02 3.656804265637601929e+02
1.647103896758582664e+02 3.656951759652324654e+02
1.647149266522155813e+02 3.657216365336081481e+02
1.647194636285728677e+02 3.657418408957065594e+02
1.647240006049301826e+02 3.657536949846226548e+02
1.647285375812874975e+02 3.657758771910523024e+02
1.647330745576448123e+02 3.657894603417119583e+02
1.647376115340021272e+02 3.658057733105613920e+02
1.647421485103594136e+02 3.658279833524306355e+02
1.647466854867167285e+02 3.658481678908897266e+02
1.647512224630740434e+02 3.658658733702327481e+02
1.647557594394313583e+02 3.658842985747449461e+02
1.647602964157886731e+02 3.659026013765172820e+02
1.647648333921459880e+02 3.659248185334002983e+02
1.647693703685033029e+02 3.659422876461290457e+02
1.647739073448606177e+02 3.659622559105769142e+02
1.647784443212179326e+02 3.659898170517743097e+02
1.647829812975752475e+02 3.660141951147015789e+02
1.647875182739325624e+02 3.660384543276023237e+02
1.647920552502898772e+02 3.660530796969985090e+02
1.647965922266471921e+02 3.660788143051774455e+02
1.648011292030045070e+02 3.661014929279794501e+02
1.648056661793618218e+02 3.661238802754690482e+02
1.648102031557191083e+02 3.661446013160659163e+02
1.648147401320764232e+02 3.661687137504931684e+02
1.648192771084337380e+02 3.661963294668652793e+02
1.648238140847910529e+02 3.662261229584932494e+02
1.648283510611483678e+02 3.662499314703719051e+02
1.648328880375056826e+02 3.662712955456097461e+02
1.648374250138629691e+02 3.662950758372091968e+02
1.648419619902202840e+02 3.663182762343554941e+02
1.648464989665775988e+02 3.663405438326020089e+02
1.648510359429349137e+02 3.663689695868415583e+02
1.648555729192922286e+02 3.664003251531468095e+02
1.648601098956495434e+02 3.664265484819617882e+02
1.648646468720068583e+02 3.664485882912060788e+02
1.648691838483641732e+02 3.664679792140994437e+02
1.648737208247214880e+02 3.664857314509495723e+02
1.648782578010788029e+02 3.664986590872758825e+02
1.648827947774361178e+02 3.665168921733562115e+02
1.648873317537934327e+02 3.665320399298261123e+02
1.648918687301507475e+02 3.665519398452703967e+02
1.648964057065080624e+02 3.665706322881102324e+02
1.649009426828653773e+02 3.665880211504741055e+02
1.649054796592226637e+02 3.666075595619944352e+02
1.649100166355799786e+02 3.666284495419577638e+02
1.649145536119372935e+02 3.666507274561059262e+02
1.649190905882946083e+02 3.666734340367910931e+02
1.649236275646519232e+02 3.666974857830134624e+02
1.649281645410092096e+02 3.667248190168139672e+02
1.649327015173665245e+02 3.667507194483044373e+02
1.649372384937238394e+02 3.667689337752219672e+02
1.649417754700811543e+02 3.667973458709066108e+02
1.649463124464384691e+02 3.668264838425006360e+02
1.649508494227957840e+02 3.668520528009956365e+02
1.649553863991530989e+02 3.668728679941029895e+02
1.649599233755104137e+02 3.668933813982721404e+02
1.649644603518677286e+02 3.669206603957771904e+02
1.649689973282250435e+02 3.669437304700684876e+02
1.649735343045823583e+02 3.669626869739029758e+02
1.649780712809396732e+02 3.669839812651002262e+02
1.649826082572969881e+02 3.670057190658409354e+02
1.649871452336543030e+02 3.670290792279726020e+02
1.649916822100116178e+02 3.670464854344727996e+02
1.649962191863689043e+02 3.670639090405417164e+02
1.650007561627262191e+02 3.670869616212610254e+02
1.650052931390835340e+02 3.670985583687696590e+02
1.650098301154408489e+02 3.671111141151397419e+02
1.650143670917981638e+02 3.671284333776203539e+02
1.650189040681554502e+02 3.671392629264638572e+02
1.650234410445127651e+02 3.671522306091347900e+02
1.650279780208700799e+02 3.671704859309703011e+02
1.650325149972273948e+02 3.671870788550442626e+02
1.650370519735847097e+02 3.672088620743114689e+02
1.650415889499420246e+02 3.672216203298299888e+02
1.650461259262993394e+02 3.672371652696629099e+02
1.650506629026566543e+02 3.672538453182631883e+02
1.650551998790139692e+02 3.672693675680548608e+02
1.650597368553712840e+02 3.672871745836965260e+02
1.650642738317285989e+02 3.673073720803202491e+02
1.650688108080859138e+02 3.673333610405338163e+02
1.650733477844432286e+02 3.673540355896719234e+02
1.650778847608005435e+02 3.673749558778278015e+02
1.650824217371578584e+02 3.673931833414698644e+02
1.650869587135151733e+02 3.674192119819412596e+02
1.650914956898724597e+02 3.674394437761268932e+02
1.650960326662297746e+02 3.674600072548504954e+02
1.651005696425870894e+02 3.674810666042849903e+02
1.651051066189444043e+02 3.675016007095618420e+02
1.651096435953017192e+02 3.675211895032648499e+02
1.651141805716590056e+02 3.675409471845201210e+02
1.651187175480163205e+02 3.675596767758094074e+02
1.651232545243736354e+02 3.675793971378417382e+02
1.651277915007309502e+02 3.675986511375211307e+02
1.651323284770882651e+02 3.676185820008581686e+02
1.651368654534455800e+02 3.676353612623443610e+02
1.651414024298028949e+02 3.676515513050019877e+02
1.651459394061602097e+02 3.676650524152949515e+02
1.651504763825175246e+02 3.676766069974884772e+02
1.651550133588748395e+02 3.676879627286514847e+02
1.651595503352321543e+02 3.677053882725037965e+02
1.651640873115894692e+02 3.677215285465422312e+02
1.651686242879467841e+02 3.677386981313554202e+02
1.651731612643040989e+02 3.677584976937450847e+02
1.651776982406614138e+02 3.677732813196683423e+02
1.651822352170187003e+02 3.677880514875994322e+02
1.651867721933760151e+02 3.678023908455792252e+02
1.651913091697333300e+02 3.678278299355091008e+02
1.651958461460906449e+02 3.678432496856242437e+02
1.652003831224479597e+02 3.678559076993286681e+02
1.652049200988052462e+02 3.678691034399772661e+02
1.652094570751625611e+02 3.678846016687117526e+02
1.652139940515198759e+02 3.679050283841756368e+02
1.652185310278771908e+02 3.679209087924710389e+02
1.652230680042345057e+02 3.679431017489649207e+02
1.652276049805918205e+02 3.679701289498758001e+02
1.652321419569491354e+02 3.679904837202734598e+02
1.652366789333064503e+02 3.680094037598557861e+02
1.652412159096637652e+02 3.680319230574258995e+02
1.652457528860210800e+02 3.680554484984658643e+02
1.652502898623783949e+02 3.680762559802650458e+02
1.652548268387357098e+02 3.680954533982535395e+02
1.652593638150930246e+02 3.681132224947278928e+02
1.652639007914503395e+02 3.681306965550130599e+02
1.652684377678076544e+02 3.681493685461144310e+02
1.652729747441649693e+02 3.681664708563605473e+02
1.652775117205222557e+02 3.681812183357935169e+02
1.652820486968795706e+02 3.681955422144218915e+02
1.652865856732368854e+02 3.682106767104286291e+02
1.652911226495942003e+02 3.682299534873440052e+02
1.652956596259515152e+02 3.682506003784338304e+02
1.653001966023088016e+02 3.682701690350264698e+02
1.653047335786661165e+02 3.682870268984462427e+02
1.653092705550234314e+02 3.682990179483668953e+02
1.653138075313807462e+02 3.683174485311911894e+02
1.653183445077380611e+02 3.683352006790636324e+02
1.653228814840953760e+02 3.683532859362144336e+02
1.653274184604526909e+02 3.683694460145401308e+02
1.653319554368100057e+02 3.683890742359224646e+02
1.653364924131673206e+02 3.684072027883917144e+02
1.653410293895246355e+02 3.684254176422652449e+02
1.653455663658819503e+02 3.684426108277563117e+02
1.653501033422392652e+02 3.684563577883496919e+02
1.653546403185965801e+02 3.684732362639814482e+02
1.653591772949538949e+02 3.684868541699676712e+02
1.653637142713112098e+02 3.685019878818549728e+02
1.653682512476684963e+02 3.685113046507251511e+02
1.653727882240258111e+02 3.685255702962542728e+02
1.653773252003831260e+02 3.685444078656927331e+02
1.653818621767404409e+02 3.685635088052398487e+02
1.653863991530977557e+02 3.685790833971978486e+02
1.653909361294550422e+02 3.685915391737692630e+02
1.653954731058123571e+02 3.686116159142416109e+02
1.654000100821696719e+02 3.686335633630504276e+02
1.654045470585269868e+02 3.686480340375944706e+02
1.654090840348843017e+02 3.686648655466154878e+02
1.654136210112416165e+02 3.686852971607072504e+02
1.654181579875989314e+02 3.686986028606678474e+02
1.654226949639562463e+02 3.687207153006501130e+02
1.654272319403135612e+02 3.687404238493238040e+02
1.654317689166708760e+02 3.687628046526017442e+02
1.654363058930281909e+02 3.687838024458788482e+02
1.654408428693855058e+02 3.687994359604418264e+02
1.654453798457428206e+02 3.688092278528450265e+02
1.654499168221001355e+02 3.688210804573061523e+02
1.654544537984574504e+02 3.688386063713326166e+02
1.654589907748147652e+02 3.688530445953126105e+02
1.654635277511720517e+02 3.688684326153266966e+02
1.654680647275293666e+02 3.688862887926958933e+02
1.654726017038866814e+02 3.689090537649486805e+02
1.654771386802439963e+02 3.689243942497215016e+02
1.654816756566013112e+02 3.689410173514037865e+02
1.654862126329585976e+02 3.689577060684983962e+02
1.654907496093159125e+02 3.689776535324521092e+02
1.654952865856732274e+02 3.689975846745444983e+02
1.654998235620305422e+02 3.690115352556351809e+02
1.655043605383878571e+02 3.690274887150116001e+02
1.655088975147451720e+02 3.690399681500479687e+02
1.655134344911024868e+02 3.690524346759902983e+02
1.655179714674598017e+02 3.690699574894875354e+02
1.655225084438171166e+02 3.690795276390242634e+02
1.655270454201744315e+02 3.690987927302393246e+02
1.655315823965317463e+02 3.691119920538758947e+02
1.655361193728890612e+02 3.691302635980010223e+02
1.655406563492463761e+02 3.691487858215760980e+02
1.655451933256036909e+02 3.691734097898515188e+02
1.655497303019610058e+02 3.691903043912889189e+02
1.655542672783182923e+02 3.692133154784432918e+02
1.655588042546756071e+02 3.692314270803726117e+02
1.655633412310329220e+02 3.692506835865622179e+02
1.655678782073902369e+02 3.692637405123840040e+02
1.655724151837475517e+02 3.692779692187693286e+02
1.655769521601048382e+02 3.692964492814343203e+02
1.655814891364621531e+02 3.693134423296645537e+02
1.655860261128194679e+02 3.693336693035041094e+02
1.655905630891767828e+02 3.693498599868077008e+02
1.655951000655340977e+02 3.693699284444401769e+02
1.655996370418914125e+02 3.693911236327131178e+02
1.656041740182487274e+02 3.694048361705462185e+02
1.656087109946060423e+02 3.694323007650835393e+02
1.656132479709633571e+02 3.694529576313834696e+02
1.656177849473206720e+02 3.694709010491185381e+02
1.656223219236779869e+02 3.694855218875559331e+02
1.656268589000353018e+02 3.695026377246648508e+02
1.656313958763926166e+02 3.695163047538466685e+02
1.656359328527499315e+02 3.695316520035932513e+02
1.656404698291072464e+02 3.695475696357268021e+02
1.656450068054645612e+02 3.695555804505198694e+02
1.656495437818218477e+02 3.695620494429081191e+02
1.656540807581791626e+02 3.695712485726842829e+02
1.656586177345364774e+02 3.695890551102650647e+02
1.656631547108937923e+02 3.696053030647306628e+02
1.656676916872511072e+02 3.696167140851979411e+02
1.656722286636083936e+02 3.696276540412593477e+02
1.656767656399657085e+02 3.696459672959543354e+02
1.656813026163230234e+02 3.696577668741443290e+02
1.656858395926803382e+02 3.696757254491657250e+02
1.656903765690376531e+02 3.696953967339769065e+02
1.656949135453949680e+02 3.697069245265946620e+02
1.656994505217522828e+02 3.697256212045605821e+02
1.657039874981095977e+02 3.697418132832434594e+02
1.657085244744669126e+02 3.697579369556682423e+02
1.657130614508242274e+02 3.697786807678671721e+02
1.657175984271815423e+02 3.697961469167126438e+02
1.657221354035388572e+02 3.698120810669171306e+02
1.657266723798961721e+02 3.698352692788997160e+02
1.657312093562534869e+02 3.698512464881467849e+02
1.657357463326108018e+02 3.698724220497412034e+02
1.657402833089680882e+02 3.698906735502561673e+02
1.657448202853254031e+02 3.699055551432237507e+02
1.657493572616827180e+02 3.699237925757802259e+02
1.657538942380400329e+02 3.699406099284699962e+02
1.657584312143973477e+02 3.699602507981975918e+02
1.657629681907546342e+02 3.699774012496628188e+02
1.657675051671119490e+02 3.699868448704222033e+02
1.657720421434692639e+02 3.700033614555284771e+02
1.657765791198265788e+02 3.700197222752073003e+02
1.657811160961838937e+02 3.700347511713956692e+02
1.657856530725412085e+02 3.700519321568732494e+02
1.657901900488985234e+02 3.700774433768458493e+02
1.657947270252558383e+02 3.700928250736180303e+02
1.657992640016131531e+02 3.701155015942877071e+02
1.658038009779704680e+02 3.701299180301024307e+02
1.658083379543277829e+02 3.701452899267279122e+02
1.658128749306850978e+02 3.701602382657212047e+02
1.658174119070424126e+02 3.701722528013332294e+02
1.658219488833997275e+02 3.701832064851463429e+02
1.658264858597570424e+02 3.701943285103342305e+02
1.658310228361143572e+02 3.702042704312972887e+02
1.658355598124716437e+02 3.702182127160223786e+02
1.658400967888289586e+02 3.702351974293580383e+02
1.658446337651862734e+02 3.702493690795517409e+02
1.658491707415435883e+02 3.702625849724671525e+02
1.658537077179009032e+02 3.702800696283283628e+02
1.658582446942581896e+02 3.702920937245542632e+02
1.658627816706155045e+02 3.703057834898122564e+02
1.658673186469728194e+02 3.703217192883652160e+02
1.658718556233301342e+02 3.703411742599413969e+02
1.658763925996874491e+02 3.703594731549142693e+02
1.658809295760447640e+02 3.703745172796648149e+02
1.658854665524020788e+02 3.703877742178243011e+02
1.658900035287593937e+02 3.704055550248355644e+02
1.658945405051167086e+02 3.704281727118489584e+02
1.658990774814740234e+02 3.704411439072047187e+02
1.659036144578313383e+02 3.704604736326205625e+02
1.659081514341886532e+02 3.704771167127190097e+02
1.659126884105459681e+02 3.704938729788416936e+02
1.659172253869032829e+02 3.705120196807649222e+02
1.659217623632605978e+02 3.705262335554165247e+02
1.659262993396178842e+02 3.705414108260613943e+02
1.659308363159751991e+02 3.705587823666336362e+02
1.659353732923325140e+02 3.705729168810415217e+02
1.659399102686898289e+02 3.705937035285535330e+02
1.659444472450471437e+02 3.706106904249283502e+02
1.659489842214044302e+02 3.706260874878711888e+02
1.659535211977617450e+02 3.706452256578731976e+02
1.659580581741190599e+02 3.706647198038542115e+02
1.659625951504763748e+02 3.706856263685830299e+02
1.659671321268336897e+02 3.706992867326839018e+02
1.659716691031910045e+02 3.707165572508031346e+02
1.659762060795483194e+02 3.707385368735120892e+02
1.659807430559056343e+02 3.707579846100942973e+02
1.659852800322629491e+02 3.707785643148748136e+02
1.659898170086202640e+02 3.708009717100214857e+02
1.659943539849775789e+02 3.708145905721443114e+02
1.659988909613348937e+02 3.708287425806148576e+02
1.660034279376922086e+02 3.708442952554730709e+02
1.660079649140495235e+02 3.708622684284026718e+02
1.660125018904068384e+02 3.708803047982948442e+02
1.660170388667641532e+02 3.709003639247101205e+02
1.660215758431214397e+02 3.709238260191866061e+02
1.660261128194787545e+02 3.709391137000960725e+02
1.660306497958360694e+02 3.709600905194646998e+02
1.660351867721933843e+02 3.709814351539820905e+02
1.660397237485506992e+02 3.709984714797107586e+02
1.660442607249079856e+02 3.710113296680718236e+02
1.660487977012653005e+02 3.710247470605982585e+02
1.660533346776226153e+02 3.710353699772097684e+02
1.660578716539799302e+02 3.710513995663342826e+02
1.660624086303372451e+02 3.710674788088080618e+02
1.660669456066945600e+02 3.710840715371073770e+02
1.660714825830518748e+02 3.711049695722252295e+02
1.660760195594091897e+02 3.711204564727630100e+02
1.660805565357665046e+02 3.711316403189163111e+02
1.660850935121238194e+02 3.711416616976195542e+02
1.660896304884811343e+02 3.711602810376406865e+02
1.660941674648384492e+02 3.711785047424816071e+02
1.660987044411957640e+02 3.711952560706638451e+02
1.661032414175530789e+02 3.712116698444521603e+02
1.661077783939103938e+02 3.712255308394181270e+02
1.661123153702676802e+02 3.712374695781217042e+02
1.661168523466249951e+02 3.712518374183454739e+02
1.661213893229823100e+02 3.712654454618590307e+02
1.661259262993396248e+02 3.712777551801579534e+02
1.661304632756969397e+02 3.712906022962275188e+02
1.661350002520542262e+02 3.713032352144497850e+02
1.661395372284115410e+02 3.713170429741708176e+02
1.661440742047688559e+02 3.713305412777678498e+02
1.661486111811261708e+02 3.713496999806063741e+02
1.661531481574834856e+02 3.713607966142229770e+02
1.661576851338408005e+02 3.713788425275849931e+02
1.661622221101981154e+02 3.713988725149999368e+02
1.661667590865554303e+02 3.714126185929579265e+02
1.661712960629127451e+02 3.714357370381310943e+02
1.661758330392700600e+02 3.714518685698573677e+02
1.661803700156273749e+02 3.714718407122147141e+02
1.661849069919846897e+02 3.714836741868420518e+02
1.661894439683420046e+02 3.714999165137461432e+02
1.661939809446993195e+02 3.715188493625364003e+02
1.661985179210566343e+02 3.715299184157440777e+02
1.662030548974139492e+02 3.715421691020443404e+02
1.662075918737712357e+02 3.715586507404620420e+02
1.662121288501285505e+02 3.715687452993732336e+02
1.662166658264858654e+02 3.715816584982917448e+02
1.662212028028431803e+02 3.716000156832912467e+02
1.662257397792004951e+02 3.716174982610473307e+02
1.662302767555577816e+02 3.716365998428044577e+02
1.662348137319150965e+02 3.716507224832994325e+02
1.662393507082724113e+02 3.716639553240191276e+02
1.662438876846297262e+02 3.716776503769094120e+02
1.662484246609870411e+02 3.716935712243949297e+02
1.662529616373443559e+02 3.717091435743876104e+02
1.662574986137016708e+02 3.717222437059023150e+02
1.662620355900589857e+02 3.717358668058442959e+02
1.662665725664163006e+02 3.717551278381210977e+02
1.662711095427736154e+02 3.717685902632894113e+02
1.662756465191309303e+02 3.717864770957681344e+02
1.662801834954882452e+02 3.718069856898106877e+02
1.662847204718455600e+02 3.718244865047375924e+02
1.662892574482028749e+02 3.718438981735448010e+02
1.662937944245601898e+02 3.718627558358926990e+02
1.662983314009174762e+02 3.718813075667060843e+02
1.663028683772747911e+02 3.719045703106343694e+02
1.663074053536321060e+02 3.719221294138883422e+02
1.663119423299894208e+02 3.719413381578253848e+02
1.663164793063467357e+02 3.719506446015378174e+02
1.663210162827040222e+02 3.719667762172110201e+02
1.663255532590613370e+02 3.719849559892269895e+02
1.663300902354186519e+02 3.720002521566127598e+02
1.663346272117759668e+02 3.720109901457660726e+02
1.663391641881332816e+02 3.720210493019962996e+02
1.663437011644905965e+02 3.720387463464658708e+02
1.663482381408479114e+02 3.720557999875971404e+02
1.663527751172052263e+02 3.720704770254242248e+02
1.663573120935625411e+02 3.720845418639845548e+02
1.663618490699198560e+02 3.721008199243674426e+02
1.663663860462771709e+02 3.721107978582007263e+02
1.663709230226344857e+02 3.721195926275254351e+02
1.663754599989918006e+02 3.721294802843394791e+02
1.663799969753491155e+02 3.721380507113821636e+02
1.663845339517064303e+02 3.721532573625401028e+02
1.663890709280637168e+02 3.721666465864767588e+02
1.663936079044210317e+02 3.721796864987405797e+02
1.663981448807783465e+02 3.721927688307632707e+02
1.664026818571356614e+02 3.722034653960310493e+02
1.664072188334929763e+02 3.722166964366539332e+02
1.664117558098502911e+02 3.722296319655973775e+02
1.664162927862075776e+02 3.722467602998419807e+02
1.664208297625648925e+02 3.722661759950930218e+02
1.664253667389222073e+02 3.722820439351960999e+02
1.664299037152795222e+02 3.722978651122947440e+02
1.664344406916368371e+02 3.723186433318962258e+02
1.664389776679941519e+02 3.723335074123171466e+02
1.664435146443514668e+02 3.723558180803306072e+02
1.664480516207087817e+02 3.723745025963323769e+02
1.664525885970660966e+02 3.723933899438550270e+02
1.664571255734234114e+02 3.724154460780682143e+02
1.664616625497807263e+02 3.724354554384769926e+02
1.664661995261380412e+02 3.724540688277171512e+02
1.664707365024953560e+02 3.724714906171396365e+02
1.664752734788526709e+02 3.724953597792810456e+02
1.664798104552099858e+02 3.725089599980393018e+02
1.664843474315672722e+02 3.725252840022371856e+02
1.664888844079245871e+02 3.725412429786717325e+02
1.664934213842819020e+02 3.725500370219261299e+02
1.664979583606392168e+02 3.725661133767766273e+02
1.665024953369965317e+02 3.725817414084926327e+02
1.665070323133538182e+02 3.726004076447059106e+02
1.665115692897111330e+02 3.726195991118714232e+02
1.665161062660684479e+02 3.726393031618250689e+02
1.665206432424257628e+02 3.726540281321970269e+02
1.665251802187830776e+02 3.726672705350877663e+02
1.665297171951403925e+02 3.726800268965712348e+02
1.665342541714977074e+02 3.726998744176386253e+02
1.665387911478550222e+02 3.727149288942070484e+02
1.665433281242123371e+02 3.727258148570460321e+02
1.665478651005696520e+02 3.727368555770040075e+02
1.665524020769269669e+02 3.727467831143204648e+02
1.665569390532842817e+02 3.727642274635915101e+02
1.665614760296415966e+02 3.727802332858335603e+02
1.665660130059989115e+02 3.727968275885568232e+02
1.665705499823562263e+02 3.728173124392394016e+02
1.665750869587135128e+02 3.728331661582179208e+02
1.665796239350708277e+02 3.728462313277528892e+02
1.665841609114281425e+02 3.728562357488053181e+02
1.665886978877854574e+02 3.728672408821006456e+02
1.665932348641427723e+02 3.728854097154533633e+02
1.665977718405000871e+02 3.728992739022702381e+02
1.666023088168573736e+02 3.729157592875083083e+02
1.666068457932146885e+02 3.729380546801112928e+02
1.666113827695720033e+02 3.729508469870703493e+02
1.666159197459293182e+02 3.729634586005275878e+02
1.666204567222866331e+02 3.729778809248279572e+02
1.666249936986439479e+02 3.729936551473292639e+02
1.666295306750012628e+02 3.730117958243308749e+02
1.666340676513585777e+02 3.730281641735571156e+02
1.666386046277158925e+02 3.730475180689176682e+02
1.666431416040732074e+02 3.730625196962291739e+02
1.666476785804305223e+02 3.730782852308231554e+02
1.666522155567878372e+02 3.730952892271346286e+02
1.666567525331451520e+02 3.731120855744667892e+02
1.666612895095024669e+02 3.731305517151296840e+02
1.666658264858597818e+02 3.731488929258914027e+02
1.666703634622170682e+02 3.731610903141187237e+02
1.666749004385743831e+02 3.731785209453519201e+02
1.666794374149316980e+02 3.731989194070880558e+02
1.666839743912890128e+02 3.732168129138410677e+02
1.666885113676463277e+02 3.732397086602670129e+02
1.666930483440036141e+02 3.732548535914148715e+02
1.666975853203609290e+02 3.732718549825905825e+02
1.667021222967182439e+02 3.732875038366325953e+02
1.667066592730755588e+02 3.733066977854498987e+02
1.667111962494328736e+02 3.733240159203465964e+02
1.667157332257901885e+02 3.733414730985504093e+02
1.667202702021475034e+02 3.733612759812285731e+02
1.667248071785048182e+02 3.733773318487741335e+02
1.667293441548621331e+02 3.733932282584415248e+02
1.667338811312194480e+02 3.734119817242525983e+02
1.667384181075767628e+02 3.734314674469409283e+02
1.667429550839340777e+02 3.734470051039907617e+02
1.667474920602913926e+02 3.734612343298136352e+02
1.667520290366487075e+02 3.734766600660824452e+02
1.667565660130060223e+02 3.734997621650600763e+02
1.667611029893633088e+02 3.735166832600859834e+02
1.667656399657206236e+02 3.735347042027268571e+02
1.667701769420779385e+02 3.735478863184337683e+02
1.667747139184352534e+02 3.735663222020064609e+02
1.667792508947925683e+02 3.735830353819325751e+02
1.667837878711498547e+02 3.736026701616206083e+02
1.667883248475071696e+02 3.736206831657736416e+02
1.667928618238644844e+02 3.736433361339748558e+02
1.667973988002217993e+02 3.736616381179952100e+02
1.668019357765791142e+02 3.736792831316149091e+02
1.668064727529364291e+02 3.736985602592757800e+02
1.668110097292937439e+02 3.737200862808796842e+02
1.668155467056510588e+02 3.737383066994126466e+02
1.668200836820083737e+02 3.737518766115305198e+02
1.668246206583656885e+02 3.737671608058862489e+02
1.668291576347230034e+02 3.737767136196999900e+02
1.668336946110803183e+02 3.737906238015453937e+02
1.668382315874376332e+02 3.738068915839760962e+02
1.668427685637949480e+02 3.738230397007131387e+02
1.668473055401522629e+02 3.738420557965926605e+02
1.668518425165095778e+02 3.738563879568785637e+02
1.668563794928668642e+02 3.738718336068957342e+02
1.668609164692241791e+02 3.738857753639275074e+02
1.668654534455814940e+02 3.738981189357993458e+02
1.668699904219388088e+02 3.739132349004012212e+02
1.668745273982961237e+02 3.739288511038442380e+02
1.668790643746534101e+02 3.739424643627177716e+02
1.668836013510107250e+02 3.739579537796840896e+02
1.668881383273680399e+02 3.739754491152694413e+02
1.668926753037253548e+02 3.739927011110170838e+02
1.668972122800826696e+02 3.740119654012206070e+02
1.669017492564399845e+02 3.740254435729131615e+02
1.669062862327972994e+02 3.740353090078630771e+02
1.669108232091546142e+02 3.740527975893690495e+02
1.669153601855119291e+02 3.740692958793629259e+02
1.669198971618692440e+02 3.740797545193597102e+02
1.669244341382265588e+02 3.740992039300535907e+02
1.669289711145838737e+02 3.741183904971991296e+02
1.669335080909411886e+02 3.741329360849929344e+02
1.669380450672985035e+02 3.741528310127391705e+02
1.669425820436558183e+02 3.741712186316458997e+02
1.669471190200131048e+02 3.741881465991338587e+02
1.669516559963704196e+02 3.742099548051888860e+02
1.669561929727277345e+02 3.742292431459889031e+02
1.669607299490850494e+02 3.742470283331509222e+02
1.669652669254423643e+02 3.742687698598664952e+02
1.669698039017996507e+02 3.742884956536062191e+02
1.669743408781569656e+02 3.743096343667022552e+02
1.669788778545142804e+02 3.743266370978944906e+02
1.669834148308715953e+02 3.743444444349523224e+02
1.669879518072289102e+02 3.743604573372759319e+02
1.669924887835862251e+02 3.743763402256894892e+02
1.669970257599435399e+02 3.743917816391416977e+02
1.670015627363008548e+02 3.744045915046169739e+02
1.670060997126581697e+02 3.744201151795603550e+02
1.670106366890154845e+02 3.744377639089774448e+02
1.670151736653727994e+02 3.744606818520789489e+02
1.670197106417301143e+02 3.744753617815901521e+02
1.670242476180874291e+02 3.744951041004841841e+02
1.670287845944447440e+02 3.745156549921803162e+02
1.670333215708020589e+02 3.745332816892805567e+02
1.670378585471593738e+02 3.745403022105877540e+02
1.670423955235166602e+02 3.745545526223158959e+02
1.670469324998739751e+02 3.745692355265143192e+02
1.670514694762312899e+02 3.745831402236235022e+02
1.670560064525886048e+02 3.745938255733370283e+02
1.670605434289459197e+02 3.746071257701120203e+02
1.670650804053032061e+02 3.746237765255184513e+02
1.670696173816605210e+02 3.746369997531590457e+02
1.670741543580178359e+02 3.746549491743130034e+02
1.670786913343751507e+02 3.746714670016219202e+02
1.670832283107324656e+02 3.746890475869061561e+02
1.670877652870897805e+02 3.747063570528312084e+02
1.670923022634470954e+02 3.747256259385405315e+02
1.670968392398044102e+02 3.747409136201376327e+02
1.671013762161617251e+02 3.747527036374302156e+02
1.671059131925190400e+02 3.747639387842959877e+02
1.671104501688763548e+02 3.747778122961306053e+02
1.671149871452336697e+02 3.747917997215295145e+02
1.671195241215909846e+02 3.748067519868736781e+02
1.671240610979482994e+02 3.748253597056251465e+02
1.671285980743056143e+02 3.748374562075862286e+02
1.671331350506629008e+02 3.748484393449583649e+02
1.671376720270202156e+02 3.748623274675716743e+02
1.671422090033775305e+02 3.748776683693855603e+02
1.671467459797348454e+02 3.748935573444615557e+02
1.671512829560921602e+02 3.749134912488637497e+02
1.671558199324494467e+02 3.749293292680653735e+02
1.671603569088067616e+02 3.749482427583128583e+02
1.671648938851640764e+02 3.749675568531589533e+02
1.671694308615213913e+02 3.749900275886326426e+02
1.671739678378787062e+02 3.750117813211300017e+02
1.671785048142360210e+02 3.750277575624258475e+02
1.671830417905933359e+02 3.750456014744794402e+02
1.671875787669506508e+02 3.750631553984125617e+02
1.671921157433079657e+02 3.750802341259649211e+02
1.671966527196652805e+02 3.751009425027133943e+02
1.672011896960225954e+02 3.751202164497524336e+02
1.672057266723799103e+02 3.751415145100802988e+02
1.672102636487372251e+02 3.751552103540167309e+02
1.672148006250945400e+02 3.751684758730401654e+02
1.672193376014518549e+02 3.751902296628309728e+02
1.672238745778091698e+02 3.752052866089042595e+02
1.672284115541664562e+02 3.752172715136991314e+02
1.672329485305237711e+02 3.752316772699230683e+02
1.672374855068810859e+02 3.752459088392027979e+02
1.672420224832384008e+02 3.752584851513512945e+02
1.672465594595957157e+02 3.752739220816642955e+02
1.672510964359530021e+02 3.752941528798338027e+02
1.672556334123103170e+02 3.753094410441496507e+02
1.672601703886676319e+02 3.753260289585056739e+02
1.672647073650249467e+02 3.753423568244995749e+02
1.672692443413822616e+02 3.753593490999748497e+02
1.672737813177395765e+02 3.753760820168557757e+02
1.672783182940968913e+02 3.753870849595518280e+02
1.672828552704542062e+02 3.754025544741223825e+02
1.672873922468115211e+02 3.754164505828672418e+02
1.672919292231688360e+02 3.754292764316723492e+02
1.672964661995261508e+02 3.754395529282103325e+02
1.673010031758834657e+02 3.754507488658811099e+02
1.673055401522407806e+02 3.754632960676291873e+02
1.673100771285980954e+02 3.754802142991058531e+02
1.673146141049554103e+02 3.754969055533159121e+02
1.673191510813126968e+02 3.755168014273233439e+02
1.673236880576700116e+02 3.755393074661038213e+02
1.673282250340273265e+02 3.755579169577452490e+02
1.673327620103846414e+02 3.755734848498155429e+02
1.673372989867419562e+02 3.755908299281211953e+02
1.673418359630992427e+02 3.756063057345752441e+02
1.673463729394565576e+02 3.756207302325168484e+02
1.673509099158138724e+02 3.756387128493311707e+02
1.673554468921711873e+02 3.756514479750926512e+02
1.673599838685285022e+02 3.756680949859084535e+02
1.673645208448858170e+02 3.756870354667188963e+02
1.673690578212431319e+02 3.757073273592778833e+02
1.673735947976004468e+02 3.757270230498533579e+02
1.673781317739577617e+02 3.757410419610463919e+02
1.673826687503150765e+02 3.757542848245871028e+02
1.673872057266723914e+02 3.757697572333028688e+02
1.673917427030297063e+02 3.757905961499366185e+02
1.673962796793870211e+02 3.758091149193633669e+02
1.674008166557443360e+02 3.758280304167346344e+02
1.674053536321016509e+02 3.758451520807147404e+02
1.674098906084589657e+02 3.758632667189411904e+02
1.674144275848162522e+02 3.758757694016171058e+02
1.674189645611735671e+02 3.758885601491631974e+02
1.674235015375308819e+02 3.759021402355121495e+02
1.674280385138881968e+02 3.759161523690091826e+02
1.674325754902455117e+02 3.759225117164633616e+02
1.674371124666027981e+02 3.759351298813716653e+02
1.674416494429601130e+02 3.759493506986019042e+02
1.674461864193174279e+02 3.759696625607351734e+02
1.674507233956747427e+02 3.759878144162747162e+02
1.674552603720320576e+02 3.760015789443164067e+02
1.674597973483893725e+02 3.760167430345077264e+02
1.674643343247466873e+02 3.760316513005560068e+02
1.674688713011040022e+02 3.760418193888244787e+02
1.674734082774613171e+02 3.760568431848880095e+02
1.674779452538186320e+02 3.760763040638346979e+02
1.674824822301759468e+02 3.760929526814916812e+02
1.674870192065332617e+02 3.761069170528181189e+02
1.674915561828905766e+02 3.761180696717276533e+02
1.674960931592478914e+02 3.761322368238204490e+02
1.675006301356052063e+02 3.761432535561384611e+02
1.675051671119624928e+02 3.761528972805105582e+02
1.675097040883198076e+02 3.761702743646944782e+02
1.675142410646771225e+02 3.761876854666020336e+02
1.675187780410344374e+02 3.762058691610682217e+02
1.675233150173917522e+02 3.762225424769097231e+02
1.675278519937490387e+02 3.762378452085822573e+02
1.675323889701063536e+02 3.762594870565063729e+02
1.675369259464636684e+02 3.762787333874790647e+02
1.675414629228209833e+02 3.762924271573915576e+02
1.675459998991782982e+02 3.763086384480057518e+02
1.675505368755356130e+02 3.763191338410817366e+02
1.675550738518929279e+02 3.763356767157584386e+02
1.675596108282502428e+02 3.763516211586480722e+02
1.675641478046075576e+02 3.763706062584821552e+02
1.675686847809648725e+02 3.763898864670291005e+02
1.675732217573221874e+02 3.764045650352614416e+02
1.675777587336795023e+02 3.764236250439104197e+02
1.675822957100368171e+02 3.764423757440961822e+02
1.675868326863941320e+02 3.764629620223776669e+02
1.675913696627514469e+02 3.764766372941451777e+02
1.675959066391087617e+02 3.764939939106361635e+02
1.676004436154660482e+02 3.765074654340601228e+02
1.676049805918233631e+02 3.765214781540315698e+02
1.676095175681806779e+02 3.765366384874506593e+02
1.676140545445379928e+02 3.765508107930416486e+02
1.676185915208953077e+02 3.765723722402230464e+02
1.676231284972525941e+02 3.765920822793807474e+02
1.676276654736099090e+02 3.766085335793236482e+02
1.676322024499672239e+02 3.766256865337323916e+02
1.676367394263245387e+02 3.766420350887715927e+02
1.676412764026818536e+02 3.766545796204249541e+02
1.676458133790391685e+02 3.766739564626575998e+02
1.676503503553964833e+02 3.766848498942370611e+02
1.676548873317537982e+02 3.767006258340806539e+02
1.676594243081111131e+02 3.767220537967717178e+02
1.676639612844684279e+02 3.767340341886960005e+02
1.676684982608257428e+02 3.767461308448009731e+02
1.676730352371830577e+02 3.767622840789351244e+02
1.676775722135403726e+02 3.767797452295939138e+02
1.676821091898976874e+02 3.767939118811134449e+02
1.676866461662550023e+02 3.768122713761809450e+02
1.676911831426122887e+02 3.768276583179877548e+02
1.676957201189696036e+02 3.768450179165150757e+02
1.677002570953269185e+02 3.768609731260081617e+02
1.677047940716842334e+02 3.768732293556674904e+02
1.677093310480415482e+02 3.768864826261067833e+02
1.677138680243988347e+02 3.769059280049868335e+02
1.677184050007561495e+02 3.769232081477392740e+02
1.677229419771134644e+02 3.769331766919139000e+02
1.677274789534707793e+02 3.769512891558523506e+02
1.677320159298280942e+02 3.769678207730626696e+02
1.677365529061854090e+02 3.769779132932046082e+02
1.677410898825427239e+02 3.769942944798084454e+02
1.677456268589000388e+02 3.770122051635177627e+02
1.677501638352573536e+02 3.770278335589262610e+02
1.677547008116146685e+02 3.770413170322970586e+02
1.677592377879719834e+02 3.770589631845077179e+02
1.677637747643292983e+02 3.770767499973060239e+02
1.677683117406866131e+02 3.770927550982139564e+02
1.677728487170439280e+02 3.771100330414819837e+02
1.677773856934012429e+02 3.771203426889946968e+02
1.677819226697585577e+02 3.771350053248190761e+02
1.677864596461158442e+02 3.771513244924526020e+02
1.677909966224731591e+02 3.771667809004705987e+02
1.677955335988304739e+02 3.771814169321197596e+02
1.678000705751877888e+02 3.771961431784465617e+02
1.678046075515451037e+02 3.772082359456708218e+02
1.678091445279023901e+02 3.772241832790583658e+02
1.678136815042597050e+02 3.772440538719268375e+02
1.678182184806170198e+02 3.772602832680668143e+02
1.678227554569743347e+02 3.772773949940014404e+02
1.678272924333316496e+02 3.772925473339665814e+02
1.678318294096889645e+02 3.773016236864027633e+02
1.678363663860462793e+02 3.773151861191547596e+02
1.678409033624035942e+02 3.773363030121293491e+02
1.678454403387609091e+02 3.773525222481691799e+02
1.678499773151182239e+02 3.773712607784184456e+02
1.678545142914755388e+02 3.773883821430488865e+02
1.678590512678328537e+02 3.773995583502458544e+02
1.678635882441901686e+02 3.774142664008505790e+02
1.678681252205474834e+02 3.774254465097162097e+02
1.678726621969047983e+02 3.774440689446529404e+02
1.678771991732620847e+02 3.774578329099404073e+02
1.678817361496193996e+02 3.774744975351913467e+02
1.678862731259767145e+02 3.774825958636287737e+02
1.678908101023340294e+02 3.774920670596354171e+02
1.678953470786913442e+02 3.775053850528983617e+02
1.678998840550486307e+02 3.775208209204583909e+02
1.679044210314059455e+02 3.775325988232382315e+02
1.679089580077632604e+02 3.775501348190326212e+02
1.679134949841205753e+02 3.775622232191143439e+02
1.679180319604778902e+02 3.775783916039178507e+02
1.679225689368352050e+02 3.775942993764777498e+02
1.679271059131925199e+02 3.776103655764783866e+02
1.679316428895498348e+02 3.776288811048124217e+02
1.679361798659071496e+02 3.776482216586966274e+02
1.679407168422644645e+02 3.776679400658692884e+02
1.679452538186217794e+02 3.776857147287003045e+02
1.679497907949790942e+02 3.776974275029400019e+02
1.679543277713364091e+02 3.777183511654247354e+02
1.679588647476937240e+02 3.777382406570280295e+02
1.679634017240510389e+02 3.777542776340376349e+02
1.679679387004083537e+02 3.777684636571315195e+02
1.679724756767656402e+02 3.777842348172924289e+02
1.679770126531229550e+02 3.777972619837406683e+02
1.679815496294802699e+02 3.778126194524075459e+02
1.679860866058375848e+02 3.778253200332723623e+02
1.679906235821948997e+02 3.778420688141883375e+02
1.679951605585521861e+02 3.778591835941877548e+02
1.679996975349095010e+02 3.778732740690533092e+02
1.680042345112668158e+02 3.778919928770977776e+02
1.680087714876241307e+02 3.779064648283512042e+02
1.680133084639814456e+02 3.779242364046791067e+02
1.680178454403387605e+02 3.779407439818699572e+02
1.680223824166960753e+02 3.779537280779596244e+02
1.680269193930533902e+02 3.779714669707453822e+02
1.680314563694107051e+02 3.779895676818794072e+02
1.680359933457680199e+02 3.780020719846734210e+02
1.680405303221253348e+02 3.780182990590126337e+02
1.680450672984826497e+02 3.780340605200583468e+02
1.680496042748399645e+02 3.780489269036553992e+02
1.680541412511972794e+02 3.780643301391158957e+02
1.680586782275545943e+02 3.780840702376025320e+02
1.680632152039118807e+02 3.780988737299696822e+02
1.680677521802691956e+02 3.781211578829771724e+02
1.680722891566265105e+02 3.781363803173345559e+02
1.680768261329838253e+02 3.781578999671042993e+02
1.680813631093411402e+02 3.781754087328704941e+02
1.680859000856984267e+02 3.781965185409086985e+02
1.680904370620557415e+02 3.782135963845204856e+02
1.680949740384130564e+02 3.782310523952864969e+02
1.680995110147703713e+02 3.782465139110802284e+02
1.681040479911276861e+02 3.782643255099188764e+02
1.681085849674850010e+02 3.782824627861495514e+02
1.681131219438423159e+02 3.783028933553222259e+02
1.681176589201996308e+02 3.783195952759585339e+02
1.681221958965569456e+02 3.783363649499926851e+02
1.681267328729142605e+02 3.783524288390428865e+02
1.681312698492715754e+02 3.783632844190371429e+02
1.681358068256288902e+02 3.783800013965355333e+02
1.681403438019862051e+02 3.783935186719202761e+02
1.681448807783435200e+02 3.784087025347203621e+02
1.681494177547008348e+02 3.784245099587033110e+02
1.681539547310581213e+02 3.784358062280450667e+02
1.681584917074154362e+02 3.784513388220470347e+02
1.681630286837727510e+02 3.784707528449271194e+02
1.681675656601300659e+02 3.784860557923421993e+02
1.681721026364873808e+02 3.784978827431776836e+02
1.681766396128446956e+02 3.785149848254955032e+02
1.681811765892019821e+02 3.785286637005297052e+02
1.681857135655592970e+02 3.785453214443253387e+02
1.681902505419166118e+02 3.785627440166654765e+02
1.681947875182739267e+02 3.785837974965843387e+02
1.681993244946312416e+02 3.785992635545409257e+02
1.682038614709885564e+02 3.786154014519410680e+02
1.682083984473458713e+02 3.786309322437261926e+02
1.682129354237031862e+02 3.786483009886841273e+02
1.682174724000605011e+02 3.786630606737479070e+02
1.682220093764178159e+02 3.786769356793927273e+02
1.682265463527751308e+02 3.786950302017985450e+02
1.682310833291324457e+02 3.787110438067360860e+02
1.682356203054897605e+02 3.787260798232456978e+02
1.682401572818470754e+02 3.787389301695645258e+02
1.682446942582043903e+02 3.787571857304737932e+02
1.682492312345616767e+02 3.787737083668017135e+02
1.682537682109189916e+02 3.787933097094451114e+02
1.682583051872763065e+02 3.788114199958038171e+02
1.682628421636336213e+02 3.788289817080054718e+02
1.682673791399909362e+02 3.788476293755559823e+02
1.682719161163482227e+02 3.788592328237885454e+02
1.682764530927055375e+02 3.788747974611859490e+02
1.682809900690628524e+02 3.788942411348320434e+02
1.682855270454201673e+02 3.789099518840756105e+02
1.682900640217774821e+02 3.789265538256760806e+02
1.682946009981347970e+02 3.789402041048102774e+02
1.682991379744921119e+02 3.789537102260488837e+02
1.683036749508494268e+02 3.789632824153239312e+02
1.683082119272067416e+02 3.789734149223295390e+02
1.683127489035640565e+02 3.789889621780860693e+02
1.683172858799213714e+02 3.790028383389732198e+02
1.683218228562786862e+02 3.790160275925908877e+02
1.683263598326360011e+02 3.790318447073151447e+02
1.683308968089933160e+02 3.790489503786223509e+02
1.683354337853506308e+02 3.790670234277855570e+02
1.683399707617079173e+02 3.790847215174276812e+02
1.683445077380652322e+02 3.791013569025456604e+02
1.683490447144225470e+02 3.791245453240797474e+02
1.683535816907798619e+02 3.791417553999670531e+02
1.683581186671371768e+02 3.791538904936084009e+02
1.683626556434944916e+02 3.791658826258711770e+02
1.683671926198517781e+02 3.791830584195657821e+02
1.683717295962090930e+02 3.792005915365639908e+02
1.683762665725664078e+02 3.792186450963611719e+02
1.683808035489237227e+02 3.792350975193466525e+02
1.683853405252810376e+02 3.792543753564091844e+02
1.683898775016383524e+02 3.792706605075231892e+02
1.683944144779956673e+02 3.792881671964055954e+02
1.683989514543529822e+02 3.793009842897248518e+02
1.684034884307102971e+02 3.793171194928814884e+02
1.684080254070676119e+02 3.793333627412421265e+02
1.684125623834249268e+02 3.793456595239505873e+02
1.684170993597822417e+02 3.793591911904421181e+02
1.684216363361395565e+02 3.793753255539076576e+02
1.684261733124968714e+02 3.793949503000565073e+02
1.684307102888541863e+02 3.794163828933705531e+02
1.684352472652114727e+02 3.794339369493833942e+02
1.684397842415687876e+02 3.794532579624763002e+02
1.684443212179261025e+02 3.794708656076155080e+02
1.684488581942834173e+02 3.794839284918161297e+02
1.684533951706407322e+02 3.794967711028995154e+02
1.684579321469980187e+02 3.795085376724790081e+02
1.684624691233553335e+02 3.795257191966625214e+02
1.684670060997126484e+02 3.795365852609657509e+02
1.684715430760699633e+02 3.795517163368270985e+02
1.684760800524272781e+02 3.795623602659637186e+02
1.684806170287845930e+02 3.795755779904129099e+02
1.684851540051419079e+02 3.795887066548244206e+02
1.684896909814992227e+02 3.796021933834239235e+02
1.684942279578565376e+02 3.796142555133531573e+02
1.684987649342138525e+02 3.796354691951128189e+02
1.685033019105711674e+02 3.796546414523841122e+02
1.685078388869284822e+02 3.796722956666223467e+02
1.685123758632857971e+02 3.796913708519530815e+02
1.685169128396431120e+02 3.797061889233002034e+02
1.685214498160004268e+02 3.797216716154247251e+02
1.685259867923577133e+02 3.797349700081480250e+02
1.685305237687150282e+02 3.797527511016249377e+02
1.685350607450723430e+02 3.797663108796608071e+02
1.685395977214296579e+02 3.797826972792742026e+02
1.685441346977869728e+02 3.797961854987744346e+02
1.685486716741442592e+02 3.798157273144052510e+02
1.685532086505015741e+02 3.798305320548576560e+02
1.685577456268588890e+02 3.798473438176994819e+02
1.685622826032162038e+02 3.798634205779765693e+02
1.685668195795735187e+02 3.798800816058945884e+02
1.685713565559308336e+02 3.798939791728647037e+02
1.685758935322881484e+02 3.799090054696129073e+02
1.685804305086454633e+02 3.799250813917730056e+02
1.685849674850027782e+02 3.799388846393676431e+02
1.685895044613600930e+02 3.799536384335422099e+02
1.685940414377174079e+02 3.799651815102607770e+02
1.685985784140747228e+02 3.799833173187719240e+02
1.686031153904320377e+02 3.799982751521235400e+02
1.686076523667893525e+02 3.800143658374611846e+02
1.686121893431466674e+02 3.800317573502986193e+02
1.686167263195039823e+02 3.800454586761161409e+02
1.686212632958612687e+02 3.800559814778903842e+02
1.686258002722185836e+02 3.800652929756699336e+02
1.686303372485758985e+02 3.800798855024488603e+02
1.686348742249332133e+02 3.800952515412014350e+02
1.686394112012905282e+02 3.801082210628745202e+02
1.686439481776478146e+02 3.801205482934524866e+02
1.686484851540051295e+02 3.801300940712251304e+02
1.686530221303624444e+02 3.801461189723075904e+02
1.686575591067197593e+02 3.801614041532338888e+02
1.686620960830770741e+02 3.801772751655656180e+02
1.686666330594343890e+02 3.801946285222610982e+02
1.686711700357917039e+02 3.802108980745545068e+02
1.686757070121490187e+02 3.802301620556127659e+02
1.686802439885063336e+02 3.802464610327372725e+02
1.686847809648636485e+02 3.802620772532175693e+02
1.686893179412209633e+02 3.802806049671361848e+02
1.686938549175782782e+02 3.802965934373704613e+02
1.686983918939355931e+02 3.803167845209758866e+02
1.687029288702929080e+02 3.803378069741759759e+02
1.687074658466502228e+02 3.803522604900941246e+02
1.687120028230075093e+02 3.803715413427640897e+02
1.687165397993648241e+02 3.803925879575613180e+02
1.687210767757221390e+02 3.804102531416817783e+02
1.687256137520794539e+02 3.804211497425659445e+02
1.687301507284367688e+02 3.804333306485956996e+02
1.687346877047940552e+02 3.804490446984059986e+02
1.687392246811513701e+02 3.804651978646455177e+02
1.687437616575086849e+02 3.804759370117171784e+02
1.687482986338659998e+02 3.804870911692782443e+02
1.687528356102233147e+02 3.805030478674332812e+02
1.687573725865806296e+02 3.805171210387003384e+02
1.687619095629379444e+02 3.805295270482558294e+02
1.687664465392952593e+02 3.805447428897699638e+02
1.687709835156525742e+02 3.805592097462945276e+02
1.687755204920098890e+02 3.805745868108453465e+02
1.687800574683672039e+02 3.805848132506307024e+02
1.687845944447245188e+02 3.805983589678296539e+02
1.687891314210818337e+02 3.806101112030885361e+02
1.687936683974391485e+02 3.806250769544834611e+02
1.687982053737964634e+02 3.806338250615827405e+02
1.688027423501537783e+02 3.806443853767560768e+02
1.688072793265110647e+02 3.806582888058303524e+02
1.688118163028683796e+02 3.806673840430485711e+02
1.688163532792256945e+02 3.806829757899619153e+02
1.688208902555830093e+02 3.806962366915157645e+02
1.688254272319403242e+02 3.807100014832068382e+02
1.688299642082976106e+02 3.807238724653464033e+02
1.688345011846549255e+02 3.807368631731986852e+02
1.688390381610122404e+02 3.807536058496653482e+02
1.688435751373695553e+02 3.807681180340571814e+02
1.688481121137268701e+02 3.807803972779909145e+02
1.688526490900841850e+02 3.807967699523502461e+02
1.688571860664414999e+02 3.808065196881175325e+02
1.688617230427988147e+02 3.808242562084962515e+02
1.688662600191561296e+02 3.808330483565273425e+02
1.688707969955134445e+02 3.808437569617667009e+02
1.688753339718707593e+02 3.808637769601741070e+02
1.688798709482280742e+02 3.808769417204761112e+02
1.688844079245853891e+02 3.808911966715076574e+02
1.688889449009427040e+02 3.809072870733066338e+02
1.688934818773000188e+02 3.809258836767090202e+02
1.688980188536573053e+02 3.809426072006717163e+02
1.689025558300146201e+02 3.809609314816673873e+02
1.689070928063719350e+02 3.809768470782291843e+02
1.689116297827292499e+02 3.809957775746075299e+02
1.689161667590865648e+02 3.810103899188330843e+02
1.689207037354438512e+02 3.810237226398746770e+02
1.689252407118011661e+02 3.810419219101516433e+02
1.689297776881584809e+02 3.810543322750492621e+02
1.689343146645157958e+02 3.810682083205955450e+02
1.689388516408731107e+02 3.810830576424736478e+02
1.689433886172304256e+02 3.811039397764209298e+02
1.689479255935877404e+02 3.811188231358505618e+02
1.689524625699450553e+02 3.811290843203685768e+02
1.689569995463023702e+02 3.811396580273656696e+02
1.689615365226596850e+02 3.811519916014911473e+02
1.689660734990169999e+02 3.811678891404832257e+02
1.689706104753743148e+02 3.811795151882594723e+02
1.689751474517316296e+02 3.811904177798081719e+02
1.689796844280889445e+02 3.812079358868662098e+02
1.689842214044462594e+02 3.812175723327723063e+02
1.689887583808035743e+02 3.812304021431817205e+02
1.689932953571608607e+02 3.812406967334564456e+02
1.689978323335181756e+02 3.812540691058899824e+02
1.690023693098754904e+02 3.812698290980819138e+02
1.690069062862328053e+02 3.812840837336275399e+02
1.690114432625901202e+02 3.812931542127196280e+02
1.690159802389474066e+02 3.813042524940565841e+02
1.690205172153047215e+02 3.813139837985258964e+02
1.690250541916620364e+02 3.813280192136856499e+02
1.690295911680193512e+02 3.813427849550929523e+02
1.690341281443766661e+02 3.813572725653226030e+02
1.690386651207339810e+02 3.813756816690410574e+02
1.690432020970912959e+02 3.813878966509187194e+02
1.690477390734486107e+02 3.814017816588305436e+02
1.690522760498059256e+02 3.814177503155169688e+02
1.690568130261632405e+02 3.814356217389043309e+02
1.690613500025205553e+02 3.814527985298414023e+02
1.690658869788778702e+02 3.814699379895811830e+02
1.690704239552351851e+02 3.814886832491066002e+02
1.690749609315924999e+02 3.815057108740577405e+02
1.690794979079498148e+02 3.815208290415931742e+02
1.690840348843071013e+02 3.815381790529908699e+02
1.690885718606644161e+02 3.815574256764033407e+02
1.690931088370217310e+02 3.815706484467509654e+02
1.690976458133790459e+02 3.815897670891504845e+02
1.691021827897363607e+02 3.816082050388551465e+02
1.691067197660936472e+02 3.816252923617340684e+02
1.691112567424509621e+02 3.816426709641802972e+02
1.691157937188082769e+02 3.816590381199774242e+02
1.691203306951655918e+02 3.816746152466919852e+02
1.691248676715229067e+02 3.816928154301740506e+02
1.691294046478802215e+02 3.817022170029941890e+02
1.691339416242375364e+02 3.817181654270882518e+02
1.691384786005948513e+02 3.817314930495345493e+02
1.691430155769521662e+02 3.817466487956142487e+02
1.691475525533094810e+02 3.817596718364572439e+02
1.691520895296667959e+02 3.817736047102699786e+02
1.691566265060241108e+02 3.817865686957060802e+02
1.691611634823814256e+02 3.818019126348173700e+02
1.691657004587387405e+02 3.818110874990191519e+02
1.691702374350960554e+02 3.818199600862918146e+02
1.691747744114533702e+02 3.818309555421545838e+02
1.691793113878106567e+02 3.818393365524668184e+02
1.691838483641679716e+02 3.818496072468437319e+02
1.691883853405252864e+02 3.818601511480258068e+02
1.691929223168826013e+02 3.818731532310754346e+02
1.691974592932399162e+02 3.818876761507540323e+02
1.692019962695972026e+02 3.819001942103661236e+02
1.692065332459545175e+02 3.819118318049522145e+02
1.692110702223118324e+02 3.819243044513472682e+02
1.692156071986691472e+02 3.819380147418478941e+02
1.692201441750264621e+02 3.819484060397982716e+02
1.692246811513837770e+02 3.819594678634232991e+02
1.692292181277410918e+02 3.819713356801579494e+02
1.692337551040984067e+02 3.819886500950642585e+02
1.692382920804557216e+02 3.820046790590018304e+02
1.692428290568130365e+02 3.820241502001576350e+02
1.692473660331703513e+02 3.820436194450221592e+02
1.692519030095276662e+02 3.820615766029326892e+02
1.692564399858849811e+02 3.820788411454050788e+02
1.692609769622422959e+02 3.820924796020318013e+02
1.692655139385996108e+02 3.821055039864086780e+02
1.692700509149568973e+02 3.821172597188711393e+02
1.692745878913142121e+02 3.821333781264532377e+02
1.692791248676715270e+02 3.821465603759146461e+02
1.692836618440288419e+02 3.821579487032105362e+02
1.692881988203861567e+02 3.821710768318258715e+02
1.692927357967434432e+02 3.821808844660646400e+02
1.692972727731007581e+02 3.821940772782921272e+02
1.693018097494580729e+02 3.822119767816541298e+02
1.693063467258153878e+02 3.822182052153281688e+02
1.693108837021727027e+02 3.822291876985348722e+02
1.693154206785300175e+02 3.822454248707194324e+02
1.693199576548873324e+02 3.822597924953769279e+02
1.693244946312446473e+02 3.822715586744430993e+02
1.693290316076019622e+02 3.822830519108066483e+02
1.693335685839592770e+02 3.822969222969319389e+02
1.693381055603165919e+02 3.823099181709560526e+02
1.693426425366739068e+02 3.823204732108397934e+02
1.693471795130312216e+02 3.823354567270822599e+02
1.693517164893885365e+02 3.823449106118907821e+02
1.693562534657458514e+02 3.823590844098757771e+02
1.693607904421031662e+02 3.823694542281771760e+02
1.693653274184604527e+02 3.823833305273636256e+02
1.693698643948177676e+02 3.823968653372104427e+02
1.693744013711750824e+02 3.824128280435143665e+02
1.693789383475323973e+02 3.824286945110663964e+02
1.693834753238897122e+02 3.824444009260326425e+02
1.693880123002469986e+02 3.824594848970134535e+02
1.693925492766043135e+02 3.824768048810059327e+02
1.693970862529616284e+02 3.824927427784983820e+02
1.694016232293189432e+02 3.825024827500432707e+02
1.694061602056762581e+02 3.825165310291889682e+02
1.694106971820335730e+02 3.825272009299276306e+02
1.694152341583908878e+02 3.825403410299861662e+02
1.694197711347482027e+02 3.825555162163980754e+02
1.694243081111055176e+02 3.825676881100683318e+02
1.694288450874628325e+02 3.825778201158569232e+02
1.694333820638201473e+02 3.825874244853395680e+02
1.694379190401774622e+02 3.826021778625997172e+02
1.694424560165347771e+02 3.826140945521137837e+02
1.694469929928920919e+02 3.826239390959611342e+02
1.694515299692494068e+02 3.826334656765160958e+02
1.694560669456066933e+02 3.826425192218878237e+02
1.694606039219640081e+02 3.826534038661772001e+02
1.694651408983213230e+02 3.826659079882285255e+02
1.694696778746786379e+02 3.826803485419127355e+02
1.694742148510359527e+02 3.826913047234068017e+02
1.694787518273932392e+02 3.827094371097921339e+02
1.694832888037505541e+02 3.827195839054920725e+02
1.694878257801078689e+02 3.827370649682072781e+02
1.694923627564651838e+02 3.827511700792957754e+02
1.694968997328224987e+02 3.827615271815485585e+02
1.695014367091798135e+02 3.827758587654934672e+02
1.695059736855371284e+02 3.827898908057443919e+02
1.695105106618944433e+02 3.828039320645861494e+02
1.695150476382517581e+02 3.828189126472895509e+02
1.695195846146090730e+02 3.828374915795687912e+02
1.695241215909663879e+02 3.828506883559697940e+02
1.695286585673237028e+02 3.828669609454948954e+02
1.695331955436810176e+02 3.828810582238552342e+02
1.695377325200383325e+02 3.828897067402617154e+02
1.695422694963956474e+02 3.829024700100792984e+02
1.695468064727529622e+02 3.829157747435503438e+02
1.695513434491102487e+02 3.829256006273187722e+02
1.695558804254675636e+02 3.829392471293770654e+02
1.695604174018248784e+02 3.829510557767065961e+02
1.695649543781821933e+02 3.829673738762844550e+02
1.695694913545395082e+02 3.829843419679467047e+02
1.695740283308967946e+02 3.829963047483323066e+02
1.695785653072541095e+02 3.830131184755286426e+02
1.695831022836114244e+02 3.830293166613866447e+02
1.695876392599687392e+02 3.830411418853688019e+02
1.695921762363260541e+02 3.830573013096381487e+02
1.695967132126833690e+02 3.830691792318446005e+02
1.696012501890406838e+02 3.830847999085679021e+02
1.696057871653979987e+02 3.830953137460011817e+02
1.696103241417553136e+02 3.831079650838968860e+02
1.696148611181126284e+02 3.831215914236135518e+02
1.696193980944699433e+02 3.831326721213836208e+02
1.696239350708272582e+02 3.831439848689687437e+02
1.696284720471845731e+02 3.831559977408678037e+02
1.696330090235418879e+02 3.831691822327284740e+02
1.696375459998992028e+02 3.831818922484910104e+02
1.696420829762564892e+02 3.831986467532719303e+02
1.696466199526138041e+02 3.832105387778017302e+02
1.696511569289711190e+02 3.832254571590849537e+02
1.696556939053284339e+02 3.832338895267814678e+02
1.696602308816857487e+02 3.832490004494884488e+02
1.696647678580430352e+02 3.832638862126595996e+02
1.696693048344003500e+02 3.832753532823280693e+02
1.696738418107576649e+02 3.832909674144783025e+02
1.696783787871149798e+02 3.833087084486998606e+02
1.696829157634722947e+02 3.833209797285953186e+02
1.696874527398296095e+02 3.833340835292992210e+02
1.696919897161869244e+02 3.833487362486264374e+02
1.696965266925442393e+02 3.833616311750423051e+02
1.697010636689015541e+02 3.833750211915190675e+02
1.697056006452588690e+02 3.833878277082078512e+02
1.697101376216161839e+02 3.833993300180779329e+02
1.697146745979734987e+02 3.834155560871647594e+02
1.697192115743308136e+02 3.834335113974359501e+02
1.697237485506881285e+02 3.834522744615264287e+02
1.697282855270454434e+02 3.834692006606111363e+02
1.697328225034027582e+02 3.834839629448017604e+02
1.697373594797600447e+02 3.834997432016764378e+02
1.697418964561173595e+02 3.835125547556816628e+02
1.697464334324746744e+02 3.835273773866804277e+02
1.697509704088319893e+02 3.835453538670818148e+02
1.697555073851893042e+02 3.835590313411540251e+02
1.697600443615465906e+02 3.835655895517966769e+02
1.697645813379039055e+02 3.835792720148373860e+02
1.697691183142612203e+02 3.835923907758005953e+02
1.697736552906185352e+02 3.836094429029921571e+02
1.697781922669758501e+02 3.836226467441738350e+02
1.697827292433331650e+02 3.836380422986680401e+02
1.697872662196904798e+02 3.836524078869761070e+02
1.697918031960477947e+02 3.836646460008878421e+02
1.697963401724051096e+02 3.836769659009229372e+02
1.698008771487624244e+02 3.836893024937019163e+02
1.698054141251197393e+02 3.837002183627020599e+02
1.698099511014770542e+02 3.837136815010778719e+02
1.698144880778343691e+02 3.837240868748957041e+02
1.698190250541916839e+02 3.837352860997305015e+02
1.698235620305489988e+02 3.837472789988250952e+02
1.698280990069062852e+02 3.837615066561795061e+02
1.698326359832636001e+02 3.837724097566779733e+02
1.698371729596209150e+02 3.837850427372059130e+02
1.698417099359782299e+02 3.837948231083800579e+02
1.698462469123355447e+02 3.838066279912497976e+02
1.698507838886928312e+02 3.838188163038765310e+02
1.698553208650501460e+02 3.838315463181637028e+02
1.698598578414074609e+02 3.838450735002433589e+02
1.698643948177647758e+02 3.838574485043712912e+02
1.698689317941220907e+02 3.838710986588145602e+02
1.698734687704794055e+02 3.838896152839859042e+02
1.698780057468367204e+02 3.839061460888609645e+02
1.698825427231940353e+02 3.839191539698037445e+02
1.698870796995513501e+02 3.839357823693774776e+02
1.698916166759086650e+02 3.839468839758194463e+02
1.698961536522659799e+02 3.839541271940507841e+02
1.699006906286232947e+02 3.839665722860148094e+02
1.699052276049806096e+02 3.839784364572441291e+02
1.699097645813379245e+02 3.839933164943273596e+02
1.699143015576952394e+02 3.840078948046316896e+02
1.699188385340525258e+02 3.840242202700817415e+02
1.699233755104098407e+02 3.840379814205136313e+02
1.699279124867671555e+02 3.840516596069776369e+02
1.699324494631244704e+02 3.840656775030064978e+02
1.699369864394817853e+02 3.840825108795778533e+02
1.699415234158391002e+02 3.840970758821731010e+02
1.699460603921963866e+02 3.841111922789747268e+02
1.699505973685537015e+02 3.841260515279852825e+02
1.699551343449110163e+02 3.841436550545449791e+02
1.699596713212683312e+02 3.841612633758464312e+02
1.699642082976256461e+02 3.841773932670791396e+02
1.699687452739829610e+02 3.841913765698527072e+02
1.699732822503402758e+02 3.842026215614883995e+02
1.699778192266975907e+02 3.842189911162429325e+02
1.699823562030549056e+02 3.842335773063416013e+02
1.699868931794122204e+02 3.842473973296970939e+02
1.699914301557695353e+02 3.842617152713222595e+02
1.699959671321268502e+02 3.842738419105605203e+02
1.700005041084841650e+02 3.842862844834918974e+02
1.700050410848414799e+02 3.843004694249582371e+02
1.700095780611987948e+02 3.843148583405122736e+02
1.700141150375560812e+02 3.843244766625979878e+02
1.700186520139133961e+02 3.843346427454557102e+02
1.700231889902707110e+02 3.843466523340742356e+02
1.700277259666280258e+02 3.843650025543769289e+02
1.700322629429853407e+02 3.843783755499584913e+02
1.700367999193426272e+02 3.843925829323072207e+02
1.700413368956999420e+02 3.844090593054075384e+02
1.700458738720572569e+02 3.844178974799065713e+02
1.700504108484145718e+02 3.844340354196218073e+02
1.700549478247718866e+02 3.844493056102799642e+02
1.700594848011292015e+02 3.844630369324277694e+02
1.700640217774865164e+02 3.844782726409477505e+02
1.700685587538438313e+02 3.844897571555223976e+02
1.700730957302011461e+02 3.845036604478138997e+02
1.700776327065584610e+02 3.845216120632747447e+02
1.700821696829157759e+02 3.845337516317605377e+02
1.700867066592730907e+02 3.845495800658664507e+02
1.700912436356304056e+02 3.845694596822676772e+02
1.700957806119877205e+02 3.845869895888361611e+02
1.701003175883450353e+02 3.846000920508345189e+02
1.701048545647023218e+02 3.846156234152189768e+02
1.701093915410596367e+02 3.846292636686856099e+02
1.701139285174169515e+02 3.846405694758223603e+02
1.701184654937742664e+02 3.846537877583654677e+02
1.701230024701315813e+02 3.846671213913131737e+02
1.701275394464888961e+02 3.846809264133075885e+02
1.701320764228461826e+02 3.846909830691169532e+02
1.701366133992034975e+02 3.847040789635761939e+02
1.701411503755608123e+02 3.847202665264185839e+02
1.701456873519181272e+02 3.847339449237846338e+02
1.701502243282754421e+02 3.847449420438595666e+02
1.701547613046327569e+02 3.847578985525162807e+02
1.701592982809900718e+02 3.847708301868087233e+02
1.701638352573473867e+02 3.847799763758019935e+02
1.701683722337047016e+02 3.847902753160458360e+02
1.701729092100620164e+02 3.847987162111598991e+02
1.701774461864193313e+02 3.848103933281494733e+02
1.701819831627766462e+02 3.848230718084211617e+02
1.701865201391339610e+02 3.848322745336205912e+02
1.701910571154912759e+02 3.848422795537072147e+02
1.701955940918485908e+02 3.848585299154643167e+02
1.702001310682058772e+02 3.848707966590823730e+02
1.702046680445631921e+02 3.848837420513934262e+02
1.702092050209205070e+02 3.848962969699211953e+02
1.702137419972778218e+02 3.849116628208187763e+02
1.702182789736351367e+02 3.849235904247355506e+02
1.702228159499924232e+02 3.849377953000510502e+02
1.702273529263497380e+02 3.849517397877134499e+02
1.702318899027070529e+02 3.849691064393976490e+02
1.702364268790643678e+02 3.849842362086716889e+02
1.702409638554216826e+02 3.849970494265290313e+02
1.702455008317789975e+02 3.850114288624679943e+02
1.702500378081363124e+02 3.850254075207292317e+02
1.702545747844936272e+02 3.850429137844246839e+02
1.702591117608509421e+02 3.850553418547544311e+02
1.702636487372082570e+02 3.850685371912746859e+02
1.702681857135655719e+02 3.850813547928956382e+02
1.702727226899228867e+02 3.850954860111258427e+02
1.702772596662802016e+02 3.851104146435705502e+02
1.702817966426375165e+02 3.851180997170220621e+02
1.702863336189948313e+02 3.851311096400000338e+02
1.702908705953521178e+02 3.851460555844273586e+02
1.702954075717094327e+02 3.851653255071962576e+02
1.702999445480667475e+02 3.851859125281030742e+02
1.703044815244240624e+02 3.852088448750046723e+02
1.703090185007813773e+02 3.852261594679379186e+02
1.703135554771386637e+02 3.852424614719171814e+02
1.703180924534959786e+02 3.852597801729228308e+02
1.703226294298532935e+02 3.852744843296050021e+02
1.703271664062106083e+02 3.852913577677638841e+02
1.703317033825679232e+02 3.853013088580876797e+02
1.703362403589252381e+02 3.853125963069025488e+02
1.703407773352825529e+02 3.853201708113091968e+02
1.703453143116398678e+02 3.853314097128110234e+02
1.703498512879971827e+02 3.853486493747544159e+02
1.703543882643544976e+02 3.853662054602353351e+02
1.703589252407118124e+02 3.853790252571381529e+02
1.703634622170691273e+02 3.853962804776922439e+02
1.703679991934264422e+02 3.854113623890275449e+02
1.703725361697837570e+02 3.854245531744506934e+02
1.703770731461410719e+02 3.854405135046016539e+02
1.703816101224983868e+02 3.854558503817458472e+02
1.703861470988556732e+02 3.854711888172030285e+02
1.703906840752129881e+02 3.854814751893732137e+02
1.703952210515703030e+02 3.854926440895661131e+02
1.703997580279276178e+02 3.855047133567413198e+02
1.704042950042849327e+02 3.855163365805374838e+02
1.704088319806422192e+02 3.855245929748993490e+02
1.704133689569995340e+02 3.855366234988559881e+02
1.704179059333568489e+02 3.855493192243923772e+02
1.704224429097141638e+02 3.855599039530084156e+02
1.704269798860714786e+02 3.855723368108208433e+02
1.704315168624287935e+02 3.855875031348390394e+02
1.704360538387861084e+02 3.855957912529817690e+02
1.704405908151434232e+02 3.856069357315297452e+02
1.704451277915007381e+02 3.856173879295319011e+02
1.704496647678580530e+02 3.856288775447448529e+02
1.704542017442153679e+02 3.856419443612198847e+02
1.704587387205726827e+02 3.856509373399503602e+02
1.704632756969299976e+02 3.856624037253466213e+02
1.704678126732873125e+02 3.856764038825305079e+02
1.704723496496446273e+02 3.856869670731302335e+02
1.704768866260019138e+02 3.856985018643957801e+02
1.704814236023592287e+02 3.857126844498526452e+02
1.704859605787165435e+02 3.857273248955813756e+02
1.704904975550738584e+02 3.857393960542988793e+02
1.704950345314311733e+02 3.857514793354306448e+02
1.704995715077884597e+02 3.857635239714740578e+02
1.705041084841457746e+02 3.857739774984502787e+02
1.705086454605030895e+02 3.857905952132920788e+02
1.705131824368604043e+02 3.858055845748193633e+02
1.705177194132177192e+02 3.858203979850628684e+02
1.705222563895750341e+02 3.858348485661484801e+02
1.705267933659323489e+02 3.858510802246223648e+02
1.705313303422896638e+02 3.858658779676737822e+02
1.705358673186469787e+02 3.858819743689847428e+02
1.705404042950042935e+02 3.858921839587047771e+02
1.705449412713616084e+02 3.859075621719563287e+02
1.705494782477189233e+02 3.859215714926285727e+02
1.705540152240762382e+02 3.859356004415041639e+02
1.705585522004335530e+02 3.859507151363137041e+02
1.705630891767908679e+02 3.859646409150756767e+02
1.705676261531481828e+02 3.859770997999979727e+02
1.705721631295054692e+02 3.859918783982448645e+02
1.705767001058627841e+02 3.860039837627493284e+02
1.705812370822200990e+02 3.860176691097321395e+02
1.705857740585774138e+02 3.860326495521047718e+02
1.705903110349347287e+02 3.860440093217904405e+02
1.705948480112920151e+02 3.860595484082683129e+02
1.705993849876493300e+02 3.860727982886408540e+02
1.706039219640066449e+02 3.860854262137762589e+02
1.706084589403639598e+02 3.861003066633008984e+02
1.706129959167212746e+02 3.861124090726557370e+02
1.706175328930785895e+02 3.861269315287308359e+02
1.706220698694359044e+02 3.861451739550591924e+02
1.706266068457932192e+02 3.861586966509567560e+02
1.706311438221505341e+02 3.861711828645728133e+02
1.706356807985078490e+02 3.861825459105454001e+02
1.706402177748651638e+02 3.861938759079372971e+02
1.706447547512224787e+02 3.862098894659932853e+02
1.706492917275797936e+02 3.862250819342368118e+02
1.706538287039371085e+02 3.862423945399577860e+02
1.706583656802944233e+02 3.862536898428868426e+02
1.706629026566517098e+02 3.862681802340879358e+02
1.706674396330090246e+02 3.862783172755011378e+02
1.706719766093663395e+02 3.862879769409466348e+02
1.706765135857236544e+02 3.863004613406915269e+02
1.706810505620809693e+02 3.863123164607072795e+02
1.706855875384382557e+02 3.863251064968060859e+02
1.706901245147955706e+02 3.863364656362016945e+02
1.706946614911528854e+02 3.863451128124874572e+02
1.706991984675102003e+02 3.863560602123943113e+02
1.707037354438675152e+02 3.863677711534739956e+02
1.707082724202248301e+02 3.863801899442435683e+02
1.707128093965821449e+02 3.863950573863195928e+02
1.707173463729394598e+02 3.864106733094058654e+02
1.707218833492967747e+02 3.864248776455149255e+02
1.707264203256540895e+02 3.864351466561453208e+02
1.707309573020114044e+02 3.864459347109163332e+02
1.707354942783687193e+02 3.864570244721856511e+02
1.707400312547260341e+02 3.864667034677819970e+02
1.707445682310833490e+02 3.864805260835846639e+02
1.707491052074406639e+02 3.864941179509298195e+02
1.707536421837979788e+02 3.865081971034602475e+02
1.707581791601552652e+02 3.865192497988318223e+02
1.707627161365125801e+02 3.865292330594868417e+02
1.707672531128698949e+02 3.865428535752287758e+02
1.707717900892272098e+02 3.865540229813419728e+02
1.707763270655845247e+02 3.865677619727712226e+02
1.707808640419418111e+02 3.865822150870188807e+02
1.707854010182991260e+02 3.865952624345324580e+02
1.707899379946564409e+02 3.866116588192447807e+02
1.707944749710137557e+02 3.866257037939111001e+02
1.707990119473710706e+02 3.866388935318045696e+02
1.708035489237283855e+02 3.866505648234607406e+02
1.708080859000857004e+02 3.866630299472823822e+02
1.708126228764430152e+02 3.866718066882419862e+02
1.708171598528003301e+02 3.866844751819017461e+02
1.708216968291576450e+02 3.866975051473509097e+02
1.708262338055149598e+02 3.867113900012427052e+02
1.708307707818722747e+02 3.867263695219689907e+02
1.708353077582295896e+02 3.867440103095605650e+02
1.708398447345869045e+02 3.867575003369650517e+02
1.708443817109442193e+02 3.867728223712610429e+02
1.708489186873015058e+02 3.867880932785012078e+02
1.708534556636588206e+02 3.868022709555122560e+02
1.708579926400161355e+02 3.868188244445602209e+02
1.708625296163734504e+02 3.868356885164611754e+02
1.708670665927307653e+02 3.868526132281715491e+02
1.708716035690880517e+02 3.868654213950095482e+02
1.708761405454453666e+02 3.868793086703166182e+02
1.708806775218026814e+02 3.868927374177114871e+02
1.708852144981599963e+02 3.869092003394661106e+02
1.708897514745173112e+02 3.869218017555584197e+02
1.708942884508746261e+02 3.869359803735225114e+02
1.708988254272319409e+02 3.869504744960281073e+02
1.709033624035892558e+02 3.869696595228920160e+02
1.709078993799465707e+02 3.869832313169247868e+02
1.709124363563038855e+02 3.869988701106662461e+02
1.709169733326612004e+02 3.870109702321847180e+02
1.709215103090185153e+02 3.870241610717600338e+02
1.709260472853758301e+02 3.870357497714002193e+02
1.709305842617331450e+02 3.870478031299882105e+02
1.709351212380904599e+02 3.870603102551365851e+02
1.709396582144477748e+02 3.870771735741299722e+02
1.709441951908050612e+02 3.870921580011628294e+02
1.709487321671623761e+02 3.871090486390540377e+02
1.709532691435196909e+02 3.871204821498198498e+02
1.709578061198770058e+02 3.871375806455656630e+02
1.709623430962343207e+02 3.871506570039526309e+02
1.709668800725916071e+02 3.871629267133895951e+02
1.709714170489489220e+02 3.871772790213717030e+02
1.709759540253062369e+02 3.871921827719671114e+02
1.709804910016635517e+02 3.872080517385296616e+02
1.709850279780208666e+02 3.872199489879168937e+02
1.709895649543781815e+02 3.872317812349909332e+02
1.709941019307354964e+02 3.872443328905828253e+02
1.709986389070928112e+02 3.872567922581799849e+02
1.710031758834501261e+02 3.872689243765978517e+02
1.710077128598074410e+02 3.872813096974263658e+02
1.710122498361647558e+02 3.872972801771958302e+02
1.710167868125220707e+02 3.873116795855416967e+02
1.710213237888793856e+02 3.873259390793908210e+02
1.710258607652367004e+02 3.873399115658095297e+02
1.710303977415940153e+02 3.873547183027073970e+02
1.710349347179513018e+02 3.873677572472278143e+02
1.710394716943086166e+02 3.873842104242924620e+02
1.710440086706659315e+02 3.873993377657375845e+02
1.710485456470232464e+02 3.874163052535911902e+02
1.710530826233805612e+02 3.874295845800622260e+02
1.710576195997378477e+02 3.874444072238644026e+02
1.710621565760951626e+02 3.874561571365130135e+02
1.710666935524524774e+02 3.874680262164174565e+02
1.710712305288097923e+02 3.874807137249821949e+02
1.710757675051671072e+02 3.874954366045679990e+02
1.710803044815244220e+02 3.875088464947561988e+02
1.710848414578817369e+02 3.875223909506354403e+02
1.710893784342390518e+02 3.875351157650536607e+02
1.710939154105963667e+02 3.875498773457788957e+02
1.710984523869536815e+02 3.875670858168979862e+02
1.711029893633109964e+02 3.875819108122198031e+02
1.711075263396683113e+02 3.875935151155188123e+02
1.711120633160256261e+02 3.876052050215597546e+02
1.711166002923829410e+02 3.876181332932967507e+02
1.711211372687402559e+02 3.876295882014782705e+02
1.711256742450975707e+02 3.876391273670838586e+02
1.711302112214548572e+02 3.876506341054021050e+02
1.711347481978121721e+02 3.876636748070053500e+02
1.711392851741694869e+02 3.876803111243922331e+02
1.711438221505268018e+02 3.876894117180891612e+02
1.711483591268841167e+02 3.877033952865858737e+02
1.711528961032414031e+02 3.877140637077800989e+02
1.711574330795987180e+02 3.877253849742573948e+02
1.711619700559560329e+02 3.877357360838218483e+02
1.711665070323133477e+02 3.877466075760895023e+02
1.711710440086706626e+02 3.877568304651362041e+02
1.711755809850279775e+02 3.877698266913089356e+02
1.711801179613852923e+02 3.877811298241771283e+02
1.711846549377426072e+02 3.877972176670494378e+02
1.711891919140999221e+02 3.878090836470689737e+02
1.711937288904572370e+02 3.878223332040658988e+02
1.711982658668145518e+02 3.878351135707790149e+02
1.712028028431718667e+02 3.878486595047859851e+02
1.712073398195291816e+02 3.878631553284928941e+02
1.712118767958864964e+02 3.878721092346299884e+02
1.712164137722438113e+02 3.878866244809156001e+02
1.712209507486010978e+02 3.879014870615994823e+02
1.712254877249584126e+02 3.879166140367269122e+02
1.712300247013157275e+02 3.879329052600764953e+02
1.712345616776730424e+02 3.879488350312112175e+02
1.712390986540303572e+02 3.879612016923597935e+02
1.712436356303876437e+02 3.879734043814294182e+02
1.712481726067449586e+02 3.879853736141848799e+02
1.712527095831022734e+02 3.880031731437151166e+02
1.712572465594595883e+02 3.880207879883629403e+02
1.712617835358169032e+02 3.880381196895750691e+02
1.712663205121742180e+02 3.880561275944097019e+02
1.712708574885315329e+02 3.880713554614611667e+02
1.712753944648888478e+02 3.880876703760478676e+02
1.712799314412461626e+02 3.881027500059761337e+02
1.712844684176034775e+02 3.881206952236386769e+02
1.712890053939607924e+02 3.881365011230184336e+02
1.712935423703181073e+02 3.881499816985029270e+02
1.712980793466754221e+02 3.881631443461707818e+02
1.713026163230327370e+02 3.881773950053332669e+02
1.713071532993900519e+02 3.881889664927005583e+02
1.713116902757473667e+02 3.882022093459815437e+02
1.713162272521046532e+02 3.882136379160681372e+02
1.713207642284619681e+02 3.882276712945147779e+02
1.713253012048192829e+02 3.882417292854818243e+02
1.713298381811765978e+02 3.882538164424773299e+02
1.713343751575339127e+02 3.882670265577252735e+02
1.713389121338911991e+02 3.882815954408981156e+02
1.713434491102485140e+02 3.882923990415409889e+02
1.713479860866058289e+02 3.883055087056885100e+02
1.713525230629631437e+02 3.883186208236615471e+02
1.713570600393204586e+02 3.883327823584926932e+02
1.713615970156777735e+02 3.883462949691466974e+02
1.713661339920350883e+02 3.883615757649372426e+02
1.713706709683924032e+02 3.883696348516932630e+02
1.713752079447497181e+02 3.883854240074746826e+02
1.713797449211070330e+02 3.884004248122562899e+02
1.713842818974643478e+02 3.884156885636567154e+02
1.713888188738216627e+02 3.884288569855800688e+02
1.713933558501789776e+02 3.884433840472051429e+02
1.713978928265362924e+02 3.884584029966612775e+02
1.714024298028936073e+02 3.884689806214680061e+02
1.714069667792508938e+02 3.884810301993208554e+02
1.714115037556082086e+02 3.884961772842556229e+02
1.714160407319655235e+02 3.885120076522561021e+02
1.714205777083228384e+02 3.885238634191846359e+02
1.714251146846801532e+02 3.885375214816386915e+02
1.714296516610374397e+02 3.885531445408296349e+02
1.714341886373947546e+02 3.885675645136329877e+02
1.714387256137520694e+02 3.885770462199158715e+02
1.714432625901093843e+02 3.885883025626946505e+02
1.714477995664666992e+02 3.886008650963021864e+02
1.714523365428240140e+02 3.886107898108774066e+02
1.714568735191813289e+02 3.886268038280238670e+02
1.714614104955386438e+02 3.886402901546020416e+02
1.714659474718959586e+02 3.886538834400077462e+02
1.714704844482532735e+02 3.886688221197738358e+02
1.714750214246105884e+02 3.886813462901164939e+02
1.714795584009679033e+02 3.886970777113495501e+02
1.714840953773252181e+02 3.887120786360766260e+02
1.714886323536825330e+02 3.887262705935455074e+02
1.714931693300398479e+02 3.887406522135117370e+02
1.714977063063971627e+02 3.887508747098095228e+02
1.715022432827544492e+02 3.887594446243437005e+02
1.715067802591117641e+02 3.887708293598391833e+02
1.715113172354690789e+02 3.887816060445880453e+02
1.715158542118263938e+02 3.887949559218398576e+02
1.715203911881837087e+02 3.888092705083757892e+02
1.715249281645409951e+02 3.888178186659644098e+02
1.715294651408983100e+02 3.888283441163188172e+02
1.715340021172556249e+02 3.888382185057436686e+02
1.715385390936129397e+02 3.888474717314915097e+02
1.715430760699702546e+02 3.888593936052904496e+02
1.715476130463275695e+02 3.888715501709278328e+02
1.715521500226848843e+02 3.888831491414652533e+02
1.715566869990421992e+02 3.888929318813674172e+02
1.715612239753995141e+02 3.889037216760291926e+02
1.715657609517568289e+02 3.889140391789737805e+02
1.715702979281141438e+02 3.889265929508445083e+02
1.715748349044714587e+02 3.889400569210542358e+02
1.715793718808287736e+02 3.889527427759041984e+02
1.715839088571860884e+02 3.889675908515300762e+02
1.715884458335434033e+02 3.889781877932206271e+02
1.715929828099006897e+02 3.889936752326621558e+02
1.715975197862580046e+02 3.890052357688384177e+02
1.716020567626153195e+02 3.890170926795409514e+02
1.716065937389726344e+02 3.890336286191149497e+02
1.716111307153299492e+02 3.890450637165091621e+02
1.716156676916872357e+02 3.890607724295692833e+02
1.716202046680445505e+02 3.890792469264428632e+02
1.716247416444018654e+02 3.890941766772141364e+02
1.716292786207591803e+02 3.891120523071107868e+02
1.716338155971164952e+02 3.891269285717092430e+02
1.716383525734738100e+02 3.891383734211451610e+02
1.716428895498311249e+02 3.891512337056076944e+02
1.716474265261884398e+02 3.891623034801990570e+02
1.716519635025457546e+02 3.891733586885302429e+02
1.716565004789030695e+02 3.891858780590554261e+02
1.716610374552603844e+02 3.891998662096866042e+02
1.716655744316176992e+02 3.892111191536857291e+02
1.716701114079750141e+02 3.892238156699473279e+02
1.716746483843323290e+02 3.892408713106646587e+02
1.716791853606896439e+02 3.892553162493776426e+02
1.716837223370469303e+02 3.892733702567786622e+02
1.716882593134042452e+02 3.892912989034326188e+02
1.716927962897615600e+02 3.893056835748045614e+02
1.716973332661188749e+02 3.893203634881108428e+02
1.717018702424761898e+02 3.893352408733578045e+02
1.717064072188335047e+02 3.893476044286567799e+02
1.717109441951907911e+02 3.893630194013101686e+02
1.717154811715481060e+02 3.893740316593339799e+02
1.717200181479054208e+02 3.893871565553657206e+02
1.717245551242627357e+02 3.894015285813478613e+02
1.717290921006200506e+02 3.894131047556388694e+02
1.717336290769773655e+02 3.894277099967448521e+02
1.717381660533346803e+02 3.894412280707352352e+02
1.717427030296919952e+02 3.894580294335539747e+02
1.717472400060493101e+02 3.894726414308000244e+02
1.717517769824066249e+02 3.894870829244218839e+02
1.717563139587639398e+02 3.895038782570608760e+02
1.717608509351212547e+02 3.895194807692549830e+02
1.717653879114785695e+02 3.895323890166287129e+02
1.717699248878358844e+02 3.895461662952901065e+02
1.717744618641931993e+02 3.895552941561115858e+02
1.717789988405504857e+02 3.895658361854563623e+02
1.717835358169078006e+02 3.895748340218481758e+02
1.717880727932651155e+02 3.895877900289492572e+02
1.717926097696224303e+02 3.895991352925066735e+02
1.717971467459797452e+02 3.896097698481771658e+02
1.718016837223370317e+02 3.896217995098875804e+02
1.718062206986943465e+02 3.896319624633988496e+02
1.718107576750516614e+02 3.896423799224928644e+02
1.718152946514089763e+02 3.896575218443628614e+02
1.718198316277662911e+02 3.896741272756830767e+02
1.718243686041236060e+02 3.896873053188325571e+02
1.718289055804809209e+02 3.897012706462730876e+02
1.718334425568382358e+02 3.897116065081787610e+02
1.718379795331955506e+02 3.897238188459959929e+02
1.718425165095528655e+02 3.897351714122091835e+02
1.718470534859101804e+02 3.897480119942587748e+02
1.718515904622674952e+02 3.897604507110333998e+02
1.718561274386248101e+02 3.897717892557696473e+02
1.718606644149821250e+02 3.897854732850538539e+02
1.718652013913394399e+02 3.897989440220121082e+02
1.718697383676967263e+02 3.898153273098390628e+02
1.718742753440540412e+02 3.898300961498133574e+02
1.718788123204113560e+02 3.898434525657829681e+02
1.718833492967686709e+02 3.898574011235649550e+02
1.718878862731259858e+02 3.898727320442530413e+02
1.718924232494833007e+02 3.898899455578081756e+02
1.718969602258405871e+02 3.899079031140799998e+02
1.719014972021979020e+02 3.899227510031124098e+02
1.719060341785552168e+02 3.899376590696756466e+02
1.719105711549125317e+02 3.899493738997898618e+02
1.719151081312698466e+02 3.899615235956617880e+02
1.719196451076271615e+02 3.899756246825548374e+02
1.719241820839844763e+02 3.899862194293243647e+02
1.719287190603417912e+02 3.899990150971627259e+02
1.719332560366991061e+02 3.900104481151790878e+02
1.719377930130564209e+02 3.900183210715192672e+02
1.719423299894137358e+02 3.900319607698095297e+02
1.719468669657710507e+02 3.900427283624557617e+02
1.719514039421283655e+02 3.900583768129195619e+02
1.719559409184856804e+02 3.900702192275275024e+02
1.719604778948429953e+02 3.900821525625830191e+02
1.719650148712002817e+02 3.900970905467349326e+02
1.719695518475575966e+02 3.901102321269594313e+02
1.719740888239149115e+02 3.901229885039241481e+02
1.719786258002722263e+02 3.901377347933370174e+02
1.719831627766295412e+02 3.901506041699734055e+02
1.719876997529868277e+02 3.901624944502178209e+02
1.719922367293441425e+02 3.901733893998810458e+02
1.719967737057014574e+02 3.901849845759169852e+02
1.720013106820587723e+02 3.901999741858720085e+02
1.720058476584160871e+02 3.902162792226716874e+02
1.720103846347734020e+02 3.902302747202863316e+02
1.720149216111307169e+02 3.902486288124521252e+02
1.720194585874880318e+02 3.902627153789520662e+02
1.720239955638453466e+02 3.902737542828136839e+02
1.720285325402026615e+02 3.902844438202453148e+02
1.720330695165599764e+02 3.902940203810733806e+02
1.720376064929172912e+02 3.903061408093734030e+02
1.720421434692746061e+02 3.903190722700081210e+02
1.720466804456319210e+02 3.903318369672737731e+02
1.720512174219892358e+02 3.903431104854123532e+02
1.720557543983465223e+02 3.903582029535015749e+02
1.720602913747038372e+02 3.903677548373281070e+02
1.720648283510611520e+02 3.903805698583910271e+02
1.720693653274184669e+02 3.903916589535765524e+02
1.720739023037757818e+02 3.904054561505501511e+02
1.720784392801330682e+02 3.904182775126342904e+02
1.720829762564903831e+02 3.904300886429861066e+02
1.720875132328476980e+02 3.904450382865281881e+02
1.720920502092050128e+02 3.904595331063670187e+02
1.720965871855623277e+02 3.904722613844982106e+02
1.721011241619196426e+02 3.904850606903126504e+02
1.721056611382769574e+02 3.904982534062745003e+02
1.721101981146342723e+02 3.905110398774910436e+02
1.721147350909915872e+02 3.905218674454802112e+02
1.721192720673489021e+02 3.905325556619204690e+02
1.721238090437062169e+02 3.905431408819881653e+02
1.721283460200635318e+02 3.905538998635954044e+02
1.721328829964208467e+02 3.905623909925591875e+02
1.721374199727781615e+02 3.905736207512449027e+02
1.721419569491354764e+02 3.905854023320757733e+02
1.721464939254927913e+02 3.905988807533950649e+02
1.721510309018500777e+02 3.906118769123675634e+02
1.721555678782073926e+02 3.906229753884277898e+02
1.721601048545647075e+02 3.906385867822346540e+02
1.721646418309220223e+02 3.906493311248930240e+02
1.721691788072793372e+02 3.906618697453622531e+02
1.721737157836366237e+02 3.906730954803101667e+02
1.721782527599939385e+02 3.906844538928600059e+02
1.721827897363512534e+02 3.906965309238858595e+02
1.721873267127085683e+02 3.907063150175316650e+02
1.721918636890658831e+02 3.907218413929310827e+02
1.721964006654231980e+02 3.907366921773304398e+02
1.722009376417805129e+02 3.907474482936409004e+02
1.722054746181378277e+02 3.907617087063854910e+02
1.722100115944951426e+02 3.907773725312398483e+02
1.722145485708524575e+02 3.907904201289348407e+02
1.722190855472097724e+02 3.908036467545526875e+02
1.722236225235670872e+02 3.908161702993896256e+02
1.722281594999244021e+02 3.908324397181120275e+02
1.722326964762817170e+02 3.908455724757881171e+02
1.722372334526390318e+02 3.908598843458508441e+02
1.722417704289963183e+02 3.908767922492710341e+02
1.722463074053536332e+02 3.908896383340662055e+02
1.722508443817109480e+02 3.909035308661120780e+02
1.722553813580682629e+02 3.909153006587752088e+02
1.722599183344255778e+02 3.909258468719966686e+02
1.722644553107828642e+02 3.909382897225362399e+02
1.722689922871401791e+02 3.909487630759145986e+02
1.722735292634974940e+02 3.909599518693537448e+02
1.722780662398548088e+02 3.909723529705289025e+02
1.722826032162121237e+02 3.909816097806227049e+02
1.722871401925694386e+02 3.909936623297943470e+02
1.722916771689267534e+02 3.910105687697247845e+02
1.722962141452840683e+02 3.910233300699121060e+02
1.723007511216413832e+02 3.910334217777814274e+02
1.723052880979986980e+02 3.910488395590003279e+02
1.723098250743560129e+02 3.910637638140339618e+02
1.723143620507133278e+02 3.910776209439015361e+02
1.723188990270706427e+02 3.910875425740053402e+02
1.723234360034279575e+02 3.910986110146432111e+02
1.723279729797852724e+02 3.911119565449386641e+02
1.723325099561425873e+02 3.911245912336665356e+02
1.723370469324998737e+02 3.911372965778009529e+02
1.723415839088571886e+02 3.911515833104792250e+02
1.723461208852145035e+02 3.911661652603531252e+02
1.723506578615718183e+02 3.911769418970886250e+02
1.723551948379291332e+02 3.911899910932816056e+02
1.723597318142864196e+02 3.912032093406723448e+02
1.723642687906437345e+02 3.912160415053619431e+02
1.723688057670010494e+02 3.912275431571945319e+02
1.723733427433583643e+02 3.912397390032998032e+02
1.723778797197156791e+02 3.912527614535594580e+02
1.723824166960729940e+02 3.912655693677896807e+02
1.723869536724303089e+02 3.912808845343330972e+02
1.723914906487876237e+02 3.912935540288502239e+02
1.723960276251449386e+02 3.913066200508684460e+02
1.724005646015022535e+02 3.913219541869342493e+02
1.724051015778595684e+02 3.913342558531278996e+02
1.724096385542168832e+02 3.913452429266427544e+02
1.724141755305741981e+02 3.913561610751230546e+02
1.724187125069315130e+02 3.913672740531275167e+02
1.724232494832888278e+02 3.913772525229195480e+02
1.724277864596461143e+02 3.913868045311756987e+02
1.724323234360034292e+02 3.913984074504492696e+02
1.724368604123607440e+02 3.914094553452459877e+02
1.724413973887180589e+02 3.914175428830565693e+02
1.724459343650753738e+02 3.914295318198670088e+02
1.724504713414326602e+02 3.914383304498558687e+02
1.724550083177899751e+02 3.914492841774193153e+02
1.724595452941472900e+02 3.914614492039590914e+02
1.724640822705046048e+02 3.914720421138179063e+02
1.724686192468619197e+02 3.914837436044559809e+02
1.724731562232192346e+02 3.914956876971579618e+02
1.724776931995765494e+02 3.915074303387562509e+02
1.724822301759338643e+02 3.915226236853929436e+02
1.724867671522911792e+02 3.915333160428290284e+02
1.724913041286484940e+02 3.915458529276290278e+02
1.724958411050058089e+02 3.915519649987543289e+02
1.725003780813631238e+02 3.915613761545145621e+02
1.725049150577204387e+02 3.915739095240595020e+02
1.725094520340777535e+02 3.915861905036442749e+02
1.725139890104350684e+02 3.915980044419061983e+02
1.725185259867923833e+02 3.916074900619041159e+02
1.725230629631496697e+02 3.916144892769726198e+02
1.725275999395069846e+02 3.916251336247830750e+02
1.725321369158642995e+02 3.916374194610393715e+02
1.725366738922216143e+02 3.916495383794980967e+02
1.725412108685789292e+02 3.916618698251299975e+02
1.725457478449362156e+02 3.916750246675160270e+02
1.725502848212935305e+02 3.916874524731037468e+02
1.725548217976508454e+02 3.917013852037725883e+02
1.725593587740081603e+02 3.917164017141544718e+02
1.725638957503654751e+02 3.917315318492881602e+02
1.725684327267227900e+02 3.917464053065364169e+02
1.725729697030801049e+02 3.917596593989263738e+02
1.725775066794374197e+02 3.917724866305471778e+02
1.725820436557947346e+02 3.917858205232141700e+02
1.725865806321520495e+02 3.917986139938461179e+02
1.725911176085093643e+02 3.918107701718980138e+02
1.725956545848666792e+02 3.918243994263012269e+02
1.726001915612239941e+02 3.918347948472044209e+02
1.726047285375813090e+02 3.918455369162610964e+02
1.726092655139386238e+02 3.918578628452406178e+02
1.726138024902959103e+02 3.918715879543486267e+02
1.726183394666532251e+02 3.918840063515610836e+02
1.726228764430105400e+02 3.918946409461237863e+02
1.726274134193678549e+02 3.919069706137515823e+02
1.726319503957251698e+02 3.919169333474741848e+02
1.726364873720824562e+02 3.919300136273545263e+02
1.726410243484397711e+02 3.919411036625687643e+02
1.726455613247970859e+02 3.919589377594211896e+02
1.726500983011544008e+02 3.919719042492806125e+02
1.726546352775117157e+02 3.919850423495790892e+02
1.726591722538690306e+02 3.919996310102504253e+02
1.726637092302263454e+02 3.920135249428864768e+02
1.726682462065836603e+02 3.920256532993522569e+02
1.726727831829409752e+02 3.920369699181942451e+02
1.726773201592982900e+02 3.920482934558118586e+02
1.726818571356556049e+02 3.920582492198154796e+02
1.726863941120129198e+02 3.920711930685662310e+02
1.726909310883702346e+02 3.920825568815292286e+02
1.726954680647275495e+02 3.920926240351498677e+02
1.727000050410848644e+02 3.921039515636953752e+02
1.727045420174421793e+02 3.921150006690201621e+02
1.727090789937994657e+02 3.921255313093866448e+02
1.727136159701567806e+02 3.921328175511840186e+02
1.727181529465140954e+02 3.921446694378927873e+02
1.727226899228714103e+02 3.921566831355377190e+02
1.727272268992287252e+02 3.921690308860628420e+02
1.727317638755860116e+02 3.921799510503129795e+02
1.727363008519433265e+02 3.921937275576279944e+02
1.727408378283006414e+02 3.922028796599298062e+02
1.727453748046579562e+02 3.922151045948288584e+02
1.727499117810152711e+02 3.922263366374048132e+02
1.727544487573725860e+02 3.922382606620295746e+02
1.727589857337299009e+02 3.922469086364210966e+02
1.727635227100872157e+02 3.922558097428517954e+02
1.727680596864445306e+02 3.922655629925469043e+02
1.727725966628018455e+02 3.922777628300479478e+02
1.727771336391591603e+02 3.922917220317890497e+02
1.727816706155164752e+02 3.923014215762742651e+02
1.727862075918737901e+02 3.923131840285725502e+02
1.727907445682311049e+02 3.923270724840644448e+02
1.727952815445884198e+02 3.923392051542797390e+02
1.727998185209457063e+02 3.923514677890543112e+02
1.728043554973030211e+02 3.923623690813116696e+02
1.728088924736603360e+02 3.923786139166598446e+02
1.728134294500176509e+02 3.923905747728343272e+02
1.728179664263749657e+02 3.924021051378446145e+02
1.728225034027322522e+02 3.924129914510515391e+02
1.728270403790895671e+02 3.924228823903064267e+02
1.728315773554468819e+02 3.924341043685824957e+02
1.728361143318041968e+02 3.924471548043130724e+02
1.728406513081615117e+02 3.924626851292128435e+02
1.728451882845188265e+02 3.924774028634126921e+02
1.728497252608761414e+02 3.924908636243295064e+02
1.728542622372334563e+02 3.925038493603101983e+02
1.728587992135907712e+02 3.925138673194815055e+02
1.728633361899480860e+02 3.925269561336521633e+02
1.728678731663054009e+02 3.925382428465319435e+02
1.728724101426627158e+02 3.925517292769931714e+02
1.728769471190200306e+02 3.925610694873682860e+02
1.728814840953773455e+02 3.925690412515368166e+02
1.728860210717346604e+02 3.925759301646768904e+02
1.728905580480919753e+02 3.925837770391539721e+02
1.728950950244492617e+02 3.925928813293256212e+02
1.728996320008065766e+02 3.926021771251631662e+02
1.729041689771638914e+02 3.926105947691184497e+02
1.729087059535212063e+02 3.926239732580073678e+02
1.729132429298785212e+02 3.926374258512290680e+02
1.729177799062358076e+02 3.926483118171913702e+02
1.729223168825931225e+02 3.926637538682375066e+02
1.729268538589504374e+02 3.926734249251638857e+02
1.729313908353077522e+02 3.926854956078464056e+02
1.729359278116650671e+02 3.926959006124147891e+02
1.729404647880223820e+02 3.927060444727449067e+02
1.729450017643796969e+02 3.927165487409655498e+02
1.729495387407370117e+02 3.927282500227140076e+02
1.729540757170943266e+02 3.927379205435734093e+02
1.729586126934516415e+02 3.927478228556226441e+02
1.729631496698089563e+02 3.927582767119646974e+02
1.729676866461662712e+02 3.927719061282617758e+02
1.729722236225235861e+02 3.927860315600518106e+02
1.729767605988809009e+02 3.927955803979457983e+02
1.729812975752382158e+02 3.928084742661812925e+02
1.729858345515955023e+02 3.928213001785986194e+02
1.729903715279528171e+02 3.928313398392093632e+02
1.729949085043101320e+02 3.928397101490319301e+02
1.729994454806674469e+02 3.928494093058999965e+02
1.730039824570247617e+02 3.928602686360786151e+02
1.730085194333820482e+02 3.928711826703969336e+02
1.730130564097393631e+02 3.928827914676023738e+02
1.730175933860966779e+02 3.928954613108181206e+02
1.730221303624539928e+02 3.929062151225056141e+02
1.730266673388113077e+02 3.929186336692903865e+02
1.730312043151686225e+02 3.929293424173916947e+02
1.730357412915259374e+02 3.929440590584516144e+02
1.730402782678832523e+02 3.929569849766599532e+02
1.730448152442405672e+02 3.929690642193126564e+02
1.730493522205978820e+02 3.929813030621273811e+02
1.730538891969551969e+02 3.929923475876315138e+02
1.730584261733125118e+02 3.930023543548408611e+02
1.730629631496698266e+02 3.930154639918881685e+02
1.730675001260271415e+02 3.930243943933662649e+02
1.730720371023844564e+02 3.930362928804796070e+02
1.730765740787417712e+02 3.930485366218856029e+02
1.730811110550990577e+02 3.930594434372567889e+02
1.730856480314563726e+02 3.930727619762743643e+02
1.730901850078136874e+02 3.930839383985496625e+02
1.730947219841710023e+02 3.930990514848518842e+02
1.730992589605283172e+02 3.931116941389731778e+02
1.731037959368856036e+02 3.931255374112375875e+02
1.731083329132429185e+02 3.931395140056650916e+02
1.731128698896002334e+02 3.931564158867096808e+02
1.731174068659575482e+02 3.931711561130468340e+02
1.731219438423148631e+02 3.931863534435981364e+02
1.731264808186721780e+02 3.932003603972744372e+02
1.731310177950294928e+02 3.932119252922382202e+02
1.731355547713868077e+02 3.932285272455220024e+02
1.731400917477441226e+02 3.932416705217264052e+02
1.731446287241014375e+02 3.932562092466064883e+02
1.731491657004587523e+02 3.932660178805822966e+02
1.731537026768160672e+02 3.932808133602879366e+02
1.731582396531733821e+02 3.932944848613690851e+02
1.731627766295306969e+02 3.933064898762027610e+02
1.731673136058880118e+02 3.933173481092906627e+02
1.731718505822452983e+02 3.933283993989580267e+02
1.731763875586026131e+02 3.933414523603888142e+02
1.731809245349599280e+02 3.933543250132032085e+02
1.731854615113172429e+02 3.933682257459967104e+02
1.731899984876745577e+02 3.933792819609942057e+02
1.731945354640318442e+02 3.933937884517681027e+02
1.731990724403891591e+02 3.934048808506133241e+02
1.732036094167464739e+02 3.934159986210742090e+02
1.732081463931037888e+02 3.934291363918742377e+02
1.732126833694611037e+02 3.934384268546714907e+02
1.732172203458184185e+02 3.934518955532766995e+02
1.732217573221757334e+02 3.934620923676291682e+02
1.732262942985330483e+02 3.934744321377839356e+02
1.732308312748903631e+02 3.934861036399706222e+02
1.732353682512476780e+02 3.934992067571270127e+02
1.732399052276049929e+02 3.935103076562677984e+02
1.732444422039623078e+02 3.935209051826608970e+02
1.732489791803196226e+02 3.935312073385177314e+02
1.732535161566769375e+02 3.935400731824175296e+02
1.732580531330342524e+02 3.935495024678132268e+02
1.732625901093915672e+02 3.935605290474371714e+02
1.732671270857488537e+02 3.935740878052427547e+02
1.732716640621061686e+02 3.935869351645068264e+02
1.732762010384634834e+02 3.936014855494410654e+02
1.732807380148207983e+02 3.936116177384819821e+02
1.732852749911781132e+02 3.936255620591596198e+02
1.732898119675353996e+02 3.936403077028310804e+02
1.732943489438927145e+02 3.936534694128718570e+02
1.732988859202500294e+02 3.936669478443778871e+02
1.733034228966073442e+02 3.936771475723229514e+02
1.733079598729646591e+02 3.936888120479139275e+02
1.733124968493219740e+02 3.937011890774549556e+02
1.733170338256792888e+02 3.937107515240409725e+02
1.733215708020366037e+02 3.937221277811294158e+02
1.733261077783939186e+02 3.937323378107126928e+02
1.733306447547512334e+02 3.937447195995879952e+02
1.733351817311085483e+02 3.937551861114827716e+02
1.733397187074658632e+02 3.937700553642358159e+02
1.733442556838231781e+02 3.937813275293975721e+02
1.733487926601804929e+02 3.937927637160279346e+02
1.733533296365378078e+02 3.938040858871968908e+02
1.733578666128950942e+02 3.938166780032885868e+02
1.733624035892524091e+02 3.938292746114055944e+02
1.733669405656097240e+02 3.938401440520560186e+02
1.733714775419670389e+02 3.938524651334575424e+02
1.733760145183243537e+02 3.938634027028629134e+02
1.733805514946816402e+02 3.938761560096661469e+02
1.733850884710389550e+02 3.938890554190599005e+02
1.733896254473962699e+02 3.939009864963542782e+02
1.733941624237535848e+02 3.939149525040627964e+02
1.733986994001108997e+02 3.939252538205772680e+02
1.734032363764682145e+02 3.939390299429412039e+02
1.734077733528255294e+02 3.939515444869920202e+02
1.734123103291828443e+02 3.939631302843084768e+02
1.734168473055401591e+02 3.939757529952320283e+02
1.734213842818974740e+02 3.939856449147257536e+02
1.734259212582547889e+02 3.939965263017122652e+02
1.734304582346121038e+02 3.940085531209285818e+02
1.734349952109694186e+02 3.940196390106903550e+02
1.734395321873267335e+02 3.940301110287671804e+02
1.734440691636840484e+02 3.940445192471205473e+02
1.734486061400413348e+02 3.940543182455242572e+02
1.734531431163986497e+02 3.940665951226013135e+02
1.734576800927559646e+02 3.940757855007096850e+02
1.734622170691132794e+02 3.940863419008661594e+02
1.734667540454705943e+02 3.940969180097518461e+02
1.734712910218279092e+02 3.941058219430659619e+02
1.734758279981851956e+02 3.941160220795638907e+02
1.734803649745425105e+02 3.941266772578279074e+02
1.734849019508998254e+02 3.941380248990309383e+02
1.734894389272571402e+02 3.941483007661784654e+02
1.734939759036144551e+02 3.941584590091390510e+02
1.734985128799717700e+02 3.941687539666460793e+02
1.735030498563290848e+02 3.941798881287882637e+02
1.735075868326863997e+02 3.941930589889072962e+02
1.735121238090437146e+02 3.942064861457236020e+02
1.735166607854010294e+02 3.942151268426326851e+02
1.735211977617583443e+02 3.942224602569862100e+02
1.735257347381156592e+02 3.942332122051782903e+02
1.735302717144729741e+02 3.942420752866107705e+02
1.735348086908302889e+02 3.942507202469649883e+02
1.735393456671876038e+02 3.942587434083527569e+02
1.735438826435448902e+02 3.942663972118200491e+02
1.735484196199022051e+02 3.942735762267963082e+02
1.735529565962595200e+02 3.942834318217604164e+02
1.735574935726168349e+02 3.942928252451730486e+02
1.735620305489741497e+02 3.943017656709543530e+02
1.735665675253314362e+02 3.943124352643939687e+02
1.735711045016887510e+02 3.943192260312825397e+02
1.735756414780460659e+02 3.943291345510016868e+02
1.735801784544033808e+02 3.943413805494776057e+02
1.735847154307606957e+02 3.943541572795101047e+02
1.735892524071180105e+02 3.943654310392370803e+02
1.735937893834753254e+02 3.943775937821068283e+02
1.735983263598326403e+02 3.943905198143805819e+02
1.736028633361899551e+02 3.944049394004250075e+02
1.736074003125472700e+02 3.944182919603039750e+02
1.736119372889045849e+02 3.944300958345945673e+02
1.736164742652618997e+02 3.944442351644655105e+02
1.736210112416192146e+02 3.944532520095097539e+02
1.736255482179765295e+02 3.944638036978429341e+02
1.736300851943338444e+02 3.944743388542427169e+02
1.736346221706911308e+02 3.944857808302490980e+02
1.736391591470484457e+02 3.944956080501271458e+02
1.736436961234057605e+02 3.945062962261717985e+02
1.736482330997630754e+02 3.945142674552448625e+02
1.736527700761203903e+02 3.945221275156420688e+02
1.736573070524777052e+02 3.945326088201791777e+02
1.736618440288349916e+02 3.945410817589419139e+02
1.736663810051923065e+02 3.945540497622044427e+02
1.736709179815496213e+02 3.945642747409733602e+02
1.736754549579069362e+02 3.945743281586710509e+02
1.736799919342642511e+02 3.945840462156973558e+02
1.736845289106215660e+02 3.945932070124305824e+02
1.736890658869788808e+02 3.946018202509279149e+02
1.736936028633361957e+02 3.946105710568095333e+02
1.736981398396935106e+02 3.946216000430696909e+02
1.737026768160508254e+02 3.946309789477881509e+02
1.737072137924081403e+02 3.946402766285667667e+02
1.737117507687654552e+02 3.946503312747923928e+02
1.737162877451227700e+02 3.946600492908131628e+02
1.737208247214800849e+02 3.946693940379888659e+02
1.737253616978373998e+02 3.946803148338973983e+02
1.737298986741946862e+02 3.946917031733786985e+02
1.737344356505520011e+02 3.947041362257982087e+02
1.737389726269093160e+02 3.947144317345450872e+02
1.737435096032666308e+02 3.947266017733101648e+02
1.737480465796239457e+02 3.947390784150487093e+02
1.737525835559812322e+02 3.947485972054375907e+02
1.737571205323385470e+02 3.947609663232088337e+02
1.737616575086958619e+02 3.947732345777661749e+02
1.737661944850531768e+02 3.947835239125769817e+02
1.737707314614104916e+02 3.947938870914512108e+02
1.737752684377678065e+02 3.948011531551792928e+02
1.737798054141251214e+02 3.948145009437799331e+02
1.737843423904824363e+02 3.948259302533804203e+02
1.737888793668397511e+02 3.948375701776118376e+02
1.737934163431970660e+02 3.948481231369439683e+02
1.737979533195543809e+02 3.948585584374516202e+02
1.738024902959116957e+02 3.948712465488084717e+02
1.738070272722690106e+02 3.948850525368311537e+02
1.738115642486263255e+02 3.948961406483556971e+02
1.738161012249836403e+02 3.949049591900144947e+02
1.738206382013409268e+02 3.949170188804692998e+02
1.738251751776982417e+02 3.949276946002329396e+02
1.738297121540555565e+02 3.949398820008487405e+02
1.738342491304128714e+02 3.949538010506942101e+02
1.738387861067701863e+02 3.949685786936021827e+02
1.738433230831274727e+02 3.949819499332783721e+02
1.738478600594847876e+02 3.949943470599477564e+02
1.738523970358421025e+02 3.950024001276997296e+02
1.738569340121994173e+02 3.950131780011564047e+02
1.738614709885567322e+02 3.950227489673669083e+02
1.738660079649140471e+02 3.950303283426424628e+02
1.738705449412713619e+02 3.950380390349382651e+02
1.738750819176286768e+02 3.950437083281352670e+02
1.738796188939859917e+02 3.950511095831684543e+02
1.738841558703433066e+02 3.950602241747208154e+02
1.738886928467006214e+02 3.950683978383682415e+02
1.738932298230579363e+02 3.950775250518549910e+02
1.738977667994152512e+02 3.950866124541498152e+02
1.739023037757725660e+02 3.950955026005173067e+02
1.739068407521298809e+02 3.951069506085512444e+02
1.739113777284871958e+02 3.951190152600405554e+02
1.739159147048444822e+02 3.951305612411056245e+02
1.739204516812017971e+02 3.951453112628329336e+02
1.739249886575591120e+02 3.951547194350190466e+02
1.739295256339164268e+02 3.951668383383141645e+02
1.739340626102737417e+02 3.951759024910755898e+02
1.739385995866310282e+02 3.951863441820972298e+02
1.739431365629883430e+02 3.951982668669982104e+02
1.739476735393456579e+02 3.952070464189802692e+02
1.739522105157029728e+02 3.952156493659234116e+02
1.739567474920602876e+02 3.952226491280661094e+02
1.739612844684176025e+02 3.952297156233775013e+02
1.739658214447749174e+02 3.952398647239873526e+02
1.739703584211322323e+02 3.952502901643960627e+02
1.739748953974895471e+02 3.952597533546395425e+02
1.739794323738468620e+02 3.952702703500802954e+02
1.739839693502041769e+02 3.952807884182307703e+02
1.739885063265614917e+02 3.952931904422414959e+02
1.739930433029188066e+02 3.953031397563106566e+02
1.739975802792761215e+02 3.953141680211408016e+02
1.740021172556334363e+02 3.953249168616792986e+02
1.740066542319907228e+02 3.953357184335791885e+02
1.740111912083480377e+02 3.953455709390156585e+02
1.740157281847053525e+02 3.953577620698127930e+02
1.740202651610626674e+02 3.953691877170837188e+02
1.740248021374199823e+02 3.953798608846523166e+02
1.740293391137772687e+02 3.953918738895740148e+02
1.740338760901345836e+02 3.954021599628579224e+02
1.740384130664918985e+02 3.954125746121780480e+02
1.740429500428492133e+02 3.954204454858114559e+02
1.740474870192065282e+02 3.954300930443054085e+02
1.740520239955638431e+02 3.954393057114056091e+02
1.740565609719211579e+02 3.954467163315940752e+02
1.740610979482784728e+02 3.954543637292796916e+02
1.740656349246357877e+02 3.954631106424532163e+02
1.740701719009931026e+02 3.954744985338630272e+02
1.740747088773504174e+02 3.954829023804437043e+02
1.740792458537077323e+02 3.954899662601108616e+02
1.740837828300650472e+02 3.954994069428158241e+02
1.740883198064223620e+02 3.955110148390406835e+02
1.740928567827796769e+02 3.955192614420135442e+02
1.740973937591369918e+02 3.955270472312847687e+02
1.741019307354942782e+02 3.955391910381233060e+02
1.741064677118515931e+02 3.955483602408517072e+02
1.741110046882089080e+02 3.955593959677331100e+02
1.741155416645662228e+02 3.955725558432257003e+02
1.741200786409235377e+02 3.955850575822238397e+02
1.741246156172808242e+02 3.955953650546049403e+02
1.741291525936381390e+02 3.956063190547543513e+02
1.741336895699954539e+02 3.956171456258658168e+02
1.741382265463527688e+02 3.956270035945946120e+02
1.741427635227100836e+02 3.956362239114554313e+02
1.741473004990673985e+02 3.956462106573165443e+02
1.741518374754247134e+02 3.956558848586437875e+02
1.741563744517820282e+02 3.956641304793043332e+02
1.741609114281393431e+02 3.956742448679956397e+02
1.741654484044966580e+02 3.956836678188801102e+02
1.741699853808539729e+02 3.956927135270053668e+02
1.741745223572112877e+02 3.957042020856459885e+02
1.741790593335686026e+02 3.957139952546858126e+02
1.741835963099259175e+02 3.957247520722499416e+02
1.741881332862832323e+02 3.957346104366737336e+02
1.741926702626405188e+02 3.957418947777693461e+02
1.741972072389978337e+02 3.957531896537565785e+02
1.742017442153551485e+02 3.957616549138113555e+02
1.742062811917124634e+02 3.957702978474002293e+02
1.742108181680697783e+02 3.957798358710728621e+02
1.742153551444270647e+02 3.957878054379274317e+02
1.742198921207843796e+02 3.957946431671467167e+02
1.742244290971416945e+02 3.958024206311179682e+02
1.742289660734990093e+02 3.958121963604119742e+02
1.742335030498563242e+02 3.958233634896013200e+02
1.742380400262136391e+02 3.958343740091227687e+02
1.742425770025709539e+02 3.958439645986631490e+02
1.742471139789282688e+02 3.958539694735378589e+02
1.742516509552855837e+02 3.958645304924485799e+02
1.742561879316428985e+02 3.958740454550919594e+02
1.742607249080002134e+02 3.958812588504713972e+02
1.742652618843575283e+02 3.958930813279219478e+02
1.742697988607148432e+02 3.959015683263231722e+02
1.742743358370721580e+02 3.959102695608704607e+02
1.742788728134294729e+02 3.959206262868165709e+02
1.742834097897867878e+02 3.959286201084784693e+02
1.742879467661440742e+02 3.959349451478962010e+02
1.742924837425013891e+02 3.959440789103360885e+02
1.742970207188587040e+02 3.959521981292200508e+02
1.743015576952160188e+02 3.959602611628040449e+02
1.743060946715733337e+02 3.959689078760876555e+02
1.743106316479306201e+02 3.959792328493261380e+02
1.743151686242879350e+02 3.959897111689183475e+02
1.743197056006452499e+02 3.959991840940518841e+02
1.743242425770025648e+02 3.960085834930334272e+02
1.743287795533598796e+02 3.960195071325752565e+02
1.743333165297171945e+02 3.960304180333005775e+02
1.743378535060745094e+02 3.960384453896138552e+02
1.743423904824318242e+02 3.960478784487145276e+02
1.743469274587891391e+02 3.960570400512908691e+02
1.743514644351464540e+02 3.960677469300581492e+02
1.743560014115037688e+02 3.960750967802883906e+02
1.743605383878610837e+02 3.960855470421340669e+02
1.743650753642183986e+02 3.960976446896355014e+02
1.743696123405757135e+02 3.961082082791607490e+02
1.743741493169330283e+02 3.961171916313774659e+02
1.743786862932903148e+02 3.961282253587559694e+02
1.743832232696476296e+02 3.961393346967400930e+02
1.743877602460049445e+02 3.961489677497969524e+02
1.743922972223622594e+02 3.961598099846864329e+02
1.743968341987195743e+02 3.961684934980088428e+02
1.744013711750768607e+02 3.961766004936292802e+02
1.744059081514341756e+02 3.961858086772899128e+02
1.744104451277914904e+02 3.961948997500998075e+02
1.744149821041488053e+02 3.962056866913791850e+02
1.744195190805061202e+02 3.962174334131410660e+02
1.744240560568634351e+02 3.962245832007315016e+02
1.744285930332207499e+02 3.962329544922807258e+02
1.744331300095780648e+02 3.962426377701433466e+02
1.744376669859353797e+02 3.962514146456115895e+02
1.744422039622926945e+02 3.962612266033481774e+02
1.744467409386500094e+02 3.962686892378636685e+02
1.744512779150073243e+02 3.962756104515119659e+02
1.744558148913646392e+02 3.962806133766080166e+02
1.744603518677219540e+02 3.962862613847458420e+02
1.744648888440792689e+02 3.962957684172177437e+02
1.744694258204365838e+02 3.963040856917124302e+02
1.744739627967938702e+02 3.963142981622498269e+02
1.744784997731511851e+02 3.963208016367713640e+02
1.744830367495085000e+02 3.963290528247967472e+02
1.744875737258658148e+02 3.963349381346320683e+02
1.744921107022231297e+02 3.963411784003482694e+02
1.744966476785804161e+02 3.963479539208665301e+02
1.745011846549377310e+02 3.963546797244607660e+02
1.745057216312950459e+02 3.963640092742567163e+02
1.745102586076523608e+02 3.963706416211147712e+02
1.745147955840096756e+02 3.963781161428740347e+02
1.745193325603669905e+02 3.963839167084275346e+02
1.745238695367243054e+02 3.963907555341660895e+02
1.745284065130816202e+02 3.963958483823295751e+02
1.745329434894389351e+02 3.964046834745357160e+02
1.745374804657962500e+02 3.964121177056748024e+02
1.745420174421535648e+02 3.964192159365763359e+02
1.745465544185108797e+02 3.964270449729167467e+02
1.745510913948681946e+02 3.964336691462963813e+02
1.745556283712255095e+02 3.964432163253829913e+02
1.745601653475828243e+02 3.964529150897052432e+02
1.745647023239401108e+02 3.964628912395384077e+02
1.745692393002974256e+02 3.964724655716273105e+02
1.745737762766547405e+02 3.964828237619253741e+02
1.745783132530120554e+02 3.964907386864659884e+02
1.745828502293693703e+02 3.964958301894358215e+02
1.745873872057266567e+02 3.965024443953498121e+02
1.745919241820839716e+02 3.965100873236883103e+02
1.745964611584412864e+02 3.965190373301928162e+02
1.746009981347986013e+02 3.965277362732941810e+02
1.746055351111559162e+02 3.965355735011069669e+02
1.746100720875132311e+02 3.965419238688355108e+02
1.746146090638705459e+02 3.965512264380282659e+02
1.746191460402278608e+02 3.965618829614760443e+02
1.746236830165851757e+02 3.965711706485323020e+02
1.746282199929424905e+02 3.965795292967902697e+02
1.746327569692998054e+02 3.965861568688871444e+02
1.746372939456571203e+02 3.965929652726055110e+02
1.746418309220144351e+02 3.965990568079204195e+02
1.746463678983717500e+02 3.966058057718458372e+02
1.746509048747290649e+02 3.966121654530060141e+02
1.746554418510863798e+02 3.966200169548129111e+02
1.746599788274436662e+02 3.966263344388173095e+02
1.746645158038009811e+02 3.966359562348172290e+02
1.746690527801582959e+02 3.966446332116099143e+02
1.746735897565156108e+02 3.966525650504524378e+02
1.746781267328729257e+02 3.966605527274674046e+02
1.746826637092302121e+02 3.966689869895693050e+02
1.746872006855875270e+02 3.966769311881316185e+02
1.746917376619448419e+02 3.966822488324737606e+02
1.746962746383021567e+02 3.966899576467067732e+02
1.747008116146594716e+02 3.966984451351085568e+02
1.747053485910167865e+02 3.967073316472040574e+02
1.747098855673741014e+02 3.967166846087794170e+02
1.747144225437314162e+02 3.967263856934066553e+02
1.747189595200887311e+02 3.967360783371463526e+02
1.747234964964460460e+02 3.967454631688328845e+02
1.747280334728033608e+02 3.967550862673932670e+02
1.747325704491606757e+02 3.967642385927928217e+02
1.747371074255179906e+02 3.967721997418677802e+02
1.747416444018753054e+02 3.967806826592422453e+02
1.747461813782326203e+02 3.967910869426361273e+02
1.747507183545899068e+02 3.967997417997870002e+02
1.747552553309472216e+02 3.968109394331734165e+02
1.747597923073045365e+02 3.968207265190138173e+02
1.747643292836618514e+02 3.968288541343289921e+02
1.747688662600191662e+02 3.968372731183112023e+02
1.747734032363764527e+02 3.968458748143297612e+02
1.747779402127337676e+02 3.968551854517938295e+02
1.747824771890910824e+02 3.968650664724523267e+02
1.747870141654483973e+02 3.968751870107425930e+02
1.747915511418057122e+02 3.968833882903775816e+02
1.747960881181630270e+02 3.968920696337961544e+02
1.748006250945203419e+02 3.969008341903834776e+02
1.748051620708776568e+02 3.969096053552405579e+02
1.748096990472349717e+02 3.969183554679797794e+02
1.748142360235922865e+02 3.969285098691006510e+02
1.748187729999496014e+02 3.969369484991243553e+02
1.748233099763069163e+02 3.969465900295656411e+02
1.748278469526642311e+02 3.969572278641331877e+02
1.748323839290215460e+02 3.969642902321630800e+02
1.748369209053788609e+02 3.969731502998835140e+02
1.748414578817361758e+02 3.969809216419911877e+02
1.748459948580934622e+02 3.969896775053570082e+02
1.748505318344507771e+02 3.969991574578014024e+02
1.748550688108080919e+02 3.970066512691666389e+02
1.748596057871654068e+02 3.970146757368560202e+02
1.748641427635227217e+02 3.970272916175105706e+02
1.748686797398800081e+02 3.970375687334113763e+02
1.748732167162373230e+02 3.970470302436700081e+02
1.748777536925946379e+02 3.970594736099935744e+02
1.748822906689519527e+02 3.970689673712844296e+02
1.748868276453092676e+02 3.970781304167381904e+02
1.748913646216665825e+02 3.970874478556776808e+02
1.748959015980238973e+02 3.970960553327088292e+02
1.749004385743812122e+02 3.971061712301236639e+02
1.749049755507385271e+02 3.971160309804814119e+02
1.749095125270958420e+02 3.971249570763382621e+02
1.749140495034531568e+02 3.971333336536699221e+02
1.749185864798104717e+02 3.971405904761271586e+02
1.749231234561677866e+02 3.971515205230179504e+02
1.749276604325251014e+02 3.971630320370782670e+02
1.749321974088824163e+02 3.971734464092359076e+02
1.749367343852397028e+02 3.971839640242704945e+02
1.749412713615970176e+02 3.971949516184820936e+02
1.749458083379543325e+02 3.972024344104218017e+02
1.749503453143116474e+02 3.972121315742627985e+02
1.749548822906689622e+02 3.972199841584949240e+02
1.749594192670262487e+02 3.972293908602247257e+02
1.749639562433835636e+02 3.972392121950261412e+02
1.749684932197408784e+02 3.972492931943259578e+02
1.749730301960981933e+02 3.972570879589862898e+02
1.749775671724555082e+02 3.972647235617547494e+02
1.749821041488128230e+02 3.972728694942748007e+02
1.749866411251701379e+02 3.972817246947542458e+02
1.749911781015274528e+02 3.972907952670905161e+02
1.749957150778847677e+02 3.972993503837451499e+02
1.750002520542420825e+02 3.973084724254043181e+02
1.750047890305993974e+02 3.973179131585764026e+02
1.750093260069567123e+02 3.973258061744786573e+02
1.750138629833140271e+02 3.973347685705098229e+02
1.750183999596713420e+02 3.973423175397413729e+02
1.750229369360286569e+02 3.973506809011921632e+02
1.750274739123859717e+02 3.973583482907405937e+02
1.750320108887432582e+02 3.973628500582694869e+02
1.750365478651005731e+02 3.973704078411250293e+02
1.750410848414578879e+02 3.973767323704263390e+02
1.750456218178152028e+02 3.973820837807440398e+02
1.750501587941725177e+02 3.973911546189088426e+02
1.750546957705298041e+02 3.974003201849748166e+02
1.750592327468871190e+02 3.974083937137202156e+02
1.750637697232444339e+02 3.974168991774157575e+02
1.750683066996017487e+02 3.974229070777790866e+02
1.750728436759590636e+02 3.974306284798468596e+02
1.750773806523163785e+02 3.974370364074962936e+02
1.750819176286736933e+02 3.974442976732616444e+02
1.750864546050310082e+02 3.974514192551142742e+02
1.750909915813883231e+02 3.974610425914621032e+02
1.750955285577456380e+02 3.974683155004196351e+02
1.751000655341029528e+02 3.974763479251255376e+02
1.751046025104602677e+02 3.974855547941746750e+02
1.751091394868175826e+02 3.974943988265710004e+02
1.751136764631748974e+02 3.975037244133249033e+02
1.751182134395322123e+02 3.975125816308151911e+02
1.751227504158894988e+02 3.975194529340756731e+02
1.751272873922468136e+02 3.975278175640702329e+02
1.751318243686041285e+02 3.975356709625726808e+02
1.751363613449614434e+02 3.975424323577497034e+02
1.751408983213187582e+02 3.975504263697665692e+02
1.751454352976760447e+02 3.975583090209377701e+02
1.751499722740333596e+02 3.975673160122318563e+02
1.751545092503906744e+02 3.975763701987939953e+02
1.751590462267479893e+02 3.975837911555083224e+02
1.751635832031053042e+02 3.975920020976914202e+02
1.751681201794626190e+02 3.976005704626220449e+02
1.751726571558199339e+02 3.976080035549905460e+02
1.751771941321772488e+02 3.976172564779311074e+02
1.751817311085345636e+02 3.976251227923133342e+02
1.751862680848918785e+02 3.976334887054096612e+02
1.751908050612491934e+02 3.976419551204862728e+02
1.751953420376065083e+02 3.976512514022363121e+02
1.751998790139638231e+02 3.976576273973191178e+02
1.752044159903211380e+02 3.976663252136641518e+02
1.752089529666784529e+02 3.976731558072395956e+02
1.752134899430357393e+02 3.976813332009235751e+02
1.752180269193930542e+02 3.976879347528976041e+02
1.752225638957503691e+02 3.976955343746789708e+02
1.752271008721076839e+02 3.977006239878810447e+02
1.752316378484649988e+02 3.977078129906125810e+02
1.752361748248223137e+02 3.977153318826435680e+02
1.752407118011796001e+02 3.977213343374183978e+02
1.752452487775369150e+02 3.977305287950898673e+02
1.752497857538942299e+02 3.977376615763430436e+02
1.752543227302515447e+02 3.977467574372313948e+02
1.752588597066088596e+02 3.977537388201969861e+02
1.752633966829661745e+02 3.977607370788125536e+02
1.752679336593234893e+02 3.977695445532376652e+02
1.752724706356808042e+02 3.977763401541556050e+02
1.752770076120381191e+02 3.977842095696567526e+02
1.752815445883954339e+02 3.977907939063082949e+02
1.752860815647527488e+02 3.977997840167010395e+02
1.752906185411100637e+02 3.978077505726748200e+02
1.752951555174673786e+02 3.978173043766573755e+02
1.752996924938246934e+02 3.978248073517175953e+02
1.753042294701820083e+02 3.978323458272404878e+02
1.753087664465392947e+02 3.978400680410177301e+02
1.753133034228966096e+02 3.978481239966876615e+02
1.753178403992539245e+02 3.978571106943200562e+02
1.753223773756112394e+02 3.978646140956242903e+02
1.753269143519685542e+02 3.978728670116784656e+02
1.753314513283258407e+02 3.978771206561454505e+02
1.753359883046831555e+02 3.978833000399913544e+02
1.753405252810404704e+02 3.978904388966552119e+02
1.753450622573977853e+02 3.978964167538612173e+02
1.753495992337551002e+02 3.979020729911547960e+02
1.753541362101124150e+02 3.979110569931368104e+02
1.753586731864697299e+02 3.979186293589573893e+02
1.753632101628270448e+02 3.979277717354179345e+02
1.753677471391843596e+02 3.979361021696143439e+02
1.753722841155416745e+02 3.979466379949606676e+02
1.753768210918989894e+02 3.979578612151941002e+02
1.753813580682563043e+02 3.979656225268010985e+02
1.753858950446136191e+02 3.979753719409952168e+02
1.753904320209709340e+02 3.979815248910311993e+02
1.753949689973282489e+02 3.979882412586741225e+02
1.753995059736855353e+02 3.979948931596547368e+02
1.754040429500428502e+02 3.980033960279054668e+02
1.754085799264001650e+02 3.980105540284020549e+02
1.754131169027574799e+02 3.980162771696952291e+02
1.754176538791147948e+02 3.980245248434247287e+02
1.754221908554721097e+02 3.980313568581112236e+02
1.754267278318293961e+02 3.980394073770511909e+02
1.754312648081867110e+02 3.980481061786704799e+02
1.754358017845440258e+02 3.980553563241433039e+02
1.754403387609013407e+02 3.980614147562535550e+02
1.754448757372586556e+02 3.980679079045937669e+02
1.754494127136159705e+02 3.980736386708605323e+02
1.754539496899732853e+02 3.980793393253647992e+02
1.754584866663306002e+02 3.980851789234775424e+02
1.754630236426879151e+02 3.980910138020051932e+02
1.754675606190452299e+02 3.980999831438131196e+02
1.754720975954025448e+02 3.981057572012325636e+02
1.754766345717598597e+02 3.981136824997221879e+02
1.754811715481171746e+02 3.981218479569807869e+02
1.754857085244744894e+02 3.981304034105734218e+02
1.754902455008318043e+02 3.981393802579993917e+02
1.754947824771890907e+02 3.981483292167418995e+02
1.754993194535464056e+02 3.981578877251589006e+02
1.755038564299037205e+02 3.981650047169491131e+02
1.755083934062610354e+02 3.981723634406476435e+02
1.755129303826183502e+02 3.981792506141139825e+02
1.755174673589756367e+02 3.981867984924845700e+02
1.755220043353329515e+02 3.981940423544456849e+02
1.755265413116902664e+02 3.982041383795650518e+02
1.755310782880475813e+02 3.982113568930671477e+02
1.755356152644048962e+02 3.982170829580448412e+02
1.755401522407622110e+02 3.982255929699177841e+02
1.755446892171195259e+02 3.982313556543398931e+02
1.755492261934768408e+02 3.982376014392771708e+02
1.755537631698341556e+02 3.982454307553020385e+02
1.755583001461914705e+02 3.982529439237878250e+02
1.755628371225487854e+02 3.982580908646198168e+02
1.755673740989061002e+02 3.982643642984536427e+02
1.755719110752634151e+02 3.982719947763528126e+02
1.755764480516207300e+02 3.982769668221395705e+02
1.755809850279780449e+02 3.982813403137292312e+02
1.755855220043353313e+02 3.982879156959767215e+02
1.755900589806926462e+02 3.982954528348060421e+02
1.755945959570499610e+02 3.983019720776427448e+02
1.755991329334072759e+02 3.983096516423701701e+02
1.756036699097645908e+02 3.983159755242630808e+02
1.756082068861218772e+02 3.983239208782306378e+02
1.756127438624791921e+02 3.983299991101097817e+02
1.756172808388365070e+02 3.983384037962686648e+02
1.756218178151938218e+02 3.983473733956319052e+02
1.756263547915511367e+02 3.983571048180238563e+02
1.756308917679084516e+02 3.983674790433784665e+02
1.756354287442657665e+02 3.983740981035854247e+02
1.756399657206230813e+02 3.983819238160830309e+02
1.756445026969803962e+02 3.983902598502601222e+02
1.756490396733377111e+02 3.983986311916441991e+02
1.756535766496950259e+02 3.984043855092702984e+02
1.756581136260523408e+02 3.984124166927074384e+02
1.756626506024096557e+02 3.984193192029545116e+02
1.756671875787669705e+02 3.984252333672271220e+02
1.756717245551242854e+02 3.984336021496171725e+02
1.756762615314816003e+02 3.984414348968446120e+02
1.756807985078388867e+02 3.984469983390521293e+02
1.756853354841962016e+02 3.984526884559884934e+02
1.756898724605535165e+02 3.984587858974217056e+02
1.756944094369108313e+02 3.984644090120551141e+02
1.756989464132681462e+02 3.984713913332828952e+02
1.757034833896254327e+02 3.984777763612829062e+02
1.757080203659827475e+02 3.984856553830231292e+02
1.757125573423400624e+02 3.984944930339149209e+02
1.757170943186973773e+02 3.985028672974792698e+02
1.757216312950546921e+02 3.985111380946630106e+02
1.757261682714120070e+02 3.985157290123962071e+02
1.757307052477693219e+02 3.985242120514604380e+02
1.757352422241266368e+02 3.985321208898197938e+02
1.757397792004839516e+02 3.985385758210630343e+02
1.757443161768412665e+02 3.985435657037928650e+02
1.757488531531985814e+02 3.985508967888234793e+02
1.757533901295558962e+02 3.985583269803183839e+02
1.757579271059132111e+02 3.985651789498843414e+02
1.757624640822705260e+02 3.985744568060757729e+02
1.757670010586278408e+02 3.985827409749796857e+02
1.757715380349851273e+02 3.985921354321031913e+02
1.757760750113424422e+02 3.985994114132045070e+02
1.757806119876997570e+02 3.986052646795469059e+02
1.757851489640570719e+02 3.986120830708022140e+02
1.757896859404143868e+02 3.986192780074684379e+02
1.757942229167716732e+02 3.986251509582556878e+02
1.757987598931289881e+02 3.986336372701895812e+02
1.758032968694863030e+02 3.986419310367524531e+02
1.758078338458436178e+02 3.986496054430974141e+02
1.758123708222009327e+02 3.986578807641973867e+02
1.758169077985582476e+02 3.986639941764831292e+02
1.758214447749155624e+02 3.986730821872276920e+02
1.758259817512728773e+02 3.986801911268025265e+02
1.758305187276301922e+02 3.986875679646797153e+02
1.758350557039875071e+02 3.986943521619026569e+02
1.758395926803448219e+02 3.987015796726260533e+02
1.758441296567021368e+02 3.987093508700744451e+02
1.758486666330594517e+02 3.987157552138040728e+02
1.758532036094167665e+02 3.987231774341178721e+02
1.758577405857740814e+02 3.987304090522654292e+02
1.758622775621313963e+02 3.987388425310144271e+02
1.758668145384886827e+02 3.987449864464588813e+02
1.758713515148459976e+02 3.987532058821977330e+02
1.758758884912033125e+02 3.987598310095233387e+02
1.758804254675606273e+02 3.987671062284883305e+02
1.758849624439179422e+02 3.987736381867524642e+02
1.758894994202752287e+02 3.987819786883609936e+02
1.758940363966325435e+02 3.987887513367475094e+02
1.758985733729898584e+02 3.987958181670860540e+02
1.759031103493471733e+02 3.988029554292254488e+02
1.759076473257044881e+02 3.988096954392972862e+02
1.759121843020618030e+02 3.988164895604004414e+02
1.759167212784191179e+02 3.988221650359632235e+02
1.759212582547764328e+02 3.988273818466776106e+02
1.759257952311337476e+02 3.988326004289769458e+02
1.759303322074910625e+02 3.988389999709517042e+02
1.759348691838483774e+02 3.988446750597520349e+02
1.759394061602056922e+02 3.988520504232044459e+02
1.759439431365630071e+02 3.988585603210265162e+02
1.759484801129203220e+02 3.988633901789457354e+02
1.759530170892776368e+02 3.988687749397865332e+02
1.759575540656349233e+02 3.988742134049024344e+02
1.759620910419922382e+02 3.988810229893925339e+02
1.759666280183495530e+02 3.988901826086777760e+02
1.759711649947068679e+02 3.988967744853613340e+02
1.759757019710641828e+02 3.989039876973317291e+02
1.759802389474214692e+02 3.989099511524432842e+02
1.759847759237787841e+02 3.989160032747394666e+02
1.759893129001360990e+02 3.989235001002261356e+02
1.759938498764934138e+02 3.989313942769697405e+02
1.759983868528507287e+02 3.989374386246408903e+02
1.760029238292080436e+02 3.989444519835344067e+02
1.760074608055653584e+02 3.989490345910959377e+02
1.760119977819226733e+02 3.989543866773158243e+02
1.760165347582799882e+02 3.989593250823178892e+02
1.760210717346373031e+02 3.989653726439941579e+02
1.760256087109946179e+02 3.989687481068964416e+02
1.760301456873519328e+02 3.989747890637921159e+02
1.760346826637092477e+02 3.989828879949977249e+02
1.760392196400665625e+02 3.989892127459681319e+02
1.760437566164238774e+02 3.989958209124059749e+02
1.760482935927811923e+02 3.990033933015529328e+02
1.760528305691384787e+02 3.990103777975933781e+02
1.760573675454957936e+02 3.990176562097435067e+02
1.760619045218531085e+02 3.990243078161053631e+02
1.760664414982104233e+02 3.990311487056621900e+02
1.760709784745677382e+02 3.990395314451013746e+02
1.760755154509250247e+02 3.990455456616889478e+02
1.760800524272823395e+02 3.990534445587479127e+02
1.760845894036396544e+02 3.990609605173298178e+02
1.760891263799969693e+02 3.990688546302204713e+02
1.760936633563542841e+02 3.990771175952675094e+02
1.760982003327115990e+02 3.990840028739119703e+02
1.761027373090689139e+02 3.990923460269610246e+02
1.761072742854262287e+02 3.991002213314388314e+02
1.761118112617835436e+02 3.991065964350705713e+02
1.761163482381408585e+02 3.991152022890486819e+02
1.761208852144981734e+02 3.991232281897159169e+02
1.761254221908554882e+02 3.991299592330150290e+02
1.761299591672128031e+02 3.991382840592031584e+02
1.761344961435701180e+02 3.991451390952449287e+02
1.761390331199274328e+02 3.991509199020900951e+02
1.761435700962847193e+02 3.991576450982776123e+02
1.761481070726420342e+02 3.991631306823300065e+02
1.761526440489993490e+02 3.991689712623548871e+02
1.761571810253566639e+02 3.991753875285893969e+02
1.761617180017139788e+02 3.991819024081203224e+02
1.761662549780712652e+02 3.991876717590713497e+02
1.761707919544285801e+02 3.991938331454320519e+02
1.761753289307858950e+02 3.992014786821145549e+02
1.761798659071432098e+02 3.992079960848355427e+02
1.761844028835005247e+02 3.992136129484974276e+02
1.761889398598578396e+02 3.992205940692716695e+02
1.761934768362151544e+02 3.992265584159944751e+02
1.761980138125724693e+02 3.992325207448686228e+02
1.762025507889297842e+02 3.992389024933357859e+02
1.762070877652870990e+02 3.992455172822699865e+02
1.762116247416444139e+02 3.992517955073629992e+02
1.762161617180017288e+02 3.992585878841439921e+02
1.762206986943590437e+02 3.992643112345190275e+02
1.762252356707163585e+02 3.992700400726855037e+02
1.762297726470736734e+02 3.992763940355845307e+02
1.762343096234309883e+02 3.992832996837520909e+02
1.762388465997882747e+02 3.992916631104313296e+02
1.762433835761455896e+02 3.992971412819230750e+02
1.762479205525029045e+02 3.993039971310746523e+02
1.762524575288602193e+02 3.993091476623757785e+02
1.762569945052175342e+02 3.993156466323176232e+02
1.762615314815748206e+02 3.993220555642921568e+02
1.762660684579321355e+02 3.993297604857031047e+02
1.762706054342894504e+02 3.993364942007665945e+02
1.762751424106467653e+02 3.993433934689057310e+02
1.762796793870040801e+02 3.993517668534375389e+02
1.762842163633613950e+02 3.993585440942197238e+02
1.762887533397187099e+02 3.993648952175546469e+02
1.762932903160760247e+02 3.993703704157127845e+02
1.762978272924333396e+02 3.993780195004336520e+02
1.763023642687906545e+02 3.993856521331622389e+02
1.763069012451479693e+02 3.993943910117972678e+02
1.763114382215052842e+02 3.994026122272992438e+02
1.763159751978625991e+02 3.994109251327528227e+02
1.763205121742199140e+02 3.994183326756877932e+02
1.763250491505772288e+02 3.994256021340664802e+02
1.763295861269345153e+02 3.994328295690592654e+02
1.763341231032918301e+02 3.994398770008086217e+02
1.763386600796491450e+02 3.994475671134176196e+02
1.763431970560064599e+02 3.994526423869714904e+02
1.763477340323637748e+02 3.994590660765469465e+02
1.763522710087210612e+02 3.994644081526859622e+02
1.763568079850783761e+02 3.994705473365683588e+02
1.763613449614356909e+02 3.994775974794608260e+02
1.763658819377930058e+02 3.994818325344945151e+02
1.763704189141503207e+02 3.994872581817761557e+02
1.763749558905076356e+02 3.994929034559064576e+02
1.763794928668649504e+02 3.994986660273088432e+02
1.763840298432222653e+02 3.995041297829833979e+02
1.763885668195795802e+02 3.995108487996793656e+02
1.763931037959368950e+02 3.995170506322144206e+02
1.763976407722942099e+02 3.995231413253376900e+02
1.764021777486515248e+02 3.995274554657825092e+02
1.764067147250088397e+02 3.995342405151300795e+02
1.764112517013661545e+02 3.995395972627190986e+02
1.764157886777234694e+02 3.995436172236047696e+02
1.764203256540807843e+02 3.995482267981945483e+02
1.764248626304380707e+02 3.995537074290887176e+02
1.764293996067953856e+02 3.995591533197118110e+02
1.764339365831527005e+02 3.995644626032193969e+02
1.764384735595100153e+02 3.995700290250278499e+02
1.764430105358673302e+02 3.995760457321292733e+02
1.764475475122246166e+02 3.995827786565641873e+02
1.764520844885819315e+02 3.995872256783138710e+02
1.764566214649392464e+02 3.995921835243905207e+02
1.764611584412965613e+02 3.995969274278802459e+02
1.764656954176538761e+02 3.996029768769487873e+02
1.764702323940111910e+02 3.996093534370024827e+02
1.764747693703685059e+02 3.996153679787505553e+02
1.764793063467258207e+02 3.996211565178094816e+02
1.764838433230831356e+02 3.996282954416507209e+02
1.764883802994404505e+02 3.996351255706586585e+02
1.764929172757977653e+02 3.996429626908728778e+02
1.764974542521550802e+02 3.996488893360960333e+02
1.765019912285123951e+02 3.996557601429968258e+02
1.765065282048697100e+02 3.996624300505064866e+02
1.765110651812270248e+02 3.996665804522711483e+02
1.765156021575843113e+02 3.996727275889435873e+02
1.765201391339416261e+02 3.996781337355081405e+02
1.765246761102989410e+02 3.996845712480596831e+02
1.765292130866562559e+02 3.996896516874406871e+02
1.765337500630135708e+02 3.996950178235339877e+02
1.765382870393708572e+02 3.997015238854820041e+02
1.765428240157281721e+02 3.997084501681435995e+02
1.765473609920854869e+02 3.997141876577604762e+02
1.765518979684428018e+02 3.997201655370775484e+02
1.765564349448001167e+02 3.997270755215917006e+02
1.765609719211574316e+02 3.997334425699925760e+02
1.765655088975147464e+02 3.997404043228556816e+02
1.765700458738720613e+02 3.997470797329060019e+02
1.765745828502293762e+02 3.997535801775534310e+02
1.765791198265866910e+02 3.997597367263209662e+02
1.765836568029440059e+02 3.997658768772590747e+02
1.765881937793013208e+02 3.997716663627005005e+02
1.765927307556586356e+02 3.997775589277233053e+02
1.765972677320159505e+02 3.997838626961582804e+02
1.766018047083732654e+02 3.997889062201612091e+02
1.766063416847305803e+02 3.997946024493720074e+02
1.766108786610878667e+02 3.997998026742448019e+02
1.766154156374451816e+02 3.998064084232408391e+02
1.766199526138024964e+02 3.998122116949985525e+02
1.766244895901598113e+02 3.998176069617189796e+02
1.766290265665171262e+02 3.998237144921340018e+02
1.766335635428744126e+02 3.998280836661197668e+02
1.766381005192317275e+02 3.998345612210253535e+02
1.766426374955890424e+02 3.998385340763587124e+02
1.766471744719463572e+02 3.998441436313875670e+02
1.766517114483036721e+02 3.998496766769965234e+02
1.766562484246609870e+02 3.998550087033299292e+02
1.766607854010183019e+02 3.998600329506888897e+02
1.766653223773756167e+02 3.998670132277347307e+02
1.766698593537329316e+02 3.998735704392192361e+02
1.766743963300902465e+02 3.998798492419093691e+02
1.766789333064475613e+02 3.998871628144158308e+02
1.766834702828048762e+02 3.998924636562027217e+02
1.766880072591621911e+02 3.998979647581866743e+02
1.766925442355195059e+02 3.999040468952159131e+02
1.766970812118768208e+02 3.999109006273727687e+02
1.767016181882341073e+02 3.999179407866031397e+02
1.767061551645914221e+02 3.999247721372557294e+02
1.767106921409487370e+02 3.999311389284156348e+02
1.767152291173060519e+02 3.999372567381736303e+02
1.767197660936633667e+02 3.999435425281093899e+02
1.767243030700206532e+02 3.999489811641814754e+02
1.767288400463779681e+02 3.999554889702960168e+02
1.767333770227352829e+02 3.999613838037077471e+02
1.767379139990925978e+02 3.999679702607407421e+02
1.767424509754499127e+02 3.999748151342345182e+02
1.767469879518072275e+02 3.999806580747418252e+02
1.767515249281645424e+02 3.999866878606207479e+02
1.767560619045218573e+02 3.999917132264680504e+02
1.767605988808791722e+02 3.999979463259500676e+02
1.767651358572364870e+02 4.000033740926401720e+02
1.767696728335938019e+02 4.000082264678304682e+02
1.767742098099511168e+02 4.000128711303433988e+02
1.767787467863084316e+02 4.000193163512544743e+02
1.767832837626657465e+02 4.000253781223510146e+02
1.767878207390230614e+02 4.000332992292128438e+02
1.767923577153803762e+02 4.000406329673180608e+02
1.767968946917376627e+02 4.000466603589287047e+02
1.768014316680949776e+02 4.000538145810704123e+02
1.768059686444522924e+02 4.000591675023716220e+02
1.768105056208096073e+02 4.000642010170631124e+02
1.768150425971669222e+02 4.000694737588129328e+02
1.768195795735242086e+02 4.000744604237271460e+02
1.768241165498815235e+02 4.000800216667482232e+02
1.768286535262388384e+02 4.000853613813692959e+02
1.768331905025961532e+02 4.000912378403469347e+02
1.768377274789534681e+02 4.000977030601135311e+02
1.768422644553107830e+02 4.001041608497487232e+02
1.768468014316680978e+02 4.001104866823700945e+02
1.768513384080254127e+02 4.001171735532229263e+02
1.768558753843827276e+02 4.001238004235512449e+02
1.768604123607400425e+02 4.001296088980014360e+02
1.768649493370973573e+02 4.001346039784756954e+02
1.768694863134546722e+02 4.001406246223706376e+02
1.768740232898119871e+02 4.001473218058295060e+02
1.768785602661693019e+02 4.001530419314676692e+02
1.768830972425266168e+02 4.001587191508132264e+02
1.768876342188839033e+02 4.001632624419787021e+02
1.768921711952412181e+02 4.001679262721704049e+02
1.768967081715985330e+02 4.001729573689681274e+02
1.769012451479558479e+02 4.001784899230657970e+02
1.769057821243131627e+02 4.001845521486740154e+02
1.769103191006704492e+02 4.001899917149208363e+02
1.769148560770277641e+02 4.001946015329471038e+02
1.769193930533850789e+02 4.002005998449267850e+02
1.769239300297423938e+02 4.002043821037431144e+02
1.769284670060997087e+02 4.002094413402194277e+02
1.769330039824570235e+02 4.002139854687519005e+02
1.769375409588143384e+02 4.002188405462267724e+02
1.769420779351716533e+02 4.002244203923597183e+02
1.769466149115289682e+02 4.002297543515414873e+02
1.769511518878862830e+02 4.002344123186555862e+02
1.769556888642435979e+02 4.002399121539938847e+02
1.769602258406009128e+02 4.002458623260243940e+02
1.769647628169582276e+02 4.002518910893863335e+02
1.769692997933155425e+02 4.002580334054686659e+02
1.769738367696728574e+02 4.002647265230430662e+02
1.769783737460301438e+02 4.002710196532638633e+02
1.769829107223874587e+02 4.002775639839775295e+02
1.769874476987447736e+02 4.002841282911916210e+02
1.769919846751020884e+02 4.002909485580692035e+02
1.769965216514594033e+02 4.002977813578970654e+02
1.770010586278167182e+02 4.003046281054801057e+02
1.770055956041740046e+02 4.003112770351978611e+02
1.770101325805313195e+02 4.003175941061746812e+02
1.770146695568886344e+02 4.003230770876079418e+02
1.770192065332459492e+02 4.003294650402505681e+02
1.770237435096032641e+02 4.003347906324962082e+02
1.770282804859605790e+02 4.003405474841970317e+02
1.770328174623178938e+02 4.003456260435903005e+02
1.770373544386752087e+02 4.003507565291464516e+02
1.770418914150325236e+02 4.003572123242208818e+02
1.770464283913898385e+02 4.003606505694860971e+02
1.770509653677471533e+02 4.003651213430673579e+02
1.770555023441044682e+02 4.003707147655401855e+02
1.770600393204617831e+02 4.003758976890669601e+02
1.770645762968190979e+02 4.003818125561006127e+02
1.770691132731764128e+02 4.003869642585903534e+02
1.770736502495336993e+02 4.003909191585078702e+02
1.770781872258910141e+02 4.003963093208394071e+02
1.770827242022483290e+02 4.004002837213888597e+02
1.770872611786056439e+02 4.004055662183071149e+02
1.770917981549629587e+02 4.004116254724274881e+02
1.770963351313202452e+02 4.004176110883951765e+02
1.771008721076775601e+02 4.004229789900863921e+02
1.771054090840348749e+02 4.004279623040101797e+02
1.771099460603921898e+02 4.004319299532951959e+02
1.771144830367495047e+02 4.004378190569120193e+02
1.771190200131068195e+02 4.004425591232346733e+02
1.771235569894641344e+02 4.004477568001308896e+02
1.771280939658214493e+02 4.004522735755057852e+02
1.771326309421787641e+02 4.004573320933598097e+02
1.771371679185360790e+02 4.004621670948702672e+02
1.771417048948933939e+02 4.004667999789518831e+02
1.771462418712507088e+02 4.004723316531925548e+02
1.771507788476080236e+02 4.004786799499494236e+02
1.771553158239653385e+02 4.004851947189501971e+02
1.771598528003226534e+02 4.004910229570969022e+02
1.771643897766799398e+02 4.004971079626499773e+02
1.771689267530372547e+02 4.005011101300778478e+02
1.771734637293945696e+02 4.005063575722010683e+02
1.771780007057518844e+02 4.005110954738344731e+02
1.771825376821091993e+02 4.005161833345712239e+02
1.771870746584665142e+02 4.005205611542679094e+02
1.771916116348238006e+02 4.005264395284663692e+02
1.771961486111811155e+02 4.005326825355888900e+02
1.772006855875384304e+02 4.005383386016932832e+02
1.772052225638957452e+02 4.005429256729804024e+02
1.772097595402530601e+02 4.005480825348064400e+02
1.772142965166103750e+02 4.005530725392488307e+02
1.772188334929676898e+02 4.005574485773001925e+02
1.772233704693250047e+02 4.005631707728685456e+02
1.772279074456823196e+02 4.005675598073592596e+02
1.772324444220396344e+02 4.005730184983658546e+02
1.772369813983969493e+02 4.005775718320361420e+02
1.772415183747542642e+02 4.005832133173186662e+02
1.772460553511115791e+02 4.005879772529011689e+02
1.772505923274688939e+02 4.005929086633735210e+02
1.772551293038262088e+02 4.005975328030550600e+02
1.772596662801834952e+02 4.006028138655208863e+02
1.772642032565408101e+02 4.006082816102399420e+02
1.772687402328981250e+02 4.006136823986993249e+02
1.772732772092554399e+02 4.006195893289021228e+02
1.772778141856127547e+02 4.006248667530078365e+02
1.772823511619700412e+02 4.006298344478431659e+02
1.772868881383273560e+02 4.006356686281800421e+02
1.772914251146846709e+02 4.006411533185733447e+02
1.772959620910419858e+02 4.006474962885436071e+02
1.773004990673993007e+02 4.006530034148646564e+02
1.773050360437566155e+02 4.006584066893067302e+02
1.773095730201139304e+02 4.006634796620366501e+02
1.773141099964712453e+02 4.006687438468301252e+02
1.773186469728285601e+02 4.006731621403616259e+02
1.773231839491858750e+02 4.006783849923909315e+02
1.773277209255431899e+02 4.006833092722644665e+02
1.773322579019005047e+02 4.006872303136046298e+02
1.773367948782578196e+02 4.006923374619995002e+02
1.773413318546151345e+02 4.006970588581183392e+02
1.773458688309724494e+02 4.007024661910353416e+02
1.773504058073297358e+02 4.007072274434045198e+02
1.773549427836870507e+02 4.007117398994218433e+02
1.773594797600443655e+02 4.007164233831063029e+02
1.773640167364016804e+02 4.007217244828373168e+02
1.773685537127589953e+02 4.007274591746800070e+02
1.773730906891162817e+02 4.007329105083883860e+02
1.773776276654735966e+02 4.007386583328865299e+02
1.773821646418309115e+02 4.007448328010611931e+02
1.773867016181882263e+02 4.007500302157048964e+02
1.773912385945455412e+02 4.007562673348550675e+02
1.773957755709028561e+02 4.007606001762890173e+02
1.774003125472601710e+02 4.007657577216540403e+02
1.774048495236174858e+02 4.007710717150119422e+02
1.774093864999748007e+02 4.007752591630236907e+02
1.774139234763321156e+02 4.007781941543701691e+02
1.774184604526894304e+02 4.007835246221166585e+02
1.774229974290467453e+02 4.007877624743144906e+02
1.774275344054040602e+02 4.007911551072809289e+02
1.774320713817613751e+02 4.007947377027779226e+02
1.774366083581186899e+02 4.007993140493912847e+02
1.774411453344760048e+02 4.008055790671209593e+02
1.774456823108332912e+02 4.008110006835360650e+02
1.774502192871906061e+02 4.008155801932532540e+02
1.774547562635479210e+02 4.008211507473010329e+02
1.774592932399052359e+02 4.008268667358373705e+02
1.774638302162625507e+02 4.008327557627532087e+02
1.774683671926198372e+02 4.008386616664208191e+02
1.774729041689771520e+02 4.008435071423444924e+02
1.774774411453344669e+02 4.008482213184138914e+02
1.774819781216917818e+02 4.008529478742444780e+02
1.774865150980490967e+02 4.008570607210911589e+02
1.774910520744064115e+02 4.008614840250137945e+02
1.774955890507637264e+02 4.008659621434376277e+02
1.775001260271210413e+02 4.008699213326581230e+02
1.775046630034783561e+02 4.008731810105942373e+02
1.775091999798356710e+02 4.008775558419194454e+02
1.775137369561929859e+02 4.008817114982475687e+02
1.775182739325503007e+02 4.008864120412038687e+02
1.775228109089076156e+02 4.008910143233455869e+02
1.775273478852649305e+02 4.008960829213256147e+02
1.775318848616222454e+02 4.009013481673823094e+02
1.775364218379795318e+02 4.009063909907246170e+02
1.775409588143368467e+02 4.009110410581810129e+02
1.775454957906941615e+02 4.009160388124699352e+02
1.775500327670514764e+02 4.009202067891770866e+02
1.775545697434087913e+02 4.009237644314150089e+02
1.775591067197660777e+02 4.009283354498712129e+02
1.775636436961233926e+02 4.009322161212458582e+02
1.775681806724807075e+02 4.009367484766337952e+02
1.775727176488380223e+02 4.009409588190579257e+02
1.775772546251953372e+02 4.009449627758372685e+02
1.775817916015526521e+02 4.009493042311534623e+02
1.775863285779099670e+02 4.009535140267317956e+02
1.775908655542672818e+02 4.009573026350583405e+02
1.775954025306245967e+02 4.009625500868626773e+02
1.775999395069819116e+02 4.009673005598556870e+02
1.776044764833392264e+02 4.009717546188425672e+02
1.776090134596965413e+02 4.009771238448898885e+02
1.776135504360538562e+02 4.009816050452200216e+02
1.776180874124111710e+02 4.009851421280258137e+02
1.776226243887684859e+02 4.009900598470428008e+02
1.776271613651258008e+02 4.009933671327484603e+02
1.776316983414830872e+02 4.009976023672936662e+02
1.776362353178404021e+02 4.010019280926604210e+02
1.776407722941977170e+02 4.010057451110671423e+02
1.776453092705550318e+02 4.010093492334793837e+02
1.776498462469123467e+02 4.010135073109144059e+02
1.776543832232696332e+02 4.010194272161986646e+02
1.776589201996269480e+02 4.010244596979332528e+02
1.776634571759842629e+02 4.010305417054066197e+02
1.776679941523415778e+02 4.010353316970799256e+02
1.776725311286988926e+02 4.010408305524309185e+02
1.776770681050562075e+02 4.010452778898065844e+02
1.776816050814135224e+02 4.010483730360240315e+02
1.776861420577708373e+02 4.010515171473857094e+02
1.776906790341281521e+02 4.010555421544275987e+02
1.776952160104854670e+02 4.010591645306613486e+02
1.776997529868427819e+02 4.010638550572683130e+02
1.777042899632000967e+02 4.010683282905958436e+02
1.777088269395574116e+02 4.010731857820033497e+02
1.777133639159147265e+02 4.010778791393703386e+02
1.777179008922720413e+02 4.010821000721732048e+02
1.777224378686293278e+02 4.010862679325088607e+02
1.777269748449866427e+02 4.010921749240197300e+02
1.777315118213439575e+02 4.010965700336545865e+02
1.777360487977012724e+02 4.011018976361479531e+02
1.777405857740585873e+02 4.011066695893557608e+02
1.777451227504158737e+02 4.011116049731704720e+02
1.777496597267731886e+02 4.011161232800930634e+02
1.777541967031305035e+02 4.011215199925255206e+02
1.777587336794878183e+02 4.011257662685744094e+02
1.777632706558451332e+02 4.011290995022259835e+02
1.777678076322024481e+02 4.011330094684587380e+02
1.777723446085597629e+02 4.011366547243462151e+02
1.777768815849170778e+02 4.011403727701423918e+02
1.777814185612743927e+02 4.011440868721245465e+02
1.777859555376317076e+02 4.011477480398979196e+02
1.777904925139890224e+02 4.011519993941460598e+02
1.777950294903463373e+02 4.011561166210756255e+02
1.777995664667036522e+02 4.011598958911857835e+02
1.778041034430609670e+02 4.011641064664804048e+02
1.778086404194182819e+02 4.011681347686946992e+02
1.778131773957755968e+02 4.011718574306344181e+02
1.778177143721328832e+02 4.011755051730073660e+02
1.778222513484901981e+02 4.011794837942048275e+02
1.778267883248475130e+02 4.011841047910648399e+02
1.778313253012048278e+02 4.011889159424109721e+02
1.778358622775621427e+02 4.011936580387611002e+02
1.778403992539194292e+02 4.011977012014102684e+02
1.778449362302767440e+02 4.012023426932828443e+02
1.778494732066340589e+02 4.012072845826714342e+02
1.778540101829913738e+02 4.012115932294985328e+02
1.778585471593486886e+02 4.012154241975967466e+02
1.778630841357060035e+02 4.012189530057561342e+02
1.778676211120633184e+02 4.012232239336432826e+02
1.778721580884206332e+02 4.012273625073916037e+02
1.778766950647779481e+02 4.012312971026487958e+02
1.778812320411352630e+02 4.012341300603546301e+02
1.778857690174925779e+02 4.012374780169874384e+02
1.778903059938498927e+02 4.012407423428717266e+02
1.778948429702072076e+02 4.012448182648993225e+02
1.778993799465645225e+02 4.012481991332750795e+02
1.779039169229218373e+02 4.012516244930256448e+02
1.779084538992791238e+02 4.012557608517533936e+02
1.779129908756364387e+02 4.012605107132429794e+02
1.779175278519937535e+02 4.012639007326394562e+02
1.779220648283510684e+02 4.012675413604702612e+02
1.779266018047083833e+02 4.012707687573723092e+02
1.779311387810656697e+02 4.012756897981305997e+02
1.779356757574229846e+02 4.012796343996494102e+02
1.779402127337802995e+02 4.012837247335642132e+02
1.779447497101376143e+02 4.012886406952375182e+02
1.779492866864949292e+02 4.012927517054861823e+02
1.779538236628522441e+02 4.012972041526526255e+02
1.779583606392095589e+02 4.013009843807709558e+02
1.779628976155668738e+02 4.013054652673709484e+02
1.779674345919241887e+02 4.013093248034877547e+02
1.779719715682815036e+02 4.013141957700084959e+02
1.779765085446388184e+02 4.013180410872915900e+02
1.779810455209961333e+02 4.013214158301726115e+02
1.779855824973534482e+02 4.013249485244088532e+02
1.779901194737107630e+02 4.013291536377548141e+02
1.779946564500680779e+02 4.013341991365956005e+02
1.779991934264253928e+02 4.013390726673114841e+02
1.780037304027826792e+02 4.013432756588101142e+02
1.780082673791399941e+02 4.013470065069016641e+02
1.780128043554973090e+02 4.013514657358911109e+02
1.780173413318546238e+02 4.013550493584474452e+02
1.780218783082119387e+02 4.013591348301385437e+02
1.780264152845692252e+02 4.013634309762244925e+02
1.780309522609265400e+02 4.013672239193491578e+02
1.780354892372838549e+02 4.013704893932834921e+02
1.780400262136411698e+02 4.013737186050362880e+02
1.780445631899984846e+02 4.013772790355407096e+02
1.780491001663557995e+02 4.013816322727222428e+02
1.780536371427131144e+02 4.013851908555476484e+02
1.780581741190704292e+02 4.013883942585385967e+02
1.780627110954277441e+02 4.013917429680226405e+02
1.780672480717850590e+02 4.013936745267683364e+02
1.780717850481423739e+02 4.013972365204318180e+02
1.780763220244996887e+02 4.014006194147618771e+02
1.780808590008570036e+02 4.014035042045451291e+02
1.780853959772143185e+02 4.014070416292854020e+02
1.780899329535716333e+02 4.014104738119293074e+02
1.780944699299289198e+02 4.014133859780823741e+02
1.780990069062862347e+02 4.014178892928179039e+02
1.781035438826435495e+02 4.014211199448184288e+02
1.781080808590008644e+02 4.014241340504517552e+02
1.781126178353581793e+02 4.014275040359233913e+02
1.781171548117154657e+02 4.014306367060173670e+02
1.781216917880727806e+02 4.014344125036574269e+02
1.781262287644300955e+02 4.014379074397759268e+02
1.781307657407874103e+02 4.014416092572274124e+02
1.781353027171447252e+02 4.014452219225769340e+02
1.781398396935020401e+02 4.014480673924170446e+02
1.781443766698593549e+02 4.014513530131785615e+02
1.781489136462166698e+02 4.014551076009787494e+02
1.781534506225739847e+02 4.014589522755313169e+02
1.781579875989312995e+02 4.014627864354641815e+02
1.781625245752886144e+02 4.014663225771930115e+02
1.781670615516459293e+02 4.014696740313879104e+02
1.781715985280032442e+02 4.014731953994149762e+02
1.781761355043605590e+02 4.014760816916428894e+02
1.781806724807178739e+02 4.014793812723373776e+02
1.781852094570751888e+02 4.014821013344732137e+02
1.781897464334324752e+02 4.014851151382392800e+02
1.781942834097897901e+02 4.014891885948184154e+02
1.781988203861471050e+02 4.014935665698969274e+02
1.782033573625044198e+02 4.014973951433996717e+02
1.782078943388617347e+02 4.015013873374092555e+02
1.782124313152190211e+02 4.015046406058575599e+02
1.782169682915763360e+02 4.015082076955346793e+02
1.782215052679336509e+02 4.015110439387179326e+02
1.782260422442909658e+02 4.015148508171208732e+02
1.782305792206482806e+02 4.015187462826584692e+02
1.782351161970055955e+02 4.015218945807080217e+02
1.782396531733629104e+02 4.015251930516315610e+02
1.782441901497202252e+02 4.015286563681938787e+02
1.782487271260775401e+02 4.015317630145502790e+02
1.782532641024348550e+02 4.015348004823532051e+02
1.782578010787921698e+02 4.015379294578039548e+02
1.782623380551494847e+02 4.015408946359000311e+02
1.782668750315067996e+02 4.015436137819431224e+02
1.782714120078641145e+02 4.015472410830769832e+02
1.782759489842214293e+02 4.015503550931479708e+02
1.782804859605787158e+02 4.015533275020169981e+02
1.782850229369360306e+02 4.015570858114868997e+02
1.782895599132933455e+02 4.015604549262575347e+02
1.782940968896506604e+02 4.015634886081330706e+02
1.782986338660079753e+02 4.015667731894954500e+02
1.783031708423652617e+02 4.015699076711604789e+02
1.783077078187225766e+02 4.015733437986279455e+02
1.783122447950798914e+02 4.015764897023159961e+02
1.783167817714372063e+02 4.015793207037083903e+02
1.783213187477945212e+02 4.015829377703091723e+02
1.783258557241518361e+02 4.015864502337522026e+02
1.783303927005091509e+02 4.015896679104226337e+02
1.783349296768664658e+02 4.015925260079293366e+02
1.783394666532237807e+02 4.015950213627034486e+02
1.783440036295810955e+02 4.015983808663137893e+02
1.783485406059384104e+02 4.016019382474358963e+02
1.783530775822957253e+02 4.016052975794852387e+02
1.783576145586530401e+02 4.016084859808758551e+02
1.783621515350103550e+02 4.016110811843765873e+02
1.783666885113676699e+02 4.016134775852592611e+02
1.783712254877249848e+02 4.016167447853067642e+02
1.783757624640822712e+02 4.016195355622058969e+02
1.783802994404395861e+02 4.016224357748943135e+02
1.783848364167969009e+02 4.016258634559592338e+02
1.783893733931542158e+02 4.016291668684678484e+02
1.783939103695115307e+02 4.016327467917897138e+02
1.783984473458688171e+02 4.016356724478125670e+02
1.784029843222261320e+02 4.016391583832248671e+02
1.784075212985834469e+02 4.016422003837310513e+02
1.784120582749407617e+02 4.016452349330761535e+02
1.784165952512980766e+02 4.016477861391994111e+02
1.784211322276553915e+02 4.016510218671497228e+02
1.784256692040127064e+02 4.016537397375350906e+02
1.784302061803700212e+02 4.016568999696104925e+02
1.784347431567273361e+02 4.016603219952597783e+02
1.784392801330846510e+02 4.016631256495655862e+02
1.784438171094419658e+02 4.016658830663818662e+02
1.784483540857992807e+02 4.016686979751531226e+02
1.784528910621565956e+02 4.016718472071546557e+02
1.784574280385139105e+02 4.016748220910371856e+02
1.784619650148712253e+02 4.016775002992508803e+02
1.784665019912285118e+02 4.016800027368724386e+02
1.784710389675858266e+02 4.016828347142595135e+02
1.784755759439431415e+02 4.016853809966318636e+02
1.784801129203004564e+02 4.016887143084403533e+02
1.784846498966577713e+02 4.016910904724151123e+02
1.784891868730150577e+02 4.016936960380031678e+02
1.784937238493723726e+02 4.016962863654042053e+02
1.784982608257296874e+02 4.016992189517407610e+02
1.785027978020870023e+02 4.017023040061580446e+02
1.785073347784443172e+02 4.017049913203529741e+02
1.785118717548016321e+02 4.017074663051723178e+02
1.785164087311589469e+02 4.017102745135249506e+02
1.785209457075162618e+02 4.017130994349875550e+02
1.785254826838735767e+02 4.017155951506649103e+02
1.785300196602308915e+02 4.017179691993413257e+02
1.785345566365882064e+02 4.017207331648061768e+02
1.785390936129455213e+02 4.017228173952269685e+02
1.785436305893028361e+02 4.017251195308101046e+02
1.785481675656601510e+02 4.017272087439573625e+02
1.785527045420174659e+02 4.017298296376029612e+02
1.785572415183747808e+02 4.017321255204179238e+02
1.785617784947320672e+02 4.017348133907147485e+02
1.785663154710893821e+02 4.017371396010583453e+02
1.785708524474466969e+02 4.017400446229484032e+02
1.785753894238040118e+02 4.017431762739182659e+02
1.785799264001613267e+02 4.017458779031265976e+02
1.785844633765186131e+02 4.017484241143772010e+02
1.785890003528759280e+02 4.017513545649978823e+02
1.785935373292332429e+02 4.017544452191006030e+02
1.785980743055905577e+02 4.017570700055564998e+02
1.786026112819478726e+02 4.017596794803874900e+02
1.786071482583051875e+02 4.017620892088292521e+02
1.786116852346625024e+02 4.017650111777754773e+02
1.786162222110198172e+02 4.017675682668432842e+02
1.786207591873771321e+02 4.017698323123162254e+02
1.786252961637344470e+02 4.017724691892946112e+02
1.786298331400917618e+02 4.017753661873347255e+02
1.786343701164490767e+02 4.017776858338312991e+02
1.786389070928063916e+02 4.017805908553652330e+02
1.786434440691637064e+02 4.017832244602790297e+02
1.786479810455210213e+02 4.017862077429415422e+02
1.786525180218783078e+02 4.017890339012511163e+02
1.786570549982356226e+02 4.017912858944395111e+02
1.786615919745929375e+02 4.017936293166081327e+02
1.786661289509502524e+02 4.017961679410302622e+02
1.786706659273075672e+02 4.017977909647046317e+02
1.786752029036648537e+02 4.018002153177126843e+02
1.786797398800221686e+02 4.018032603331817540e+02
1.786842768563794834e+02 4.018061263103809324e+02
1.786888138327367983e+02 4.018086311268727968e+02
1.786933508090941132e+02 4.018110903254901700e+02
1.786978877854514280e+02 4.018134843432230809e+02
1.787024247618087429e+02 4.018159136567697942e+02
1.787069617381660578e+02 4.018183274044538393e+02
1.787114987145233727e+02 4.018208964083056571e+02
1.787160356908806875e+02 4.018236607539406009e+02
1.787205726672380024e+02 4.018260981115495269e+02
1.787251096435953173e+02 4.018275753153759524e+02
1.787296466199526321e+02 4.018297484085869087e+02
1.787341835963099470e+02 4.018316109184704601e+02
1.787387205726672619e+02 4.018340630571407814e+02
1.787432575490245483e+02 4.018364109711632182e+02
1.787477945253818632e+02 4.018390627646477355e+02
1.787523315017391781e+02 4.018414764529878767e+02
1.787568684780964929e+02 4.018440095665022227e+02
1.787614054544538078e+02 4.018461388912703001e+02
1.787659424308111227e+02 4.018486011522692252e+02
1.787704794071684091e+02 4.018512291049981968e+02
1.787750163835257240e+02 4.018537421245383143e+02
1.787795533598830389e+02 4.018558463273014354e+02
1.787840903362403537e+02 4.018584081140082276e+02
1.787886273125976686e+02 4.018608664777136710e+02
1.787931642889549835e+02 4.018630063286955192e+02
1.787977012653122983e+02 4.018649044052991712e+02
1.788022382416696132e+02 4.018673123954418429e+02
1.788067752180269281e+02 4.018691834777974350e+02
1.788113121943842430e+02 4.018708684327776837e+02
1.788158491707415578e+02 4.018727737063001086e+02
1.788203861470988727e+02 4.018750257574699276e+02
1.788249231234561876e+02 4.018770169451016727e+02
1.788294600998135024e+02 4.018787535360486913e+02
1.788339970761708173e+02 4.018802205868793180e+02
1.788385340525281038e+02 4.018824025469565981e+02
1.788430710288854186e+02 4.018842192636673758e+02
1.788476080052427335e+02 4.018862112912145790e+02
1.788521449816000484e+02 4.018880053590032162e+02
1.788566819579573632e+02 4.018896994351288185e+02
1.788612189343146497e+02 4.018919505496381248e+02
1.788657559106719646e+02 4.018943325483965054e+02
1.788702928870292794e+02 4.018962515454051072e+02
1.788748298633865943e+02 4.018986949166875320e+02
1.788793668397439092e+02 4.019008582198563317e+02
1.788839038161012240e+02 4.019027603889169882e+02
1.788884407924585389e+02 4.019047890246147290e+02
1.788929777688158538e+02 4.019066846703219653e+02
1.788975147451731686e+02 4.019087866380540390e+02
1.789020517215304835e+02 4.019108050513659691e+02
1.789065886978877984e+02 4.019126251842021134e+02
1.789111256742451133e+02 4.019149664784197853e+02
1.789156626506024281e+02 4.019171877732811708e+02
1.789201996269597430e+02 4.019201887116036005e+02
1.789247366033170579e+02 4.019228850017464652e+02
1.789292735796743443e+02 4.019258216487195341e+02
1.789338105560316592e+02 4.019284088029399413e+02
1.789383475323889741e+02 4.019305321843160641e+02
1.789428845087462889e+02 4.019329502463935455e+02
1.789474214851036038e+02 4.019352923270387805e+02
1.789519584614609187e+02 4.019373914644286856e+02
1.789564954378182051e+02 4.019390909182610017e+02
1.789610324141755200e+02 4.019411066487507469e+02
1.789655693905328349e+02 4.019428047186784170e+02
1.789701063668901497e+02 4.019445367108025380e+02
1.789746433432474646e+02 4.019460564394859716e+02
1.789791803196047795e+02 4.019477662063267758e+02
1.789837172959620943e+02 4.019492810120219701e+02
1.789882542723194092e+02 4.019510921001670454e+02
1.789927912486767241e+02 4.019535565630283713e+02
1.789973282250340390e+02 4.019553985723699725e+02
1.790018652013913538e+02 4.019576151640057446e+02
1.790064021777486687e+02 4.019597035348880354e+02
1.790109391541059836e+02 4.019616961623465272e+02
1.790154761304632984e+02 4.019635843394580661e+02
1.790200131068206133e+02 4.019654321866106557e+02
1.790245500831778998e+02 4.019671212044135586e+02
1.790290870595352146e+02 4.019691637886763260e+02
1.790336240358925295e+02 4.019704952870148418e+02
1.790381610122498444e+02 4.019721782615550296e+02
1.790426979886071592e+02 4.019740080348321953e+02
1.790472349649644457e+02 4.019759364470435798e+02
1.790517719413217606e+02 4.019774022894735594e+02
1.790563089176790754e+02 4.019793784818327822e+02
1.790608458940363903e+02 4.019815355257495071e+02
1.790653828703937052e+02 4.019834624958089080e+02
1.790699198467510200e+02 4.019850442511288975e+02
1.790744568231083349e+02 4.019869320528836170e+02
1.790789937994656498e+02 4.019887331953584635e+02
1.790835307758229646e+02 4.019906115469711949e+02
1.790880677521802795e+02 4.019920788928429261e+02
1.790926047285375944e+02 4.019935576205675147e+02
1.790971417048949093e+02 4.019949486761300363e+02
1.791016786812522241e+02 4.019967370896587227e+02
1.791062156576095390e+02 4.019982908134402919e+02
1.791107526339668539e+02 4.019997976415031644e+02
1.791152896103241403e+02 4.020011930343175663e+02
1.791198265866814552e+02 4.020023818789233587e+02
1.791243635630387701e+02 4.020040800078560892e+02
1.791289005393960849e+02 4.020059462837748470e+02
1.791334375157533998e+02 4.020075659577565830e+02
1.791379744921106862e+02 4.020089456418911595e+02
1.791425114684680011e+02 4.020100976833411437e+02
1.791470484448253160e+02 4.020115635879451474e+02
1.791515854211826309e+02 4.020134412269140967e+02
1.791561223975399457e+02 4.020148126044469450e+02
1.791606593738972606e+02 4.020166044011941153e+02
1.791651963502545755e+02 4.020181401750153327e+02
1.791697333266118903e+02 4.020195201835194894e+02
1.791742703029692052e+02 4.020208633187205010e+02
1.791788072793265201e+02 4.020220916721648905e+02
1.791833442556838349e+02 4.020240611369956127e+02
1.791878812320411498e+02 4.020254785476727761e+02
1.791924182083984647e+02 4.020269760753831747e+02
1.791969551847557796e+02 4.020283313068055691e+02
1.792014921611130944e+02 4.020301248519305091e+02
1.792060291374704093e+02 4.020318303425999602e+02
1.792105661138276957e+02 4.020333315658251081e+02
1.792151030901850106e+02 4.020354597789628883e+02
1.792196400665423255e+02 4.020370038725515656e+02
1.792241770428996404e+02 4.020385385515133976e+02
1.792287140192569552e+02 4.020398256897394731e+02
1.792332509956142417e+02 4.020412295811606214e+02
1.792377879719715565e+02 4.020425431222408292e+02
1.792423249483288714e+02 4.020437246368334172e+02
1.792468619246861863e+02 4.020452205463806763e+02
1.792513989010435012e+02 4.020464361512810569e+02
1.792559358774008160e+02 4.020478677716695870e+02
1.792604728537581309e+02 4.020492750907742447e+02
1.792650098301154458e+02 4.020505876805510184e+02
1.792695468064727606e+02 4.020516857796461636e+02
1.792740837828300755e+02 4.020527694819095359e+02
1.792786207591873904e+02 4.020537898159525412e+02
1.792831577355447052e+02 4.020547573721078152e+02
1.792876947119020201e+02 4.020560053604903032e+02
1.792922316882593350e+02 4.020573549744739239e+02
1.792967686646166499e+02 4.020588248079309324e+02
1.793013056409739363e+02 4.020602169168816999e+02
1.793058426173312512e+02 4.020616716735178215e+02
1.793103795936885660e+02 4.020631395939582262e+02
1.793149165700458809e+02 4.020646003381664855e+02
1.793194535464031958e+02 4.020662716845992577e+02
1.793239905227604822e+02 4.020676599226849817e+02
1.793285274991177971e+02 4.020691229692548063e+02
1.793330644754751120e+02 4.020704377422048310e+02
1.793376014518324268e+02 4.020717105729094101e+02
1.793421384281897417e+02 4.020728547520748748e+02
1.793466754045470566e+02 4.020740628565114889e+02
1.793512123809043715e+02 4.020748553841254989e+02
1.793557493572616863e+02 4.020760576133636732e+02
1.793602863336190012e+02 4.020772582757612099e+02
1.793648233099763161e+02 4.020783183098271252e+02
1.793693602863336309e+02 4.020791977651858815e+02
1.793738972626909458e+02 4.020804669163526910e+02
1.793784342390482607e+02 4.020814454592837706e+02
1.793829712154055755e+02 4.020826885772439709e+02
1.793875081917628904e+02 4.020840831060072560e+02
1.793920451681202053e+02 4.020853572402469354e+02
1.793965821444774917e+02 4.020865713341466403e+02
1.794011191208348066e+02 4.020878782581713722e+02
1.794056560971921215e+02 4.020890648214208341e+02
1.794101930735494363e+02 4.020904769260028502e+02
1.794147300499067512e+02 4.020915669818364222e+02
1.794192670262640377e+02 4.020928235573123288e+02
1.794238040026213525e+02 4.020940854513682439e+02
1.794283409789786674e+02 4.020951510613635946e+02
1.794328779553359823e+02 4.020964863013930994e+02
1.794374149316932971e+02 4.020975189935771255e+02
1.794419519080506120e+02 4.020986041097126531e+02
1.794464888844079269e+02 4.020995283148459407e+02
1.794510258607652418e+02 4.021006497070482055e+02
1.794555628371225566e+02 4.021015365797554182e+02
1.794600998134798715e+02 4.021027126577540116e+02
1.794646367898371864e+02 4.021036874329594752e+02
1.794691737661945012e+02 4.021047843207318806e+02
1.794737107425518161e+02 4.021055952871371915e+02
1.794782477189091310e+02 4.021066042015784205e+02
1.794827846952664459e+02 4.021075585368988072e+02
1.794873216716237323e+02 4.021086165585358003e+02
1.794918586479810472e+02 4.021097252399766830e+02
1.794963956243383620e+02 4.021106743111656669e+02
1.795009326006956769e+02 4.021115296109582573e+02
1.795054695770529918e+02 4.021124833111698536e+02
1.795100065534102782e+02 4.021134076131778556e+02
1.795145435297675931e+02 4.021143254732066339e+02
1.795190805061249080e+02 4.021152725780277137e+02
1.795236174824822228e+02 4.021162006008283925e+02
1.795281544588395377e+02 4.021171950362351026e+02
1.795326914351968526e+02 4.021180905715159497e+02
1.795372284115541675e+02 4.021189865304273781e+02
1.795417653879114823e+02 4.021199806637073948e+02
1.795463023642687972e+02 4.021208889574870682e+02
1.795508393406261121e+02 4.021215339311447110e+02
1.795553763169834269e+02 4.021224339317565750e+02
1.795599132933407418e+02 4.021231846713893106e+02
1.795644502696980567e+02 4.021240990165086373e+02
1.795689872460553715e+02 4.021251053548723462e+02
1.795735242224126864e+02 4.021259547377039780e+02
1.795780611987700013e+02 4.021267621313644440e+02
1.795825981751272877e+02 4.021275852293605908e+02
1.795871351514846026e+02 4.021283096664272989e+02
1.795916721278419175e+02 4.021291632280506860e+02
1.795962091041992323e+02 4.021299116563603775e+02
1.796007460805565472e+02 4.021305814733563579e+02
1.796052830569138337e+02 4.021313201132209088e+02
1.796098200332711485e+02 4.021320375033282062e+02
1.796143570096284634e+02 4.021326843353108984e+02
1.796188939859857783e+02 4.021333730821573909e+02
1.796234309623430931e+02 4.021340195829191089e+02
1.796279679387004080e+02 4.021347170230600341e+02
1.796325049150577229e+02 4.021353775980401792e+02
1.796370418914150378e+02 4.021360979291030162e+02
1.796415788677723526e+02 4.021367734856218590e+02
1.796461158441296675e+02 4.021375411585940469e+02
1.796506528204869824e+02 4.021382537286916090e+02
1.796551897968442972e+02 4.021389806898220627e+02
1.796597267732016121e+02 4.021397253555274460e+02
1.796642637495589270e+02 4.021403395468670396e+02
1.796688007259162418e+02 4.021410259231276427e+02
1.796733377022735283e+02 4.021417152362772640e+02
1.796778746786308432e+02 4.021423961337760034e+02
1.796824116549881580e+02 4.021428764715904549e+02
1.796869486313454729e+02 4.021434801728179309e+02
1.796914856077027878e+02 4.021440340931093829e+02
1.796960225840600742e+02 4.021445911387423848e+02
1.797005595604173891e+02 4.021451131427072028e+02
1.797050965367747040e+02 4.021456295653768507e+02
1.797096335131320188e+02 4.021461340088737870e+02
1.797141704894893337e+02 4.021466473514869335e+02
1.797187074658466486e+02 4.021471797787457945e+02
1.797232444422039634e+02 4.021477830645944778e+02
1.797277814185612783e+02 4.021483224303979114e+02
1.797323183949185932e+02 4.021487479700102199e+02
1.797368553712759081e+02 4.021491682988342973e+02
1.797413923476332229e+02 4.021495169194323580e+02
1.797459293239905378e+02 4.021500757531105705e+02
1.797504663003478527e+02 4.021504768436421386e+02
1.797550032767051675e+02 4.021509040107712849e+02
1.797595402530624824e+02 4.021513875503500230e+02
1.797640772294197973e+02 4.021518177196476813e+02
1.797686142057770837e+02 4.021522469081171494e+02
1.797731511821343986e+02 4.021527445334912727e+02
1.797776881584917135e+02 4.021532155657733938e+02
1.797822251348490283e+02 4.021537150240912410e+02
1.797867621112063432e+02 4.021541086325477750e+02
1.797912990875636297e+02 4.021544604860693539e+02
1.797958360639209445e+02 4.021548340601565315e+02
1.798003730402782594e+02 4.021552040060999502e+02
1.798049100166355743e+02 4.021556188231938336e+02
1.798094469929928891e+02 4.021560171181857299e+02
1.798139839693502040e+02 4.021564649042657607e+02
1.798185209457075189e+02 4.021568621807471686e+02
1.798230579220648337e+02 4.021572435284030007e+02
1.798275948984221486e+02 4.021575818368907562e+02
1.798321318747794635e+02 4.021579604283290905e+02
1.798366688511367784e+02 4.021582631839096393e+02
1.798412058274940932e+02 4.021585675887648108e+02
1.798457428038514081e+02 4.021588088559856828e+02
1.798502797802087230e+02 4.021590504533733679e+02
1.798548167565660378e+02 4.021592839026146180e+02
1.798593537329233243e+02 4.021595497726343638e+02
1.798638907092806392e+02 4.021598164152141521e+02
1.798684276856379540e+02 4.021600290171835468e+02
1.798729646619952689e+02 4.021602324403258990e+02
1.798775016383525838e+02 4.021604787840458926e+02
1.798820386147098702e+02 4.021607164351812571e+02
1.798865755910671851e+02 4.021609261878224970e+02
1.798911125674245000e+02 4.021610850645457162e+02
1.798956495437818148e+02 4.021612496702869066e+02
1.799001865201391297e+02 4.021613968102287231e+02
1.799047234964964446e+02 4.021615640009659387e+02
1.799092604728537594e+02 4.021617538301992454e+02
1.799137974492110743e+02 4.021619393748950984e+02
1.799183344255683892e+02 4.021620792283924288e+02
1.799228714019257040e+02 4.021622569333358683e+02
1.799274083782830189e+02 4.021623849130983785e+02
1.799319453546403338e+02 4.021625057551596001e+02
1.799364823309976487e+02 4.021626242585949171e+02
1.799410193073549635e+02 4.021627367251700775e+02
1.799455562837122784e+02 4.021628534915016076e+02
1.799500932600695933e+02 4.021629447005839779e+02
1.799546302364268797e+02 4.021630403141403463e+02
1.799591672127841946e+02 4.021631215958686880e+02
1.799637041891415095e+02 4.021631854890027284e+02
1.799682411654988243e+02 4.021632402170801015e+02
1.799727781418561392e+02 4.021633021167073139e+02
1.799773151182134256e+02 4.021633413488409019e+02
1.799818520945707405e+02 4.021633765083467438e+02
1.799863890709280554e+02 4.021633949223399327e+02
1.799909260472853703e+02 4.021634084163455896e+02
1.799954630236426851e+02 4.021634166897616183e+02
1.800000000000000000e+02 4.021634166897616183e+02
